customer_id,recency_days,frequency,monetary,r_score,f_score,m_score,segment
12346.0,325,10,8138703.3,2,5,5,At Risk
12347.0,1,4,199148.25,5,4,4,Champions
12348.0,74,5,212037.0,4,4,4,Champions
12349.0,407,2,259469.7,2,2,5,Hibernating
12350.0,309,1,35112.0,2,1,2,Hibernating
12352.0,35,7,252148.05,4,5,5,Champions
12353.0,408,1,33364.8,2,1,2,Hibernating
12354.0,231,1,113337.0,2,1,4,Hibernating
12355.0,213,1,48237.0,3,1,2,Potential
12356.0,22,5,632502.15,5,4,5,Champions
12357.0,32,3,1920204.2999999998,4,3,5,Loyal
12358.0,1,5,408142.35,5,4,5,Champions
12359.0,57,4,491260.35000000003,4,4,5,Champions
12360.0,51,4,361219.94999999995,4,4,5,Champions
12361.0,681,1,11466.0,1,1,1,Hibernating
12362.0,35,9,493204.95,4,5,5,Champions
12363.0,109,2,57960.0,3,2,3,Potential
12364.0,7,2,40962.6,5,2,2,Potential
12365.0,290,2,67344.9,2,2,3,Hibernating
12366.0,633,1,52525.2,1,1,3,Hibernating
12369.0,448,2,168819.0,1,2,4,Hibernating
12370.0,274,5,316897.35,2,4,5,At Risk
12371.0,44,4,393382.5,4,4,5,Champions
12372.0,71,2,82145.7,4,2,3,Potential
12373.0,310,3,118403.25,2,3,4,At Risk
12374.0,420,2,90063.75,2,2,3,Hibernating
12376.0,389,2,52830.75,2,2,3,Hibernating
12377.0,354,1,105159.6,2,1,4,Hibernating
12378.0,129,2,568713.6,3,2,5,Potential
12379.0,81,4,170123.1,3,4,4,Loyal
12380.0,77,3,370524.0,3,3,5,Loyal
12381.0,4,5,193757.55000000002,5,4,4,Champions
12383.0,184,3,116306.4,3,3,4,Loyal
12384.0,28,2,61453.350000000006,4,2,3,Potential
12385.0,378,1,203532.0,2,1,4,Hibernating
12386.0,337,2,69384.0,2,2,3,Hibernating
12388.0,75,7,379544.55,3,5,5,Loyal
12389.0,402,2,108690.75,2,2,4,Hibernating
12391.0,597,2,179853.45,1,2,4,Hibernating
12392.0,590,1,24648.75,1,1,1,Hibernating
12393.0,71,5,203379.75,4,4,4,Champions
12394.0,63,1,93597.0,4,1,3,Potential
12395.0,65,9,390139.05,4,5,5,Champions
12397.0,134,1,127555.05,3,1,4,Potential
12399.0,118,6,155547.0,3,4,4,Loyal
12401.0,302,1,8851.5,2,1,1,Hibernating
12402.0,392,1,16343.25,2,1,1,Hibernating
12403.0,49,1,44908.5,4,1,2,Potential
12404.0,681,1,6640.2,1,1,1,Hibernating
12405.0,148,1,179590.95,3,1,4,Potential
12406.0,21,3,408230.55,5,3,5,Loyal
12407.0,133,3,72271.5,3,3,3,Loyal
12408.0,32,4,325786.65,4,4,5,Champions
12409.0,78,4,1257501.0,3,4,5,Loyal
12410.0,308,2,40779.9,2,2,2,Hibernating
12411.0,409,1,36424.5,2,1,2,Hibernating
12412.0,74,3,108707.55,4,3,4,Loyal
12413.0,401,1,25341.75,2,1,2,Hibernating
12414.0,216,4,72703.05,3,4,3,Loyal
12415.0,23,19,8653522.5,5,5,5,Champions
12416.0,656,1,21268.8,1,1,1,Hibernating
12417.0,106,12,449859.89999999997,3,5,5,Loyal
12418.0,112,2,119898.45,3,2,4,Potential
12419.0,413,1,33905.55,2,1,2,Hibernating
12421.0,114,2,32503.8,3,2,2,Potential
12422.0,95,15,503538.0,3,5,5,Loyal
12423.0,0,7,190872.15,5,5,4,Champions
12424.0,162,2,77823.9,3,2,3,Potential
12425.0,447,1,101242.05,1,1,3,Hibernating
12426.0,662,1,80060.4,1,1,3,Hibernating
12427.0,59,1,29670.9,4,1,2,Potential
12428.0,119,3,169186.5,3,3,4,Loyal
12429.0,8,7,667853.55,5,5,5,Champions
12431.0,59,16,743501.85,4,5,5,Champions
12432.0,171,2,348249.3,3,2,5,Potential
12433.0,0,4,533743.35,5,4,5,Champions
12434.0,259,2,61271.7,2,2,3,Hibernating
12435.0,267,3,788322.15,2,3,5,At Risk
12436.0,99,1,53446.05,3,1,3,Potential
12437.0,1,23,784305.9,5,5,5,Champions
12438.0,13,1,211761.9,5,1,4,Potential
12439.0,682,1,8034.6,1,1,1,Hibernating
12440.0,461,2,90216.0,1,2,3,Hibernating
12442.0,2,1,18066.3,5,1,1,Potential
12443.0,731,1,50957.55,1,1,2,Hibernating
12444.0,20,4,446080.95,5,4,5,Champions
12445.0,21,2,45672.9,5,2,2,Potential
12446.0,57,1,105242.55,4,1,4,Potential
12447.0,242,1,50031.45,2,1,2,Hibernating
12449.0,21,6,507768.44999999995,5,4,5,Champions
12450.0,172,4,62181.0,3,4,3,Loyal
12451.0,21,6,1036121.1,5,4,5,Champions
12452.0,16,2,45209.85,5,2,2,Potential
12454.0,395,2,927410.3999999999,2,2,5,Hibernating
12455.0,72,7,344782.2,4,5,5,Champions
12456.0,43,3,334009.2,4,3,5,Loyal
12457.0,65,6,225504.3,4,4,5,Champions
12458.0,70,4,186636.45,4,4,4,Champions
12459.0,604,1,47707.8,1,1,2,Hibernating
12460.0,455,1,34298.25,1,1,2,Hibernating
12463.0,52,4,141201.9,4,4,4,Champions
12464.0,9,4,87727.5,5,4,3,Loyal
12465.0,168,1,46298.7,3,1,2,Potential
12467.0,422,1,13944.0,2,1,1,Hibernating
12468.0,187,3,140826.0,3,3,4,Loyal
12469.0,522,2,322406.7,1,2,5,Hibernating
12471.0,9,51,2667903.0,5,5,5,Champions
12472.0,31,9,1026697.3500000001,4,5,5,Champions
12473.0,28,4,409299.45,4,4,5,Champions
12474.0,16,15,659129.1,5,5,5,Champions
12475.0,53,1,75954.9,4,1,3,Potential
12476.0,15,20,1167894.0,5,5,5,Champions
12477.0,55,3,852244.0499999999,4,3,5,Loyal
12479.0,10,1,55356.0,5,1,3,Potential
12480.0,27,4,333464.25,4,4,5,Champions
12481.0,22,8,649728.45,5,5,5,Champions
12482.0,575,20,1886879.4,1,5,5,At Risk
12483.0,40,12,304652.25,4,5,5,Champions
12484.0,32,6,237487.95,4,4,5,Champions
12486.0,431,1,108914.4,1,1,4,Hibernating
12488.0,75,1,58105.95,3,1,3,Potential
12489.0,335,1,35167.65,2,1,2,Hibernating
12490.0,24,12,599741.1,5,5,5,Champions
12492.0,62,2,27637.050000000003,4,2,2,Potential
12493.0,165,1,21130.2,3,1,1,Potential
12494.0,15,6,131259.45,5,4,4,Champions
12495.0,640,1,37527.0,1,1,2,Hibernating
12496.0,619,1,5548.2,1,1,1,Hibernating
12497.0,81,2,236760.3,3,2,5,Potential
12498.0,20,1,13230.0,5,1,1,Potential
12500.0,49,11,368980.5,4,5,5,Champions
12502.0,127,3,221436.6,3,3,4,Loyal
12503.0,583,1,118230.0,1,1,4,Hibernating
12504.0,416,1,17073.0,2,1,1,Hibernating
12506.0,232,1,7717.5,2,1,1,Hibernating
12507.0,155,2,61530.0,3,2,3,Potential
12508.0,28,1,28894.95,4,1,2,Potential
12510.0,142,5,270720.45,3,4,5,Loyal
12511.0,428,1,323822.1,1,1,5,Hibernating
12512.0,65,2,14493.15,4,2,1,Potential
12514.0,266,1,106856.4,2,1,4,Hibernating
12515.0,352,1,40288.5,2,1,2,Hibernating
12516.0,77,4,278105.1,3,4,5,Loyal
12517.0,27,4,218992.2,4,4,4,Champions
12519.0,63,1,35788.2,4,1,2,Potential
12520.0,78,5,276597.3,3,4,5,Loyal
12521.0,142,1,62966.4,3,1,3,Potential
12522.0,50,1,9387.0,4,1,1,Potential
12523.0,18,16,339442.95,5,5,5,Champions
12524.0,8,8,596191.05,5,5,5,Champions
12525.0,556,1,15477.0,1,1,1,Hibernating
12526.0,0,3,138249.3,5,3,4,Loyal
12527.0,81,5,77228.55,3,4,3,Loyal
12528.0,63,3,110223.75,4,3,4,Loyal
12530.0,59,6,265655.25,4,4,5,Champions
12531.0,14,2,202986.0,5,2,4,Potential
12533.0,627,2,143628.45,1,2,4,Hibernating
12534.0,130,1,114363.9,3,1,4,Potential
12535.0,91,2,75216.75,3,2,3,Potential
12536.0,42,3,1323192.15,4,3,5,Loyal
12538.0,28,1,38214.75,4,1,2,Potential
12539.0,21,5,817220.25,5,4,5,Champions
12540.0,51,18,1315554.45,4,5,5,Champions
12541.0,280,1,32802.0,2,1,2,Hibernating
12542.0,483,2,50597.399999999994,1,2,2,Hibernating
12543.0,447,1,102926.25,1,1,4,Hibernating
12544.0,35,1,39133.5,4,1,2,Potential
12546.0,46,2,121957.5,4,2,4,Potential
12547.0,197,2,23538.9,3,2,1,Potential
12549.0,577,2,34598.55,1,2,2,Hibernating
12550.0,78,1,101307.15,3,1,4,Potential
12552.0,38,1,12600.0,4,1,1,Potential
12553.0,7,6,274644.3,5,4,5,Champions
12554.0,448,1,49192.5,1,1,2,Hibernating
12555.0,681,1,13569.15,1,1,1,Hibernating
12556.0,49,2,63389.55,4,2,3,Potential
12557.0,157,4,957219.8999999999,3,4,5,Loyal
12558.0,7,1,28345.8,5,1,2,Potential
12559.0,310,2,58979.55,2,2,3,Hibernating
12560.0,4,2,208951.05,5,2,4,Potential
12561.0,302,1,25079.25,2,1,2,Hibernating
12562.0,7,4,258242.25,5,4,5,Champions
12564.0,260,1,47974.5,2,1,2,Hibernating
12565.0,288,1,15321.6,2,1,1,Hibernating
12566.0,85,1,36923.25,3,1,2,Potential
12567.0,95,8,571880.4,3,5,5,Loyal
12568.0,644,1,7350.0,1,1,1,Hibernating
12569.0,1,17,213879.75,5,5,4,Champions
12570.0,681,1,8139.6,1,1,1,Hibernating
12571.0,39,1,28482.3,4,1,2,Potential
12572.0,8,2,107144.1,5,2,4,Potential
12573.0,226,5,75328.05,2,4,3,At Risk
12575.0,526,1,35889.0,1,1,2,Hibernating
12576.0,95,5,140887.95,3,4,4,Loyal
12577.0,34,7,151536.0,4,5,4,Champions
12578.0,20,3,318547.95,5,3,5,Loyal
12580.0,246,1,43648.5,2,1,2,Hibernating
12581.0,39,1,20759.55,4,1,1,Potential
12582.0,288,1,21541.8,2,1,1,Hibernating
12583.0,2,21,1237964.7,5,5,5,Champions
12584.0,39,5,102902.1,4,4,4,Champions
12585.0,233,2,214210.5,2,2,4,Hibernating
12586.0,16,2,106393.34999999999,5,2,4,Potential
12587.0,7,1,15120.0,5,1,1,Potential
12588.0,38,3,61299.0,4,3,3,Loyal
12589.0,28,7,479236.8,4,5,5,Champions
12590.0,210,1,980832.3,3,1,5,Potential
12591.0,316,3,141975.75,2,3,4,At Risk
12592.0,91,2,96686.1,3,2,3,Potential
12593.0,108,2,34891.5,3,2,2,Potential
12594.0,37,10,347293.8,4,5,5,Champions
12595.0,504,1,31397.1,1,1,2,Hibernating
12596.0,50,2,64918.35,4,2,3,Potential
12597.0,18,4,400178.1,5,4,5,Champions
12598.0,9,6,286212.15,5,4,5,Champions
12599.0,28,7,106650.6,4,5,4,Champions
12600.0,112,8,195925.8,3,5,4,Loyal
12601.0,253,2,26802.3,2,2,2,Hibernating
12602.0,58,1,16077.6,4,1,1,Potential
12603.0,21,1,77616.0,5,1,3,Potential
12604.0,261,1,18742.5,2,1,1,Hibernating
12605.0,375,2,98905.79999999999,2,2,3,Hibernating
12606.0,681,1,2205.0,1,1,1,Hibernating
12609.0,77,7,276688.65,3,5,5,Loyal
12610.0,22,4,203651.7,5,4,4,Champions
12612.0,73,1,73924.2,4,1,3,Potential
12613.0,56,3,341320.35,4,3,5,Loyal
12615.0,167,5,428875.65,3,4,5,Loyal
12617.0,28,1,37330.65,4,1,2,Potential
12619.0,15,9,346418.1,5,5,5,Champions
12620.0,14,3,140638.05,5,3,4,Loyal
12621.0,1,24,1822125.9,5,5,5,Champions
12622.0,231,1,18910.5,2,1,1,Hibernating
12623.0,275,6,355639.2,2,4,5,At Risk
12624.0,105,2,67318.65,3,2,3,Potential
12625.0,211,2,203373.45,3,2,4,Potential
12626.0,42,7,649993.05,4,5,5,Champions
12627.0,10,5,323412.60000000003,5,4,5,Champions
12628.0,3,3,82578.29999999999,5,3,3,Loyal
12630.0,9,1,59754.45,5,1,3,Potential
12631.0,455,4,296705.85,1,4,5,At Risk
12632.0,520,1,43108.8,1,1,2,Hibernating
12633.0,129,3,330993.6,3,3,5,Loyal
12634.0,535,2,51450.0,1,2,3,Hibernating
12635.0,154,2,148571.84999999998,3,2,4,Potential
12637.0,66,8,557871.3,4,5,5,Champions
12638.0,32,2,96756.45,4,2,3,Potential
12639.0,238,3,137798.85,2,3,4,At Risk
12640.0,81,1,80281.95,3,1,3,Potential
12641.0,114,1,19519.5,3,1,1,Potential
12642.0,24,1,37259.25,5,1,2,Potential
12643.0,127,7,639914.1,3,5,5,Loyal
12644.0,129,4,201441.45,3,4,4,Loyal
12645.0,33,6,278637.45,4,4,5,Champions
12646.0,48,1,76827.45,4,1,3,Potential
12647.0,21,24,1251923.4,5,5,5,Champions
12648.0,437,3,83364.75,1,3,3,At Risk
12649.0,106,7,208776.75,3,5,4,Loyal
12650.0,2,1,33016.2,5,1,2,Potential
12651.0,334,4,39663.75,2,4,2,At Risk
12654.0,36,2,30899.4,4,2,2,Potential
12655.0,423,1,27441.75,1,1,2,Hibernating
12656.0,16,5,383986.05,5,4,5,Champions
12657.0,10,1,51567.6,5,1,3,Potential
12659.0,29,1,9626.4,4,1,1,Potential
12661.0,435,1,17010.0,1,1,1,Hibernating
12662.0,0,17,597611.7,5,5,5,Champions
12664.0,7,7,387426.9,5,5,5,Champions
12665.0,324,3,32928.0,2,3,2,At Risk
12666.0,393,1,131084.1,2,1,4,Hibernating
12667.0,57,1,65113.65,4,1,3,Potential
12668.0,258,7,818628.3,2,5,5,At Risk
12669.0,150,3,288123.15,3,3,5,Loyal
12670.0,9,5,307294.05,5,4,5,Champions
12671.0,605,1,275360.5,1,1,5,Hibernating
12672.0,329,2,45890.25,2,2,2,Hibernating
12673.0,4,3,129152.1,5,3,4,Loyal
12674.0,38,2,100659.3,4,2,3,Potential
12675.0,577,1,99303.75,1,1,3,Hibernating
12676.0,123,6,139732.95,3,4,4,Loyal
12677.0,665,1,20023.5,1,1,1,Hibernating
12678.0,41,14,2266491.15,4,5,5,Champions
12679.0,58,3,105073.5,4,3,4,Loyal
12680.0,0,1,28082.25,5,1,2,Potential
12681.0,14,28,1980540.45,5,5,5,Champions
12682.0,3,35,1696359.0,5,5,5,Champions
12683.0,3,15,933475.2,5,5,5,Champions
12684.0,63,5,170860.2,4,4,4,Champions
12685.0,57,3,169207.5,4,3,4,Loyal
12686.0,371,1,18719.4,2,1,1,Hibernating
12687.0,480,1,195185.55,1,1,4,Hibernating
12689.0,127,1,53658.15,3,1,3,Potential
12690.0,205,1,40846.05,3,1,2,Potential
12691.0,57,3,67557.0,4,3,3,Loyal
12693.0,126,4,118072.5,3,4,4,Loyal
12694.0,69,1,45167.85,4,1,2,Potential
12695.0,6,4,103583.55,5,4,4,Champions
12696.0,434,1,56149.8,1,1,3,Hibernating
12697.0,130,1,36058.05,3,1,2,Potential
12698.0,589,1,35673.75,1,1,2,Hibernating
12699.0,417,1,67001.55,2,1,3,Hibernating
12700.0,65,3,380650.2,4,3,5,Loyal
12701.0,528,2,83987.4,1,2,3,Hibernating
12702.0,19,1,22995.0,5,1,1,Potential
12703.0,70,2,39432.75,4,2,2,Potential
12704.0,21,4,93495.15,5,4,3,Loyal
12705.0,14,10,804666.45,5,5,5,Champions
12707.0,291,1,63359.1,2,1,3,Hibernating
12708.0,32,9,284621.4,4,5,5,Champions
12709.0,58,20,1863603.0,4,5,5,Champions
12710.0,96,3,120647.1,3,3,4,Loyal
12711.0,611,1,82923.75,1,1,3,Hibernating
12712.0,48,12,441005.25,4,5,5,Champions
12714.0,8,6,658165.2,5,4,5,Champions
12716.0,3,1,39436.95,5,1,2,Potential
12717.0,150,3,137435.55,3,3,4,Loyal
12719.0,4,2,67719.75,5,2,3,Potential
12720.0,23,18,407509.2,5,5,5,Champions
12721.0,31,7,342460.65,4,5,5,Champions
12722.0,114,2,65806.65,3,2,3,Potential
12723.0,64,1,3559.5,4,1,1,Potential
12724.0,4,6,186344.55,5,4,4,Champions
12726.0,27,9,367684.8,4,5,5,Champions
12727.0,10,4,249436.94999999998,5,4,5,Champions
12728.0,70,5,112367.85,4,4,4,Champions
12730.0,521,1,87071.25,1,1,3,Hibernating
12731.0,50,10,1838063.85,4,5,5,Champions
12732.0,179,1,24807.3,3,1,1,Potential
12733.0,233,3,135938.25,2,3,4,At Risk
12734.0,352,3,67163.25,2,3,3,At Risk
12737.0,498,2,389602.5,1,2,5,Hibernating
12738.0,371,1,32623.5,2,1,2,Hibernating
12739.0,98,2,130571.7,3,2,4,Potential
12740.0,63,1,44898.0,4,1,2,Potential
12741.0,532,1,24787.35,1,1,1,Hibernating
12743.0,133,1,36471.75,3,1,2,Potential
12744.0,51,9,2418750.6,4,5,5,Champions
12745.0,486,3,97168.05,1,3,3,At Risk
12746.0,540,1,26727.75,1,1,2,Hibernating
12747.0,1,17,633110.1,5,5,5,Champions
12748.0,0,194,3576508.95,5,5,5,Champions
12749.0,130,3,409305.75,3,3,5,Loyal
12750.0,128,1,28967.4,3,1,2,Potential
12751.0,444,1,28168.35,1,1,2,Hibernating
12752.0,80,1,458511.9,3,1,5,Potential
12753.0,22,5,1863643.9500000002,5,4,5,Champions
12754.0,235,3,316127.69999999995,2,3,5,At Risk
12755.0,280,6,82052.25,2,4,3,At Risk
12756.0,86,1,11768.4,3,1,1,Potential
12757.0,28,8,574595.7,4,5,5,Champions
12758.0,116,3,408191.7,3,3,5,Loyal
12759.0,51,4,224744.1,4,4,5,Champions
12761.0,457,2,82209.75,1,2,3,Hibernating
12763.0,137,2,85486.8,3,2,3,Potential
12764.0,316,1,177857.4,2,1,4,Hibernating
12765.0,525,3,64774.5,1,3,3,At Risk
12766.0,3,6,602810.25,5,4,5,Champions
12767.0,375,1,99731.1,2,1,3,Hibernating
12768.0,450,1,17712.45,1,1,1,Hibernating
12769.0,238,1,120078.0,2,1,4,Hibernating
12770.0,210,2,340877.25,3,2,5,Potential
12771.0,485,1,29641.5,1,1,2,Hibernating
12774.0,535,1,10363.5,1,1,1,Hibernating
12775.0,16,6,154525.34999999998,5,4,4,Champions
12776.0,667,1,5827.5,1,1,1,Hibernating
12778.0,182,5,97905.15,3,4,3,Loyal
12779.0,189,8,368016.6,3,5,5,Loyal
12780.0,598,1,35427.0,1,1,2,Hibernating
12781.0,284,1,57672.3,2,1,3,Hibernating
12782.0,149,6,313656.0,3,4,5,Loyal
12783.0,53,3,132725.25,4,3,4,Loyal
12784.0,8,2,135064.65,5,2,4,Potential
12785.0,363,1,32754.75,2,1,2,Hibernating
12787.0,9,3,70940.1,5,3,3,Loyal
12788.0,462,3,29799.0,1,3,2,At Risk
12789.0,64,3,28701.75,4,3,2,Loyal
12790.0,191,1,34116.6,3,1,2,Potential
12791.0,373,4,83331.15,2,4,3,At Risk
12793.0,334,2,79141.65,2,2,3,Hibernating
12795.0,18,1,45200.4,5,1,2,Potential
12796.0,627,1,40005.0,1,1,2,Hibernating
12798.0,9,3,724908.45,5,3,5,Loyal
12799.0,528,1,23031.75,1,1,1,Hibernating
12800.0,469,2,55466.25,1,2,3,Hibernating
12802.0,186,4,85258.95000000001,3,4,3,Loyal
12803.0,392,1,114745.05,2,1,4,Hibernating
12804.0,465,1,15444.45,1,1,1,Hibernating
12805.0,480,2,77453.25,1,2,3,Hibernating
12807.0,382,1,34686.75,2,1,2,Hibernating
12808.0,36,3,68328.75,4,3,3,Loyal
12809.0,177,3,184373.7,3,3,4,Loyal
12811.0,260,3,53623.5,2,3,3,At Risk
12812.0,44,1,24112.2,4,1,1,Potential
12813.0,501,2,90951.0,1,2,3,Hibernating
12815.0,147,1,47050.5,3,1,2,Potential
12816.0,175,1,33458.25,3,1,2,Potential
12817.0,399,2,55118.7,2,2,3,Hibernating
12818.0,261,1,161918.4,2,1,4,Hibernating
12820.0,43,7,190358.7,4,5,4,Champions
12821.0,213,1,9735.6,3,1,1,Potential
12823.0,126,9,286965.0,3,5,5,Loyal
12824.0,59,1,41697.6,4,1,2,Potential
12825.0,520,2,54456.15,1,2,3,Hibernating
12826.0,2,7,176541.75,5,5,4,Champions
12827.0,5,3,45165.75,5,3,2,Loyal
12828.0,2,5,95288.55,5,4,3,Loyal
12829.0,336,1,21761.25,2,1,1,Hibernating
12830.0,90,5,673503.6000000001,3,4,5,Loyal
12831.0,261,2,31973.55,2,2,2,Hibernating
12832.0,97,1,28119.0,3,1,2,Potential
12835.0,427,27,419382.6,1,5,5,At Risk
12836.0,58,12,545213.55,4,5,5,Champions
12837.0,172,2,72283.05,3,2,3,Potential
12838.0,373,6,211014.3,2,4,4,At Risk
12839.0,2,17,725744.25,5,5,5,Champions
12840.0,182,3,182490.0,3,3,4,Loyal
12841.0,4,28,582872.85,5,5,5,Champions
12842.0,308,1,32626.65,2,1,2,Hibernating
12843.0,65,19,374330.25,4,5,5,Champions
12844.0,28,3,49740.6,4,3,2,Loyal
12845.0,266,2,8421.0,2,2,1,Hibernating
12846.0,681,1,1635.9,1,1,1,Hibernating
12847.0,21,2,171874.5,5,2,4,Potential
12849.0,30,5,274918.35,4,4,5,Champions
12851.0,96,2,29833.65,3,2,2,Potential
12853.0,134,6,169108.8,3,4,4,Loyal
12854.0,240,5,248881.5,2,4,5,At Risk
12855.0,393,1,834.75,2,1,1,Hibernating
12856.0,28,3,128488.5,4,3,4,Loyal
12857.0,210,6,387240.0,3,4,5,Loyal
12859.0,458,1,60385.5,1,1,3,Hibernating
12860.0,692,1,5824.35,1,1,1,Hibernating
12861.0,619,1,7166.25,1,1,1,Hibernating
12862.0,425,2,105873.6,1,2,4,Hibernating
12863.0,378,3,172005.75,2,3,4,At Risk
12864.0,507,1,16007.25,1,1,1,Hibernating
12865.0,123,2,212575.65,3,2,4,Potential
12866.0,282,1,58707.6,2,1,3,Hibernating
12867.0,297,6,384030.15,2,4,5,At Risk
12868.0,217,5,164041.5,3,4,4,Loyal
12869.0,681,1,35455.35,1,1,2,Hibernating
12870.0,476,1,29683.5,1,1,2,Hibernating
12871.0,83,1,26107.2,3,1,2,Potential
12872.0,326,10,281573.25,2,5,5,At Risk
12873.0,281,3,212866.5,2,3,4,At Risk
12874.0,553,1,51372.3,1,1,2,Hibernating
12875.0,470,2,69249.6,1,2,3,Hibernating
12876.0,57,2,232892.1,4,2,5,Potential
12877.0,3,13,202086.15,5,5,4,Champions
12878.0,235,1,56680.05,2,1,3,Hibernating
12879.0,44,3,60188.1,4,3,3,Loyal
12880.0,381,2,67213.65,2,2,3,Hibernating
12881.0,275,1,31290.0,2,1,2,Hibernating
12882.0,8,1,104076.0,5,1,4,Potential
12883.0,24,4,73864.35,5,4,3,Loyal
12885.0,62,2,68853.75,4,2,3,Potential
12886.0,67,1,63357.0,4,1,3,Potential
12887.0,383,1,23352.0,2,1,1,Hibernating
12888.0,254,1,28639.8,2,1,2,Hibernating
12889.0,380,3,30035.25,2,3,2,At Risk
12891.0,185,5,29872.5,3,4,2,Loyal
12892.0,396,1,27654.9,2,1,2,Hibernating
12894.0,574,1,16521.75,1,1,1,Hibernating
12895.0,41,2,39144.0,4,2,2,Potential
12897.0,204,2,22732.5,3,2,1,Potential
12898.0,659,1,16623.6,1,1,1,Hibernating
12900.0,421,1,35734.65,2,1,2,Hibernating
12901.0,8,17,1322995.8,5,5,5,Champions
12904.0,17,2,53505.9,5,2,3,Potential
12905.0,576,2,106934.1,1,2,4,Hibernating
12906.0,11,2,98932.05,5,2,3,Potential
12907.0,395,1,18950.4,2,1,1,Hibernating
12908.0,380,3,107730.0,2,3,4,At Risk
12909.0,252,4,126332.85,2,4,4,At Risk
12910.0,22,9,451332.0,5,5,5,Champions
12911.0,551,1,176449.35,1,1,4,Hibernating
12912.0,7,2,79405.2,5,2,3,Potential
12913.0,4,7,334961.55,5,5,5,Champions
12914.0,400,1,23517.9,2,1,1,Hibernating
12915.0,148,4,123348.75,3,4,4,Loyal
12916.0,138,2,141030.75,3,2,4,Potential
12917.0,399,2,225424.5,2,2,5,Hibernating
12919.0,7,4,99358.35,5,4,3,Loyal
12920.0,16,3,41956.95,5,3,2,Loyal
12921.0,14,45,2307907.35,5,5,5,Champions
12922.0,160,1,42564.9,3,1,2,Potential
12923.0,63,3,82936.35,4,3,3,Loyal
12924.0,275,4,56753.55,2,4,3,At Risk
12926.0,410,2,100654.05,2,2,3,Hibernating
12928.0,34,7,284468.1,4,5,5,Champions
12930.0,77,2,43659.0,3,2,2,Potential
12931.0,22,32,6223744.8,5,5,5,Champions
12932.0,538,3,36786.75,1,3,2,At Risk
12933.0,23,8,177138.15,5,5,4,Champions
12934.0,736,1,19073.25,1,1,1,Hibernating
12935.0,1,7,179987.85,5,5,4,Champions
12936.0,16,4,111709.5,5,4,4,Champions
12937.0,14,4,185528.7,5,4,4,Champions
12938.0,25,1,11984.7,4,1,1,Potential
12939.0,63,13,1579006.8,4,5,5,Champions
12940.0,54,1,57988.35,4,1,3,Potential
12941.0,723,1,39636.45,1,1,2,Hibernating
12942.0,130,3,98978.25,3,3,3,Loyal
12944.0,35,1,33343.8,4,1,2,Potential
12945.0,287,2,94511.55,2,2,3,Hibernating
12946.0,436,1,34067.25,1,1,2,Hibernating
12947.0,143,5,168463.05,3,4,4,Loyal
12948.0,15,7,192407.25,5,5,4,Champions
12949.0,30,15,1119750.45,4,5,5,Champions
12950.0,1,2,70518.0,5,2,3,Potential
12951.0,8,9,217530.59999999998,5,5,4,Champions
12952.0,5,3,137879.7,5,3,4,Loyal
12953.0,9,1,34634.25,5,1,2,Potential
12954.0,638,1,17057.25,1,1,1,Hibernating
12955.0,16,7,363207.6,5,5,5,Champions
12956.0,305,4,54798.45,2,4,3,At Risk
12957.0,9,10,709779.0,5,5,5,Champions
12958.0,582,1,17523.45,1,1,1,Hibernating
12959.0,483,1,15849.75,1,1,1,Hibernating
12960.0,413,3,95525.85,2,3,3,At Risk
12962.0,6,2,27970.95,5,2,2,Potential
12963.0,17,7,278715.15,5,5,5,Champions
12967.0,357,3,452226.6,2,3,5,At Risk
12968.0,111,1,14274.75,3,1,1,Potential
12969.0,602,1,12857.25,1,1,1,Hibernating
12970.0,6,7,140375.55000000002,5,5,4,Champions
12971.0,3,67,1053577.35,5,5,5,Champions
12972.0,413,1,14926.8,2,1,1,Hibernating
12973.0,413,1,40482.75,2,1,2,Hibernating
12974.0,565,1,27735.75,1,1,2,Hibernating
12975.0,436,5,154010.85,1,4,4,At Risk
12976.0,211,5,246905.4,3,4,5,Loyal
12977.0,155,2,30731.4,3,2,2,Potential
12978.0,384,3,199061.1,2,3,4,At Risk
12980.0,157,12,1034491.5,3,5,5,Loyal
12981.0,132,1,19653.9,3,1,1,Potential
12982.0,242,7,250331.55000000002,2,5,5,At Risk
12983.0,597,1,51458.4,1,1,3,Hibernating
12985.0,0,2,130134.9,5,2,4,Potential
12986.0,511,4,107514.75,1,4,4,At Risk
12987.0,73,5,137782.05,4,4,4,Champions
12989.0,2,18,698097.75,5,5,5,Champions
12990.0,30,6,77805.0,4,4,3,Loyal
12991.0,22,2,48432.3,5,2,2,Potential
12992.0,724,1,9801.75,1,1,1,Hibernating
12993.0,22,5,93159.15,5,4,3,Loyal
12994.0,3,3,102314.1,5,3,4,Loyal
12995.0,84,1,22188.6,3,1,1,Potential
12996.0,375,1,37327.5,2,1,2,Hibernating
12997.0,88,5,160199.55,3,4,4,Loyal
12998.0,609,1,31909.5,1,1,2,Hibernating
12999.0,195,2,14238.0,3,2,1,Potential
13000.0,259,2,48145.65,2,2,2,Hibernating
13001.0,21,19,1509582.9,5,5,5,Champions
13002.0,317,1,12699.75,2,1,1,Hibernating
13003.0,105,1,6300.0,3,1,1,Potential
13004.0,11,18,657355.65,5,5,5,Champions
13005.0,173,2,44286.9,3,2,2,Potential
13007.0,579,1,18401.25,1,1,1,Hibernating
13008.0,397,1,20301.75,2,1,1,Hibernating
13010.0,373,1,16065.0,2,1,1,Hibernating
13011.0,371,1,10615.5,2,1,1,Hibernating
13012.0,20,7,158144.7,5,5,4,Champions
13013.0,35,15,626498.25,4,5,5,Champions
13014.0,10,9,474426.75,5,5,5,Champions
13015.0,52,9,557818.8,4,5,5,Champions
13016.0,122,1,44651.25,3,1,2,Potential
13017.0,6,1,21420.0,5,1,1,Potential
13018.0,25,20,500210.55,4,5,5,Champions
13019.0,378,2,37503.9,2,2,2,Hibernating
13021.0,25,7,182466.9,4,5,4,Champions
13022.0,429,1,6856.5,1,1,1,Hibernating
13023.0,63,3,152148.15,4,3,4,Loyal
13024.0,581,1,26022.15,1,1,2,Hibernating
13026.0,0,7,166727.4,5,5,4,Champions
13027.0,156,14,1164996.0,3,5,5,Loyal
13028.0,22,2,69438.6,5,2,3,Potential
13029.0,30,2,86310.0,4,2,3,Potential
13031.0,406,4,256308.15,2,4,5,At Risk
13032.0,86,5,170422.35,3,4,4,Loyal
13033.0,356,2,23157.75,2,2,1,Hibernating
13034.0,400,1,11975.25,2,1,1,Hibernating
13035.0,73,2,96797.4,4,2,3,Potential
13037.0,255,5,184461.9,2,4,4,At Risk
13038.0,290,1,41485.5,2,1,2,Hibernating
13039.0,583,2,56277.9,1,2,3,Hibernating
13040.0,8,2,71083.95,5,2,3,Potential
13041.0,522,1,19103.7,1,1,1,Hibernating
13042.0,597,2,93286.2,1,2,3,Hibernating
13043.0,272,1,54224.1,2,1,3,Hibernating
13044.0,290,8,338480.1,2,5,5,At Risk
13045.0,98,3,84936.6,3,3,3,Loyal
13046.0,30,2,78910.65,4,2,3,Potential
13047.0,56,15,590328.9,4,5,5,Champions
13048.0,113,6,330969.45,3,4,5,Loyal
13049.0,63,3,94945.2,4,3,3,Loyal
13050.0,14,24,848352.75,5,5,5,Champions
13051.0,578,2,16359.0,1,2,1,Hibernating
13052.0,211,5,266768.25,3,4,5,Loyal
13055.0,77,4,243716.55,3,4,5,Loyal
13057.0,529,1,960.75,1,1,1,Hibernating
13058.0,24,2,19031.25,5,2,1,Potential
13059.0,249,6,177278.85,2,4,4,At Risk
13061.0,71,1,26104.05,4,1,2,Potential
13063.0,480,1,19782.0,1,1,1,Hibernating
13064.0,12,2,76976.55,5,2,3,Potential
13065.0,372,3,89038.95,2,3,3,At Risk
13066.0,23,2,49434.0,5,2,2,Potential
13067.0,409,2,41270.25,2,2,2,Hibernating
13068.0,9,1,18795.0,5,1,1,Potential
13069.0,13,21,490233.45,5,5,5,Champions
13070.0,459,3,54904.5,1,3,3,At Risk
13071.0,611,1,13568.1,1,1,1,Hibernating
13073.0,410,2,43898.4,2,2,2,Hibernating
13074.0,510,4,144767.7,1,4,4,At Risk
13077.0,289,7,202533.45,2,5,4,At Risk
13078.0,2,34,1882891.5,5,5,5,Champions
13079.0,3,4,11256.0,5,4,1,Loyal
13080.0,400,3,23378.25,2,3,1,At Risk
13081.0,11,20,4232920.65,5,5,5,Champions
13082.0,176,12,416434.2,3,5,5,Loyal
13083.0,75,1,20200.95,3,1,1,Potential
13084.0,491,1,12852.0,1,1,1,Hibernating
13085.0,735,2,32256.0,1,2,2,Hibernating
13087.0,725,1,32932.2,1,1,2,Hibernating
13089.0,2,130,8213240.7,5,5,5,Champions
13090.0,8,14,1041191.55,5,5,5,Champions
13091.0,729,2,207480.0,1,2,4,Hibernating
13092.0,211,4,48867.0,3,4,2,Loyal
13093.0,275,37,4001755.8,2,5,5,At Risk
13094.0,20,11,225861.3,5,5,5,Champions
13095.0,70,1,7812.0,4,1,1,Potential
13096.0,393,1,44068.5,2,1,2,Hibernating
13097.0,32,16,827757.0,4,5,5,Champions
13098.0,4,16,1708795.2,5,5,5,Champions
13101.0,497,2,32912.25,1,2,2,Hibernating
13102.0,7,28,968718.45,5,5,5,Champions
13103.0,39,1,25613.7,4,1,2,Potential
13104.0,2,6,138650.4,5,4,4,Champions
13105.0,435,1,7560.0,1,1,1,Hibernating
13106.0,132,1,8032.5,3,1,1,Potential
13107.0,43,4,200491.2,4,4,4,Champions
13108.0,372,1,73512.6,2,1,3,Hibernating
13109.0,550,1,36486.45,1,1,2,Hibernating
13110.0,30,9,229053.30000000002,4,5,5,Champions
13111.0,718,1,33797.4,1,1,2,Hibernating
13112.0,540,1,2163.0,1,1,1,Hibernating
13113.0,0,21,1248578.1,5,5,5,Champions
13114.0,730,1,24609.9,1,1,1,Hibernating
13115.0,11,4,296725.8,5,4,5,Champions
13116.0,137,1,52619.7,3,1,3,Potential
13117.0,21,11,159898.19999999998,5,5,4,Champions
13118.0,19,6,177503.55,5,4,4,Champions
13120.0,238,1,3213.0,2,1,1,Hibernating
13122.0,239,1,94885.35,2,1,3,Hibernating
13124.0,89,2,274051.05,3,2,5,Potential
13125.0,523,1,16649.85,1,1,1,Hibernating
13126.0,4,10,305201.4,5,5,5,Champions
13127.0,77,1,27212.85,3,1,2,Potential
13128.0,630,1,27667.5,1,1,2,Hibernating
13129.0,529,1,11418.75,1,1,1,Hibernating
13130.0,93,1,6720.0,3,1,1,Potential
13131.0,70,4,179454.45,4,4,4,Champions
13133.0,273,1,6032.25,2,1,1,Hibernating
13134.0,85,3,176598.45,3,3,4,Loyal
13135.0,490,1,28922.25,1,1,2,Hibernating
13136.0,55,10,421309.35,4,5,5,Champions
13137.0,10,11,534359.7,5,5,5,Champions
13138.0,21,6,113481.9,5,4,4,Champions
13139.0,15,6,761518.8,5,4,5,Champions
13140.0,107,4,111880.65,3,4,4,Loyal
13141.0,234,9,282841.65,2,5,5,At Risk
13142.0,18,1,32244.45,5,1,2,Potential
13145.0,126,3,55314.0,3,3,3,Loyal
13146.0,25,1,24035.55,4,1,1,Potential
13147.0,9,4,74844.0,5,4,3,Loyal
13148.0,28,17,572469.45,4,5,5,Champions
13150.0,483,2,22409.1,1,2,1,Hibernating
13151.0,625,1,31657.5,1,1,2,Hibernating
13152.0,416,5,138111.75,2,4,4,At Risk
13153.0,5,1,51053.1,5,1,2,Potential
13154.0,398,3,170608.2,2,3,4,At Risk
13155.0,79,2,57645.0,3,2,3,Potential
13156.0,384,3,166586.7,2,3,4,At Risk
13157.0,48,3,237190.80000000002,4,3,5,Loyal
13158.0,119,3,96482.4,3,3,3,Loyal
13160.0,21,1,9639.0,5,1,1,Potential
13161.0,312,2,50282.4,2,2,2,Hibernating
13162.0,121,8,625486.05,3,5,5,Loyal
13164.0,667,1,28959.0,1,1,2,Hibernating
13165.0,350,2,82353.6,2,2,3,Hibernating
13167.0,18,4,92718.15,5,4,3,Loyal
13168.0,198,3,102129.29999999999,3,3,4,Loyal
13169.0,63,3,88208.4,4,3,3,Loyal
13171.0,21,2,35266.35,5,2,2,Potential
13172.0,399,1,7308.0,2,1,1,Hibernating
13173.0,3,7,155005.2,5,5,4,Champions
13174.0,368,7,674375.1,2,5,5,At Risk
13175.0,581,1,53791.5,1,1,3,Hibernating
13176.0,45,1,51748.2,4,1,3,Potential
13177.0,64,1,29657.25,4,1,2,Potential
13178.0,25,14,934528.35,4,5,5,Champions
13180.0,606,1,9040.5,1,1,1,Hibernating
13181.0,380,1,37767.45,2,1,2,Hibernating
13182.0,44,1,12723.9,4,1,1,Potential
13183.0,7,10,479478.3,5,5,5,Champions
13184.0,130,8,145639.2,3,5,4,Loyal
13186.0,39,2,61692.75,4,2,3,Potential
13187.0,336,3,36655.5,2,3,2,At Risk
13188.0,10,1,12033.0,5,1,1,Potential
13189.0,18,2,27371.4,5,2,2,Potential
13190.0,677,1,22569.75,1,1,1,Hibernating
13191.0,657,1,17292.45,1,1,1,Hibernating
13192.0,204,4,154340.55000000002,3,4,4,Loyal
13194.0,135,2,49641.9,3,2,2,Potential
13195.0,413,1,18099.9,2,1,1,Hibernating
13196.0,10,3,114289.35,5,3,4,Loyal
13197.0,609,1,39166.05,1,1,2,Hibernating
13198.0,156,5,334876.5,3,4,5,Loyal
13199.0,3,43,999980.1,5,5,5,Champions
13200.0,18,3,59052.0,5,3,3,Loyal
13201.0,501,4,130264.05,1,4,4,At Risk
13202.0,393,4,84648.9,2,4,3,At Risk
13203.0,38,7,222676.65000000002,4,5,5,Champions
13205.0,442,1,294336.0,1,1,5,Hibernating
13206.0,563,9,613465.65,1,5,5,At Risk
13207.0,450,2,29988.0,1,2,2,Hibernating
13208.0,58,7,169550.85,4,5,4,Champions
13209.0,29,6,355686.45,4,4,5,Champions
13210.0,93,1,37115.4,3,1,2,Potential
13211.0,9,5,193869.9,5,4,4,Champions
13212.0,19,3,82748.4,5,3,3,Loyal
13213.0,127,7,242869.2,3,5,5,Loyal
13214.0,443,3,116845.04999999999,1,3,4,At Risk
13215.0,401,1,8568.0,2,1,1,Hibernating
13216.0,267,1,35042.7,2,1,2,Hibernating
13217.0,121,3,61055.4,3,3,3,Loyal
13218.0,126,1,6577.2,3,1,1,Potential
13219.0,617,1,8004.15,1,1,1,Hibernating
13220.0,185,1,17514.0,3,1,1,Potential
13221.0,239,1,36671.25,2,1,2,Hibernating
13222.0,576,1,9292.5,1,1,1,Hibernating
13223.0,199,5,80589.6,3,4,3,Loyal
13224.0,59,2,226374.75,4,2,5,Potential
13225.0,59,10,889228.2,4,5,5,Champions
13226.0,272,2,32808.3,2,2,2,Hibernating
13227.0,201,1,27058.5,3,1,2,Potential
13228.0,80,1,37590.0,3,1,2,Potential
13230.0,28,16,361124.4,4,5,5,Champions
13232.0,97,4,77074.2,3,4,3,Loyal
13233.0,73,4,123528.3,4,4,4,Champions
13234.0,732,1,25079.25,1,1,2,Hibernating
13236.0,106,1,46119.15,3,1,2,Potential
13238.0,16,5,76518.75,5,4,3,Loyal
13239.0,261,3,99276.45000000001,2,3,3,At Risk
13240.0,95,5,100576.35,3,4,3,Loyal
13242.0,111,6,66885.0,3,4,3,Loyal
13243.0,448,3,54331.2,1,3,3,At Risk
13244.0,92,1,12782.7,3,1,1,Potential
13245.0,431,1,58665.6,1,1,3,Hibernating
13246.0,17,9,283953.6,5,5,5,Champions
13247.0,17,3,20585.25,5,3,1,Loyal
13248.0,124,2,48896.399999999994,3,2,2,Potential
13249.0,91,5,90224.4,3,4,3,Loyal
13250.0,460,1,12600.0,1,1,1,Hibernating
13252.0,393,1,5502.0,2,1,1,Hibernating
13253.0,156,2,157525.2,3,2,4,Potential
13254.0,375,1,5398.05,2,1,1,Hibernating
13255.0,8,3,94968.3,5,3,3,Loyal
13257.0,435,1,15723.75,1,1,1,Hibernating
13258.0,204,3,58928.1,3,3,3,Loyal
13259.0,572,3,38511.9,1,3,2,At Risk
13260.0,60,1,58550.1,4,1,3,Potential
13261.0,285,1,88735.5,2,1,3,Hibernating
13262.0,262,2,45433.5,2,2,2,Hibernating
13263.0,0,21,530686.8,5,5,5,Champions
13265.0,52,2,64344.0,4,2,3,Potential
13266.0,28,10,368815.65,4,5,5,Champions
13267.0,2,25,730731.75,5,5,5,Champions
13268.0,17,7,222300.75,5,5,5,Champions
13269.0,0,20,634428.9,5,5,5,Champions
13270.0,365,1,123900.0,2,1,4,Hibernating
13272.0,30,1,14238.0,4,1,1,Potential
13273.0,112,1,14592.9,3,1,1,Potential
13275.0,383,2,25374.3,2,2,2,Hibernating
13276.0,63,4,180238.8,4,4,4,Champions
13277.0,15,3,19162.5,5,3,1,Loyal
13278.0,40,4,150764.25,4,4,4,Champions
13279.0,77,1,14463.75,3,1,1,Potential
13280.0,121,4,137862.9,3,4,4,Loyal
13282.0,161,3,100185.75,3,3,3,Loyal
13283.0,59,3,25783.8,4,3,2,Loyal
13284.0,330,1,21124.95,2,1,1,Hibernating
13285.0,22,5,283258.5,5,4,5,Champions
13286.0,599,1,77165.55,1,1,3,Hibernating
13287.0,653,2,51125.55,1,2,2,Hibernating
13288.0,508,2,42342.3,1,2,2,Hibernating
13290.0,437,1,21906.15,1,1,1,Hibernating
13291.0,155,9,291749.85,3,5,5,Loyal
13292.0,38,2,48643.35,4,2,2,Potential
13293.0,403,2,33021.45,2,2,2,Hibernating
13294.0,189,1,40959.45,3,1,2,Potential
13295.0,375,2,62398.35,2,2,3,Hibernating
13296.0,423,2,32004.0,1,2,2,Hibernating
13297.0,7,2,66099.6,5,2,3,Potential
13299.0,528,1,36873.9,1,1,2,Hibernating
13300.0,168,2,72121.35,3,2,3,Potential
13302.0,154,1,6693.75,3,1,1,Potential
13303.0,399,1,6480.6,2,1,1,Hibernating
13304.0,545,2,64695.75,1,2,3,Hibernating
13305.0,3,6,160872.6,5,4,4,Champions
13307.0,119,2,4788.0,3,2,1,Potential
13308.0,51,3,145371.45,4,3,4,Loyal
13309.0,44,4,128300.55,4,4,4,Champions
13310.0,27,5,161826.0,4,4,4,Champions
13311.0,3,2,62849.850000000006,5,2,3,Potential
13312.0,450,1,13098.75,1,1,1,Hibernating
13313.0,35,7,195402.9,4,5,4,Champions
13314.0,73,1,52460.1,4,1,3,Potential
13315.0,688,1,32577.3,1,1,2,Hibernating
13316.0,36,6,852932.85,4,4,5,Champions
13317.0,65,12,423285.45,4,5,5,Champions
13318.0,0,2,47649.0,5,2,2,Potential
13319.0,4,39,1578126.9,5,5,5,Champions
13320.0,77,4,168177.45,3,4,4,Loyal
13321.0,71,1,32373.6,4,1,2,Potential
13322.0,16,1,20945.4,5,1,1,Potential
13323.0,2,4,72465.75,5,4,3,Loyal
13324.0,35,9,492439.5,4,5,5,Champions
13325.0,81,1,70906.5,3,1,3,Potential
13326.0,431,1,29584.8,1,1,2,Hibernating
13327.0,38,15,774760.35,4,5,5,Champions
13329.0,31,4,182925.75,4,4,4,Champions
13330.0,92,4,192337.95,3,4,4,Loyal
13331.0,401,1,27552.0,2,1,2,Hibernating
13332.0,13,1,36844.5,5,1,2,Potential
13333.0,457,1,73678.5,1,1,3,Hibernating
13334.0,190,4,573170.85,3,4,5,Loyal
13337.0,545,1,165402.3,1,1,4,Hibernating
13338.0,157,4,256790.1,3,4,5,Loyal
13339.0,200,1,90312.6,3,1,3,Potential
13340.0,105,7,1358493.1500000001,3,5,5,Loyal
13344.0,67,2,93194.85,4,2,3,Potential
13346.0,462,4,21892.5,1,4,1,At Risk
13347.0,69,1,35842.8,4,1,2,Potential
13348.0,63,1,24544.8,4,1,1,Potential
13350.0,78,1,67889.85,3,1,3,Potential
13351.0,65,1,39263.7,4,1,2,Potential
13352.0,59,1,41787.9,4,1,2,Potential
13357.0,256,5,403027.80000000005,2,4,5,At Risk
13359.0,63,1,46153.8,4,1,2,Potential
13360.0,431,3,161810.25,1,3,4,At Risk
13361.0,471,1,66491.25,1,1,3,Hibernating
13362.0,8,6,488701.5,5,4,5,Champions
13363.0,17,3,181005.3,5,3,4,Loyal
13365.0,33,2,233663.85,4,2,5,Potential
13367.0,431,1,53571.0,1,1,3,Hibernating
13368.0,256,3,114040.5,2,3,4,At Risk
13370.0,371,1,158522.7,2,1,4,Hibernating
13371.0,631,1,124846.05,1,1,4,Hibernating
13373.0,60,4,495461.4,4,4,5,Champions
13374.0,414,2,44394.0,2,2,2,Hibernating
13375.0,88,1,81758.25,3,1,3,Potential
13376.0,98,2,65704.8,3,2,3,Potential
13377.0,645,1,85608.6,1,1,3,Hibernating
13379.0,25,1,14357.7,4,1,1,Potential
13380.0,432,1,6552.0,1,1,1,Hibernating
13381.0,88,4,292369.35,3,4,5,Loyal
13382.0,280,3,95711.7,2,3,3,At Risk
13384.0,44,7,406070.7,4,5,5,Champions
13385.0,329,1,56129.85,2,1,3,Hibernating
13386.0,413,2,87723.3,2,2,3,Hibernating
13388.0,130,1,5859.0,3,1,1,Potential
13389.0,10,1,22870.05,5,1,1,Potential
13390.0,74,1,57128.4,4,1,3,Potential
13393.0,583,4,118802.25,1,4,4,At Risk
13394.0,1,11,407955.45,5,5,5,Champions
13395.0,184,3,123924.15,3,3,4,Loyal
13396.0,28,2,142903.95,4,2,4,Potential
13397.0,294,6,194918.85,2,4,4,At Risk
13398.0,191,2,70385.7,3,2,3,Potential
13399.0,518,1,10489.5,1,1,1,Hibernating
13400.0,582,1,32637.15,1,1,2,Hibernating
13402.0,126,1,32859.75,3,1,2,Potential
13403.0,17,3,24097.5,5,3,1,Loyal
13404.0,0,1,3641.4,5,1,1,Potential
13405.0,317,2,28208.25,2,2,2,Hibernating
13406.0,631,1,14716.8,1,1,1,Hibernating
13407.0,598,2,229425.0,1,2,5,Hibernating
13408.0,1,73,3936444.96,5,5,5,Champions
13410.0,23,5,94031.7,5,4,3,Loyal
13411.0,106,1,22422.75,3,1,1,Potential
13413.0,639,3,20470.8,1,3,1,At Risk
13414.0,156,5,205940.7,3,4,4,Loyal
13415.0,472,2,56114.1,1,2,3,Hibernating
13416.0,43,3,98784.0,4,3,3,Loyal
13417.0,204,1,24780.0,3,1,1,Potential
13418.0,98,17,723310.35,3,5,5,Loyal
13419.0,63,1,23211.3,4,1,1,Potential
13420.0,170,1,5859.0,3,1,1,Potential
13421.0,289,5,194347.65,2,4,4,At Risk
13423.0,428,1,22788.15,1,1,1,Hibernating
13425.0,107,3,227377.5,3,3,5,Loyal
13426.0,0,11,418731.6,5,5,5,Champions
13427.0,119,2,48810.3,3,2,2,Potential
13428.0,9,3,52497.899999999994,5,3,3,Loyal
13429.0,10,3,88313.4,5,3,3,Loyal
13430.0,85,1,35312.55,3,1,2,Potential
13431.0,66,4,113816.85,4,4,4,Champions
13432.0,570,2,46105.5,1,2,2,Hibernating
13433.0,603,1,33131.7,1,1,2,Hibernating
13434.0,96,3,82838.7,3,3,3,Loyal
13435.0,4,8,435894.9,5,5,5,Champions
13436.0,1,1,20673.45,5,1,1,Potential
13437.0,23,5,265251.0,5,4,5,Champions
13438.0,546,1,4882.5,1,1,1,Hibernating
13439.0,387,2,73804.5,2,2,3,Hibernating
13440.0,422,6,135481.5,2,4,4,At Risk
13441.0,91,1,31147.2,3,1,2,Potential
13442.0,666,2,31685.85,1,2,2,Hibernating
13443.0,553,5,113811.59999999999,1,4,4,At Risk
13444.0,373,2,66326.4,2,2,3,Hibernating
13445.0,625,1,25399.5,1,1,2,Hibernating
13446.0,429,8,302455.65,1,5,5,At Risk
13447.0,22,3,118559.7,5,3,4,Loyal
13448.0,16,12,880713.75,5,5,5,Champions
13449.0,23,1,30647.4,5,1,2,Potential
13450.0,26,9,282916.2,4,5,5,Champions
13451.0,25,10,690904.2,4,5,5,Champions
13452.0,258,2,61950.0,2,2,3,Hibernating
13453.0,165,1,18057.9,3,1,1,Potential
13454.0,640,1,23086.35,1,1,1,Hibernating
13455.0,365,3,210559.65,2,3,4,At Risk
13456.0,21,1,21047.25,5,1,1,Potential
13457.0,688,2,15563.1,1,2,1,Hibernating
13458.0,6,11,790864.2,5,5,5,Champions
13459.0,624,1,55610.1,1,1,3,Hibernating
13460.0,49,1,11283.3,4,1,1,Potential
13461.0,38,3,166404.0,4,3,4,Loyal
13462.0,252,2,33948.6,2,2,2,Hibernating
13464.0,57,6,325252.2,4,4,5,Champions
13465.0,445,2,97767.6,1,2,3,Hibernating
13466.0,183,4,78859.2,3,4,3,Loyal
13467.0,10,2,113789.55,5,2,4,Potential
13468.0,1,41,830922.75,5,5,5,Champions
13469.0,652,1,8652.0,1,1,1,Hibernating
13470.0,98,2,17325.0,3,2,1,Potential
13471.0,5,1,93758.7,5,1,3,Potential
13473.0,60,5,198983.4,4,4,4,Champions
13474.0,235,2,62437.2,2,2,3,Hibernating
13475.0,190,2,55152.3,3,2,3,Potential
13476.0,178,3,161917.35,3,3,4,Loyal
13477.0,37,6,154991.55,4,4,4,Champions
13478.0,631,2,169195.95,1,2,4,Hibernating
13479.0,451,2,57794.100000000006,1,2,3,Hibernating
13480.0,416,2,65921.09999999999,2,2,3,Hibernating
13481.0,45,5,151539.15,4,4,4,Champions
13482.0,231,2,35289.45,2,2,2,Hibernating
13484.0,382,2,50076.600000000006,2,2,2,Hibernating
13485.0,232,7,197610.0,2,5,4,At Risk
13486.0,127,1,64832.25,3,1,3,Potential
13487.0,57,5,88921.35,4,4,3,Loyal
13488.0,16,12,837550.35,5,5,5,Champions
13489.0,104,3,39085.2,3,3,2,Loyal
13491.0,51,19,364031.85000000003,4,5,5,Champions
13492.0,214,1,33106.5,3,1,2,Potential
13493.0,274,2,64956.15,2,2,3,Hibernating
13494.0,311,1,33207.3,2,1,2,Hibernating
13495.0,7,8,409521.0,5,5,5,Champions
13496.0,10,2,68599.65000000001,5,2,3,Potential
13497.0,282,4,91427.7,2,4,3,At Risk
13499.0,17,1,23272.2,5,1,1,Potential
13500.0,35,3,101674.65,4,3,4,Loyal
13501.0,287,2,240443.7,2,2,5,Hibernating
13502.0,16,4,69919.5,5,4,3,Loyal
13503.0,478,4,138252.45,1,4,4,At Risk
13504.0,63,1,31072.65,4,1,2,Potential
13505.0,72,1,190103.55,4,1,4,Potential
13506.0,369,2,108103.79999999999,2,2,4,Hibernating
13507.0,106,2,171829.34999999998,3,2,4,Potential
13508.0,243,1,11651.85,2,1,1,Hibernating
13509.0,8,6,81711.0,5,4,3,Loyal
13510.0,0,5,228946.2,5,4,5,Champions
13511.0,676,1,29689.8,1,1,2,Hibernating
13512.0,260,4,74905.95,2,4,3,At Risk
13513.0,440,1,33584.25,1,1,2,Hibernating
13514.0,73,2,41433.0,4,2,2,Potential
13515.0,147,3,54826.8,3,3,3,Loyal
13516.0,72,1,49813.05,4,1,2,Potential
13517.0,59,3,223484.1,4,3,5,Loyal
13518.0,85,1,69241.2,3,1,3,Potential
13520.0,137,8,514230.15,3,5,5,Loyal
13521.0,9,1,30227.4,5,1,2,Potential
13522.0,29,1,13209.0,4,1,1,Potential
13523.0,199,2,71026.2,3,2,3,Potential
13524.0,81,4,50805.3,3,4,2,Loyal
13525.0,247,1,29702.4,2,1,2,Hibernating
13526.0,737,2,124110.0,1,2,4,Hibernating
13527.0,89,10,387744.0,3,5,5,Loyal
13529.0,78,2,32314.8,3,2,2,Potential
13530.0,633,1,42312.9,1,1,2,Hibernating
13531.0,204,4,87361.05,3,4,3,Loyal
13533.0,182,2,26527.2,3,2,2,Potential
13534.0,1,21,479332.35,5,5,5,Champions
13536.0,5,4,207637.5,5,4,4,Champions
13537.0,451,1,43664.25,1,1,2,Hibernating
13538.0,120,6,146830.95,3,4,4,Loyal
13539.0,239,5,79814.7,2,4,3,At Risk
13540.0,466,2,57528.45,1,2,3,Hibernating
13541.0,426,2,82451.25,1,2,3,Hibernating
13542.0,376,12,310910.25,2,5,5,At Risk
13543.0,633,2,151159.05,1,2,4,Hibernating
13544.0,240,4,50384.25,2,4,2,At Risk
13545.0,390,2,39337.2,2,2,2,Hibernating
13546.0,11,4,86037.0,5,4,3,Loyal
13548.0,95,3,95443.95,3,3,3,Loyal
13549.0,63,2,26633.25,4,2,2,Potential
13551.0,665,1,16002.0,1,1,1,Hibernating
13552.0,65,13,453648.3,4,5,5,Champions
13553.0,674,1,54369.0,1,1,3,Hibernating
13554.0,379,6,160842.15,2,4,4,At Risk
13555.0,73,8,628577.25,4,5,5,Champions
13556.0,435,1,11258.1,1,1,1,Hibernating
13557.0,414,7,165504.15,2,5,4,At Risk
13558.0,23,1,16708.65,5,1,1,Potential
13559.0,512,2,103950.0,1,2,4,Hibernating
13560.0,6,1,18308.85,5,1,1,Potential
13561.0,431,4,72329.25,1,4,3,At Risk
13562.0,81,6,345693.6,3,4,5,Loyal
13563.0,83,2,81640.65,3,2,3,Potential
13564.0,143,27,1416581.25,3,5,5,Loyal
13565.0,18,2,31985.100000000002,5,2,2,Potential
13566.0,40,3,88548.6,4,3,3,Loyal
13567.0,427,2,61245.45,1,2,3,Hibernating
13569.0,380,2,42179.55,2,2,2,Hibernating
13571.0,12,20,361353.3,5,5,5,Champions
13572.0,205,1,145346.25,3,1,4,Potential
13573.0,49,3,39506.25,4,3,2,Loyal
13575.0,58,3,51914.1,4,3,3,Loyal
13576.0,9,18,777701.4,5,5,5,Champions
13577.0,92,4,162634.5,3,4,4,Loyal
13578.0,408,1,15504.3,2,1,1,Hibernating
13579.0,14,4,127012.2,5,4,4,Champions
13580.0,405,1,11313.75,2,1,1,Hibernating
13581.0,308,2,29455.65,2,2,2,Hibernating
13582.0,389,2,25376.4,2,2,2,Hibernating
13583.0,155,2,151728.25,3,2,4,Potential
13584.0,306,1,14952.0,2,1,1,Hibernating
13585.0,530,3,71876.7,1,3,3,At Risk
13587.0,448,1,39385.5,1,1,2,Hibernating
13588.0,15,5,137292.75,5,4,4,Champions
13589.0,448,3,61077.45,1,3,3,At Risk
13590.0,10,11,442919.4,5,5,5,Champions
13591.0,266,3,106119.3,2,3,4,At Risk
13592.0,35,3,22586.550000000003,4,3,1,Loyal
13593.0,107,10,424450.95,3,5,5,Loyal
13594.0,52,2,55998.6,4,2,3,Potential
13595.0,516,1,7684.95,1,1,1,Hibernating
13596.0,12,1,43218.0,5,1,2,Potential
13597.0,399,2,41654.55,2,2,2,Hibernating
13598.0,46,4,80386.95,4,4,3,Loyal
13599.0,0,20,673848.0,5,5,5,Champions
13600.0,311,2,54434.1,2,2,3,Hibernating
13601.0,210,2,69031.2,3,2,3,Potential
13602.0,435,2,48150.9,1,2,2,Hibernating
13603.0,25,1,17255.7,4,1,1,Potential
13604.0,658,1,75350.1,1,1,3,Hibernating
13605.0,570,1,17838.45,1,1,1,Hibernating
13606.0,28,2,10514.7,4,2,1,Potential
13607.0,39,2,113222.55,4,2,4,Potential
13610.0,11,11,164922.45,5,5,4,Champions
13611.0,88,5,196569.45,3,4,4,Loyal
13612.0,632,1,85920.45,1,1,3,Hibernating
13613.0,452,4,107399.25,1,4,4,At Risk
13614.0,23,3,122110.8,5,3,4,Loyal
13615.0,427,4,380619.75,1,4,5,At Risk
13616.0,690,1,19136.25,1,1,1,Hibernating
13617.0,39,7,122500.35,4,5,4,Champions
13618.0,173,1,18620.7,3,1,1,Potential
13619.0,544,1,13539.75,1,1,1,Hibernating
13620.0,527,1,11795.7,1,1,1,Hibernating
13621.0,116,1,22454.25,3,1,1,Potential
13623.0,250,5,104680.8,2,4,4,At Risk
13624.0,387,1,48518.4,2,1,2,Hibernating
13626.0,252,2,74239.20000000001,2,2,3,Hibernating
13627.0,78,3,109142.25,3,3,4,Loyal
13628.0,675,1,32564.7,1,1,2,Hibernating
13629.0,22,9,621217.8,5,5,5,Champions
13630.0,75,4,123870.6,3,4,4,Loyal
13631.0,142,4,221331.6,3,4,4,Loyal
13632.0,24,5,262980.89999999997,5,4,5,Champions
13634.0,241,8,270436.95,2,5,5,At Risk
13635.0,67,2,156010.05,4,2,4,Potential
13636.0,36,4,85235.85,4,4,3,Loyal
13637.0,51,1,13193.25,4,1,1,Potential
13639.0,73,1,108500.7,4,1,4,Potential
13640.0,610,1,42525.0,1,1,2,Hibernating
13641.0,640,4,83198.85,1,4,3,At Risk
13642.0,432,3,16791.6,1,3,1,At Risk
13643.0,30,7,172994.85,4,5,4,Champions
13644.0,73,2,146854.05,4,2,4,Potential
13647.0,9,3,129614.1,5,3,4,Loyal
13648.0,471,3,62079.15,1,3,3,At Risk
13649.0,256,5,143689.35,2,4,4,At Risk
13650.0,16,7,217429.8,5,5,4,Champions
13651.0,34,2,9891.0,4,2,1,Potential
13652.0,45,3,163725.45,4,3,4,Loyal
13654.0,42,9,414776.25,4,5,5,Champions
13655.0,374,4,141491.7,2,4,4,At Risk
13656.0,336,2,51224.25,2,2,2,Hibernating
13657.0,10,1,24129.0,5,1,1,Potential
13658.0,9,7,523383.0,5,5,5,Champions
13659.0,205,7,386144.85,3,5,5,Loyal
13661.0,602,1,34150.2,1,1,2,Hibernating
13662.0,85,9,187900.65,3,5,4,Loyal
13663.0,379,4,195094.2,2,4,4,At Risk
13665.0,503,1,66445.05,1,1,3,Hibernating
13666.0,59,4,11287.5,4,4,1,Loyal
13667.0,148,1,32027.1,3,1,2,Potential
13668.0,2,23,974755.95,5,5,5,Champions
13669.0,50,3,43422.75,4,3,2,Loyal
13671.0,394,1,20469.75,2,1,1,Hibernating
13672.0,300,2,37567.95,2,2,2,Hibernating
13673.0,18,2,41676.6,5,2,2,Potential
13674.0,432,1,25271.4,1,1,2,Hibernating
13675.0,150,1,18729.9,3,1,1,Potential
13677.0,519,1,28765.8,1,1,2,Hibernating
13678.0,151,1,24423.0,3,1,1,Potential
13679.0,493,2,16218.3,1,2,1,Hibernating
13680.0,0,8,767136.3,5,5,5,Champions
13681.0,17,3,52522.05,5,3,3,Loyal
13682.0,186,1,6247.5,3,1,1,Potential
13684.0,285,3,48735.75,2,3,2,At Risk
13685.0,2,6,204691.19999999998,5,4,4,Champions
13686.0,182,2,31231.2,3,2,2,Potential
13688.0,634,1,39427.5,1,1,2,Hibernating
13689.0,62,2,132247.5,4,2,4,Potential
13690.0,58,1,18086.25,4,1,1,Potential
13691.0,395,1,22341.9,2,1,1,Hibernating
13692.0,24,4,237065.84999999998,5,4,5,Champions
13693.0,373,8,198818.55,2,5,4,At Risk
13694.0,3,93,14382682.65,5,5,5,Champions
13695.0,63,8,119645.40000000001,4,5,4,Champions
13696.0,421,1,66591.0,2,1,3,Hibernating
13699.0,549,1,47834.85,1,1,2,Hibernating
13700.0,25,7,131397.0,4,5,4,Champions
13701.0,446,1,16905.0,1,1,1,Hibernating
13702.0,445,1,14193.9,1,1,1,Hibernating
13703.0,317,2,44683.8,2,2,2,Hibernating
13704.0,4,7,210017.84999999998,5,5,4,Champions
13705.0,7,5,167668.2,5,4,4,Champions
13706.0,626,1,31539.9,1,1,2,Hibernating
13707.0,314,3,193516.05,2,3,4,At Risk
13708.0,270,1,31172.4,2,1,2,Hibernating
13709.0,3,11,467863.2,5,5,5,Champions
13711.0,218,7,112159.95,3,5,4,Loyal
13712.0,610,1,56445.9,1,1,3,Hibernating
13713.0,407,2,51741.9,2,2,3,Hibernating
13714.0,464,1,16941.75,1,1,1,Hibernating
13715.0,280,12,703949.4,2,5,5,At Risk
13717.0,31,6,142006.2,4,4,4,Champions
13718.0,295,1,11975.25,2,1,1,Hibernating
13719.0,14,6,182161.35,5,4,4,Champions
13720.0,177,2,40598.25,3,2,2,Potential
13721.0,35,2,77861.7,4,2,3,Potential
13722.0,131,6,316460.55,3,4,5,Loyal
13723.0,216,5,82551.0,3,4,3,Loyal
13725.0,49,6,94175.55,4,4,3,Loyal
13727.0,28,7,99692.25,4,5,3,Loyal
13728.0,36,11,208672.8,4,5,4,Champions
13729.0,438,1,37983.75,1,1,2,Hibernating
13730.0,135,2,79023.0,3,2,3,Potential
13731.0,218,2,64111.95,3,2,3,Potential
13733.0,410,2,51138.15,2,2,2,Hibernating
13734.0,508,3,674314.2,1,3,5,At Risk
13735.0,175,7,583742.25,3,5,5,Loyal
13736.0,259,3,106243.20000000001,2,3,4,At Risk
13737.0,199,1,35658.0,3,1,2,Potential
13739.0,527,1,7906.5,1,1,1,Hibernating
13740.0,505,2,65187.15,1,2,3,Hibernating
13741.0,71,3,70185.15,4,3,3,Loyal
13742.0,89,6,186894.75,3,4,4,Loyal
13743.0,2,4,92383.2,5,4,3,Loyal
13744.0,94,2,121417.8,3,2,4,Potential
13745.0,161,2,81622.8,3,2,3,Potential
13746.0,413,1,18552.45,2,1,1,Hibernating
13748.0,246,3,109683.0,2,3,4,At Risk
13750.0,139,6,210771.75,3,4,4,Loyal
13752.0,154,4,73975.65,3,4,3,Loyal
13753.0,287,4,219929.85,2,4,4,At Risk
13754.0,316,2,33647.25,2,2,2,Hibernating
13755.0,3,4,100149.0,5,4,3,Loyal
13756.0,1,13,583478.7000000001,5,5,5,Champions
13758.0,11,11,643459.95,5,5,5,Champions
13759.0,32,2,69238.05,4,2,3,Potential
13760.0,255,2,53635.05,2,2,3,Hibernating
13761.0,49,4,120598.79999999999,4,4,4,Champions
13762.0,592,1,41126.4,1,1,2,Hibernating
13763.0,62,1,180070.8,4,1,4,Potential
13764.0,143,3,135868.95,3,3,4,Loyal
13766.0,494,1,19986.75,1,1,1,Hibernating
13767.0,1,50,2654225.7,5,5,5,Champions
13768.0,726,2,91976.85,1,2,3,Hibernating
13769.0,36,16,486125.85,4,5,5,Champions
13770.0,421,3,46402.65,2,3,2,At Risk
13771.0,63,7,501886.35,4,5,5,Champions
13772.0,33,6,251176.8,4,4,5,Champions
13773.0,396,2,31661.7,2,2,2,Hibernating
13774.0,81,1,36225.0,3,1,2,Potential
13776.0,427,2,65517.9,1,2,3,Hibernating
13777.0,8,40,3964899.75,5,5,5,Champions
13778.0,102,3,81036.9,3,3,3,Loyal
13780.0,170,2,51669.450000000004,3,2,3,Potential
13781.0,250,3,81777.15,2,3,3,At Risk
13782.0,68,5,73303.65,4,4,3,Loyal
13783.0,487,3,125190.45000000001,1,3,4,At Risk
13784.0,57,6,111779.85,4,4,4,Champions
13785.0,459,2,32758.949999999997,1,2,2,Hibernating
13786.0,366,5,283279.5,2,4,5,At Risk
13787.0,75,5,111106.8,3,4,4,Loyal
13790.0,3,1,36624.0,5,1,2,Potential
13792.0,65,2,20532.75,4,2,1,Potential
13793.0,646,1,10080.0,1,1,1,Hibernating
13794.0,546,1,13233.15,1,1,1,Hibernating
13795.0,387,2,45869.25,2,2,2,Hibernating
13796.0,498,1,30418.5,1,1,2,Hibernating
13797.0,436,2,91042.35,1,2,3,Hibernating
13798.0,1,63,4672958.85,5,5,5,Champions
13799.0,116,6,202555.5,3,4,4,Loyal
13800.0,309,3,176353.8,2,3,4,At Risk
13801.0,66,1,34104.0,4,1,2,Potential
13802.0,138,12,1455483.75,3,5,5,Loyal
13803.0,254,1,29092.35,2,1,2,Hibernating
13804.0,30,8,279907.95,4,5,5,Champions
13805.0,51,1,44557.8,4,1,2,Potential
13808.0,5,4,123291.0,5,4,4,Champions
13809.0,394,1,41748.0,2,1,2,Hibernating
13810.0,28,3,157396.05,4,3,4,Loyal
13811.0,183,3,85522.5,3,3,3,Loyal
13812.0,41,1,12639.9,4,1,1,Potential
13813.0,39,7,260770.65,4,5,5,Champions
13814.0,136,2,136052.7,3,2,4,Potential
13815.0,22,5,640997.7000000001,5,4,5,Champions
13816.0,23,2,60025.35,5,2,3,Potential
13817.0,28,1,26699.4,4,1,2,Potential
13818.0,429,1,6434.4,1,1,1,Hibernating
13819.0,301,3,152822.25,2,3,4,At Risk
13820.0,646,2,41414.1,1,2,2,Hibernating
13821.0,261,3,73531.5,2,3,3,At Risk
13822.0,39,1,49179.9,4,1,2,Potential
13823.0,91,4,219530.85,3,4,4,Loyal
13824.0,32,8,282391.2,4,5,5,Champions
13825.0,729,1,15052.8,1,1,1,Hibernating
13826.0,175,1,19897.5,3,1,1,Potential
13827.0,57,3,43265.25,4,3,2,Loyal
13829.0,420,1,10710.0,2,1,1,Hibernating
13830.0,581,1,16469.25,1,1,1,Hibernating
13831.0,218,13,562179.45,3,5,5,Loyal
13832.0,18,1,5481.0,5,1,1,Potential
13833.0,158,1,40404.0,3,1,2,Potential
13834.0,576,2,34039.95,1,2,2,Hibernating
13835.0,24,5,85359.75,5,4,3,Loyal
13837.0,211,1,16541.7,3,1,1,Potential
13838.0,117,5,69975.15,3,4,3,Loyal
13840.0,415,1,68397.0,2,1,3,Hibernating
13841.0,252,1,8925.0,2,1,1,Hibernating
13842.0,71,11,398993.7,4,5,5,Champions
13844.0,10,1,37970.1,5,1,2,Potential
13846.0,241,3,116199.3,2,3,4,At Risk
13847.0,719,1,32625.6,1,1,2,Hibernating
13848.0,365,6,252000.0,2,4,5,At Risk
13849.0,51,3,248437.35,4,3,5,Loyal
13851.0,95,6,394176.3,3,4,5,Loyal
13852.0,610,1,19671.75,1,1,1,Hibernating
13854.0,23,24,794923.5,5,5,5,Champions
13855.0,720,1,52043.25,1,1,3,Hibernating
13856.0,183,9,95329.5,3,5,3,Loyal
13857.0,392,4,57432.9,2,4,3,At Risk
13858.0,56,1,22697.85,4,1,1,Potential
13859.0,325,2,54165.3,2,2,3,Hibernating
13860.0,0,5,130819.5,5,4,4,Champions
13861.0,530,1,13485.15,1,1,1,Hibernating
13862.0,17,7,199600.8,5,5,4,Champions
13863.0,247,4,130152.75,2,4,4,At Risk
13865.0,57,4,52663.799999999996,4,4,3,Loyal
13867.0,30,1,44357.25,4,1,2,Potential
13868.0,6,1,281925.0,5,1,5,Potential
13869.0,262,8,639966.6,2,5,5,At Risk
13870.0,39,9,396328.8,4,5,5,Champions
13871.0,22,10,498438.15,5,5,5,Champions
13872.0,526,3,96554.85,1,3,3,At Risk
13873.0,119,5,75575.85,3,4,3,Loyal
13874.0,503,3,104249.25,1,3,4,At Risk
13875.0,53,9,315174.3,4,5,5,Champions
13876.0,63,1,12883.5,4,1,1,Potential
13877.0,689,1,16257.15,1,1,1,Hibernating
13878.0,54,4,259671.3,4,4,5,Champions
13880.0,51,14,376723.2,4,5,5,Champions
13881.0,3,31,3720440.85,5,5,5,Champions
13882.0,10,4,104795.25,5,4,4,Champions
13883.0,10,9,476352.45,5,5,5,Champions
13884.0,276,6,131583.9,2,4,4,At Risk
13885.0,188,2,53214.0,3,2,3,Potential
13887.0,203,1,36702.75,3,1,2,Potential
13888.0,119,4,118005.3,3,4,4,Loyal
13889.0,92,4,143020.5,3,4,4,Loyal
13890.0,8,8,169930.95,5,5,4,Champions
13891.0,377,2,52253.25,2,2,3,Hibernating
13892.0,63,2,41551.65,4,2,2,Potential
13893.0,297,1,86215.5,2,1,3,Hibernating
13894.0,23,2,29627.85,5,2,2,Potential
13895.0,142,4,247038.75,3,4,5,Loyal
13896.0,625,1,40797.75,1,1,2,Hibernating
13897.0,437,2,89203.79999999999,1,2,3,Hibernating
13898.0,325,1,16372.65,2,1,1,Hibernating
13899.0,15,1,9452.1,5,1,1,Potential
13900.0,192,3,103321.04999999999,3,3,4,Loyal
13901.0,71,7,215082.0,4,5,4,Champions
13902.0,631,3,2801001.0,1,3,5,At Risk
13904.0,36,2,34927.2,4,2,2,Potential
13906.0,408,1,4410.0,2,1,1,Hibernating
13907.0,691,1,14364.0,1,1,1,Hibernating
13908.0,79,2,147413.7,3,2,4,Potential
13909.0,422,2,30093.0,2,2,2,Hibernating
13911.0,143,10,213252.9,3,5,4,Loyal
13912.0,423,1,13119.75,1,1,1,Hibernating
13913.0,506,1,4433.1,1,1,1,Hibernating
13914.0,11,1,32064.9,5,1,2,Potential
13915.0,393,1,7434.0,2,1,1,Hibernating
13916.0,463,2,68531.4,1,2,3,Hibernating
13917.0,49,1,21699.3,4,1,1,Potential
13919.0,424,2,102466.35,1,2,4,Hibernating
13920.0,431,4,186341.4,1,4,4,At Risk
13921.0,540,1,25866.75,1,1,2,Hibernating
13922.0,351,2,62522.25,2,2,3,Hibernating
13923.0,53,1,36868.65,4,1,2,Potential
13924.0,31,3,121932.29999999999,4,3,4,Loyal
13925.0,92,2,45110.1,3,2,2,Potential
13927.0,74,2,74367.29999999999,4,2,3,Potential
13929.0,168,9,283951.5,3,5,5,Loyal
13931.0,280,9,362907.3,2,5,5,At Risk
13932.0,294,1,32277.0,2,1,2,Hibernating
13935.0,596,3,642276.6,1,3,5,At Risk
13936.0,413,1,42858.9,2,1,2,Hibernating
13937.0,168,2,92413.65,3,2,3,Potential
13939.0,22,4,74334.75,5,4,3,Loyal
13940.0,16,2,46353.3,5,2,2,Potential
13941.0,21,11,724152.45,5,5,5,Champions
13945.0,394,2,89685.75,2,2,3,Hibernating
13946.0,78,3,88111.8,3,3,3,Loyal
13948.0,735,1,16343.25,1,1,1,Hibernating
13949.0,24,2,88487.7,5,2,3,Potential
13950.0,10,2,44605.05,5,2,2,Potential
13952.0,217,11,1205170.15,3,5,5,Loyal
13953.0,163,7,406875.0,3,5,5,Loyal
13954.0,1,2,46191.6,5,2,2,Potential
13955.0,153,2,35707.35,3,2,2,Potential
13956.0,137,2,58857.75,3,2,3,Potential
13957.0,571,2,27184.5,1,2,2,Hibernating
13958.0,590,5,203983.5,1,4,4,At Risk
13959.0,78,4,94106.25,3,4,3,Loyal
13960.0,20,2,24173.1,5,2,1,Potential
13961.0,391,1,56532.0,2,1,3,Hibernating
13962.0,21,2,17802.75,5,2,1,Potential
13963.0,307,13,215428.5,2,5,4,At Risk
13964.0,386,1,13991.25,2,1,1,Hibernating
13965.0,476,3,104644.05,1,3,4,At Risk
13966.0,434,1,41040.3,1,1,2,Hibernating
13968.0,422,1,12984.3,2,1,1,Hibernating
13969.0,7,25,1112603.1,5,5,5,Champions
13970.0,385,2,88887.75,2,2,3,Hibernating
13971.0,105,11,375146.1,3,5,5,Loyal
13972.0,201,1,15319.5,3,1,1,Potential
13973.0,286,1,27793.5,2,1,2,Hibernating
13974.0,581,1,27733.65,1,1,2,Hibernating
13975.0,30,9,400904.7,4,5,5,Champions
13976.0,206,3,96279.75,3,3,3,Loyal
13977.0,410,1,54580.05,2,1,3,Hibernating
13978.0,14,1,3969.0,5,1,1,Potential
13979.0,575,3,115324.65,1,3,4,At Risk
13980.0,59,5,83991.6,4,4,3,Loyal
13981.0,415,1,34769.7,2,1,2,Hibernating
13982.0,38,8,416890.95,4,5,5,Champions
13983.0,29,13,547471.05,4,5,5,Champions
13984.0,26,9,166254.9,4,5,4,Champions
13985.0,3,13,634727.1,5,5,5,Champions
13986.0,16,1,33648.3,5,1,2,Potential
13988.0,19,5,274928.85,5,4,5,Champions
13989.0,65,3,80609.55,4,3,3,Loyal
13990.0,212,1,32686.5,3,1,2,Potential
13991.0,11,4,56652.75,5,4,3,Loyal
13992.0,379,2,14983.5,2,2,1,Hibernating
13993.0,42,13,509529.3,4,5,5,Champions
13994.0,3,4,127728.3,5,4,4,Champions
13995.0,14,8,243941.25,5,5,5,Champions
13996.0,398,1,51699.9,2,1,3,Hibernating
13997.0,518,2,25069.8,1,2,2,Hibernating
13998.0,510,2,29284.5,1,2,2,Hibernating
13999.0,28,16,543195.45,4,5,5,Champions
14000.0,210,4,142342.2,3,4,4,Loyal
14001.0,45,6,288265.95,4,4,5,Champions
14004.0,78,9,568186.5,3,5,5,Loyal
14005.0,9,4,263510.1,5,4,5,Champions
14006.0,311,3,83065.5,2,3,3,At Risk
14009.0,197,2,73039.05,3,2,3,Potential
14010.0,564,1,9875.25,1,1,1,Hibernating
14011.0,479,1,17375.4,1,1,1,Hibernating
14012.0,277,1,34524.0,2,1,2,Hibernating
14013.0,145,4,92961.75,3,4,3,Loyal
14014.0,76,3,204562.05,3,3,4,Loyal
14016.0,161,8,861031.5,3,5,5,Loyal
14017.0,570,1,24123.75,1,1,1,Hibernating
14019.0,46,3,149269.05,4,3,4,Loyal
14020.0,16,3,96376.35,5,3,3,Loyal
14021.0,210,5,157942.05,3,4,4,Loyal
14022.0,486,1,36975.75,1,1,2,Hibernating
14023.0,6,2,61327.350000000006,5,2,3,Potential
14024.0,123,1,27557.25,3,1,2,Potential
14025.0,464,5,173847.45,1,4,4,At Risk
14026.0,470,2,74876.55,1,2,3,Hibernating
14027.0,60,1,11006.1,4,1,1,Potential
14028.0,549,2,712530.0,1,2,5,Hibernating
14029.0,143,1,17346.0,3,1,1,Potential
14030.0,17,11,491283.45,5,5,5,Champions
14031.0,6,27,2964597.3,5,5,5,Champions
14032.0,15,11,361150.64999999997,5,5,5,Champions
14033.0,554,1,11491.2,1,1,1,Hibernating
14034.0,21,2,20648.25,5,2,1,Potential
14035.0,28,6,166335.75,4,4,4,Champions
14037.0,175,5,64955.100000000006,3,4,3,Loyal
14038.0,143,4,272571.6,3,4,5,Loyal
14039.0,32,2,28064.4,4,2,2,Potential
14040.0,93,20,804120.45,3,5,5,Loyal
14041.0,265,1,14848.05,2,1,1,Hibernating
14043.0,490,1,14693.7,1,1,1,Hibernating
14044.0,144,5,140109.9,3,4,4,Loyal
14045.0,337,6,353277.75,2,4,5,At Risk
14046.0,283,1,16273.95,2,1,1,Hibernating
14047.0,8,8,267832.95,5,5,5,Champions
14049.0,16,8,979042.05,5,5,5,Champions
14050.0,105,1,51027.9,3,1,2,Potential
14051.0,0,21,1441907.25,5,5,5,Champions
14052.0,19,2,50485.05,5,2,2,Potential
14053.0,123,1,11130.0,3,1,1,Potential
14055.0,105,2,104995.79999999999,3,2,4,Potential
14056.0,0,18,715732.5,5,5,5,Champions
14057.0,23,16,688249.8,5,5,5,Champions
14058.0,462,1,15535.8,1,1,1,Hibernating
14059.0,266,1,19278.0,2,1,1,Hibernating
14060.0,56,20,657027.0,4,5,5,Champions
14061.0,506,2,77535.15,1,2,3,Hibernating
14062.0,71,11,1357152.3,4,5,5,Champions
14063.0,686,4,703854.9,1,4,5,At Risk
14064.0,112,10,215222.7,3,5,4,Loyal
14065.0,388,1,16458.75,2,1,1,Hibernating
14067.0,96,1,23590.35,3,1,1,Potential
14068.0,319,2,79130.1,2,2,3,Hibernating
14069.0,514,2,24156.300000000003,1,2,1,Hibernating
14070.0,684,1,34287.75,1,1,2,Hibernating
14071.0,3,5,98358.75,5,4,3,Loyal
14072.0,666,1,41039.25,1,1,2,Hibernating
14073.0,31,1,15859.2,4,1,1,Potential
14075.0,4,4,147767.55,5,4,4,Champions
14077.0,181,3,32592.0,3,3,2,Loyal
14078.0,101,7,137417.7,3,5,4,Loyal
14079.0,681,1,25581.15,1,1,2,Hibernating
14080.0,32,4,87746.4,4,4,3,Loyal
14081.0,301,6,304650.15,2,4,5,At Risk
14082.0,364,1,19136.25,2,1,1,Hibernating
14083.0,3,9,139512.45,5,5,4,Champions
14085.0,7,21,763143.15,5,5,5,Champions
14088.0,9,9,4663162.350000001,5,5,5,Champions
14089.0,56,1,16905.0,4,1,1,Potential
14091.0,653,2,1000658.4,1,2,5,Hibernating
14092.0,7,14,454498.8,5,5,5,Champions
14093.0,11,1,46499.25,5,1,2,Potential
14096.0,3,8,4225970.7,5,5,5,Champions
14097.0,480,2,44400.3,1,2,2,Hibernating
14098.0,36,1,15471.75,4,1,1,Potential
14099.0,42,10,312142.95,4,5,5,Champions
14100.0,137,1,20464.5,3,1,1,Potential
14101.0,73,8,660125.55,4,5,5,Champions
14102.0,4,3,67593.75,5,3,3,Loyal
14104.0,154,4,56269.5,3,4,3,Loyal
14105.0,238,2,200815.65,2,2,4,Hibernating
14107.0,51,5,196067.55,4,4,4,Champions
14108.0,30,4,109720.8,4,4,4,Champions
14109.0,72,1,15141.0,4,1,1,Potential
14110.0,3,15,569978.85,5,5,5,Champions
14111.0,13,3,62858.25,5,3,3,Loyal
14112.0,22,7,287820.75,5,5,5,Champions
14113.0,22,8,299870.55,5,5,5,Champions
14114.0,273,6,122740.8,2,4,4,At Risk
14115.0,501,2,65380.35,1,2,3,Hibernating
14116.0,19,3,88387.95,5,3,3,Loyal
14117.0,143,1,9450.0,3,1,1,Potential
14118.0,428,1,48137.25,1,1,2,Hibernating
14119.0,375,2,19253.85,2,2,1,Hibernating
14121.0,29,1,130978.05,4,1,4,Potential
14122.0,405,2,33655.65,2,2,2,Hibernating
14123.0,732,1,45798.9,1,1,2,Hibernating
14124.0,83,1,44055.9,3,1,2,Potential
14125.0,10,2,151725.0,5,2,4,Potential
14126.0,10,2,67581.15,5,2,3,Potential
14127.0,256,3,82661.25,2,3,3,At Risk
14128.0,255,1,32081.7,2,1,2,Hibernating
14129.0,1,5,151558.05,5,4,4,Champions
14130.0,318,3,160056.75,2,3,4,At Risk
14131.0,648,1,19726.35,1,1,1,Hibernating
14132.0,1,9,313220.25,5,5,5,Champions
14133.0,129,4,95669.7,3,4,3,Loyal
14134.0,382,10,708375.15,2,5,5,At Risk
14135.0,1,17,690882.15,5,5,5,Champions
14136.0,554,2,63474.600000000006,1,2,3,Hibernating
14137.0,695,1,34933.5,1,1,2,Hibernating
14138.0,1,2,103149.9,5,2,4,Potential
14139.0,45,3,77960.4,4,3,3,Loyal
14140.0,31,1,56803.95,4,1,3,Potential
14141.0,73,2,51377.55,4,2,2,Potential
14142.0,372,1,65480.1,2,1,3,Hibernating
14143.0,133,1,12159.0,3,1,1,Potential
14145.0,156,4,440669.25,3,4,5,Loyal
14146.0,80,7,618493.05,3,5,5,Loyal
14147.0,77,5,123690.0,3,4,4,Loyal
14149.0,220,1,46895.1,2,1,2,Hibernating
14150.0,35,1,37008.3,4,1,2,Potential
14151.0,716,1,36965.25,1,1,2,Hibernating
14152.0,74,5,137271.75,4,4,4,Champions
14153.0,482,1,24507.0,1,1,1,Hibernating
14154.0,238,5,467233.2,2,4,5,At Risk
14155.0,265,1,12468.75,2,1,1,Hibernating
14156.0,9,105,21973196.7,5,5,5,Champions
14157.0,19,3,67691.4,5,3,3,Loyal
14159.0,51,16,591964.8,4,5,5,Champions
14160.0,609,6,791077.35,1,4,5,At Risk
14161.0,215,3,193657.8,3,3,4,Loyal
14162.0,173,2,30382.800000000003,3,2,2,Potential
14163.0,86,4,229188.75,3,4,5,Loyal
14164.0,70,1,37590.0,4,1,2,Potential
14165.0,275,1,12866.7,2,1,1,Hibernating
14166.0,504,1,15214.5,1,1,1,Hibernating
14167.0,38,3,50587.95,4,3,2,Loyal
14168.0,564,1,31809.75,1,1,2,Hibernating
14169.0,430,2,65565.15,1,2,3,Hibernating
14170.0,374,2,45712.8,2,2,2,Hibernating
14172.0,642,1,13681.5,1,1,1,Hibernating
14173.0,10,5,49816.200000000004,5,4,2,Loyal
14174.0,32,1,14118.3,4,1,1,Potential
14175.0,59,5,613524.45,4,4,5,Champions
14176.0,296,2,31095.75,2,2,2,Hibernating
14177.0,427,5,63318.149999999994,1,4,3,At Risk
14178.0,8,5,137344.2,5,4,4,Champions
14179.0,40,1,17650.5,4,1,1,Potential
14180.0,10,21,454487.25,5,5,5,Champions
14181.0,410,1,9917.25,2,1,1,Hibernating
14182.0,528,2,29095.5,1,2,2,Hibernating
14183.0,410,1,15404.55,2,1,1,Hibernating
14186.0,520,3,103020.75,1,3,4,At Risk
14188.0,71,3,100491.3,4,3,3,Loyal
14189.0,1,5,149371.95,5,4,4,Champions
14191.0,9,7,248732.40000000002,5,5,5,Champions
14192.0,387,1,30842.7,2,1,2,Hibernating
14193.0,67,3,127069.95,4,3,4,Loyal
14194.0,4,20,1183654.5,5,5,5,Champions
14195.0,201,5,239652.0,3,4,5,Loyal
14196.0,106,1,35229.6,3,1,2,Potential
14198.0,144,5,95206.65,3,4,3,Loyal
14199.0,217,3,53345.25,3,3,3,Loyal
14200.0,616,1,39816.0,1,1,2,Hibernating
14201.0,80,6,89147.1,3,4,3,Loyal
14202.0,380,1,54027.75,2,1,3,Hibernating
14203.0,396,1,35630.7,2,1,2,Hibernating
14204.0,1,2,55891.5,5,2,3,Potential
14205.0,16,7,186191.25,5,5,4,Champions
14206.0,238,3,124426.05,2,3,4,At Risk
14208.0,94,2,59540.25,3,2,3,Potential
14209.0,140,7,269365.95,3,5,5,Loyal
14210.0,105,8,297641.4,3,5,5,Loyal
14211.0,79,11,249756.15000000002,3,5,5,Loyal
14212.0,445,1,117564.3,1,1,4,Hibernating
14213.0,404,1,125181.0,2,1,4,Hibernating
14214.0,30,4,86186.1,4,4,3,Loyal
14215.0,77,7,267217.65,3,5,5,Loyal
14216.0,2,3,146053.95,5,3,4,Loyal
14217.0,1,18,297937.5,5,5,5,Champions
14218.0,42,1,17795.4,4,1,1,Potential
14219.0,409,1,15566.25,2,1,1,Hibernating
14220.0,357,3,125535.9,2,3,4,At Risk
14221.0,41,10,476795.55,4,5,5,Champions
14223.0,91,3,104068.65,3,3,4,Loyal
14224.0,214,4,70502.25,3,4,3,Loyal
14225.0,434,3,146319.6,1,3,4,At Risk
14226.0,28,4,205417.8,4,4,4,Champions
14227.0,25,11,394083.9,4,5,5,Champions
14228.0,521,2,44466.45,1,2,2,Hibernating
14229.0,51,4,189994.35,4,4,4,Champions
14230.0,435,2,98138.25,1,2,3,Hibernating
14231.0,183,4,129740.1,3,4,4,Loyal
14232.0,42,4,182312.55,4,4,4,Champions
14233.0,48,4,215246.85,4,4,4,Champions
14234.0,21,2,50759.100000000006,5,2,2,Potential
14235.0,157,5,341593.35,3,4,5,Loyal
14236.0,80,4,151505.55,3,4,4,Loyal
14237.0,372,2,66374.7,2,2,3,Hibernating
14238.0,325,3,45594.15,2,3,2,At Risk
14239.0,70,10,183555.75,4,5,4,Champions
14240.0,225,1,23819.25,2,1,1,Hibernating
14241.0,183,2,35038.5,3,2,2,Potential
14243.0,37,10,552817.65,4,5,5,Champions
14244.0,660,1,38474.1,1,1,2,Hibernating
14245.0,219,2,177812.25,2,2,4,Hibernating
14246.0,110,3,154776.3,3,3,4,Loyal
14247.0,403,3,47956.65,2,3,2,At Risk
14248.0,317,3,108459.75,2,3,4,At Risk
14249.0,473,7,364866.71,1,5,5,At Risk
14250.0,6,3,199925.25,5,3,4,Loyal
14251.0,1,4,250847.09999999998,5,4,5,Champions
14252.0,380,1,36853.95,2,1,2,Hibernating
14253.0,622,1,21561.75,1,1,1,Hibernating
14254.0,432,1,63108.15,1,1,3,Hibernating
14256.0,259,3,201868.8,2,3,4,At Risk
14257.0,122,8,585959.85,3,5,5,Loyal
14258.0,89,16,1949115.0,3,5,5,Loyal
14259.0,141,1,12600.0,3,1,1,Potential
14260.0,470,2,29975.4,1,2,2,Hibernating
14261.0,50,2,122162.25,4,2,4,Potential
14262.0,7,7,252396.9,5,5,5,Champions
14263.0,422,1,33907.65,2,1,2,Hibernating
14264.0,154,5,108651.9,3,4,4,Loyal
14265.0,108,1,29203.65,3,1,2,Potential
14266.0,427,1,4258.8,1,1,1,Hibernating
14267.0,162,1,71387.4,3,1,3,Potential
14268.0,470,1,37259.25,1,1,2,Hibernating
14270.0,331,1,51728.25,2,1,3,Hibernating
14271.0,225,2,23008.65,2,2,1,Hibernating
14272.0,73,3,82815.6,4,3,3,Loyal
14273.0,50,4,58796.85,4,4,3,Loyal
14274.0,685,1,26943.0,1,1,2,Hibernating
14275.0,436,3,59539.200000000004,1,3,3,At Risk
14276.0,98,3,111918.45,3,3,4,Loyal
14277.0,14,4,454197.45,5,4,5,Champions
14279.0,520,1,8542.8,1,1,1,Hibernating
14281.0,407,1,25740.75,2,1,2,Hibernating
14282.0,2,17,567926.1,5,5,5,Champions
14283.0,501,2,34613.25,1,2,2,Hibernating
14284.0,30,3,136463.25,4,3,4,Loyal
14285.0,20,5,206252.55,5,4,4,Champions
14286.0,242,4,489625.5,2,4,5,At Risk
14287.0,7,2,16731.75,5,2,1,Potential
14289.0,134,4,74350.5,3,4,3,Loyal
14290.0,80,3,176258.25,3,3,4,Loyal
14291.0,66,16,663414.15,4,5,5,Champions
14292.0,7,7,495689.25,5,5,5,Champions
14293.0,2,6,164745.0,5,4,4,Champions
14295.0,438,4,230654.55,1,4,5,At Risk
14296.0,573,1,17666.25,1,1,1,Hibernating
14297.0,50,3,76119.75,4,3,3,Loyal
14298.0,79,36,4943157.45,3,5,5,Loyal
14299.0,7,20,1157733.15,5,5,5,Champions
14301.0,116,1,67214.7,3,1,3,Potential
14302.0,737,1,12033.0,1,1,1,Hibernating
14303.0,434,1,17073.0,1,1,1,Hibernating
14304.0,222,2,110819.1,2,2,4,Hibernating
14305.0,70,1,85103.55,4,1,3,Potential
14306.0,50,6,330897.0,4,4,5,Champions
14307.0,88,7,391499.85,3,5,5,Loyal
14308.0,548,2,120437.1,1,3,4,At Risk
14309.0,7,6,187238.1,5,4,4,Champions
14310.0,432,1,51670.5,1,1,3,Hibernating
14312.0,90,6,198005.84999999998,3,4,4,Loyal
14314.0,106,1,12600.0,3,1,1,Potential
14315.0,133,4,165360.3,3,4,4,Loyal
14316.0,546,3,79663.5,1,3,3,At Risk
14317.0,64,1,53400.9,4,1,3,Potential
14318.0,459,1,16592.1,1,1,1,Hibernating
14319.0,423,1,51959.25,1,1,3,Hibernating
14320.0,332,3,91925.4,2,3,3,At Risk
14321.0,10,6,200326.34999999998,5,4,4,Champions
14322.0,428,3,46063.5,1,3,2,At Risk
14323.0,114,1,32050.2,3,1,2,Potential
14324.0,409,1,35679.0,2,1,2,Hibernating
14325.0,569,1,25775.4,1,1,2,Hibernating
14326.0,241,2,66520.65,2,3,3,At Risk
14327.0,162,3,98234.85,3,3,3,Loyal
14329.0,16,11,729278.55,5,5,5,Champions
14330.0,623,1,21066.15,1,1,1,Hibernating
14331.0,123,2,48579.3,3,3,2,Loyal
14332.0,22,4,191569.35,5,4,4,Champions
14334.0,16,9,347644.5,5,5,5,Champions
14335.0,15,1,11446.05,5,1,1,Potential
14336.0,218,2,80267.25,3,3,3,Loyal
14338.0,160,3,97450.5,3,3,3,Loyal
14339.0,242,2,65128.35,2,3,3,At Risk
14340.0,218,1,14143.5,3,1,1,Potential
14341.0,44,10,253844.85,4,5,5,Champions
14342.0,20,4,75568.5,5,4,3,Loyal
14343.0,633,1,49931.7,1,1,2,Hibernating
14344.0,126,16,284343.15,3,5,5,Loyal
14345.0,38,1,11442.9,4,1,1,Potential
14346.0,120,4,237916.34999999998,3,4,5,Loyal
14348.0,259,1,43004.85,2,1,2,Hibernating
14349.0,9,1,14017.5,5,1,1,Potential
14350.0,429,1,40283.25,1,1,2,Hibernating
14351.0,164,1,5355.0,3,1,1,Potential
14352.0,156,2,30051.0,3,3,2,Loyal
14353.0,431,1,19429.2,1,1,1,Hibernating
14355.0,365,3,106517.25,2,3,4,At Risk
14357.0,42,1,23705.85,4,1,1,Potential
14358.0,388,1,15813.0,2,1,1,Hibernating
14359.0,18,3,95778.9,5,3,3,Loyal
14360.0,67,2,82171.95000000001,4,3,3,Loyal
14362.0,21,1,16926.0,5,1,1,Potential
14363.0,401,2,23884.35,2,3,1,At Risk
14364.0,108,4,172121.25,3,4,4,Loyal
14366.0,524,1,14280.0,1,1,1,Hibernating
14367.0,7,10,672533.4,5,5,5,Champions
14368.0,319,1,16275.0,2,1,1,Hibernating
14369.0,641,2,49258.65,1,3,2,At Risk
14370.0,582,3,88431.0,1,3,3,At Risk
14373.0,357,1,8037.75,2,1,1,Hibernating
14375.0,184,3,118963.95000000001,3,3,4,Loyal
14376.0,682,1,22623.3,1,1,1,Hibernating
14377.0,190,2,64790.25,3,3,3,Loyal
14378.0,621,1,13781.25,1,1,1,Hibernating
14379.0,43,2,36550.5,4,3,2,Loyal
14381.0,51,1,21281.4,4,1,1,Potential
14382.0,389,1,65176.65,2,1,3,Hibernating
14383.0,37,3,131007.45000000001,4,3,4,Loyal
14385.0,15,2,13309.8,5,3,1,Loyal
14387.0,73,2,97622.70000000001,4,3,3,Loyal
14388.0,9,12,532009.8,5,5,5,Champions
14389.0,64,4,167061.3,4,4,4,Champions
14390.0,9,9,425416.95,5,5,5,Champions
14391.0,576,1,14238.0,1,1,1,Hibernating
14393.0,217,1,7134.75,3,1,1,Potential
14394.0,564,1,9849.0,1,1,1,Hibernating
14395.0,222,8,318324.3,2,5,5,At Risk
14396.0,64,4,161507.85,4,4,4,Champions
14397.0,2,13,184195.2,5,5,4,Champions
14398.0,527,1,46881.45,1,1,2,Hibernating
14399.0,393,7,202582.80000000002,2,5,4,At Risk
14400.0,631,1,68906.25,1,1,3,Hibernating
14401.0,37,13,426196.05,4,5,5,Champions
14403.0,140,3,69038.55,3,3,3,Loyal
14404.0,33,7,132875.4,4,5,4,Champions
14406.0,118,1,16458.75,3,1,1,Potential
14407.0,106,4,157209.15,3,4,4,Loyal
14408.0,94,8,280303.8,3,5,5,Loyal
14409.0,149,5,307058.85,3,4,5,Loyal
14410.0,91,8,238382.55,3,5,5,Loyal
14411.0,310,1,111615.0,2,1,4,Hibernating
14412.0,42,2,101192.70000000001,4,3,3,Loyal
14413.0,361,2,48877.5,2,3,2,At Risk
14414.0,98,7,232416.45,3,5,5,Loyal
14415.0,0,14,849270.45,5,5,5,Champions
14418.0,24,1,93393.3,5,1,3,Potential
14419.0,10,2,44058.0,5,3,2,Loyal
14420.0,98,1,40689.6,3,1,2,Potential
14421.0,56,4,109114.95000000001,4,4,4,Champions
14422.0,52,11,753009.6,4,5,5,Champions
14423.0,437,2,68398.05,1,3,3,At Risk
14424.0,17,1,33818.4,5,1,2,Potential
14425.0,434,1,25105.5,1,1,2,Hibernating
14426.0,23,11,814397.85,5,5,5,Champions
14427.0,49,3,70184.1,4,3,3,Loyal
14428.0,6,2,34537.65,5,3,2,Loyal
14429.0,403,1,54209.4,2,1,3,Hibernating
14430.0,511,3,128194.5,1,3,4,At Risk
14431.0,302,2,62687.100000000006,2,3,3,At Risk
14432.0,25,3,163233.0,4,3,4,Loyal
14434.0,59,3,57960.0,4,3,3,Loyal
14435.0,501,1,9494.1,1,1,1,Hibernating
14436.0,98,2,28528.5,3,3,2,Loyal
14437.0,365,3,71078.7,2,3,3,At Risk
14438.0,305,1,13849.5,2,1,1,Hibernating
14439.0,319,4,774939.9,2,4,5,At Risk
14440.0,7,9,573282.15,5,5,5,Champions
14441.0,0,9,390621.0,5,5,5,Champions
14442.0,316,5,379473.15,2,4,5,At Risk
14443.0,309,2,101605.35,2,3,4,At Risk
14444.0,455,1,13864.2,1,1,1,Hibernating
14445.0,455,1,23273.25,1,1,1,Hibernating
14446.0,0,5,130337.55,5,4,4,Champions
14447.0,18,5,177264.15,5,4,4,Champions
14448.0,8,1,28665.0,5,1,2,Potential
14449.0,63,6,209338.5,4,4,4,Champions
14450.0,180,4,67645.2,3,4,3,Loyal
14451.0,59,8,255897.6,4,5,5,Champions
14452.0,10,3,41132.7,5,3,2,Loyal
14453.0,189,1,12592.65,3,1,1,Potential
14454.0,438,4,84378.0,1,4,3,At Risk
14455.0,431,2,50243.55,1,3,2,At Risk
14456.0,29,4,190770.3,4,4,4,Champions
14458.0,380,1,24929.1,2,1,2,Hibernating
14459.0,154,2,564452.8,3,3,5,Loyal
14460.0,109,7,91173.6,3,5,3,Loyal
14461.0,147,9,535698.45,3,5,5,Loyal
14462.0,83,6,150673.95,3,4,4,Loyal
14463.0,97,3,70418.25,3,3,3,Loyal
14464.0,567,2,11655.0,1,3,1,At Risk
14465.0,246,7,326202.45,2,5,5,At Risk
14466.0,28,9,384174.0,4,5,5,Champions
14467.0,17,10,200772.6,5,5,4,Champions
14469.0,415,3,175671.3,2,3,4,At Risk
14470.0,11,3,74764.2,5,3,3,Loyal
14471.0,590,2,42099.75,1,3,2,At Risk
14472.0,131,6,151163.25,3,4,4,Loyal
14473.0,73,2,24605.7,4,3,1,Loyal
14474.0,579,1,76694.1,1,1,3,Hibernating
14475.0,71,3,87730.65,4,3,3,Loyal
14476.0,256,1,22648.5,2,1,1,Hibernating
14477.0,183,2,54915.0,3,3,3,Loyal
14478.0,485,3,97918.8,1,3,3,At Risk
14479.0,732,1,37288.65,1,1,2,Hibernating
14480.0,10,3,100377.9,5,3,3,Loyal
14481.0,164,4,160640.55,3,4,4,Loyal
14482.0,17,7,242508.0,5,5,5,Champions
14483.0,736,1,12600.0,1,1,1,Hibernating
14484.0,400,2,32929.05,2,3,2,At Risk
14485.0,38,1,17403.75,4,1,1,Potential
14487.0,82,4,86613.45,3,4,3,Loyal
14489.0,492,1,32996.25,1,1,2,Hibernating
14490.0,405,1,83620.95,2,1,3,Hibernating
14491.0,174,2,49153.65,3,3,2,Loyal
14492.0,429,6,169539.3,1,4,4,At Risk
14493.0,6,7,368311.65,5,5,5,Champions
14494.0,730,1,12001.5,1,1,1,Hibernating
14495.0,50,2,14091.0,4,3,1,Loyal
14496.0,311,4,200287.5,2,4,4,At Risk
14497.0,308,1,49913.85,2,1,2,Hibernating
14498.0,42,8,355420.8,4,5,5,Champions
14499.0,25,6,185428.95,4,4,4,Champions
14500.0,111,2,35264.25,3,3,2,Loyal
14501.0,183,1,19349.4,3,1,1,Potential
14502.0,32,7,142542.75,4,5,4,Champions
14503.0,2,5,299867.4,5,4,5,Champions
14504.0,242,2,42855.75,2,3,2,At Risk
14505.0,212,10,430997.7,3,5,5,Loyal
14506.0,283,2,96018.3,2,3,3,At Risk
14507.0,39,8,243901.35,4,5,5,Champions
14508.0,89,3,46847.85,3,3,2,Loyal
14509.0,533,1,11649.75,1,1,1,Hibernating
14510.0,435,1,51054.15,1,1,2,Hibernating
14511.0,133,1,14506.8,3,1,1,Potential
14512.0,187,5,81127.2,3,4,3,Loyal
14513.0,100,5,80772.3,3,4,3,Loyal
14514.0,60,9,482892.89999999997,4,5,5,Champions
14515.0,22,7,206697.75,5,5,4,Champions
14516.0,515,1,17211.6,1,1,1,Hibernating
14518.0,63,1,18308.85,4,1,1,Potential
14519.0,683,2,21639.45,1,3,1,At Risk
14520.0,1,2,28413.0,5,3,2,Loyal
14521.0,490,1,20942.25,1,1,1,Hibernating
14522.0,23,6,158533.2,5,4,4,Champions
14523.0,107,1,25314.45,3,1,2,Potential
14524.0,71,9,201226.2,4,5,4,Champions
14525.0,99,12,584427.9,3,5,5,Loyal
14526.0,388,1,27552.0,2,1,2,Hibernating
14527.0,23,76,1751721.3,5,5,5,Champions
14529.0,59,2,50904.0,4,3,2,Loyal
14530.0,92,9,375697.35,3,5,5,Loyal
14531.0,479,1,39515.7,1,1,2,Hibernating
14532.0,235,4,142926.0,2,4,4,At Risk
14533.0,59,8,255136.35,4,5,5,Champions
14534.0,2,21,475564.95,5,5,5,Champions
14535.0,126,7,453555.9,3,5,5,Loyal
14537.0,57,1,37333.8,4,1,2,Potential
14538.0,530,2,55648.95,1,3,3,At Risk
14540.0,9,9,330215.55,5,5,5,Champions
14541.0,286,7,152332.95,2,5,4,At Risk
14542.0,185,1,10841.25,3,1,1,Potential
14543.0,108,22,947734.2,3,5,5,Loyal
14544.0,23,3,313155.15,5,3,5,Loyal
14546.0,40,7,370134.45,4,5,5,Champions
14547.0,3,6,362637.45,5,4,5,Champions
14548.0,150,7,210453.6,3,5,4,Loyal
14549.0,736,1,33203.1,1,1,2,Hibernating
14550.0,10,4,142097.55,5,4,4,Champions
14551.0,17,3,35847.0,5,3,2,Loyal
14553.0,18,6,121209.9,5,4,4,Champions
14554.0,16,3,173668.95,5,3,4,Loyal
14555.0,301,3,143973.9,2,3,4,At Risk
14556.0,595,3,87710.70000000001,1,3,3,At Risk
14557.0,84,1,82779.9,3,1,3,Potential
14558.0,679,2,40745.25,1,3,2,At Risk
14560.0,6,29,376078.5,5,5,5,Champions
14561.0,75,2,77263.2,3,3,3,Loyal
14562.0,10,14,404473.65,5,5,5,Champions
14563.0,591,1,55627.95,1,1,3,Hibernating
14564.0,434,2,273590.1,1,3,5,At Risk
14565.0,95,4,330653.4,3,4,5,Loyal
14566.0,416,1,138600.0,2,1,4,Hibernating
14568.0,434,1,96568.5,1,1,3,Hibernating
14569.0,0,3,57159.9,5,3,3,Loyal
14570.0,280,2,59178.0,2,3,3,At Risk
14571.0,424,1,16973.25,1,1,1,Hibernating
14572.0,39,7,372942.15,4,5,5,Champions
14573.0,200,8,203508.9,3,5,4,Loyal
14574.0,732,1,15088.5,1,1,1,Hibernating
14575.0,487,1,48374.55,1,1,2,Hibernating
14577.0,163,4,87931.2,3,4,3,Loyal
14578.0,2,1,17706.15,5,1,1,Potential
14579.0,431,1,11083.8,1,1,1,Hibernating
14580.0,517,1,1559.25,1,1,1,Hibernating
14581.0,16,1,14553.0,5,1,1,Potential
14582.0,40,1,11981.55,4,1,1,Potential
14583.0,5,6,127439.54999999999,5,4,4,Champions
14584.0,168,6,150724.35,3,4,4,Loyal
14585.0,49,4,96770.1,4,4,3,Loyal
14586.0,276,1,24922.8,2,1,2,Hibernating
14587.0,18,9,168119.7,5,5,4,Champions
14590.0,424,12,202644.75,1,5,4,At Risk
14591.0,14,2,91356.29999999999,5,3,3,Loyal
14593.0,21,9,311382.75,5,5,5,Champions
14594.0,6,2,66657.15,5,3,3,Loyal
14595.0,23,2,31819.2,5,3,2,Loyal
14596.0,626,1,24094.35,1,1,1,Hibernating
14597.0,10,4,180464.55,5,4,4,Champions
14598.0,43,2,40324.2,4,3,2,Loyal
14599.0,389,2,49826.7,2,3,2,At Risk
14601.0,10,1,22465.8,5,1,1,Potential
14602.0,655,1,21562.8,1,1,1,Hibernating
14605.0,730,1,99.75,1,1,1,Hibernating
14606.0,0,119,2128945.35,5,5,5,Champions
14607.0,17,13,1301497.05,5,5,5,Champions
14608.0,361,6,142273.95,2,4,4,At Risk
14609.0,142,5,68758.2,3,4,3,Loyal
14611.0,443,1,32857.65,1,1,2,Hibernating
14613.0,679,1,8013.6,1,1,1,Hibernating
14614.0,385,1,30988.65,2,1,2,Hibernating
14615.0,451,2,51813.3,1,3,3,At Risk
14616.0,284,4,38784.9,2,4,2,At Risk
14617.0,402,2,19999.35,2,3,1,At Risk
14618.0,8,5,91677.6,5,4,3,Loyal
14619.0,540,1,94164.0,1,1,3,Hibernating
14620.0,205,2,43341.9,3,3,2,Loyal
14621.0,186,5,161601.3,3,4,4,Loyal
14623.0,43,6,115787.70000000001,4,4,4,Champions
14624.0,56,3,38502.45,4,3,2,Loyal
14625.0,195,6,212407.65,3,4,4,Loyal
14626.0,23,8,357339.15,5,5,5,Champions
14627.0,378,1,48588.75,2,1,2,Hibernating
14628.0,641,1,33033.0,1,1,2,Hibernating
14629.0,3,1,37188.9,5,1,2,Potential
14631.0,50,3,106620.15,4,3,4,Loyal
14634.0,437,4,223068.30000000002,1,4,5,At Risk
14635.0,453,1,22598.1,1,1,1,Hibernating
14637.0,676,1,11201.4,1,1,1,Hibernating
14639.0,51,6,436118.55,4,4,5,Champions
14640.0,127,6,235327.05,3,4,5,Loyal
14642.0,58,1,10092.6,4,1,1,Potential
14643.0,169,4,143754.45,3,4,4,Loyal
14644.0,67,5,212763.6,4,4,4,Champions
14645.0,156,2,62694.45,3,3,3,Loyal
14646.0,1,94,33850608.75,5,5,5,Champions
14647.0,200,1,25538.1,3,1,2,Potential
14648.0,415,11,249070.5,2,5,5,At Risk
14649.0,211,6,282725.1,3,4,5,Loyal
14651.0,66,6,159403.65,4,4,4,Champions
14652.0,76,1,11988.9,3,1,1,Potential
14653.0,9,5,159749.1,5,4,4,Champions
14655.0,7,6,365179.5,5,4,5,Champions
14656.0,168,3,50401.05,3,3,2,Loyal
14657.0,325,3,108016.65,2,3,4,At Risk
14658.0,116,1,12929.7,3,1,1,Potential
14659.0,8,7,201778.5,5,5,4,Champions
14660.0,86,1,16462.95,3,1,1,Potential
14661.0,26,1,11334.75,4,1,1,Potential
14662.0,234,5,78383.55,2,4,3,At Risk
14663.0,429,2,51513.0,1,3,3,At Risk
14664.0,19,1,26129.25,5,1,2,Potential
14665.0,89,4,194551.35,3,4,4,Loyal
14666.0,23,1,20501.25,5,1,1,Potential
14667.0,10,34,1523890.2,5,5,5,Champions
14668.0,444,1,11721.15,1,1,1,Hibernating
14669.0,241,6,318861.9,2,4,5,At Risk
14670.0,279,2,30456.3,2,3,2,At Risk
14671.0,548,2,118382.25,1,3,4,At Risk
14672.0,234,2,80382.75,2,3,3,At Risk
14673.0,2,5,247928.1,5,4,5,Champions
14675.0,388,1,48525.75,2,1,2,Hibernating
14676.0,30,6,519740.55,4,4,5,Champions
14677.0,592,1,19415.55,1,1,1,Hibernating
14679.0,381,3,135391.2,2,3,4,At Risk
14680.0,24,38,3732678.6,5,5,5,Champions
14681.0,70,4,77353.5,4,4,3,Loyal
14682.0,200,3,132768.3,3,3,4,Loyal
14683.0,587,1,15388.8,1,1,1,Hibernating
14684.0,25,4,92964.90000000001,4,4,3,Loyal
14685.0,575,5,224855.40000000002,1,4,5,At Risk
14686.0,413,1,13384.35,2,1,1,Hibernating
14687.0,106,2,98704.2,3,3,3,Loyal
14688.0,7,20,631314.6,5,5,5,Champions
14690.0,43,2,41696.55,4,3,2,Loyal
14691.0,70,2,51910.95,4,3,3,Loyal
14692.0,136,8,136475.85,3,5,4,Loyal
14693.0,452,4,69348.3,1,4,3,At Risk
14695.0,731,2,103323.15,1,3,4,At Risk
14696.0,186,4,165478.95,3,4,4,Loyal
14697.0,217,1,10417.05,3,1,1,Potential
14698.0,1,3,66463.95,5,3,3,Loyal
14699.0,434,2,43930.95,1,3,2,At Risk
14700.0,237,3,168263.55,2,3,4,At Risk
14701.0,10,11,375217.5,5,5,5,Champions
14702.0,18,17,454779.15,5,5,5,Champions
14704.0,22,5,118010.55,5,4,4,Champions
14705.0,198,1,18795.0,3,1,1,Potential
14706.0,618,1,41022.45,1,1,2,Hibernating
14707.0,576,1,7308.0,1,1,1,Hibernating
14708.0,2,4,194338.2,5,4,4,Champions
14709.0,14,16,613270.35,5,5,5,Champions
14710.0,450,7,79161.6,1,5,3,At Risk
14711.0,9,5,135438.45,5,4,4,Champions
14713.0,8,17,481641.3,5,5,5,Champions
14714.0,23,3,65447.549999999996,5,3,3,Loyal
14715.0,24,4,109652.55,5,4,4,Champions
14718.0,409,1,23774.1,2,1,1,Hibernating
14719.0,9,3,97760.25,5,3,3,Loyal
14720.0,5,2,53341.05,5,3,3,Loyal
14722.0,146,3,53903.85,3,3,3,Loyal
14723.0,35,8,150483.9,4,5,4,Champions
14724.0,589,1,36251.25,1,1,2,Hibernating
14725.0,24,4,138100.19999999998,5,4,4,Champions
14726.0,654,1,13098.75,1,1,1,Hibernating
14727.0,273,2,46764.9,2,3,2,At Risk
14728.0,412,1,20010.9,2,1,1,Hibernating
14730.0,255,1,12223.05,2,1,1,Hibernating
14731.0,46,2,26949.3,4,3,2,Loyal
14732.0,7,13,398207.25,5,5,5,Champions
14733.0,110,10,1072546.6500000001,3,5,5,Loyal
14734.0,448,3,86664.9,1,3,3,At Risk
14735.0,3,23,527171.4,5,5,5,Champions
14736.0,484,2,42113.4,1,3,2,At Risk
14737.0,128,3,364493.85,3,3,5,Loyal
14738.0,42,6,135074.1,4,4,4,Champions
14739.0,3,14,847548.45,5,5,5,Champions
14740.0,225,5,199446.45,2,4,4,At Risk
14741.0,11,4,127798.65,5,4,4,Champions
14742.0,434,1,60884.25,1,1,3,Hibernating
14743.0,592,1,5300.4,1,1,1,Hibernating
14744.0,297,11,372711.15,2,5,5,At Risk
14745.0,140,6,158460.75,3,4,4,Loyal
14746.0,405,4,62317.5,2,4,3,At Risk
14747.0,248,1,34461.0,2,1,2,Hibernating
14748.0,28,6,224130.90000000002,4,4,5,Champions
14749.0,479,1,32565.75,1,1,2,Hibernating
14750.0,735,1,11763.15,1,1,1,Hibernating
14751.0,683,1,6441.75,1,1,1,Hibernating
14753.0,86,1,59130.75,3,1,3,Potential
14754.0,44,4,82353.6,4,4,3,Loyal
14755.0,39,8,237976.2,4,5,5,Champions
14756.0,14,1,77590.8,5,1,3,Potential
14758.0,144,7,300821.85,3,5,5,Loyal
14759.0,4,1,79287.6,5,1,3,Potential
14760.0,296,1,9366.0,2,1,1,Hibernating
14761.0,334,2,30399.6,2,3,2,At Risk
14764.0,46,1,29221.5,4,1,2,Potential
14765.0,28,1,16654.05,4,1,1,Potential
14766.0,7,8,486351.60000000003,5,5,5,Champions
14767.0,473,1,40195.05,1,1,2,Hibernating
14768.0,16,1,6237.0,5,1,1,Potential
14769.0,2,14,1309256.55,5,5,5,Champions
14770.0,231,5,248616.9,2,4,5,At Risk
14771.0,620,1,32261.25,1,1,2,Hibernating
14774.0,528,1,25352.25,1,1,2,Hibernating
14775.0,57,3,148938.3,4,3,4,Loyal
14776.0,50,8,216543.6,4,5,4,Champions
14778.0,126,1,41665.05,3,1,2,Potential
14779.0,280,2,12978.0,2,3,1,At Risk
14780.0,78,1,34944.0,3,1,2,Potential
14782.0,319,1,21010.5,2,1,1,Hibernating
14784.0,323,2,28835.1,2,3,2,At Risk
14785.0,9,2,8127.0,5,3,1,Loyal
14788.0,25,2,88759.65,4,3,3,Loyal
14790.0,28,7,207612.3,4,5,4,Champions
14792.0,63,1,651.0,4,1,1,Potential
14793.0,20,2,65719.5,5,3,3,Loyal
14794.0,2,7,121639.35,5,5,4,Champions
14795.0,165,1,13802.25,3,1,1,Potential
14796.0,21,17,799242.15,5,5,5,Champions
14798.0,380,5,57809.85,2,4,3,At Risk
14799.0,50,2,35505.75,4,3,2,Loyal
14800.0,59,10,625527.0,4,5,5,Champions
14801.0,60,1,20279.7,4,1,1,Potential
14802.0,437,2,157812.90000000002,1,3,4,At Risk
14803.0,161,1,12049.8,3,1,1,Potential
14804.0,8,1,37093.35,5,1,2,Potential
14805.0,14,5,86575.65,5,4,3,Loyal
14806.0,74,1,20305.95,4,1,1,Potential
14807.0,390,2,54525.45,2,3,3,At Risk
14808.0,74,3,105462.0,4,3,4,Loyal
14809.0,620,2,72109.8,1,3,3,At Risk
14810.0,40,6,98925.75,4,4,3,Loyal
14811.0,386,1,17902.5,2,1,1,Hibernating
14813.0,369,4,114541.35,2,4,4,At Risk
14814.0,580,1,16848.3,1,1,1,Hibernating
14816.0,196,1,28544.25,3,1,2,Potential
14817.0,395,3,195524.7,2,3,4,At Risk
14818.0,168,1,30594.9,3,1,2,Potential
14819.0,191,3,29695.05,3,3,2,Loyal
14820.0,33,5,71322.3,4,4,3,Loyal
14821.0,366,4,70712.25,2,4,3,At Risk
14823.0,179,2,18840.15,3,3,1,Loyal
14824.0,9,7,248662.05,5,5,5,Champions
14825.0,15,13,247874.55,5,5,5,Champions
14826.0,581,1,21766.5,1,1,1,Hibernating
14828.0,336,7,561414.0,2,5,5,At Risk
14829.0,28,7,177748.2,4,5,4,Champions
14830.0,52,1,20698.65,4,1,1,Potential
14831.0,679,3,176039.85,1,3,4,At Risk
14832.0,629,1,33882.45,1,1,2,Hibernating
14833.0,498,1,9954.0,1,1,1,Hibernating
14834.0,22,4,139319.25,5,4,4,Champions
14836.0,9,2,10442.25,5,3,1,Loyal
14837.0,166,4,169215.9,3,4,4,Loyal
14838.0,422,2,81235.35,2,3,3,At Risk
14839.0,579,2,63953.4,1,3,3,At Risk
14840.0,267,2,38084.55,2,3,2,At Risk
14841.0,52,12,660040.5,4,5,5,Champions
14842.0,94,3,199659.59999999998,3,3,4,Loyal
14843.0,436,1,22239.0,1,1,1,Hibernating
14844.0,63,6,471181.19999999995,4,4,5,Champions
14845.0,599,1,15750.0,1,1,1,Hibernating
14846.0,426,1,45927.0,1,1,2,Hibernating
14847.0,407,2,109152.75,2,3,4,At Risk
14848.0,404,1,32608.8,2,1,2,Hibernating
14849.0,36,24,904618.05,4,5,5,Champions
14850.0,311,4,138227.25,2,4,4,At Risk
14851.0,22,2,65444.4,5,3,3,Loyal
14852.0,57,12,341526.15,4,5,5,Champions
14853.0,210,2,39469.5,3,3,2,Loyal
14854.0,77,8,315577.5,3,5,5,Loyal
14855.0,134,4,643240.5,3,4,5,Loyal
14856.0,35,2,136623.9,4,3,4,Loyal
14857.0,59,6,296202.9,4,4,5,Champions
14858.0,505,1,18978.75,1,1,1,Hibernating
14859.0,12,4,142142.7,5,4,4,Champions
14860.0,18,1,17883.6,5,1,1,Potential
14861.0,51,7,97097.7,4,5,3,Loyal
14862.0,148,1,31930.5,3,1,2,Potential
14865.0,373,2,4233.6,2,3,1,At Risk
14866.0,10,12,1285605.3,5,5,5,Champions
14867.0,218,10,153810.3,3,5,4,Loyal
14868.0,2,6,207855.9,5,4,4,Champions
14869.0,102,2,93577.05,3,3,3,Loyal
14870.0,261,3,76272.0,2,3,3,At Risk
14871.0,177,3,42693.0,3,3,2,Loyal
14873.0,209,2,89683.65,3,3,3,Loyal
14874.0,534,1,12198.9,1,1,1,Hibernating
14875.0,262,2,184703.4,2,3,4,At Risk
14876.0,520,2,26953.5,1,3,2,At Risk
14877.0,417,2,45885.0,2,3,2,At Risk
14878.0,180,12,208461.75,3,5,4,Loyal
14879.0,684,1,19431.3,1,1,1,Hibernating
14880.0,184,1,24577.35,3,1,1,Potential
14881.0,19,1,26817.0,5,1,2,Potential
14882.0,33,7,188023.5,4,5,4,Champions
14883.0,18,3,24939.6,5,3,2,Loyal
14884.0,668,1,12663.0,1,1,1,Hibernating
14885.0,131,2,142476.6,3,3,4,Loyal
14886.0,252,1,38304.0,2,1,2,Hibernating
14887.0,78,1,195510.0,3,1,4,Potential
14888.0,206,1,38766.0,3,1,2,Potential
14890.0,618,2,72618.0,1,3,3,At Risk
14891.0,147,1,11025.0,3,1,1,Potential
14893.0,9,2,129974.25,5,3,4,Loyal
14894.0,442,1,56422.8,1,1,3,Hibernating
14895.0,7,21,1993370.4,5,5,5,Champions
14896.0,204,3,62269.2,3,3,3,Loyal
14897.0,87,5,161139.3,3,4,4,Loyal
14898.0,22,9,238682.84999999998,5,5,5,Champions
14899.0,394,1,145412.4,2,1,4,Hibernating
14900.0,521,1,1461.6,1,1,1,Hibernating
14901.0,10,9,174028.05,5,5,4,Champions
14902.0,25,3,108740.1,4,3,4,Loyal
14903.0,124,4,253241.1,3,4,5,Loyal
14904.0,25,2,66676.05,4,3,3,Loyal
14905.0,157,4,123007.5,3,4,4,Loyal
14906.0,444,1,7186.2,1,1,1,Hibernating
14907.0,27,8,455060.55,4,5,5,Champions
14908.0,73,1,29169.0,4,1,2,Potential
14909.0,662,1,37012.5,1,1,2,Hibernating
14910.0,24,3,33972.75,5,3,2,Loyal
14911.0,2,251,19600477.05,5,5,5,Champions
14912.0,16,4,160437.9,5,4,4,Champions
14913.0,35,5,296045.4,4,4,5,Champions
14915.0,90,9,143567.55,3,5,4,Loyal
14916.0,149,3,174495.30000000002,3,3,4,Loyal
14917.0,596,2,117993.75,1,3,4,At Risk
14918.0,404,7,456294.3,2,5,5,At Risk
14920.0,212,1,42580.65,3,1,2,Potential
14921.0,29,1,43371.3,4,1,2,Potential
14922.0,393,2,88592.7,2,3,3,At Risk
14924.0,245,2,65191.35,2,3,3,At Risk
14926.0,381,1,14616.0,2,1,1,Hibernating
14927.0,396,1,32361.0,2,1,2,Hibernating
14928.0,627,1,23510.55,1,1,1,Hibernating
14929.0,31,2,87852.45000000001,4,3,3,Loyal
14930.0,562,2,210591.15000000002,1,3,4,At Risk
14931.0,4,1,20832.0,5,1,1,Potential
14932.0,365,2,108114.3,2,3,4,At Risk
14933.0,443,1,30975.0,1,1,2,Hibernating
14934.0,81,3,214455.15,3,3,4,Loyal
14935.0,296,1,187394.55,2,1,4,Hibernating
14936.0,33,6,741716.85,4,4,5,Champions
14937.0,56,1,22302.0,4,1,1,Potential
14938.0,561,1,92099.7,1,1,3,Hibernating
14940.0,732,1,19111.05,1,1,1,Hibernating
14941.0,578,1,19120.5,1,1,1,Hibernating
14942.0,592,1,22225.35,1,1,1,Hibernating
14943.0,662,1,11300.1,1,1,1,Hibernating
14944.0,29,13,778698.9,4,5,5,Champions
14945.0,413,1,18837.0,2,1,1,Hibernating
14946.0,13,1,10594.5,5,1,1,Potential
14947.0,71,3,57943.2,4,3,3,Loyal
14948.0,22,4,86579.85,5,4,3,Loyal
14949.0,648,3,34730.85,1,3,2,At Risk
14950.0,18,1,38976.0,5,1,2,Potential
14951.0,78,1,32727.45,3,1,2,Potential
14952.0,59,22,1482836.25,4,5,5,Champions
14953.0,24,3,74737.95,5,3,3,Loyal
14954.0,702,1,17563.35,1,1,1,Hibernating
14956.0,420,1,139125.0,2,1,4,Hibernating
14957.0,252,2,34995.45,2,3,2,At Risk
14958.0,146,4,61944.75,3,4,3,Loyal
14959.0,63,1,16600.5,4,1,1,Potential
14960.0,7,2,23233.35,5,3,1,Loyal
14961.0,10,14,1128940.05,5,5,5,Champions
14962.0,583,1,12779.55,1,1,1,Hibernating
14963.0,18,10,275321.55,5,5,5,Champions
14964.0,246,1,21652.05,2,1,1,Hibernating
14965.0,95,1,13072.5,3,1,1,Potential
14966.0,14,4,70733.25,5,4,3,Loyal
14967.0,49,3,106276.8,4,3,4,Loyal
14968.0,457,1,37527.0,1,1,2,Hibernating
14969.0,703,1,95154.15,1,1,3,Hibernating
14970.0,67,6,270928.35,4,4,5,Champions
14971.0,34,2,52522.05,4,3,3,Loyal
14972.0,127,2,15232.35,3,3,1,Loyal
14973.0,106,3,138017.25,3,3,4,Loyal
14974.0,36,1,12010.95,4,1,1,Potential
14975.0,420,1,20207.25,2,1,1,Hibernating
14976.0,56,3,34188.0,4,3,2,Loyal
14978.0,71,3,86221.79999999999,4,3,3,Loyal
14980.0,736,1,15821.4,1,1,1,Hibernating
14981.0,245,2,39156.6,2,3,2,At Risk
14982.0,571,1,24966.9,1,1,2,Hibernating
14984.0,18,4,92285.54999999999,5,4,3,Loyal
14985.0,357,1,13073.55,2,1,1,Hibernating
14986.0,375,1,25569.6,2,1,2,Hibernating
14987.0,15,6,110911.5,5,4,4,Champions
14988.0,379,5,146024.55,2,4,4,At Risk
14990.0,729,1,21025.2,1,1,1,Hibernating
14991.0,429,1,33040.35,1,1,2,Hibernating
14992.0,441,1,22102.5,1,1,1,Hibernating
14994.0,381,4,83546.4,2,4,3,At Risk
14995.0,38,2,24489.15,4,3,1,Loyal
14996.0,480,1,44566.2,1,1,2,Hibernating
14997.0,45,4,81543.0,4,4,3,Loyal
14998.0,169,3,61644.45,3,3,3,Loyal
15001.0,393,2,24240.3,2,3,1,At Risk
15002.0,507,3,172107.6,1,3,4,At Risk
15003.0,472,4,58690.799999999996,1,4,3,At Risk
15005.0,15,34,858409.65,5,5,5,Champions
15006.0,50,2,86639.7,4,3,3,Loyal
15009.0,11,2,98847.0,5,3,3,Loyal
15011.0,395,2,43743.0,2,3,2,At Risk
15012.0,373,2,66007.2,2,3,3,At Risk
15013.0,525,6,109129.65,1,4,4,At Risk
15014.0,42,1,14956.2,4,1,1,Potential
15015.0,500,6,137266.5,1,5,4,At Risk
15016.0,172,3,33577.95,3,3,2,Loyal
15017.0,33,1,13185.9,4,1,1,Potential
15018.0,252,1,18909.45,2,1,1,Hibernating
15020.0,378,1,21359.1,2,1,1,Hibernating
15021.0,8,8,211235.85,5,5,4,Champions
15022.0,11,3,83255.55,5,3,3,Loyal
15023.0,2,10,601558.65,5,5,5,Champions
15024.0,9,8,276354.75,5,5,5,Champions
15025.0,32,1,39586.05,4,1,2,Potential
15026.0,79,4,71184.75,3,4,3,Loyal
15027.0,167,9,325124.1,3,5,5,Loyal
15028.0,42,2,18895.8,4,3,1,Loyal
15029.0,619,1,38335.5,1,1,2,Hibernating
15030.0,71,5,152113.5,4,4,4,Champions
15031.0,29,10,211251.6,4,5,4,Champions
15032.0,421,3,358149.75,2,3,5,At Risk
15033.0,4,6,200861.85,5,5,4,Champions
15034.0,15,10,600075.0,5,5,5,Champions
15035.0,89,1,26536.65,3,1,2,Potential
15036.0,176,2,25797.45,3,3,2,Loyal
15037.0,376,1,25332.3,2,1,2,Hibernating
15038.0,68,5,76983.9,4,4,3,Loyal
15039.0,9,55,2776104.45,5,5,5,Champions
15040.0,541,1,786.45,1,1,1,Hibernating
15041.0,169,2,30872.1,3,3,2,Loyal
15042.0,594,1,18849.6,1,1,1,Hibernating
15043.0,462,4,185671.5,1,4,4,At Risk
15044.0,38,20,1045264.5,4,5,5,Champions
15045.0,257,1,40834.5,2,1,2,Hibernating
15046.0,8,18,593893.65,5,5,5,Champions
15047.0,269,1,36080.1,2,1,2,Hibernating
15048.0,220,2,37290.75,2,3,2,At Risk
15050.0,24,4,304564.05000000005,5,4,5,Champions
15051.0,48,7,359795.1,4,5,5,Champions
15052.0,318,1,22656.9,2,1,1,Hibernating
15053.0,4,2,49889.7,5,3,2,Loyal
15054.0,11,2,31720.5,5,3,2,Loyal
15055.0,474,3,58807.35,1,3,3,At Risk
15056.0,519,1,14012.25,1,1,1,Hibernating
15057.0,274,2,69573.0,2,3,3,At Risk
15058.0,24,13,298214.7,5,5,5,Champions
15059.0,40,15,306727.05,4,5,5,Champions
15060.0,7,3,16943.85,5,3,1,Loyal
15061.0,3,73,8708730.45,5,5,5,Champions
15062.0,70,6,183538.95,4,5,4,Champions
15063.0,212,1,38934.0,3,1,2,Potential
15064.0,409,2,75110.7,2,3,3,At Risk
15065.0,37,1,31434.9,4,1,2,Potential
15066.0,52,1,93826.95,4,1,3,Potential
15067.0,77,4,326890.19999999995,3,4,5,Loyal
15068.0,45,3,93264.15,4,3,3,Loyal
15070.0,372,2,54437.25,2,3,3,At Risk
15071.0,275,1,61810.35,2,1,3,Hibernating
15072.0,478,1,19689.6,1,1,1,Hibernating
15073.0,186,4,153398.7,3,4,4,Loyal
15074.0,104,3,164464.65000000002,3,3,4,Loyal
15075.0,77,1,81168.15,3,1,3,Potential
15076.0,172,2,150862.95,3,3,4,Loyal
15077.0,494,2,254948.4,1,3,5,At Risk
15078.0,6,39,1260086.1,5,5,5,Champions
15079.0,212,7,255197.25,3,5,5,Loyal
15080.0,427,2,57356.25,1,3,3,At Risk
15081.0,21,9,133717.5,5,5,4,Champions
15083.0,256,1,9261.0,2,1,1,Hibernating
15084.0,645,1,36687.0,1,1,2,Hibernating
15085.0,729,1,36491.7,1,1,2,Hibernating
15086.0,564,2,22945.65,1,3,1,At Risk
15088.0,66,1,90739.95,4,1,3,Potential
15089.0,9,3,158174.1,5,3,4,Loyal
15091.0,674,1,24979.5,1,1,2,Hibernating
15092.0,214,2,47596.5,3,3,2,Loyal
15093.0,17,18,1120786.8,5,5,5,Champions
15094.0,462,2,8715.0,1,3,1,At Risk
15095.0,135,7,292489.05,3,5,5,Loyal
15096.0,42,1,23035.95,4,1,1,Potential
15097.0,3,2,93518.25,5,3,3,Loyal
15098.0,181,1,4091850.0,3,1,5,Potential
15099.0,83,1,43100.4,3,1,2,Potential
15100.0,366,4,206766.0,2,4,4,At Risk
15101.0,358,4,113632.05,2,4,4,At Risk
15102.0,530,2,58240.35,1,3,3,At Risk
15103.0,30,2,73852.8,4,3,3,Loyal
15104.0,196,1,68544.0,3,1,3,Potential
15105.0,17,3,60549.3,5,3,3,Loyal
15106.0,17,3,82439.7,5,3,3,Loyal
15107.0,310,3,13503.0,2,3,1,At Risk
15108.0,141,2,75789.0,3,3,3,Loyal
15109.0,245,3,103225.5,2,3,4,At Risk
15110.0,23,6,158114.25,5,5,4,Champions
15111.0,66,2,160261.5,4,3,4,Loyal
15112.0,610,1,21987.0,1,1,1,Hibernating
15113.0,9,2,370789.65,5,3,5,Loyal
15114.0,29,8,237880.65,4,5,5,Champions
15115.0,17,2,55844.25,5,3,3,Loyal
15116.0,134,1,32688.6,3,1,2,Potential
15117.0,14,5,133775.25,5,4,4,Champions
15118.0,133,1,25704.0,3,1,2,Potential
15120.0,133,1,37676.1,3,1,2,Potential
15121.0,49,1,17069.85,4,1,1,Potential
15122.0,203,8,369778.5,3,5,5,Loyal
15123.0,6,5,488897.85,5,4,5,Champions
15124.0,22,2,23734.2,5,3,1,Loyal
15125.0,24,15,1000408.5,5,5,5,Champions
15126.0,686,1,20207.25,1,1,1,Hibernating
15127.0,65,2,74707.5,4,3,3,Loyal
15128.0,59,3,115143.0,4,3,4,Loyal
15129.0,106,17,516477.15,3,5,5,Loyal
15130.0,169,1,34661.55,3,1,2,Potential
15131.0,394,1,8429.4,2,1,1,Hibernating
15132.0,17,3,51246.3,5,3,2,Loyal
15133.0,127,3,101159.1,3,3,3,Loyal
15134.0,14,7,129385.2,5,5,4,Champions
15136.0,95,1,61204.5,3,1,3,Potential
15137.0,520,1,45210.9,1,1,2,Hibernating
15139.0,239,2,18790.8,2,3,1,At Risk
15140.0,51,4,103588.79999999999,4,4,4,Champions
15141.0,518,5,119438.55,1,4,4,At Risk
15142.0,45,4,203100.45,4,4,4,Champions
15143.0,225,2,59181.15,2,3,3,At Risk
15144.0,7,20,868918.05,5,5,5,Champions
15145.0,3,2,60961.95,5,3,3,Loyal
15146.0,164,1,51758.7,3,1,3,Potential
15148.0,10,1,31635.45,5,1,2,Potential
15149.0,575,3,91773.15,1,3,3,At Risk
15150.0,16,10,849719.85,5,5,5,Champions
15151.0,422,1,117207.3,2,1,4,Hibernating
15152.0,9,10,426150.89999999997,5,5,5,Champions
15153.0,30,1,34571.25,4,1,2,Potential
15154.0,74,2,76584.9,4,3,3,Loyal
15156.0,0,1,26484.15,5,1,2,Potential
15157.0,3,2,73556.7,5,3,3,Loyal
15158.0,44,2,63632.1,4,3,3,Loyal
15159.0,1,22,1274743.05,5,5,5,Champions
15160.0,373,2,34629.0,2,3,2,At Risk
15161.0,387,1,12591.6,2,1,1,Hibernating
15162.0,730,1,32854.5,1,1,2,Hibernating
15163.0,17,1,15694.35,5,1,1,Potential
15164.0,68,5,121591.05,4,4,4,Champions
15166.0,467,1,17551.8,1,1,1,Hibernating
15167.0,320,3,128110.5,2,3,4,At Risk
15168.0,25,1,11188.8,4,1,1,Potential
15169.0,726,1,37397.85,1,1,2,Hibernating
15170.0,406,1,8520.75,2,1,1,Hibernating
15171.0,330,1,135397.5,2,1,4,Hibernating
15172.0,8,4,132668.55,5,4,4,Champions
15173.0,380,5,107213.4,2,4,4,At Risk
15174.0,410,1,36299.55,2,1,2,Hibernating
15175.0,71,1,23534.7,4,1,1,Potential
15177.0,425,1,99637.65,1,1,3,Hibernating
15178.0,259,1,4252.5,2,1,1,Hibernating
15179.0,17,7,430771.95,5,5,5,Champions
15180.0,417,2,76590.15,2,3,3,At Risk
15181.0,65,4,111846.0,4,4,4,Champions
15182.0,385,6,178368.97,2,5,4,At Risk
15183.0,547,3,67192.65,1,3,3,At Risk
15184.0,190,1,24699.15,3,1,1,Potential
15186.0,13,3,60355.05,5,3,3,Loyal
15187.0,8,10,315907.2,5,5,5,Champions
15188.0,724,1,32595.15,1,1,2,Hibernating
15189.0,0,26,1059631.65,5,5,5,Champions
15191.0,462,3,61745.25,1,3,3,At Risk
15192.0,119,4,175408.8,3,4,4,Loyal
15193.0,60,1,52428.6,4,1,3,Potential
15194.0,2,20,873775.35,5,5,5,Champions
15195.0,2,1,405405.0,5,1,5,Potential
15196.0,432,2,33206.25,1,3,2,At Risk
15197.0,10,5,174379.8,5,4,4,Champions
15198.0,91,3,33615.75,3,3,2,Loyal
15199.0,94,6,195814.5,3,5,4,Loyal
15201.0,86,6,161854.35,3,5,4,Loyal
15202.0,419,2,350029.05,2,3,5,At Risk
15203.0,25,8,257868.45,4,5,5,Champions
15204.0,356,1,33240.9,2,1,2,Hibernating
15205.0,84,1,18578.7,3,1,1,Potential
15206.0,99,1,19278.0,3,1,1,Potential
15207.0,420,2,69669.6,2,3,3,At Risk
15208.0,162,2,33969.6,3,3,2,Loyal
15210.0,224,1,34773.9,2,1,2,Hibernating
15211.0,364,1,80444.7,2,1,3,Hibernating
15212.0,240,1,10689.0,2,1,1,Hibernating
15214.0,1,5,132847.05,5,4,4,Champions
15215.0,46,4,118798.05,4,4,4,Champions
15216.0,87,2,51039.45,3,3,2,Loyal
15217.0,562,1,44755.2,1,1,2,Hibernating
15218.0,53,16,817131.0,4,5,5,Champions
15219.0,648,1,39868.5,1,1,2,Hibernating
15220.0,114,5,134825.25,3,4,4,Loyal
15221.0,592,2,82650.75,1,3,3,At Risk
15222.0,472,6,158017.65,1,5,4,At Risk
15223.0,225,4,127212.75,2,4,4,At Risk
15224.0,357,3,81517.8,2,3,3,At Risk
15226.0,310,1,16213.05,2,1,1,Hibernating
15227.0,36,3,60323.55,4,3,3,Loyal
15228.0,294,2,224490.0,2,3,5,At Risk
15229.0,585,1,16852.5,1,1,1,Hibernating
15231.0,620,1,26277.3,1,1,2,Hibernating
15232.0,112,2,64266.3,3,3,3,Loyal
15235.0,217,11,228727.8,3,5,5,Loyal
15236.0,298,1,33710.25,2,1,2,Hibernating
15237.0,202,2,114833.25,3,3,4,Loyal
15238.0,28,3,112558.95,4,3,4,Loyal
15240.0,191,7,273498.75,3,5,5,Loyal
15241.0,66,8,224200.2,4,5,5,Champions
15242.0,421,1,31714.2,2,1,2,Hibernating
15244.0,247,2,60737.25,2,3,3,At Risk
15245.0,133,6,375757.2,3,5,5,Loyal
15246.0,237,1,34455.75,2,1,2,Hibernating
15247.0,477,1,32392.5,1,1,2,Hibernating
15248.0,410,3,198862.65000000002,2,3,4,At Risk
15249.0,31,16,896660.1,4,5,5,Champions
15250.0,640,1,6300.0,1,1,1,Hibernating
15251.0,40,13,1600551.75,4,5,5,Champions
15252.0,182,2,94351.95,3,3,3,Loyal
15253.0,15,7,192253.95,5,5,4,Champions
15254.0,126,2,66991.05,3,3,3,Loyal
15255.0,66,7,326672.85000000003,4,5,5,Champions
15257.0,282,2,72019.5,2,3,3,At Risk
15258.0,168,2,65431.8,3,3,3,Loyal
15259.0,512,4,124149.9,1,4,4,At Risk
15260.0,99,16,581835.45,3,5,5,Loyal
15261.0,134,3,142590.0,3,3,4,Loyal
15262.0,323,1,18789.75,2,1,1,Hibernating
15264.0,63,2,89082.0,4,3,3,Loyal
15265.0,150,3,320407.5,3,3,5,Loyal
15266.0,378,4,76955.55,2,4,3,At Risk
15267.0,21,3,161422.8,5,3,4,Loyal
15268.0,478,2,73027.5,1,3,3,At Risk
15269.0,23,3,128662.8,5,3,4,Loyal
15270.0,117,18,804810.3,3,5,5,Loyal
15271.0,6,15,329501.55,5,5,5,Champions
15272.0,56,3,87146.85,4,3,3,Loyal
15273.0,599,1,24040.8,1,1,1,Hibernating
15274.0,3,2,75239.85,5,3,3,Loyal
15275.0,37,1,64589.7,4,1,3,Potential
15276.0,65,3,26043.15,4,3,2,Loyal
15277.0,46,2,50015.7,4,3,2,Loyal
15278.0,561,2,24465.0,1,3,1,At Risk
15279.0,379,3,102546.15,2,3,4,At Risk
15280.0,171,1,11877.6,3,1,1,Potential
15281.0,58,12,712847.1,4,5,5,Champions
15282.0,569,1,36601.95,1,1,2,Hibernating
15283.0,389,3,15574.65,2,3,1,At Risk
15284.0,499,1,2598.75,1,1,1,Hibernating
15287.0,21,3,47969.25,5,3,2,Loyal
15288.0,155,6,256784.85,3,5,5,Loyal
15289.0,28,5,167274.45,4,4,4,Champions
15290.0,4,15,750829.7999999999,5,5,5,Champions
15291.0,25,21,779670.15,4,5,5,Champions
15292.0,200,1,18998.7,3,1,1,Potential
15293.0,665,1,25987.5,1,1,2,Hibernating
15294.0,410,1,24501.75,2,1,1,Hibernating
15296.0,108,8,615391.35,3,5,5,Loyal
15297.0,9,1,27476.4,5,1,2,Potential
15298.0,1,15,611732.1,5,5,5,Champions
15299.0,371,3,306633.6,2,3,5,At Risk
15300.0,63,1,52126.2,4,1,3,Potential
15301.0,72,9,342469.05,4,5,5,Champions
15303.0,289,3,128538.9,2,3,4,At Risk
15304.0,60,7,85842.75,4,5,3,Loyal
15305.0,554,1,9828.0,1,1,1,Hibernating
15306.0,92,6,170890.65,3,5,4,Loyal
15309.0,610,4,83785.8,1,4,3,At Risk
15310.0,478,1,171637.2,1,1,4,Hibernating
15311.0,0,129,7588012.95,5,5,5,Champions
15312.0,102,9,239708.7,3,5,5,Loyal
15313.0,109,1,5460.0,3,1,1,Potential
15314.0,198,2,84068.25,3,3,3,Loyal
15318.0,3,1,32825.1,5,1,2,Potential
15319.0,283,1,21472.5,2,1,1,Hibernating
15320.0,43,1,28048.65,4,1,2,Potential
15321.0,291,5,281107.05,2,4,5,At Risk
15322.0,85,2,146040.3,3,3,4,Loyal
15323.0,562,2,31741.5,1,3,2,At Risk
15324.0,700,1,14723.1,1,1,1,Hibernating
15325.0,103,5,99372.0,3,4,3,Loyal
15326.0,333,3,96384.75,2,3,3,At Risk
15327.0,52,1,21918.75,4,1,1,Potential
15329.0,38,10,280899.15,4,5,5,Champions
15330.0,60,1,33642.0,4,1,2,Potential
15331.0,499,1,38810.1,1,1,2,Hibernating
15332.0,365,4,505838.55000000005,2,4,5,At Risk
15334.0,172,1,12022.5,3,1,1,Potential
15335.0,53,1,18266.85,4,1,1,Potential
15336.0,401,1,25252.5,2,1,2,Hibernating
15337.0,410,1,39167.1,2,1,2,Hibernating
15338.0,676,1,29760.15,1,1,2,Hibernating
15339.0,317,5,131085.15,2,4,4,At Risk
15340.0,561,1,11077.5,1,1,1,Hibernating
15341.0,80,2,252285.6,3,3,5,Loyal
15342.0,129,1,42639.45,3,1,2,Potential
15343.0,86,1,38272.5,3,1,2,Potential
15344.0,0,3,59213.7,5,3,3,Loyal
15347.0,365,3,141618.75,2,3,4,At Risk
15348.0,71,1,16594.2,4,1,1,Potential
15349.0,157,2,49750.05,3,3,2,Loyal
15350.0,372,2,69641.25,2,3,3,At Risk
15351.0,11,6,237108.9,5,5,5,Champions
15353.0,386,4,157031.69999999998,2,4,4,At Risk
15354.0,602,1,9954.0,1,1,1,Hibernating
15355.0,28,1,15834.0,4,1,1,Potential
15356.0,30,8,204066.45,4,5,4,Champions
15358.0,4,27,1383808.65,5,5,5,Champions
15359.0,668,4,9276.75,1,4,1,At Risk
15360.0,39,1,44932.65,4,1,2,Potential
15361.0,525,2,20868.75,1,3,1,At Risk
15363.0,492,1,36971.55,1,1,2,Hibernating
15364.0,95,2,95884.95,3,3,3,Loyal
15365.0,25,9,217595.7,4,5,4,Champions
15366.0,74,5,153497.4,4,4,4,Champions
15367.0,56,7,341492.55,4,5,5,Champions
15368.0,393,1,28959.0,2,1,2,Hibernating
15369.0,514,4,100459.79999999999,1,4,3,At Risk
15370.0,40,4,116134.2,4,4,4,Champions
15371.0,661,1,6237.0,1,1,1,Hibernating
15372.0,449,4,216201.3,1,4,4,At Risk
15373.0,23,11,235859.4,5,5,5,Champions
15374.0,128,2,32268.6,3,3,2,Loyal
15375.0,689,1,6400.8,1,1,1,Hibernating
15377.0,382,3,95644.5,2,3,3,At Risk
15378.0,462,2,25882.5,1,3,2,At Risk
15379.0,168,5,354672.15,3,4,5,Loyal
15380.0,46,5,153360.9,4,4,4,Champions
15381.0,213,3,148513.05,3,3,4,Loyal
15382.0,14,6,674046.45,5,5,5,Champions
15384.0,169,3,181043.09999999998,3,3,4,Loyal
15385.0,39,2,65591.4,4,3,3,Loyal
15386.0,185,1,41384.7,3,1,2,Potential
15389.0,561,2,129129.0,1,3,4,At Risk
15390.0,395,1,40085.85,2,1,2,Hibernating
15391.0,583,1,30436.35,1,1,2,Hibernating
15392.0,29,5,239476.65000000002,4,4,5,Champions
15393.0,280,4,82275.9,2,4,3,At Risk
15394.0,77,10,520527.0,3,5,5,Loyal
15396.0,583,1,53361.0,1,1,3,Hibernating
15398.0,15,2,141280.65,5,3,4,Loyal
15399.0,21,2,57658.649999999994,5,3,3,Loyal
15400.0,91,4,64029.0,3,4,3,Loyal
15401.0,568,1,14301.0,1,1,1,Hibernating
15402.0,195,4,156284.1,3,4,4,Loyal
15405.0,188,1,36655.5,3,1,2,Potential
15406.0,300,3,75332.25,2,3,3,At Risk
15407.0,33,1,33149.55,4,1,2,Potential
15408.0,263,1,28053.9,2,1,2,Hibernating
15410.0,204,5,233714.25,3,4,5,Loyal
15413.0,691,5,713865.6,1,4,5,At Risk
15414.0,9,3,81364.5,5,3,3,Loyal
15415.0,312,1,60145.05,2,1,3,Hibernating
15416.0,64,3,223462.05,4,3,5,Loyal
15418.0,424,2,47493.600000000006,1,3,2,At Risk
15420.0,592,4,50677.2,1,4,2,At Risk
15421.0,58,9,395549.7,4,5,5,Champions
15422.0,322,6,164269.35,2,5,4,At Risk
15423.0,37,3,28023.45,4,3,2,Loyal
15424.0,253,1,20317.5,2,1,1,Hibernating
15425.0,399,4,204179.84999999998,2,4,4,At Risk
15426.0,18,6,184328.55,5,5,4,Champions
15427.0,46,1,38958.15,4,1,2,Potential
15428.0,14,3,59374.35,5,3,3,Loyal
15429.0,26,1,16200.45,4,1,1,Potential
15430.0,467,2,100248.75,1,3,3,At Risk
15432.0,540,1,15704.85,1,1,1,Hibernating
15434.0,7,7,138151.65,5,5,4,Champions
15436.0,46,1,38878.35,4,1,2,Potential
15438.0,130,1,16440.9,3,1,1,Potential
15439.0,404,1,34818.0,2,1,2,Hibernating
15440.0,54,1,15332.1,4,1,1,Potential
15441.0,395,2,100027.2,2,3,3,At Risk
15442.0,248,1,62370.0,2,1,3,Hibernating
15443.0,12,10,401595.6,5,5,5,Champions
15445.0,263,2,29872.5,2,3,2,At Risk
15446.0,376,3,42729.75,2,3,2,At Risk
15447.0,598,3,24891.3,1,3,1,At Risk
15448.0,312,1,51937.2,2,1,3,Hibernating
15449.0,25,2,70637.7,4,3,3,Loyal
15450.0,29,1,45133.2,4,1,2,Potential
15451.0,433,2,24487.05,1,3,1,At Risk
15452.0,29,4,78002.4,4,4,3,Loyal
15453.0,55,4,74084.85,4,4,3,Loyal
15454.0,617,1,13501.95,1,1,1,Hibernating
15455.0,597,1,4016.25,1,1,1,Hibernating
15456.0,358,4,116807.25,2,4,4,At Risk
15457.0,261,1,24892.35,2,1,2,Hibernating
15458.0,24,1,16972.2,5,1,1,Potential
15459.0,416,1,11025.0,2,1,1,Hibernating
15461.0,631,1,22050.0,1,1,1,Hibernating
15462.0,93,4,77390.25,3,4,3,Loyal
15463.0,28,1,13244.7,4,1,1,Potential
15465.0,19,21,916611.15,5,5,5,Champions
15466.0,389,3,129830.4,2,3,4,At Risk
15467.0,8,1,12843.6,5,1,1,Potential
15468.0,50,1,2089.5,4,1,1,Potential
15469.0,49,3,91796.25,4,3,3,Loyal
15470.0,575,1,6659.1,1,1,1,Hibernating
15471.0,379,1,60672.15,2,1,3,Hibernating
15472.0,112,1,39013.8,3,1,2,Potential
15473.0,13,4,96390.0,5,4,3,Loyal
15476.0,392,1,140316.75,2,1,4,Hibernating
15478.0,39,2,125805.75,4,3,4,Loyal
15479.0,732,1,15477.0,1,1,1,Hibernating
15480.0,115,3,377186.25,3,3,5,Loyal
15481.0,400,1,209300.7,2,1,4,Hibernating
15482.0,15,11,710511.9,5,5,5,Champions
15483.0,160,7,45412.5,3,5,2,Loyal
15484.0,0,4,277965.45,5,4,5,Champions
15485.0,372,3,314730.15,2,3,5,At Risk
15487.0,679,1,24288.6,1,1,1,Hibernating
15488.0,456,3,31775.1,1,3,2,At Risk
15489.0,22,7,226181.55,5,5,5,Champions
15490.0,429,1,22848.0,1,1,1,Hibernating
15491.0,100,3,140751.45,3,3,4,Loyal
15492.0,27,1,18030.6,4,1,1,Potential
15493.0,149,6,334626.6,3,5,5,Loyal
15494.0,20,1,18044.25,5,1,1,Potential
15495.0,378,1,25882.5,2,1,2,Hibernating
15496.0,630,1,15344.7,1,1,1,Hibernating
15497.0,604,3,109515.0,1,3,4,At Risk
15498.0,2,25,1676443.65,5,5,5,Champions
15499.0,723,1,16968.0,1,1,1,Hibernating
15500.0,7,3,86028.6,5,3,3,Loyal
15502.0,15,9,950663.7,5,5,5,Champions
15503.0,362,1,15444.45,2,1,1,Hibernating
15504.0,520,2,22002.75,1,3,1,At Risk
15505.0,52,4,312030.6,4,4,5,Champions
15506.0,22,3,91410.9,5,3,3,Loyal
15507.0,171,1,51697.8,3,1,3,Potential
15508.0,188,4,71246.7,3,4,3,Loyal
15510.0,330,1,26250.0,2,1,2,Hibernating
15511.0,11,5,95469.15,5,4,3,Loyal
15512.0,359,1,10626.0,2,1,1,Hibernating
15513.0,32,25,2031416.1,4,5,5,Champions
15514.0,11,11,544301.1,5,5,5,Champions
15515.0,386,1,18040.05,2,1,1,Hibernating
15516.0,46,1,4977.0,4,1,1,Potential
15517.0,232,1,28038.15,2,1,2,Hibernating
15518.0,123,10,283746.75,3,5,5,Loyal
15519.0,382,1,20737.5,2,1,1,Hibernating
15520.0,1,1,36067.5,5,1,2,Potential
15521.0,39,8,402978.45,4,5,5,Champions
15522.0,32,1,14588.7,4,1,1,Potential
15523.0,401,9,927217.2,2,5,5,At Risk
15525.0,1,3,119684.25,5,3,4,Loyal
15526.0,32,1,13496.7,4,1,1,Potential
15527.0,38,12,298487.7,4,5,5,Champions
15528.0,253,1,24079.65,2,1,1,Hibernating
15529.0,66,9,416868.9,4,5,5,Champions
15530.0,168,3,136736.25,3,3,4,Loyal
15531.0,7,1,50938.65,5,1,2,Potential
15532.0,24,6,244968.15,5,5,5,Champions
15533.0,18,2,73761.45000000001,5,3,3,Loyal
15534.0,725,1,17036.25,1,1,1,Hibernating
15535.0,235,3,49086.45,2,3,2,At Risk
15536.0,408,1,27204.45,2,1,2,Hibernating
15538.0,537,4,219229.5,1,4,4,At Risk
15540.0,375,1,25974.9,2,1,2,Hibernating
15541.0,113,1,8938.65,3,1,1,Potential
15542.0,511,2,73212.29999999999,1,3,3,At Risk
15544.0,210,7,287731.5,3,5,5,Loyal
15545.0,53,2,44945.25,4,3,2,Loyal
15547.0,6,21,947272.2000000001,5,5,5,Champions
15548.0,595,1,16599.45,1,1,1,Hibernating
15549.0,315,4,155961.75,2,4,4,At Risk
15550.0,105,7,146187.30000000002,3,5,4,Loyal
15551.0,393,6,133772.1,2,5,4,At Risk
15552.0,216,2,26514.6,3,3,2,Loyal
15553.0,59,1,45909.15,4,1,2,Potential
15554.0,277,1,22806.0,2,1,1,Hibernating
15555.0,11,23,877856.7,5,5,5,Champions
15558.0,638,1,22483.65,1,1,1,Hibernating
15559.0,567,1,116487.0,1,1,4,Hibernating
15560.0,397,1,11898.6,2,1,1,Hibernating
15561.0,149,5,130235.7,3,4,4,Loyal
15562.0,351,3,70704.9,2,3,3,At Risk
15563.0,21,6,247193.1,5,5,5,Champions
15564.0,462,2,7427.7,1,3,1,At Risk
15565.0,49,1,8857.8,4,1,1,Potential
15566.0,392,2,23926.35,2,3,1,At Risk
15569.0,131,4,194664.75,3,4,4,Loyal
15570.0,6,14,478086.0,5,5,5,Champions
15571.0,77,5,140528.85,3,4,4,Loyal
15572.0,25,6,303015.3,4,5,5,Champions
15573.0,31,4,115587.15,4,4,4,Champions
15574.0,177,4,121272.9,3,4,4,Loyal
15575.0,619,1,3160.5,1,1,1,Hibernating
15576.0,37,1,98770.35,4,1,3,Potential
15577.0,722,1,1491.0,1,1,1,Hibernating
15578.0,161,1,13345.5,3,1,1,Potential
15579.0,68,3,106494.15,4,3,4,Loyal
15580.0,376,7,133913.85,2,5,4,At Risk
15581.0,120,26,676358.55,3,5,5,Loyal
15582.0,24,2,46726.05,5,3,2,Loyal
15583.0,375,1,11325.3,2,1,1,Hibernating
15584.0,47,5,119011.2,4,4,4,Champions
15585.0,176,1,47806.5,3,1,2,Potential
15586.0,592,2,48182.4,1,3,2,At Risk
15587.0,49,6,148062.6,4,5,4,Champions
15588.0,677,1,60858.0,1,1,3,Hibernating
15589.0,255,3,50245.65,2,3,2,At Risk
15590.0,381,4,132180.30000000002,2,4,4,At Risk
15591.0,673,1,4336.5,1,1,1,Hibernating
15592.0,46,1,40800.9,4,1,2,Potential
15593.0,70,1,20979.0,4,1,1,Potential
15594.0,29,1,19167.75,4,1,1,Potential
15596.0,281,5,251787.9,2,4,5,At Risk
15597.0,34,1,34079.85,4,1,2,Potential
15598.0,52,2,57542.100000000006,4,3,3,Loyal
15599.0,26,2,79982.70000000001,4,3,3,Loyal
15600.0,427,4,125927.55,1,4,4,At Risk
15601.0,10,16,716962.05,5,5,5,Champions
15602.0,7,11,211063.65,5,5,4,Champions
15603.0,78,1,5090.4,3,1,1,Potential
15604.0,51,1,22720.95,4,1,1,Potential
15605.0,35,6,137894.4,4,5,4,Champions
15606.0,60,9,294312.9,4,5,5,Champions
15607.0,336,4,93034.2,2,4,3,At Risk
15608.0,59,1,2620.8,4,1,1,Potential
15610.0,51,1,11808.3,4,1,1,Potential
15611.0,9,16,194143.94999999998,5,5,4,Champions
15612.0,35,1,13177.5,4,1,1,Potential
15613.0,609,1,45540.6,1,1,2,Hibernating
15614.0,437,4,330472.8,1,4,5,At Risk
15615.0,45,32,1322649.3,4,5,5,Champions
15617.0,395,3,86997.75,2,3,3,At Risk
15618.0,32,4,81569.35,4,4,3,Loyal
15619.0,10,1,35322.0,5,1,2,Potential
15620.0,357,2,85435.35,2,3,3,At Risk
15621.0,3,3,85191.75,5,3,3,Loyal
15622.0,42,8,422709.0,4,5,5,Champions
15623.0,140,8,255890.25,3,5,5,Loyal
15624.0,134,1,21906.15,3,1,1,Potential
15625.0,103,4,119103.6,3,4,4,Loyal
15626.0,329,2,70728.0,2,3,3,At Risk
15627.0,456,1,30107.7,1,1,2,Hibernating
15628.0,4,14,449749.65,5,5,5,Champions
15629.0,449,2,62361.6,1,3,3,At Risk
15630.0,44,2,124566.75,4,3,4,Loyal
15631.0,641,1,62650.35,1,1,3,Hibernating
15632.0,121,6,246943.2,3,5,5,Loyal
15633.0,508,8,271092.15,1,5,5,At Risk
15634.0,16,1,25572.75,5,1,2,Potential
15635.0,395,1,10536.75,2,1,1,Hibernating
15636.0,281,2,73042.2,2,3,3,At Risk
15637.0,413,2,24627.75,2,3,1,At Risk
15638.0,378,5,213969.0,2,4,4,At Risk
15639.0,133,3,111833.4,3,3,4,Loyal
15640.0,3,19,1720600.35,5,5,5,Champions
15641.0,260,10,484368.14999999997,2,5,5,At Risk
15642.0,729,1,11106.9,1,1,1,Hibernating
15643.0,191,2,65577.75,3,3,3,Loyal
15644.0,165,3,81543.0,3,3,3,Loyal
15645.0,424,1,44673.3,1,1,2,Hibernating
15646.0,157,4,62476.05,3,4,3,Loyal
15647.0,414,1,17745.0,2,1,1,Hibernating
15648.0,203,2,69021.75,3,3,3,Loyal
15649.0,335,2,88656.75,2,3,3,At Risk
15650.0,521,1,20454.0,1,1,1,Hibernating
15651.0,260,3,88208.4,2,3,3,At Risk
15652.0,386,3,84088.2,2,3,3,At Risk
15653.0,92,2,92131.2,3,3,3,Loyal
15654.0,8,1,34388.55,5,1,2,Potential
15656.0,44,4,78592.5,4,4,3,Loyal
15657.0,22,1,3150.0,5,1,1,Potential
15658.0,189,5,154444.5,3,4,4,Loyal
15659.0,386,2,23734.2,2,3,1,At Risk
15660.0,24,11,201104.40000000002,5,5,4,Champions
15661.0,338,6,89887.35,2,5,3,At Risk
15662.0,660,2,29791.65,1,3,2,At Risk
15663.0,105,1,14504.7,3,1,1,Potential
15664.0,50,4,131673.15,4,4,4,Champions
15665.0,242,3,270658.5,2,3,5,At Risk
15666.0,494,1,42657.3,1,1,2,Hibernating
15668.0,217,1,8013.6,3,1,1,Potential
15669.0,175,2,45647.7,3,3,2,Loyal
15670.0,555,1,15975.75,1,1,1,Hibernating
15671.0,18,4,176277.15,5,4,4,Champions
15672.0,724,1,4756.5,1,1,1,Hibernating
15673.0,87,5,403219.95,3,4,5,Loyal
15674.0,213,9,447498.45,3,5,5,Loyal
15675.0,80,4,56914.2,3,4,3,Loyal
15676.0,18,2,111900.6,5,3,4,Loyal
15677.0,420,2,68082.0,2,3,3,At Risk
15678.0,52,1,37033.5,4,1,2,Potential
15679.0,182,1,18713.1,3,1,1,Potential
15680.0,8,7,299652.15,5,5,5,Champions
15681.0,182,9,202618.5,3,5,4,Loyal
15682.0,598,1,20029.8,1,1,1,Hibernating
15683.0,473,1,34732.95,1,1,2,Hibernating
15685.0,449,1,5877.9,1,1,1,Hibernating
15687.0,8,4,137933.25,5,4,4,Champions
15689.0,361,2,38895.15,2,3,2,At Risk
15690.0,3,2,25174.8,5,3,2,Loyal
15691.0,251,3,42997.5,2,3,2,At Risk
15692.0,27,1,20059.2,4,1,1,Potential
15694.0,0,13,651475.65,5,5,5,Champions
15695.0,266,2,74375.70000000001,2,3,3,At Risk
15696.0,79,10,265144.95,3,5,5,Loyal
15697.0,689,1,25908.75,1,1,2,Hibernating
15699.0,17,1,32513.25,5,1,2,Potential
15700.0,172,1,72741.9,3,1,3,Potential
15701.0,1,2,123473.7,5,3,4,Loyal
15702.0,475,2,14740.95,1,3,1,At Risk
15704.0,186,3,219745.05000000002,3,3,4,Loyal
15706.0,63,3,102979.8,4,3,4,Loyal
15707.0,34,2,62010.9,4,3,3,Loyal
15708.0,40,5,292471.2,4,4,5,Champions
15709.0,588,1,20433.0,1,1,1,Hibernating
15710.0,416,1,94381.35,2,1,3,Hibernating
15711.0,556,2,44126.25,1,3,2,At Risk
15712.0,109,7,203286.3,3,5,4,Loyal
15713.0,142,3,80527.65,3,3,3,Loyal
15714.0,11,3,65239.65,5,3,3,Loyal
15715.0,555,3,41226.15,1,3,2,At Risk
15716.0,145,9,190597.05,3,5,4,Loyal
15717.0,233,5,63735.0,2,4,3,At Risk
15718.0,539,1,30847.95,1,1,2,Hibernating
15719.0,32,17,653682.75,4,5,5,Champions
15720.0,549,1,15034.95,1,1,1,Hibernating
15722.0,35,8,320591.25,4,5,5,Champions
15723.0,364,2,46621.05,2,3,2,At Risk
15724.0,200,3,32639.25,3,3,2,Loyal
15726.0,389,1,33800.55,2,1,2,Hibernating
15727.0,106,8,553691.25,3,5,5,Loyal
15728.0,379,2,57183.0,2,3,3,At Risk
15729.0,212,3,20217.75,3,3,1,Loyal
15730.0,65,4,132210.75,4,4,4,Champions
15731.0,553,1,13156.5,1,1,1,Hibernating
15732.0,211,5,118597.5,3,4,4,Loyal
15735.0,420,1,34406.4,2,1,2,Hibernating
15736.0,434,1,163187.85,1,1,4,Hibernating
15737.0,14,4,36063.3,5,4,2,Loyal
15738.0,18,26,903675.15,5,5,5,Champions
15740.0,48,1,16262.4,4,1,1,Potential
15741.0,457,1,15274.35,1,1,1,Hibernating
15742.0,618,1,16471.35,1,1,1,Hibernating
15743.0,113,2,45575.25,3,3,2,Loyal
15745.0,33,3,96314.4,4,3,3,Loyal
15746.0,133,1,20672.4,3,1,1,Potential
15747.0,12,4,125211.45,5,4,4,Champions
15748.0,39,3,64549.8,4,3,3,Loyal
15749.0,234,1,2261269.5,2,1,5,Hibernating
15750.0,170,10,358882.76,3,5,5,Loyal
15751.0,460,8,140389.2,1,5,4,At Risk
15752.0,149,5,260068.2,3,4,5,Loyal
15753.0,304,1,8316.0,2,1,1,Hibernating
15754.0,50,6,123048.45,4,5,4,Champions
15755.0,87,7,270137.7,3,5,5,Loyal
15756.0,60,2,30833.25,4,3,2,Loyal
15757.0,65,6,308737.80000000005,4,5,5,Champions
15759.0,217,6,67969.65,3,5,3,Loyal
15761.0,442,1,15020.25,1,1,1,Hibernating
15764.0,87,5,410769.45,3,4,5,Loyal
15766.0,63,2,66093.3,4,3,3,Loyal
15768.0,115,23,1110550.35,3,5,5,Loyal
15769.0,6,30,6092091.6,5,5,5,Champions
15771.0,693,1,33206.25,1,1,2,Hibernating
15772.0,417,1,29492.4,2,1,2,Hibernating
15774.0,68,4,100084.95,4,4,3,Loyal
15775.0,631,1,4788.0,1,1,1,Hibernating
15776.0,132,1,25370.1,3,1,2,Potential
15777.0,317,4,115678.5,2,4,4,At Risk
15778.0,430,1,32334.75,1,1,2,Hibernating
15779.0,531,1,7074.9,1,1,1,Hibernating
15780.0,242,2,42289.8,2,3,2,At Risk
15781.0,24,2,22838.55,5,3,1,Loyal
15782.0,88,2,318958.5,3,3,5,Loyal
15783.0,10,1,25861.5,5,1,2,Potential
15784.0,467,2,89074.65,1,3,3,At Risk
15785.0,157,8,185116.05,3,5,4,Loyal
15786.0,45,5,894056.1,4,4,5,Champions
15787.0,25,3,99545.25,4,3,3,Loyal
15789.0,542,3,86579.85,1,3,3,At Risk
15790.0,9,1,23189.25,5,1,1,Potential
15791.0,43,4,346606.05,4,4,5,Champions
15792.0,399,1,47985.0,2,1,2,Hibernating
15793.0,14,7,221338.95,5,5,4,Champions
15794.0,735,2,81585.0,1,3,3,At Risk
15795.0,149,7,191411.85,3,5,4,Loyal
15796.0,0,14,456285.9,5,5,5,Champions
15797.0,112,6,296213.4,3,5,5,Loyal
15798.0,492,1,43124.55,1,1,2,Hibernating
15799.0,333,2,90338.85,2,3,3,At Risk
15800.0,106,4,75429.9,3,4,3,Loyal
15801.0,45,3,111714.75,4,3,4,Loyal
15802.0,142,1,47399.1,3,1,2,Potential
15803.0,50,3,149177.7,4,3,4,Loyal
15804.0,0,10,315324.45,5,5,5,Champions
15805.0,22,19,654400.95,5,5,5,Champions
15806.0,276,1,31537.8,2,2,2,Hibernating
15807.0,49,2,80165.4,4,3,3,Loyal
15808.0,305,12,1089643.8,2,5,5,At Risk
15809.0,35,5,54155.850000000006,4,4,3,Loyal
15810.0,78,5,176073.44999999998,3,4,4,Loyal
15811.0,205,3,234999.44999999998,3,3,5,Loyal
15812.0,106,8,415186.8,3,5,5,Loyal
15813.0,207,2,136910.55,3,3,4,Loyal
15814.0,16,4,172198.95,5,4,4,Champions
15815.0,140,3,149278.5,3,3,4,Loyal
15817.0,420,1,63135.45,2,2,3,Hibernating
15819.0,130,5,204498.0,3,4,4,Loyal
15821.0,43,1,33261.9,4,2,2,Potential
15822.0,2,3,82075.35,5,3,3,Loyal
15826.0,567,1,99116.85,1,2,3,Hibernating
15827.0,72,17,240874.2,4,5,5,Champions
15829.0,98,2,66794.7,3,3,3,Loyal
15830.0,37,1,60480.0,4,2,3,Potential
15831.0,57,3,84184.8,4,3,3,Loyal
15832.0,253,1,87862.95,2,2,3,Hibernating
15834.0,69,6,276810.45,4,5,5,Champions
15835.0,43,4,100179.45,4,4,3,Loyal
15837.0,64,2,81586.05,4,3,3,Loyal
15838.0,10,24,3734892.0,5,5,5,Champions
15839.0,32,3,110091.45000000001,4,3,4,Loyal
15840.0,58,2,37333.8,4,3,2,Loyal
15841.0,72,3,82785.15,4,3,3,Loyal
15842.0,392,2,57624.0,2,3,3,At Risk
15845.0,17,6,276452.4,5,5,5,Champions
15846.0,384,1,11236.05,2,2,1,Hibernating
15847.0,37,4,67398.45,4,4,3,Loyal
15848.0,621,1,14693.7,1,2,1,Hibernating
15850.0,167,5,98568.75,3,4,3,Loyal
15851.0,526,1,11521.65,1,2,1,Hibernating
15852.0,196,1,10837.05,3,2,1,Potential
15854.0,3,17,493327.8,5,5,5,Champions
15855.0,136,4,64726.2,3,4,3,Loyal
15856.0,3,33,2483030.5500000003,5,5,5,Champions
15857.0,18,1,31185.0,5,2,2,Potential
15858.0,59,8,277631.55,4,5,5,Champions
15859.0,431,1,46038.3,1,2,2,Hibernating
15860.0,40,12,159687.15,4,5,4,Champions
15861.0,21,7,267386.7,5,5,5,Champions
15862.0,7,6,116694.9,5,5,4,Champions
15863.0,192,3,16606.8,3,3,1,Loyal
15864.0,26,4,101217.9,4,4,3,Loyal
15865.0,40,3,128198.70000000001,4,3,4,Loyal
15866.0,100,1,24205.65,3,2,1,Potential
15867.0,4,17,557627.7,5,5,5,Champions
15868.0,582,1,9925.65,1,2,1,Hibernating
15869.0,276,1,6466.95,2,2,1,Hibernating
15870.0,396,1,14519.4,2,2,1,Hibernating
15871.0,436,1,3475.5,1,2,1,Hibernating
15872.0,14,4,83546.4,5,4,3,Loyal
15873.0,499,3,30088.8,1,3,2,At Risk
15874.0,63,16,1016626.8,4,5,5,Champions
15876.0,447,1,76734.0,1,2,3,Hibernating
15877.0,1,1,26357.1,5,2,2,Potential
15878.0,561,2,34730.850000000006,1,3,2,At Risk
15879.0,403,4,121516.5,2,4,4,At Risk
15881.0,363,1,12017.25,2,2,1,Hibernating
15882.0,198,6,125425.65,3,5,4,Loyal
15883.0,1,2,41630.399999999994,5,3,2,Loyal
15884.0,735,1,25389.0,1,2,2,Hibernating
15885.0,92,10,160972.35,3,5,4,Loyal
15886.0,59,3,65620.8,4,3,3,Loyal
15887.0,406,2,61425.0,2,3,3,At Risk
15888.0,80,2,36478.05,3,3,2,Loyal
15889.0,379,3,41336.4,2,3,2,At Risk
15890.0,394,4,39453.75,2,4,2,At Risk
15891.0,226,1,55074.6,2,2,3,Hibernating
15892.0,668,1,13461.0,1,2,1,Hibernating
15895.0,149,1,18812.85,3,2,1,Potential
15897.0,193,2,23315.25,3,3,1,Loyal
15898.0,264,16,408867.89999999997,2,5,5,At Risk
15900.0,23,4,94542.0,5,4,3,Loyal
15901.0,16,3,46694.55,5,3,2,Loyal
15902.0,379,1,15226.05,2,2,1,Hibernating
15903.0,9,4,349776.0,5,4,5,Champions
15904.0,7,1,17291.4,5,2,1,Potential
15905.0,542,1,12042.45,1,2,1,Hibernating
15906.0,19,5,94120.95,5,4,3,Loyal
15907.0,3,3,101582.25,5,3,4,Loyal
15908.0,490,2,80279.85,1,3,3,At Risk
15909.0,173,1,20153.7,3,2,1,Potential
15910.0,14,13,254901.15,5,5,5,Champions
15911.0,623,5,91314.3,1,4,3,At Risk
15912.0,177,6,77821.8,3,5,3,Loyal
15913.0,533,1,661.5,1,2,1,Hibernating
15914.0,377,2,21628.95,2,3,1,At Risk
15916.0,15,9,256704.0,5,5,5,Champions
15917.0,247,4,51850.05,2,4,3,At Risk
15918.0,190,1,20184.15,3,2,1,Potential
15919.0,19,1,38762.85,5,2,2,Potential
15920.0,153,4,23783.55,3,4,1,Loyal
15921.0,172,3,64437.450000000004,3,3,3,Loyal
15923.0,372,1,26686.8,2,2,2,Hibernating
15924.0,730,1,10796.1,1,2,1,Hibernating
15925.0,193,1,21750.75,3,2,1,Potential
15927.0,646,1,12955.95,1,2,1,Hibernating
15929.0,643,1,62370.0,1,2,3,Hibernating
15930.0,66,1,44796.15,4,2,2,Potential
15931.0,427,1,25189.5,1,2,2,Hibernating
15932.0,3,6,196831.95,5,5,4,Champions
15933.0,70,2,76468.35,4,3,3,Loyal
15934.0,417,2,230019.3,2,3,5,At Risk
15935.0,241,1,32426.1,2,2,2,Hibernating
15936.0,378,1,11672.85,2,2,1,Hibernating
15938.0,200,8,69880.65,3,5,3,Loyal
15939.0,89,12,747220.95,3,5,5,Loyal
15940.0,310,1,3759.0,2,2,1,Hibernating
15941.0,636,1,42525.0,1,2,2,Hibernating
15942.0,133,1,35431.2,3,2,2,Potential
15943.0,649,1,15286.95,1,2,1,Hibernating
15944.0,276,4,227245.2,2,4,5,At Risk
15945.0,441,1,11964.75,1,2,1,Hibernating
15946.0,502,3,241938.90000000002,1,3,5,At Risk
15947.0,82,1,179365.2,3,2,4,Potential
15948.0,7,2,100300.2,5,3,3,Loyal
15949.0,16,1,13406.4,5,2,1,Potential
15950.0,78,6,501901.05,3,5,5,Loyal
15951.0,285,2,71412.6,2,3,3,At Risk
15952.0,158,2,34419.0,3,3,2,Loyal
15953.0,14,10,215078.85,5,5,4,Champions
15954.0,588,1,20028.75,1,2,1,Hibernating
15955.0,58,15,603902.25,4,5,5,Champions
15956.0,550,1,30576.0,1,2,2,Hibernating
15957.0,31,3,97660.5,4,3,3,Loyal
15958.0,73,4,51763.95,4,4,3,Loyal
15959.0,681,3,60846.45,1,3,3,At Risk
15960.0,373,4,43149.75,2,4,2,At Risk
15962.0,448,1,31062.15,1,2,2,Hibernating
15965.0,28,8,191469.6,4,5,4,Champions
15966.0,450,1,44785.65,1,2,2,Hibernating
15967.0,438,5,160608.0,1,4,4,At Risk
15969.0,425,1,37504.95,1,2,2,Hibernating
15970.0,303,2,106818.6,2,3,4,At Risk
15971.0,52,9,372894.9,4,5,5,Champions
15972.0,455,2,67287.15,1,3,3,At Risk
15973.0,366,2,102211.2,2,3,4,At Risk
15974.0,38,2,72984.45,4,3,3,Loyal
15975.0,83,1,38956.05,3,2,2,Potential
15976.0,164,4,123331.95,3,4,4,Loyal
15977.0,16,2,110746.65,5,3,4,Loyal
15978.0,76,1,115371.9,3,2,4,Potential
15980.0,88,4,445107.60000000003,3,4,5,Loyal
15981.0,24,12,655725.0,5,5,5,Champions
15982.0,604,1,34073.55,1,2,2,Hibernating
15983.0,21,4,191367.75,5,4,4,Champions
15984.0,3,19,531038.55,5,5,5,Champions
15985.0,485,2,70207.20000000001,1,3,3,At Risk
15986.0,29,2,37214.1,4,3,2,Loyal
15987.0,11,6,151810.05,5,5,4,Champions
15988.0,18,3,80859.45000000001,5,3,3,Loyal
15989.0,375,2,39113.55,2,3,2,At Risk
15990.0,43,3,91512.75,4,3,3,Loyal
15992.0,3,2,60464.25,5,3,3,Loyal
15993.0,8,5,247941.75,5,4,5,Champions
15994.0,54,2,87279.15,4,3,3,Loyal
15995.0,413,1,73099.95,2,2,3,Hibernating
15996.0,115,6,161078.4,3,5,4,Loyal
15998.0,36,9,438503.1,4,5,5,Champions
15999.0,735,1,2142.0,1,2,1,Hibernating
16000.0,2,2,1086508.5,5,3,5,Loyal
16002.0,624,1,17767.05,1,2,1,Hibernating
16003.0,29,6,357459.9,4,5,5,Champions
16004.0,562,2,152821.2,1,3,4,At Risk
16005.0,11,9,221510.1,5,5,4,Champions
16006.0,387,1,25805.85,2,2,2,Hibernating
16007.0,47,3,149690.1,4,3,4,Loyal
16008.0,74,9,330955.8,4,5,5,Champions
16009.0,43,2,89349.75,4,3,3,Loyal
16010.0,245,6,110959.8,2,5,4,At Risk
16011.0,29,13,260159.55,4,5,5,Champions
16012.0,154,2,101243.1,3,3,3,Loyal
16013.0,18,55,3979086.3,5,5,5,Champions
16014.0,151,2,55642.65,3,3,3,Loyal
16015.0,3,3,74065.95,5,3,3,Loyal
16016.0,14,6,166783.05,5,5,4,Champions
16017.0,46,4,119619.15,4,4,4,Champions
16018.0,179,3,47368.65,3,3,2,Loyal
16019.0,52,18,1267089.6,4,5,5,Champions
16020.0,16,2,87623.55,5,3,3,Loyal
16021.0,394,1,39990.3,2,2,2,Hibernating
16023.0,45,2,56906.85,4,3,3,Loyal
16024.0,11,2,47278.350000000006,5,3,2,Loyal
16025.0,29,1,46164.3,4,2,2,Potential
16026.0,42,1,24789.45,4,2,1,Potential
16027.0,91,7,73351.95,3,5,3,Loyal
16028.0,595,1,8631.0,1,2,1,Hibernating
16029.0,38,64,7543591.65,4,5,5,Champions
16030.0,309,1,34780.2,2,2,2,Hibernating
16031.0,246,1,32091.15,2,2,2,Hibernating
16032.0,455,6,206897.25,1,5,4,At Risk
16033.0,5,22,892099.95,5,5,5,Champions
16034.0,195,6,97515.6,3,5,3,Loyal
16035.0,559,1,22861.65,1,2,1,Hibernating
16036.0,86,3,179356.8,3,3,4,Loyal
16037.0,304,4,132066.9,2,4,4,At Risk
16038.0,7,3,49536.9,5,3,2,Loyal
16039.0,423,1,32856.6,1,2,2,Hibernating
16040.0,529,2,56836.5,1,3,3,At Risk
16041.0,30,2,261597.0,4,3,5,Loyal
16042.0,21,6,133462.35,5,5,4,Champions
16043.0,210,5,114506.7,3,4,4,Loyal
16044.0,434,1,35788.2,1,2,2,Hibernating
16045.0,161,6,268845.15,3,5,5,Loyal
16048.0,372,3,60105.15,2,3,3,At Risk
16049.0,39,6,199466.4,4,5,4,Champions
16050.0,173,2,23992.5,3,3,1,Loyal
16053.0,32,3,177035.25,4,4,4,Champions
16054.0,144,1,82309.5,3,2,3,Potential
16055.0,220,1,14154.0,2,2,1,Hibernating
16057.0,15,7,357897.75,5,5,5,Champions
16059.0,71,7,202462.05,4,5,4,Champions
16060.0,430,1,12584.25,1,2,1,Hibernating
16061.0,430,1,9413.25,1,2,1,Hibernating
16062.0,9,5,211016.4,5,4,4,Champions
16065.0,379,4,90640.2,2,4,3,At Risk
16066.0,16,2,47255.25,5,3,2,Loyal
16069.0,417,1,48058.5,2,2,2,Hibernating
16070.0,21,1,17356.5,5,2,1,Potential
16071.0,44,2,53617.2,4,3,3,Loyal
16072.0,427,2,197917.65000000002,1,3,4,At Risk
16073.0,296,1,12852.0,2,2,1,Hibernating
16074.0,389,1,27851.25,2,2,2,Hibernating
16076.0,2,7,155012.55,5,5,4,Champions
16078.0,283,1,8316.0,2,2,1,Hibernating
16079.0,16,2,109029.9,5,3,4,Loyal
16080.0,81,3,31070.55,3,4,2,Loyal
16081.0,55,7,435222.9,4,5,5,Champions
16082.0,669,1,11208.75,1,2,1,Hibernating
16083.0,100,2,177422.7,3,3,4,Loyal
16085.0,22,6,143789.1,5,5,4,Champions
16086.0,58,5,149164.05,4,4,4,Champions
16087.0,388,4,148520.4,2,4,4,At Risk
16088.0,575,2,150930.15,1,3,4,At Risk
16089.0,385,2,28501.2,2,3,2,At Risk
16091.0,198,1,16511.25,3,2,1,Potential
16092.0,253,4,113499.75,2,4,4,At Risk
16093.0,106,1,1785.0,3,2,1,Potential
16094.0,28,6,200642.40000000002,4,5,4,Champions
16095.0,455,1,46940.25,1,2,2,Hibernating
16096.0,263,3,134232.0,2,4,4,At Risk
16097.0,239,1,19430.25,2,2,1,Hibernating
16098.0,127,7,237996.15,3,5,5,Loyal
16099.0,225,3,79222.5,2,4,3,At Risk
16100.0,462,1,61177.2,1,2,3,Hibernating
16101.0,434,3,203538.3,1,4,4,At Risk
16103.0,6,12,349135.5,5,5,5,Champions
16104.0,61,6,156703.05,4,5,4,Champions
16105.0,438,3,152636.4,1,4,4,At Risk
16106.0,65,1,11379.9,4,2,1,Potential
16107.0,17,2,97156.5,5,3,3,Loyal
16108.0,84,4,234771.6,3,4,5,Loyal
16110.0,261,1,29844.15,2,2,2,Hibernating
16112.0,154,3,16713.9,3,4,1,Loyal
16113.0,182,1,16944.9,3,2,1,Potential
16115.0,71,5,126890.4,4,4,4,Champions
16116.0,211,1,64341.9,3,2,3,Potential
16117.0,189,2,54694.5,3,3,3,Loyal
16119.0,7,7,163801.05,5,5,4,Champions
16120.0,58,3,32791.5,4,4,2,Loyal
16121.0,390,3,64047.9,2,4,3,At Risk
16122.0,72,5,90008.1,4,4,3,Loyal
16123.0,51,1,32316.9,4,2,2,Potential
16125.0,380,6,197131.2,2,5,4,At Risk
16126.0,28,12,1420172.25,4,5,5,Champions
16127.0,726,1,15231.3,1,2,1,Hibernating
16128.0,17,10,363216.0,5,5,5,Champions
16129.0,429,2,99471.75,1,3,3,At Risk
16130.0,421,3,79267.65,2,4,3,At Risk
16131.0,115,6,668417.3999999999,3,5,5,Loyal
16132.0,543,2,69741.0,1,3,3,At Risk
16133.0,6,36,1729268.1,5,5,5,Champions
16134.0,21,4,130060.35,5,4,4,Champions
16136.0,77,2,39979.8,3,3,2,Loyal
16137.0,679,1,44383.5,1,2,2,Hibernating
16138.0,378,2,41384.7,2,3,2,At Risk
16139.0,206,3,64631.7,3,4,3,Loyal
16140.0,65,2,89178.6,4,3,3,Loyal
16141.0,87,2,100373.7,3,3,3,Loyal
16142.0,249,1,56210.7,2,2,3,Hibernating
16143.0,2,12,515637.15,5,5,5,Champions
16145.0,8,13,496866.3,5,5,5,Champions
16146.0,156,3,70658.7,3,4,3,Loyal
16147.0,406,1,77049.0,2,2,3,Hibernating
16149.0,4,2,29454.600000000002,5,3,2,Loyal
16150.0,88,8,369604.2,3,5,5,Loyal
16153.0,115,8,403390.05,3,5,5,Loyal
16155.0,450,2,35049.0,1,3,2,At Risk
16156.0,8,16,567164.85,5,5,5,Champions
16157.0,23,1,26037.9,5,2,2,Potential
16158.0,521,7,51205.35,1,5,2,At Risk
16159.0,281,3,96100.20000000001,2,4,3,At Risk
16160.0,64,2,107671.2,4,3,4,Loyal
16161.0,1,33,1124582.55,5,5,5,Champions
16162.0,251,1,3927.0,2,2,1,Hibernating
16163.0,416,3,158453.4,2,4,4,At Risk
16164.0,42,1,25762.8,4,2,2,Potential
16166.0,427,2,45762.15,1,3,2,At Risk
16167.0,413,3,60456.9,2,4,3,At Risk
16168.0,10,43,790020.0,5,5,5,Champions
16169.0,75,1,61683.3,3,2,3,Potential
16170.0,50,13,471409.05,4,5,5,Champions
16171.0,58,1,7686.0,4,2,1,Potential
16172.0,94,7,171732.75,3,5,4,Loyal
16173.0,15,2,52974.6,5,3,3,Loyal
16174.0,134,4,143036.25,3,4,4,Loyal
16175.0,168,5,141040.2,3,4,4,Loyal
16176.0,420,3,174036.45,2,4,4,At Risk
16177.0,49,6,207538.8,4,5,4,Champions
16178.0,137,2,64323.0,3,3,3,Loyal
16179.0,60,1,22662.15,4,2,1,Potential
16180.0,99,7,998072.25,3,5,5,Loyal
16181.0,72,1,32081.7,4,2,2,Potential
16182.0,71,6,798803.25,4,5,5,Champions
16183.0,394,2,29925.0,2,3,2,At Risk
16184.0,63,1,18163.95,4,2,1,Potential
16185.0,564,1,12107.55,1,2,1,Hibernating
16186.0,66,15,531961.5,4,5,5,Champions
16187.0,31,8,400764.0,4,5,5,Champions
16188.0,140,4,90387.15,3,4,3,Loyal
16189.0,15,2,22625.4,5,3,1,Loyal
16190.0,39,5,201784.8,4,4,4,Champions
16191.0,22,17,1017019.5,5,5,5,Champions
16193.0,410,1,33177.9,2,2,2,Hibernating
16195.0,722,1,33941.25,1,2,2,Hibernating
16196.0,488,1,9796.5,1,2,1,Hibernating
16197.0,468,7,147630.0,1,5,4,At Risk
16198.0,436,1,66082.8,1,2,3,Hibernating
16199.0,443,6,49376.25,1,5,2,At Risk
16200.0,382,6,266025.9,2,5,5,At Risk
16201.0,2,5,221772.6,5,4,4,Champions
16202.0,360,5,155127.0,2,4,4,At Risk
16203.0,58,4,71905.05,4,4,3,Loyal
16204.0,730,1,22393.35,1,2,1,Hibernating
16205.0,36,2,65675.4,4,3,3,Loyal
16206.0,54,7,121133.25,4,5,4,Champions
16207.0,24,1,41409.9,5,2,2,Potential
16208.0,44,6,190054.2,4,5,4,Champions
16209.0,88,8,413855.4,3,5,5,Loyal
16210.0,14,19,2346082.2,5,5,5,Champions
16211.0,420,2,57074.85,2,3,3,At Risk
16212.0,18,3,99890.7,5,4,3,Loyal
16213.0,78,1,16695.0,3,2,1,Potential
16214.0,170,2,89885.25,3,3,3,Loyal
16215.0,80,1,25446.75,3,2,2,Potential
16216.0,266,1,96067.65,2,2,3,Hibernating
16217.0,281,1,19215.0,2,2,1,Hibernating
16218.0,138,8,340604.25,3,5,5,Loyal
16221.0,36,7,168754.95,4,5,4,Champions
16222.0,317,2,141248.1,2,3,4,At Risk
16223.0,395,1,62662.95,2,2,3,Hibernating
16224.0,56,4,130284.0,4,4,4,Champions
16225.0,44,8,152822.25,4,5,4,Champions
16226.0,202,5,70577.85,3,4,3,Loyal
16227.0,224,2,66614.1,2,3,3,At Risk
16228.0,399,1,26752.95,2,2,2,Hibernating
16229.0,86,5,220390.8,3,4,4,Loyal
16230.0,219,1,28972.65,2,2,2,Hibernating
16231.0,378,3,82600.35,2,4,3,At Risk
16232.0,43,4,149754.15,4,4,4,Champions
16233.0,70,6,123365.55,4,5,4,Champions
16234.0,514,1,11077.5,1,2,1,Hibernating
16235.0,40,4,61100.55,4,4,3,Loyal
16236.0,77,1,45381.0,3,2,2,Potential
16237.0,436,1,14348.25,1,2,1,Hibernating
16239.0,56,5,120151.5,4,4,4,Champions
16240.0,23,2,390474.0,5,3,5,Loyal
16241.0,9,10,323827.35,5,5,5,Champions
16242.0,31,9,528152.1,4,5,5,Champions
16243.0,33,2,42955.5,4,3,2,Loyal
16244.0,211,2,270834.89999999997,3,3,5,Loyal
16245.0,23,3,148434.3,5,4,4,Champions
16246.0,459,2,86861.25,1,3,3,At Risk
16247.0,169,1,12028.8,3,2,1,Potential
16249.0,112,3,116448.15,3,4,4,Loyal
16250.0,386,1,18459.0,2,2,1,Hibernating
16251.0,511,1,13472.55,1,2,1,Hibernating
16252.0,382,1,30984.45,2,2,2,Hibernating
16253.0,419,4,309738.45,2,4,5,At Risk
16254.0,377,3,103439.7,2,4,4,At Risk
16255.0,95,9,252224.7,3,5,5,Loyal
16256.0,266,2,138838.34999999998,2,3,4,At Risk
16257.0,176,1,4929.75,3,2,1,Potential
16258.0,44,9,811596.45,4,5,5,Champions
16259.0,409,3,38003.7,2,4,2,At Risk
16260.0,50,1,108722.25,4,2,4,Potential
16261.0,16,4,67312.35,5,4,3,Loyal
16262.0,377,1,79290.75,2,2,3,Hibernating
16263.0,422,1,36856.05,2,2,2,Hibernating
16264.0,445,1,58535.4,1,2,3,Hibernating
16265.0,42,8,425158.65,4,5,5,Champions
16266.0,136,9,121228.8,3,5,4,Loyal
16268.0,70,2,70103.25,4,3,3,Loyal
16270.0,352,1,119830.2,2,2,4,Hibernating
16271.0,2,9,292317.9,5,5,5,Champions
16272.0,116,1,43228.5,3,2,2,Potential
16273.0,655,1,27251.7,1,2,2,Hibernating
16275.0,196,2,131849.55,3,3,4,Loyal
16276.0,607,1,111022.8,1,2,4,Hibernating
16278.0,99,1,59469.9,3,2,3,Potential
16279.0,20,7,490738.5,5,5,5,Champions
16281.0,71,3,359522.1,4,4,5,Champions
16282.0,718,1,28350.0,1,2,2,Hibernating
16283.0,67,4,375564.0,4,4,5,Champions
16284.0,30,2,86516.85,4,3,3,Loyal
16285.0,645,1,18574.5,1,2,1,Hibernating
16286.0,623,1,28659.75,1,2,2,Hibernating
16287.0,689,1,23795.1,1,2,1,Hibernating
16288.0,469,1,13634.25,1,2,1,Hibernating
16289.0,461,1,14312.55,1,2,1,Hibernating
16290.0,464,1,9702.0,1,2,1,Hibernating
16292.0,379,4,99908.55,2,4,3,At Risk
16293.0,48,9,291697.35,4,5,5,Champions
16294.0,476,1,13235.25,1,2,1,Hibernating
16295.0,23,2,70359.45,5,3,3,Loyal
16297.0,268,1,31699.5,2,2,2,Hibernating
16298.0,22,2,36472.8,5,3,2,Loyal
16299.0,476,1,20333.25,1,2,1,Hibernating
16300.0,429,3,146205.15000000002,1,4,4,At Risk
16301.0,736,1,11269.65,1,2,1,Hibernating
16303.0,25,6,495507.6,4,5,5,Champions
16306.0,213,3,69977.25,3,4,3,Loyal
16307.0,428,1,42000.0,1,2,2,Hibernating
16308.0,37,6,504000.0,4,5,5,Champions
16310.0,641,1,19989.9,1,2,1,Hibernating
16311.0,17,1,22544.55,5,2,1,Potential
16312.0,431,1,17970.75,1,2,1,Hibernating
16313.0,2,2,28785.75,5,3,2,Loyal
16314.0,458,2,86325.75,1,3,3,At Risk
16315.0,330,1,23768.85,2,2,1,Hibernating
16316.0,63,10,508930.8,4,5,5,Champions
16317.0,119,4,181642.65000000002,3,4,4,Loyal
16319.0,217,1,42462.0,3,2,2,Potential
16320.0,212,4,485106.3,3,4,5,Loyal
16321.0,71,5,52689.0,4,4,3,Loyal
16322.0,0,2,34308.75,5,3,2,Loyal
16323.0,577,1,15346.8,1,2,1,Hibernating
16324.0,127,1,27107.85,3,2,2,Potential
16325.0,245,6,222294.45,2,5,4,At Risk
16326.0,47,15,297723.3,4,5,5,Champions
16327.0,198,10,706745.55,3,5,5,Loyal
16328.0,562,1,32637.15,1,2,2,Hibernating
16329.0,442,2,100528.04999999999,1,3,3,At Risk
16330.0,17,4,32768.4,5,4,2,Loyal
16331.0,431,5,193357.5,1,4,4,At Risk
16332.0,27,4,67214.7,4,4,3,Loyal
16333.0,7,11,1382871.0,5,5,5,Champions
16334.0,491,1,29135.4,1,2,2,Hibernating
16335.0,551,6,253391.25,1,5,5,At Risk
16336.0,420,2,107379.3,2,3,4,At Risk
16337.0,36,1,15860.25,4,2,1,Potential
16338.0,156,1,22554.0,3,2,1,Potential
16340.0,106,3,160236.3,3,4,4,Loyal
16341.0,24,5,281858.85,5,4,5,Champions
16342.0,74,2,18443.25,4,3,1,Loyal
16343.0,15,1,18739.35,5,2,1,Potential
16344.0,668,1,21955.5,1,2,1,Hibernating
16347.0,10,9,305682.3,5,5,5,Champions
16348.0,31,8,188813.1,4,5,4,Champions
16349.0,290,1,5617.5,2,2,1,Hibernating
16350.0,64,6,181522.95,4,5,4,Champions
16351.0,332,9,205832.55,2,5,4,At Risk
16352.0,37,1,21516.6,4,2,1,Potential
16353.0,3,24,697203.15,5,5,5,Champions
16354.0,62,3,63678.3,4,4,3,Loyal
16356.0,197,4,34436.85,3,4,2,Loyal
16357.0,32,2,64094.100000000006,4,3,3,Loyal
16358.0,0,2,139157.55,5,3,4,Loyal
16359.0,64,10,160434.75,4,5,4,Champions
16360.0,4,5,346659.6,5,4,5,Champions
16361.0,9,2,30697.800000000003,5,3,2,Loyal
16362.0,31,4,94987.2,4,4,3,Loyal
16363.0,52,1,11482.8,4,2,1,Potential
16365.0,17,12,279281.1,5,5,5,Champions
16366.0,18,2,104216.7,5,3,4,Loyal
16367.0,36,2,125106.45,4,3,4,Loyal
16368.0,1,2,35461.65,5,3,2,Loyal
16369.0,80,5,170692.2,3,4,4,Loyal
16370.0,116,1,42685.65,3,2,2,Potential
16371.0,448,1,16506.0,1,2,1,Hibernating
16372.0,33,3,125092.8,4,4,4,Champions
16373.0,381,2,32496.45,2,3,2,At Risk
16374.0,261,4,152745.59999999998,2,4,4,At Risk
16375.0,469,2,10920.0,1,3,1,At Risk
16377.0,266,1,71001.0,2,2,3,Hibernating
16378.0,296,1,14999.25,2,2,1,Hibernating
16379.0,3,3,176244.6,5,4,4,Champions
16380.0,60,1,186961.95,4,2,4,Potential
16381.0,395,2,27163.5,2,3,2,At Risk
16382.0,407,2,37075.5,2,3,2,At Risk
16383.0,74,5,191594.55,4,4,4,Champions
16384.0,429,2,81317.25,1,3,3,At Risk
16385.0,59,4,77085.75,4,4,3,Loyal
16386.0,28,3,115771.95,4,4,4,Champions
16387.0,322,4,56503.65,2,4,3,At Risk
16388.0,653,1,19535.25,1,2,1,Hibernating
16389.0,204,2,70367.85,3,3,3,Loyal
16390.0,678,1,20349.0,1,2,1,Hibernating
16391.0,400,4,115879.05,2,4,4,At Risk
16392.0,561,1,20190.45,1,2,1,Hibernating
16393.0,93,15,344593.2,3,5,5,Loyal
16394.0,56,5,163310.7,4,4,4,Champions
16395.0,60,8,219951.9,4,5,4,Champions
16397.0,627,1,13427.4,1,2,1,Hibernating
16399.0,234,2,43224.3,2,3,2,At Risk
16400.0,394,6,218020.95,2,5,4,At Risk
16401.0,44,10,319189.5,4,5,5,Champions
16402.0,264,2,53697.0,2,3,3,At Risk
16404.0,69,1,46520.25,4,2,2,Potential
16405.0,301,1,16842.0,2,2,1,Hibernating
16406.0,450,2,40909.05,1,3,2,At Risk
16407.0,12,8,145749.45,5,5,4,Champions
16408.0,590,1,24352.65,1,2,1,Hibernating
16409.0,35,8,351246.0,4,5,5,Champions
16410.0,733,1,13683.6,1,2,1,Hibernating
16411.0,368,3,86839.2,2,4,3,At Risk
16412.0,53,3,38523.45,4,4,2,Loyal
16414.0,279,2,16199.4,2,3,1,At Risk
16416.0,26,8,288763.65,4,5,5,Champions
16417.0,492,1,3748.5,1,2,1,Hibernating
16418.0,225,1,15320.55,2,2,1,Hibernating
16419.0,112,6,114715.65,3,5,4,Loyal
16420.0,395,1,7875.0,2,2,1,Hibernating
16421.0,375,2,43575.0,2,3,2,At Risk
16422.0,16,68,4264379.7,5,5,5,Champions
16423.0,24,1,36342.6,5,2,2,Potential
16424.0,190,1,14023.8,3,2,1,Potential
16425.0,301,1,31783.5,2,2,2,Hibernating
16426.0,6,6,118375.95,5,5,4,Champions
16427.0,262,2,25311.3,2,3,2,At Risk
16428.0,413,2,54923.399999999994,2,3,3,At Risk
16429.0,105,1,29877.75,3,2,2,Potential
16430.0,56,7,117383.7,4,5,4,Champions
16431.0,296,2,36112.65,2,3,2,At Risk
16434.0,28,7,194489.4,4,5,4,Champions
16436.0,667,2,17050.95,1,3,1,At Risk
16437.0,380,2,31631.25,2,3,2,At Risk
16438.0,5,4,71761.2,5,4,3,Loyal
16440.0,7,3,308196.0,5,4,5,Champions
16441.0,434,2,35149.8,1,3,2,At Risk
16442.0,1,5,94444.34999999999,5,4,3,Loyal
16443.0,520,1,17035.2,1,2,1,Hibernating
16444.0,390,8,176175.3,2,5,4,At Risk
16445.0,386,3,39083.1,2,4,2,At Risk
16446.0,0,2,17689612.5,5,3,5,Loyal
16447.0,135,2,48913.2,3,3,2,Loyal
16448.0,197,2,38626.350000000006,3,3,2,Loyal
16450.0,583,2,125350.05,1,3,4,At Risk
16451.0,560,1,46045.65,1,2,2,Hibernating
16452.0,630,2,34877.850000000006,1,3,2,At Risk
16453.0,547,1,15693.3,1,2,1,Hibernating
16454.0,63,1,619.5,4,2,1,Potential
16455.0,255,3,85302.0,2,4,3,At Risk
16456.0,98,6,258918.45,3,5,5,Loyal
16457.0,217,1,21877.8,3,2,1,Potential
16458.0,2,14,277007.85,5,5,5,Champions
16460.0,72,2,53770.5,4,3,3,Loyal
16461.0,177,3,169598.1,3,4,4,Loyal
16462.0,185,2,7140.0,3,3,1,Loyal
16463.0,52,2,85118.25,4,3,3,Loyal
16464.0,79,2,104816.25,3,3,4,Loyal
16465.0,420,2,78355.2,2,3,3,At Risk
16466.0,53,12,329559.3,4,5,5,Champions
16467.0,508,4,94678.5,1,4,3,At Risk
16468.0,73,2,72021.6,4,3,3,Loyal
16469.0,23,5,87035.55,5,4,3,Loyal
16470.0,115,4,103413.45,3,4,4,Loyal
16471.0,274,3,93153.9,2,4,3,At Risk
16472.0,433,1,24418.8,1,2,1,Hibernating
16473.0,164,2,26009.55,3,3,2,Loyal
16474.0,16,3,133531.65,5,4,4,Champions
16475.0,87,3,24601.5,3,4,1,Loyal
16476.0,431,1,36786.75,1,2,2,Hibernating
16477.0,213,4,168109.2,3,4,4,Loyal
16478.0,24,3,34755.0,5,4,2,Loyal
16479.0,9,2,31587.15,5,3,2,Loyal
16481.0,681,1,47604.9,1,2,2,Hibernating
16482.0,15,1,23165.1,5,2,1,Potential
16483.0,191,1,14631.75,3,2,1,Potential
16484.0,190,1,29998.5,3,2,2,Potential
16485.0,76,3,165366.6,3,4,4,Loyal
16486.0,537,1,14107.8,1,2,1,Hibernating
16487.0,576,2,21987.0,1,3,1,At Risk
16488.0,32,2,38145.45,4,3,2,Loyal
16489.0,379,2,31888.5,2,3,2,At Risk
16490.0,435,1,21568.05,1,2,1,Hibernating
16491.0,46,2,160981.8,4,3,4,Loyal
16492.0,540,1,40483.8,1,2,2,Hibernating
16493.0,79,7,223869.45,3,5,5,Loyal
16495.0,2,3,71863.05,5,4,3,Loyal
16496.0,8,4,179952.15,5,4,4,Champions
16497.0,202,16,393218.7,3,5,5,Loyal
16499.0,364,5,124161.45,2,4,4,At Risk
16500.0,21,6,59983.35,5,5,3,Loyal
16502.0,619,2,27982.5,1,3,2,At Risk
16503.0,106,7,243457.2,3,5,5,Loyal
16504.0,24,1,50859.9,5,2,2,Potential
16505.0,31,1,81648.0,4,2,3,Potential
16506.0,19,2,9481.5,5,3,1,Loyal
16507.0,571,1,16039.8,1,2,1,Hibernating
16508.0,629,1,26124.0,1,2,2,Hibernating
16509.0,296,1,38188.5,2,2,2,Hibernating
16510.0,466,4,151998.0,1,4,4,At Risk
16511.0,21,3,109629.45000000001,5,4,4,Champions
16513.0,4,2,22239.0,5,3,1,Loyal
16515.0,51,6,195087.9,4,5,4,Champions
16517.0,276,1,17083.5,2,2,1,Hibernating
16518.0,283,3,69903.75,2,4,3,At Risk
16519.0,24,2,30346.050000000003,5,3,2,Loyal
16520.0,364,2,106894.20000000001,2,3,4,At Risk
16521.0,414,1,57661.8,2,2,3,Hibernating
16522.0,435,1,31978.8,1,2,2,Hibernating
16523.0,1,17,799772.4,5,5,5,Champions
16524.0,445,2,32354.7,1,3,2,At Risk
16525.0,16,28,1495489.8,5,5,5,Champions
16526.0,171,2,75307.05,3,3,3,Loyal
16527.0,80,2,133606.19999999998,3,3,4,Loyal
16528.0,3,1,25663.05,5,2,2,Potential
16529.0,529,1,41422.5,1,2,2,Hibernating
16530.0,667,1,5076.75,1,2,1,Hibernating
16531.0,36,6,114736.65,4,5,4,Champions
16532.0,135,4,685087.2,3,4,5,Loyal
16533.0,18,2,50890.35,5,3,2,Loyal
16534.0,641,1,66769.5,1,2,3,Hibernating
16535.0,384,2,42823.2,2,3,2,At Risk
16537.0,640,1,2451.75,1,2,1,Hibernating
16538.0,540,2,17798.55,1,3,1,At Risk
16539.0,219,7,280356.3,2,5,5,At Risk
16542.0,53,2,27018.6,4,3,2,Loyal
16543.0,591,1,30682.05,1,2,2,Hibernating
16544.0,519,4,39553.5,1,4,2,At Risk
16545.0,164,2,72431.1,3,3,3,Loyal
16546.0,372,3,526881.6,2,4,5,At Risk
16548.0,598,1,3165.75,1,2,1,Hibernating
16549.0,17,22,877940.7,5,5,5,Champions
16550.0,163,12,601351.8,3,5,5,Loyal
16551.0,336,2,63425.25,2,3,3,At Risk
16553.0,162,23,1159819.5,3,5,5,Loyal
16554.0,41,4,187659.15,4,4,4,Champions
16555.0,109,3,108304.35,3,4,4,Loyal
16556.0,162,8,391513.5,3,5,5,Loyal
16557.0,23,1,18973.5,5,2,1,Potential
16558.0,21,25,868159.95,5,5,5,Champions
16559.0,396,1,19446.0,2,2,1,Hibernating
16560.0,26,6,241977.75,4,5,5,Champions
16561.0,59,1,27820.8,4,2,2,Potential
16562.0,476,1,23505.3,1,2,1,Hibernating
16563.0,399,3,219588.6,2,4,4,At Risk
16564.0,568,1,9219.0,1,2,1,Hibernating
16565.0,363,4,81170.25,2,4,3,At Risk
16566.0,169,3,48707.399999999994,3,4,2,Loyal
16567.0,336,1,58543.8,2,2,3,Hibernating
16568.0,427,2,107194.5,1,3,4,At Risk
16569.0,2,3,74713.8,5,4,3,Loyal
16570.0,31,12,458369.1,4,5,5,Champions
16571.0,175,7,267870.75,3,5,5,Loyal
16572.0,126,3,106008.0,3,4,4,Loyal
16573.0,84,1,38952.9,3,2,2,Potential
16574.0,70,2,109446.75,4,3,4,Loyal
16576.0,521,1,23877.0,1,2,1,Hibernating
16577.0,666,1,39900.0,1,2,2,Hibernating
16578.0,625,1,16443.0,1,2,1,Hibernating
16579.0,425,1,30980.25,1,2,2,Hibernating
16582.0,112,1,32930.1,3,2,2,Potential
16583.0,673,1,6772.5,1,2,1,Hibernating
16584.0,79,4,234354.75,3,4,5,Loyal
16586.0,248,1,48714.75,2,2,2,Hibernating
16588.0,427,3,125165.25,1,4,4,At Risk
16589.0,70,3,51941.4,4,4,3,Loyal
16590.0,400,2,63619.5,2,3,3,At Risk
16592.0,3,21,665192.85,5,5,5,Champions
16593.0,50,4,65476.950000000004,4,4,3,Loyal
16594.0,74,1,19014.45,4,2,1,Potential
16595.0,375,3,128924.25,2,4,4,At Risk
16596.0,15,2,23630.25,5,3,1,Loyal
16597.0,3,1,9454.2,5,2,1,Potential
16598.0,285,1,15230.25,2,2,1,Hibernating
16599.0,385,1,18144.0,2,2,1,Hibernating
16600.0,3,9,150661.35,5,5,4,Champions
16601.0,40,2,32765.25,4,3,2,Loyal
16602.0,388,1,24701.25,2,2,1,Hibernating
16604.0,562,2,45407.25,1,3,2,At Risk
16605.0,723,1,6350.4,1,2,1,Hibernating
16606.0,403,1,12568.5,2,2,1,Hibernating
16607.0,37,21,495908.7,4,5,5,Champions
16608.0,453,1,63138.6,1,2,3,Hibernating
16609.0,134,4,228415.95,3,4,5,Loyal
16610.0,218,1,7944.3,3,2,1,Potential
16611.0,185,3,72065.7,3,4,3,Loyal
16612.0,32,8,308577.15,4,5,5,Champions
16613.0,69,1,64951.95,4,2,3,Potential
16614.0,182,3,123877.95,3,4,4,Loyal
16616.0,156,1,22060.5,3,2,1,Potential
16617.0,235,1,15944.25,2,2,1,Hibernating
16618.0,30,4,242137.35,4,4,5,Champions
16619.0,263,4,203524.65000000002,2,4,4,At Risk
16620.0,3,3,38472.0,5,4,2,Loyal
16621.0,51,2,55851.6,4,3,3,Loyal
16623.0,401,1,32576.25,2,2,2,Hibernating
16624.0,80,2,85109.85,3,3,3,Loyal
16625.0,274,5,173673.15,2,4,4,At Risk
16626.0,6,12,304010.7,5,5,5,Champions
16627.0,78,1,33894.0,3,2,2,Potential
16628.0,29,5,200067.0,4,4,4,Champions
16629.0,95,1,24861.9,3,2,1,Potential
16630.0,406,1,11214.0,2,2,1,Hibernating
16631.0,481,4,113689.8,1,4,4,At Risk
16632.0,485,2,42672.0,1,3,2,At Risk
16633.0,77,3,109626.29999999999,3,4,4,Loyal
16634.0,371,2,66507.0,2,3,3,At Risk
16635.0,406,1,49665.0,2,2,2,Hibernating
16636.0,437,3,261511.95,1,4,5,At Risk
16637.0,60,3,90607.65,4,4,3,Loyal
16638.0,98,10,163158.45,3,5,4,Loyal
16639.0,206,1,17109.75,3,2,1,Potential
16640.0,397,1,18837.0,2,2,1,Hibernating
16641.0,105,1,24265.5,3,2,1,Potential
16642.0,4,3,113132.25,5,4,4,Champions
16643.0,422,1,45738.0,2,2,2,Hibernating
16644.0,177,2,87546.90000000001,3,3,3,Loyal
16645.0,735,1,16840.95,1,2,1,Hibernating
16647.0,169,2,22476.3,3,3,1,Loyal
16648.0,42,2,44095.8,4,3,2,Loyal
16650.0,71,3,82871.25,4,4,3,Loyal
16652.0,58,9,874789.65,4,5,5,Champions
16653.0,15,1,9954.0,5,2,1,Potential
16654.0,186,5,110769.75,3,4,4,Loyal
16655.0,29,7,348021.45,4,5,5,Champions
16656.0,21,17,1058039.85,5,5,5,Champions
16657.0,23,3,73956.75,5,4,3,Loyal
16658.0,367,5,74452.35,2,4,3,At Risk
16660.0,210,3,61708.5,3,4,3,Loyal
16661.0,539,3,59214.75,1,4,3,At Risk
16662.0,393,1,17199.0,2,2,1,Hibernating
16663.0,728,1,17325.0,1,2,1,Hibernating
16666.0,620,1,11230.8,1,2,1,Hibernating
16667.0,67,2,59863.65,4,3,3,Loyal
16668.0,14,10,73789.8,5,5,3,Loyal
16669.0,77,2,76596.45,3,3,3,Loyal
16670.0,105,11,492416.4,3,5,5,Loyal
16671.0,27,2,32485.95,4,3,2,Loyal
16672.0,35,11,569188.2,4,5,5,Champions
16673.0,678,1,19827.15,1,2,1,Hibernating
16674.0,54,2,33559.05,4,3,2,Loyal
16675.0,441,2,63930.3,1,3,3,At Risk
16676.0,212,3,124597.2,3,4,4,Loyal
16677.0,410,2,92465.1,2,3,3,At Risk
16678.0,2,6,167904.45,5,5,4,Champions
16679.0,365,2,46898.25,2,3,2,At Risk
16680.0,42,2,29526.0,4,3,2,Loyal
16681.0,72,5,152819.09999999998,4,4,4,Champions
16682.0,4,2,22224.3,5,3,1,Loyal
16684.0,3,34,9679161.45,5,5,5,Champions
16685.0,60,2,34045.2,4,3,2,Loyal
16686.0,46,10,409369.8,4,5,5,Champions
16687.0,390,1,16551.15,2,2,1,Hibernating
16688.0,9,2,97798.05,5,3,3,Loyal
16690.0,71,4,37068.15,4,4,2,Loyal
16691.0,417,2,18777.15,2,3,1,At Risk
16692.0,255,3,193956.0,2,4,4,At Risk
16693.0,411,1,27730.5,2,2,2,Hibernating
16694.0,722,1,10321.5,1,2,1,Hibernating
16696.0,134,4,69079.5,3,4,3,Loyal
16698.0,226,2,209790.0,2,3,4,At Risk
16699.0,379,6,103645.5,2,5,4,At Risk
16700.0,8,19,776462.4,5,5,5,Champions
16701.0,8,16,598531.5,5,5,5,Champions
16702.0,414,3,93377.55,2,4,3,At Risk
16704.0,617,2,73044.3,1,3,3,At Risk
16705.0,11,30,3619861.45,5,5,5,Champions
16706.0,97,2,43212.75,3,3,2,Loyal
16709.0,199,7,506310.0,3,5,5,Loyal
16710.0,18,15,451590.3,5,5,5,Champions
16711.0,736,1,35721.0,1,2,2,Hibernating
16712.0,8,5,153126.75,5,4,4,Champions
16713.0,18,17,823940.25,5,5,5,Champions
16714.0,670,1,38668.35,1,2,2,Hibernating
16715.0,77,2,65679.6,3,3,3,Loyal
16716.0,266,3,225716.4,2,4,5,At Risk
16717.0,31,9,317104.2,4,5,5,Champions
16718.0,368,4,309863.4,2,4,5,At Risk
16719.0,14,11,329667.45,5,5,5,Champions
16722.0,16,18,777565.9500000001,5,5,5,Champions
16723.0,90,3,110218.5,3,4,4,Loyal
16724.0,404,1,15471.75,2,2,1,Hibernating
16725.0,307,5,101665.2,2,4,4,At Risk
16726.0,195,3,94267.95000000001,3,4,3,Loyal
16727.0,363,4,150929.1,2,4,4,At Risk
16728.0,45,2,76412.7,4,3,3,Loyal
16729.0,37,14,570355.8,4,5,5,Champions
16730.0,51,2,58389.45,4,3,3,Loyal
16732.0,402,3,397308.44999999995,2,4,5,At Risk
16735.0,78,10,474035.1,3,5,5,Loyal
16736.0,723,2,46740.75,1,3,2,At Risk
16737.0,52,2,87696.0,4,3,3,Loyal
16741.0,624,1,18171.3,1,2,1,Hibernating
16742.0,46,9,206348.1,4,5,4,Champions
16743.0,28,9,283253.25,4,5,5,Champions
16744.0,10,5,83951.7,5,4,3,Loyal
16745.0,86,10,455274.75,3,5,5,Loyal
16746.0,10,25,1085780.85,5,5,5,Champions
16747.0,37,2,87786.3,4,3,3,Loyal
16748.0,17,9,229140.45,5,5,5,Champions
16750.0,44,5,65512.65,4,4,3,Loyal
16752.0,372,1,43575.0,2,2,2,Hibernating
16753.0,57,1,23511.6,4,2,1,Potential
16754.0,371,19,4222232.7,2,5,5,At Risk
16755.0,113,4,186133.5,3,4,4,Loyal
16756.0,404,3,78893.85,2,4,3,At Risk
16757.0,318,2,28400.4,2,3,2,At Risk
16758.0,64,1,38780.7,4,2,2,Potential
16759.0,7,2,50283.45,5,3,2,Loyal
16761.0,96,1,33245.1,3,2,2,Potential
16762.0,143,1,32985.75,3,2,2,Potential
16763.0,198,2,101293.5,3,3,4,Loyal
16764.0,3,7,147009.45,5,5,4,Champions
16765.0,293,1,3570.0,2,2,1,Hibernating
16766.0,272,1,60144.0,2,2,3,Hibernating
16767.0,30,12,733431.3,4,5,5,Champions
16768.0,103,5,76919.85,3,4,3,Loyal
16769.0,477,3,79942.8,1,4,3,At Risk
16770.0,57,7,169704.15,4,5,4,Champions
16771.0,32,7,317213.4,4,5,5,Champions
16772.0,422,2,296803.5,2,3,5,At Risk
16773.0,56,3,44230.2,4,4,2,Loyal
16774.0,141,3,77346.15,3,4,3,Loyal
16775.0,56,13,258182.4,4,5,5,Champions
16777.0,256,3,110121.9,2,4,4,At Risk
16778.0,73,2,25823.699999999997,4,3,2,Loyal
16779.0,14,29,2127259.05,5,5,5,Champions
16781.0,371,2,98096.25,2,3,3,At Risk
16782.0,9,18,584080.35,5,5,5,Champions
16783.0,436,1,41154.75,1,2,2,Hibernating
16784.0,19,4,68935.65,5,4,3,Loyal
16785.0,409,1,56046.9,2,2,3,Hibernating
16787.0,397,4,108720.15000000001,2,4,4,At Risk
16788.0,253,4,173248.95,2,4,4,At Risk
16789.0,7,1,8484.0,5,2,1,Potential
16790.0,15,5,143442.6,5,4,4,Champions
16791.0,59,9,206524.5,4,5,4,Champions
16792.0,281,4,50144.85,2,4,2,At Risk
16793.0,56,1,25603.2,4,2,2,Potential
16794.0,0,13,205183.65,5,5,4,Champions
16795.0,364,1,87124.8,2,2,3,Hibernating
16796.0,88,1,32090.1,3,2,2,Potential
16797.0,392,4,173343.45,2,4,4,At Risk
16798.0,553,3,89114.55,1,4,3,At Risk
16799.0,431,2,52077.9,1,3,3,At Risk
16800.0,10,1,126156.45,5,2,4,Potential
16801.0,162,3,147701.4,3,4,4,Loyal
16802.0,678,2,61174.05,1,3,3,At Risk
16803.0,64,1,34891.5,4,2,2,Potential
16804.0,22,3,56383.95,5,4,3,Loyal
16805.0,173,3,91084.35,3,4,3,Loyal
16806.0,169,1,13354.95,3,2,1,Potential
16807.0,215,4,144907.35,3,4,4,Loyal
16809.0,61,6,109762.8,4,5,4,Champions
16810.0,191,2,88414.2,3,3,3,Loyal
16811.0,16,1,33050.85,5,2,2,Potential
16812.0,360,3,134636.25,2,4,4,At Risk
16813.0,49,6,121679.25,4,5,4,Champions
16814.0,46,18,677609.1,4,5,5,Champions
16816.0,149,2,31175.55,3,3,2,Loyal
16817.0,2,8,189952.35,5,5,4,Champions
16818.0,10,5,108811.5,5,4,4,Champions
16819.0,464,1,2898.0,1,2,1,Hibernating
16821.0,381,1,11901.75,2,2,1,Hibernating
16822.0,685,1,19045.95,1,2,1,Hibernating
16823.0,226,4,127416.45000000001,2,4,4,At Risk
16824.0,15,2,48367.2,5,3,2,Loyal
16825.0,38,4,153676.95,4,4,4,Champions
16827.0,393,1,10117.8,2,2,1,Hibernating
16828.0,92,2,13492.5,3,3,1,Loyal
16829.0,387,1,33190.5,2,2,2,Hibernating
16830.0,38,3,107890.65,4,4,4,Champions
16831.0,564,1,9639.0,1,2,1,Hibernating
16832.0,183,4,32194.05,3,4,2,Loyal
16833.0,0,3,80379.6,5,4,3,Loyal
16834.0,227,2,94390.8,2,3,3,At Risk
16835.0,372,4,102012.75,2,4,4,At Risk
16836.0,39,4,82148.85,4,4,3,Loyal
16837.0,157,6,153919.5,3,5,4,Loyal
16838.0,196,4,121759.05,3,4,4,Loyal
16839.0,8,32,1808548.35,5,5,5,Champions
16840.0,602,2,14684.25,1,3,1,At Risk
16841.0,36,8,272845.65,4,5,5,Champions
16842.0,154,2,91029.75,3,3,3,Loyal
16843.0,42,25,1328188.05,4,5,5,Champions
16844.0,562,2,64505.7,1,3,3,At Risk
16846.0,49,3,88453.05,4,4,3,Loyal
16847.0,42,1,20311.2,4,2,1,Potential
16848.0,52,3,117071.85,4,4,4,Champions
16849.0,186,1,13079.85,3,2,1,Potential
16850.0,333,1,34903.05,2,2,2,Hibernating
16851.0,3,2,22478.4,5,3,1,Loyal
16852.0,9,2,15215.55,5,3,1,Loyal
16854.0,416,1,12405.75,2,2,1,Hibernating
16855.0,23,2,34482.0,5,3,2,Loyal
16856.0,417,2,33924.45,2,3,2,At Risk
16857.0,442,1,37044.0,1,2,2,Hibernating
16858.0,368,5,271393.5,2,4,5,At Risk
16859.0,144,5,170255.4,3,4,4,Loyal
16860.0,452,3,169115.1,1,4,4,At Risk
16861.0,59,4,73752.0,4,4,3,Loyal
16862.0,700,1,17388.0,1,2,1,Hibernating
16863.0,366,1,34492.5,2,2,2,Hibernating
16864.0,598,1,11730.6,1,2,1,Hibernating
16865.0,401,1,13749.75,2,2,1,Hibernating
16866.0,152,2,16164.75,3,3,1,Loyal
16867.0,689,1,8057.7,1,2,1,Hibernating
16868.0,393,1,13261.5,2,2,1,Hibernating
16869.0,22,3,70483.35,5,4,3,Loyal
16871.0,21,3,140421.75,5,4,4,Champions
16872.0,76,3,71402.1,3,4,3,Loyal
16873.0,61,7,923468.7,4,5,5,Champions
16875.0,66,6,276512.25,4,5,5,Champions
16877.0,11,4,69797.7,5,4,3,Loyal
16880.0,30,6,131206.95,4,5,4,Champions
16881.0,66,1,45360.0,4,2,2,Potential
16882.0,66,3,74037.6,4,4,3,Loyal
16883.0,371,12,154027.65,2,5,4,At Risk
16884.0,37,2,37412.55,4,3,2,Loyal
16885.0,14,3,54609.45,5,4,3,Loyal
16886.0,455,1,14070.0,1,2,1,Hibernating
16887.0,34,3,69375.6,4,4,3,Loyal
16888.0,400,2,33592.65,2,3,2,At Risk
16889.0,243,3,160340.25,2,4,4,At Risk
16890.0,564,1,8013.6,1,2,1,Hibernating
16891.0,35,7,120589.35,4,5,4,Champions
16892.0,0,4,48372.45,5,4,2,Loyal
16893.0,366,1,30645.3,2,2,2,Hibernating
16894.0,501,3,139026.3,1,4,4,At Risk
16895.0,438,2,59323.95,1,3,3,At Risk
16896.0,554,1,10914.75,1,2,1,Hibernating
16897.0,313,1,22368.15,2,2,1,Hibernating
16898.0,25,2,40758.9,4,3,2,Loyal
16899.0,18,6,131290.95,5,5,4,Champions
16900.0,16,3,93146.54999999999,5,4,3,Loyal
16901.0,728,1,21447.3,1,2,1,Hibernating
16902.0,115,1,179222.4,3,2,4,Potential
16903.0,379,1,25933.95,2,2,2,Hibernating
16904.0,94,12,298816.35,3,5,5,Loyal
16905.0,4,11,390853.05,5,5,5,Champions
16906.0,81,6,133087.5,3,5,4,Loyal
16907.0,233,6,99352.05,2,5,3,At Risk
16909.0,71,1,39809.7,4,2,2,Potential
16910.0,3,5,96667.2,5,4,3,Loyal
16911.0,660,1,14631.75,1,2,1,Hibernating
16912.0,67,8,295668.45,4,5,5,Champions
16913.0,289,2,37917.600000000006,2,3,2,At Risk
16914.0,35,1,21888.3,4,2,1,Potential
16915.0,126,7,119395.5,3,5,4,Loyal
16916.0,371,2,65901.15,2,3,3,At Risk
16917.0,631,1,153962.55,1,2,4,Hibernating
16918.0,49,13,261983.4,4,5,5,Champions
16919.0,155,16,367810.8,3,5,5,Loyal
16921.0,441,1,11914.35,1,2,1,Hibernating
16922.0,572,1,64163.4,1,2,3,Hibernating
16923.0,12,21,933339.75,5,5,5,Champions
16924.0,20,3,88908.75,5,4,3,Loyal
16926.0,370,5,149241.75,2,4,4,At Risk
16927.0,115,3,57020.25,3,4,3,Loyal
16928.0,79,17,247461.9,3,5,5,Loyal
16929.0,3,6,111240.15000000001,5,5,4,Champions
16930.0,25,1,18211.2,4,2,1,Potential
16931.0,4,16,379797.6,5,5,5,Champions
16932.0,52,3,46274.55,4,4,2,Loyal
16933.0,0,5,177786.0,5,4,4,Champions
16934.0,54,4,196322.7,4,4,4,Champions
16935.0,381,2,38750.25,2,3,2,At Risk
16936.0,25,2,57872.850000000006,4,3,3,Loyal
16938.0,8,5,328069.35000000003,5,4,5,Champions
16939.0,621,2,34344.45,1,3,2,At Risk
16940.0,51,6,553023.45,4,5,5,Champions
16941.0,611,1,3465.0,1,2,1,Hibernating
16942.0,12,4,98002.8,5,4,3,Loyal
16943.0,211,4,89088.3,3,4,3,Loyal
16944.0,609,1,10642.8,1,2,1,Hibernating
16945.0,21,25,673725.15,5,5,5,Champions
16946.0,382,3,90629.7,2,4,3,At Risk
16947.0,462,3,56724.15,1,4,3,At Risk
16948.0,138,6,78689.1,3,5,3,Loyal
16949.0,3,4,80900.4,5,4,3,Loyal
16950.0,366,7,246720.6,2,5,5,At Risk
16951.0,134,2,112222.95,3,3,4,Loyal
16952.0,108,5,83871.9,3,4,3,Loyal
16953.0,29,1,2184.0,4,2,1,Potential
16954.0,0,12,384324.15,5,5,5,Champions
16955.0,184,5,130558.05,3,4,4,Loyal
16957.0,238,2,43747.2,2,3,2,At Risk
16958.0,434,1,84991.2,1,2,3,Hibernating
16960.0,38,5,144216.45,4,4,4,Champions
16961.0,115,3,83428.79999999999,3,4,3,Loyal
16962.0,409,1,26359.2,2,2,2,Hibernating
16963.0,186,1,11607.75,3,2,1,Potential
16964.0,732,1,2231.25,1,2,1,Hibernating
16965.0,226,1,21124.95,2,2,1,Hibernating
16966.0,44,4,113464.05,4,4,4,Champions
16967.0,188,1,33497.1,3,2,2,Potential
16968.0,3,2,46140.149999999994,5,3,2,Loyal
16969.0,38,2,26570.25,4,3,2,Loyal
16970.0,625,1,7497.0,1,2,1,Hibernating
16971.0,37,1,37507.05,4,2,2,Potential
16973.0,385,1,13335.0,2,2,1,Hibernating
16974.0,522,2,38377.5,1,3,2,At Risk
16975.0,422,2,64167.6,2,3,3,At Risk
16976.0,266,1,26409.6,2,2,2,Hibernating
16977.0,586,2,34261.5,1,3,2,At Risk
16978.0,77,2,38443.65,3,3,2,Loyal
16979.0,3,7,232044.75,5,5,5,Champions
16980.0,254,2,113290.8,2,3,4,At Risk
16982.0,60,1,40326.3,4,2,2,Potential
16983.0,12,7,249494.7,5,5,5,Champions
16984.0,87,5,467297.25,3,4,5,Loyal
16985.0,16,12,549215.1,5,5,5,Champions
16986.0,672,4,182658.0,1,4,4,At Risk
16987.0,41,6,174485.85,4,5,4,Champions
16988.0,4,1,13242.6,5,2,1,Potential
16989.0,6,6,118991.25,5,5,4,Champions
16990.0,218,1,18795.0,3,2,1,Potential
16992.0,10,10,441792.75,5,5,5,Champions
16996.0,29,7,187253.85,4,5,4,Champions
16997.0,308,1,8190.0,2,2,1,Hibernating
16998.0,149,2,1617.0,3,3,1,Loyal
16999.0,73,1,25812.15,4,2,2,Potential
17000.0,407,1,20130.6,2,2,1,Hibernating
17001.0,45,10,393677.55,4,5,5,Champions
17002.0,85,5,238218.75,3,4,5,Loyal
17003.0,401,3,70849.8,2,4,3,At Risk
17004.0,45,3,194830.65,4,4,4,Champions
17005.0,470,2,77947.8,1,3,3,At Risk
17006.0,4,7,152828.55,5,5,4,Champions
17007.0,50,3,57210.3,4,4,3,Loyal
17009.0,550,1,25416.3,1,2,2,Hibernating
17010.0,17,1,20512.8,5,2,1,Potential
17011.0,29,2,63359.1,4,3,3,Loyal
17012.0,724,1,40336.8,1,2,2,Hibernating
17014.0,7,2,41819.399999999994,5,3,2,Loyal
17015.0,28,2,138396.3,4,3,4,Loyal
17017.0,2,21,1208592.0,5,5,5,Champions
17018.0,40,2,96610.5,4,3,3,Loyal
17019.0,10,5,200624.55,5,4,4,Champions
17020.0,541,1,64969.8,1,2,3,Hibernating
17021.0,504,2,26019.0,1,3,2,At Risk
17022.0,30,1,7455.0,4,2,1,Potential
17023.0,486,2,63478.8,1,3,3,At Risk
17024.0,44,3,10064.25,4,4,1,Loyal
17025.0,372,4,137953.2,2,4,4,At Risk
17026.0,184,2,19737.9,3,3,1,Loyal
17027.0,445,2,34904.1,1,3,2,At Risk
17028.0,580,3,167352.15,1,4,4,At Risk
17029.0,436,3,101655.75,1,4,4,At Risk
17030.0,63,1,15421.35,4,2,1,Potential
17031.0,11,5,267529.5,5,4,5,Champions
17032.0,547,5,77112.0,1,4,3,At Risk
17033.0,213,2,63309.75,3,3,3,Loyal
17034.0,15,4,111388.2,5,4,4,Champions
17035.0,311,3,46154.85,2,4,2,At Risk
17038.0,29,1,11802.0,4,2,1,Potential
17039.0,603,1,205273.95,1,2,4,Hibernating
17040.0,549,1,1419.6,1,2,1,Hibernating
17041.0,396,2,63289.8,2,3,3,At Risk
17042.0,2,4,90181.35,5,4,3,Loyal
17043.0,31,7,256404.75,4,5,5,Champions
17044.0,381,7,772380.0,2,5,5,At Risk
17045.0,112,3,69313.65,3,4,3,Loyal
17046.0,156,5,200137.35,3,4,4,Loyal
17047.0,204,5,203464.8,3,4,4,Loyal
17048.0,117,7,217526.4,3,5,4,Loyal
17049.0,20,12,694761.9,5,5,5,Champions
17050.0,95,7,263677.05,3,5,5,Loyal
17051.0,445,2,31458.0,1,3,2,At Risk
17053.0,130,1,52340.4,3,2,3,Potential
17054.0,27,2,48623.399999999994,4,3,2,Loyal
17056.0,737,1,13503.0,1,2,1,Hibernating
17057.0,595,1,30947.7,1,2,2,Hibernating
17058.0,81,2,62702.850000000006,3,3,3,Loyal
17059.0,260,4,190483.65,2,4,4,At Risk
17060.0,265,1,24595.2,2,2,1,Hibernating
17061.0,226,3,207575.55,2,4,4,At Risk
17062.0,365,3,82375.65,2,4,3,At Risk
17063.0,20,11,331236.15,5,5,5,Champions
17064.0,58,1,41795.25,4,2,2,Potential
17065.0,637,1,10221.75,1,2,1,Hibernating
17067.0,724,3,47726.7,1,4,2,At Risk
17068.0,49,21,436210.95,4,5,5,Champions
17069.0,27,9,362135.55,4,5,5,Champions
17070.0,113,2,46758.6,3,3,2,Loyal
17071.0,133,4,93653.70000000001,3,4,3,Loyal
17073.0,17,3,117658.79999999999,5,4,4,Champions
17075.0,17,7,147886.19999999998,5,5,4,Champions
17076.0,35,3,88291.35,4,4,3,Loyal
17077.0,577,1,32130.0,1,2,2,Hibernating
17078.0,35,1,38892.0,4,2,2,Potential
17080.0,269,3,51509.85,2,4,3,At Risk
17081.0,395,2,29962.800000000003,2,3,2,At Risk
17082.0,32,4,401502.14999999997,4,4,5,Champions
17083.0,295,2,69393.45,2,3,3,At Risk
17084.0,34,2,451218.6,4,3,5,Loyal
17085.0,122,17,510531.0,3,5,5,Loyal
17086.0,23,3,111151.95,5,4,4,Champions
17087.0,737,1,23260.65,1,2,1,Hibernating
17088.0,27,3,168811.65,4,4,4,Champions
17090.0,3,8,180176.85,5,5,4,Champions
17091.0,2,13,564554.55,5,5,5,Champions
17092.0,87,8,464724.75,3,5,5,Loyal
17093.0,592,1,24767.4,1,2,1,Hibernating
17094.0,321,1,31710.0,2,2,2,Hibernating
17095.0,334,5,163930.2,2,4,4,At Risk
17096.0,14,8,316656.9,5,5,5,Champions
17097.0,1,4,50692.95,5,4,2,Loyal
17098.0,406,2,46532.85,2,3,2,At Risk
17099.0,532,1,61127.85,1,2,3,Hibernating
17100.0,17,2,102032.7,5,3,4,Loyal
17101.0,29,2,73665.9,4,3,3,Loyal
17102.0,261,1,2677.5,2,2,1,Hibernating
17103.0,721,1,44551.5,1,2,2,Hibernating
17105.0,158,2,69906.9,3,3,3,Loyal
17106.0,388,1,51579.15,2,2,3,Hibernating
17107.0,32,7,1307903.1,4,5,5,Champions
17109.0,28,5,103306.35,4,4,4,Champions
17110.0,164,2,37842.0,3,3,2,Loyal
17111.0,46,2,50040.899999999994,4,3,2,Loyal
17112.0,502,1,21542.85,1,2,1,Hibernating
17113.0,573,4,179004.0,1,4,4,At Risk
17114.0,32,4,33320.7,4,4,2,Loyal
17115.0,7,7,289956.45,5,5,5,Champions
17116.0,647,1,40926.9,1,2,2,Hibernating
17117.0,287,1,12201.0,2,2,1,Hibernating
17118.0,317,1,16487.1,2,2,1,Hibernating
17119.0,2,1,6264.3,5,2,1,Potential
17122.0,118,4,59902.5,3,4,3,Loyal
17123.0,161,3,102602.85,3,4,4,Loyal
17124.0,184,1,31383.45,3,2,2,Potential
17126.0,151,7,140556.15,3,5,4,Loyal
17127.0,428,4,100708.65,1,4,3,At Risk
17129.0,519,1,3344.25,1,2,1,Hibernating
17131.0,4,4,175707.0,5,4,4,Champions
17132.0,451,2,133644.0,1,3,4,At Risk
17133.0,33,6,743582.7,4,5,5,Champions
17134.0,106,3,66895.5,3,4,3,Loyal
17135.0,15,8,185822.7,5,5,4,Champions
17137.0,415,3,56209.65,2,4,3,At Risk
17138.0,598,2,143852.1,1,3,4,At Risk
17139.0,38,12,893394.6,4,5,5,Champions
17141.0,417,3,49689.15,2,4,2,At Risk
17142.0,403,1,27111.0,2,2,2,Hibernating
17143.0,416,2,97031.55,2,3,3,At Risk
17144.0,0,2,103379.85,5,3,4,Loyal
17145.0,512,3,233507.40000000002,1,4,5,At Risk
17146.0,105,10,494758.95,3,5,5,Loyal
17147.0,206,6,231931.35,3,5,5,Loyal
17149.0,450,1,15025.5,1,2,1,Hibernating
17150.0,376,4,91497.0,2,4,3,At Risk
17151.0,734,1,24349.5,1,2,1,Hibernating
17152.0,194,3,90394.5,3,4,3,Loyal
17153.0,23,1,22446.9,5,2,1,Potential
17154.0,74,1,34580.7,4,2,2,Potential
17155.0,17,3,40530.0,5,4,2,Loyal
17156.0,491,1,62146.35,1,2,3,Hibernating
17157.0,7,13,376072.2,5,5,5,Champions
17158.0,359,3,118316.1,2,4,4,At Risk
17159.0,21,2,106095.15,5,3,4,Loyal
17160.0,30,11,685150.2,4,5,5,Champions
17161.0,443,1,89881.05,1,2,3,Hibernating
17162.0,28,6,74655.0,4,5,3,Loyal
17163.0,21,3,60551.4,5,4,3,Loyal
17164.0,32,3,107579.85,4,4,4,Champions
17165.0,283,4,121344.3,2,4,4,At Risk
17166.0,38,2,21665.7,4,3,1,Loyal
17167.0,379,1,31538.85,2,2,2,Hibernating
17168.0,498,1,42021.0,1,2,2,Hibernating
17169.0,57,2,87756.9,4,3,3,Loyal
17170.0,373,1,11151.0,2,2,1,Hibernating
17173.0,4,5,260439.9,5,4,5,Champions
17174.0,217,1,6289.5,3,2,1,Potential
17175.0,43,4,151587.45,4,4,4,Champions
17176.0,201,3,94743.6,3,4,3,Loyal
17178.0,730,1,45854.55,1,2,2,Hibernating
17179.0,231,1,25757.55,2,2,2,Hibernating
17180.0,55,6,132294.75,4,5,4,Champions
17181.0,373,1,32659.2,2,2,2,Hibernating
17182.0,422,2,33736.5,2,3,2,At Risk
17183.0,7,3,187196.1,5,4,4,Champions
17184.0,568,2,20833.05,1,3,1,At Risk
17185.0,597,1,5827.5,1,2,1,Hibernating
17186.0,59,1,7560.0,4,2,1,Potential
17187.0,226,2,49109.55,2,3,2,At Risk
17188.0,10,8,261497.25,5,5,5,Champions
17189.0,105,3,64560.3,3,4,3,Loyal
17190.0,58,6,140450.1,4,5,4,Champions
17191.0,27,12,426917.4,4,5,5,Champions
17192.0,535,1,8172.15,1,2,1,Hibernating
17193.0,35,6,71874.6,4,5,3,Loyal
17194.0,273,3,85312.5,2,4,3,At Risk
17195.0,654,1,59112.9,1,2,3,Hibernating
17198.0,23,2,75030.9,5,3,3,Loyal
17199.0,581,1,15237.6,1,2,1,Hibernating
17200.0,386,3,36231.3,2,4,2,At Risk
17201.0,53,2,55083.0,4,3,3,Loyal
17202.0,420,1,16868.25,2,2,1,Hibernating
17203.0,35,3,62979.0,4,4,3,Loyal
17204.0,174,6,416989.65,3,5,5,Loyal
17205.0,415,2,64603.35,2,3,3,At Risk
17208.0,395,1,12111.75,2,2,1,Hibernating
17209.0,648,2,58674.0,1,3,3,At Risk
17210.0,392,1,26603.85,2,2,2,Hibernating
17211.0,26,7,277549.65,4,5,5,Champions
17212.0,252,2,36318.45,2,3,2,At Risk
17213.0,40,5,193895.1,4,4,4,Champions
17214.0,85,5,90732.6,3,4,3,Loyal
17217.0,233,1,11917.5,2,2,1,Hibernating
17218.0,10,12,311851.05,5,5,5,Champions
17219.0,31,2,27208.65,4,3,2,Loyal
17220.0,23,12,246247.05,5,5,5,Champions
17221.0,6,4,97480.95000000001,5,4,3,Loyal
17222.0,476,3,96648.3,1,4,3,At Risk
17223.0,367,1,61496.4,2,2,3,Hibernating
17225.0,581,1,13770.75,1,2,1,Hibernating
17226.0,308,3,94512.6,2,4,3,At Risk
17227.0,60,8,154777.35,4,5,4,Champions
17228.0,15,10,257315.1,5,5,5,Champions
17229.0,95,1,16910.25,3,2,1,Potential
17230.0,310,10,801860.85,2,5,5,At Risk
17231.0,11,19,589946.7,5,5,5,Champions
17233.0,34,2,38875.2,4,3,2,Loyal
17234.0,182,1,15738.45,3,2,1,Potential
17235.0,371,6,165219.6,2,5,4,At Risk
17236.0,12,10,174180.3,5,5,4,Champions
17237.0,10,3,44097.9,5,4,2,Loyal
17238.0,2,24,606194.4,5,5,5,Champions
17239.0,312,2,59430.0,2,3,3,At Risk
17240.0,595,1,13713.0,1,2,1,Hibernating
17241.0,384,5,127905.75,2,4,4,At Risk
17242.0,107,3,196595.7,3,4,4,Loyal
17243.0,19,45,1392519.45,5,5,5,Champions
17244.0,52,1,100264.5,4,2,3,Potential
17245.0,204,2,39021.15,3,3,2,Loyal
17246.0,546,2,4086.6000000000004,1,3,1,At Risk
17248.0,119,1,33458.25,3,2,2,Potential
17250.0,3,2,40374.6,5,3,2,Loyal
17251.0,362,2,61916.4,2,3,3,At Risk
17252.0,185,1,35905.8,3,2,2,Potential
17253.0,17,1,18717.3,5,2,1,Potential
17254.0,14,2,38703.0,5,3,2,Loyal
17255.0,40,2,32079.6,4,3,2,Loyal
17256.0,106,3,25714.5,3,4,2,Loyal
17257.0,435,2,20236.65,1,3,1,At Risk
17258.0,396,1,14012.25,2,2,1,Hibernating
17259.0,367,5,175099.05,2,4,4,At Risk
17260.0,410,1,12699.75,2,2,1,Hibernating
17262.0,51,5,113137.5,4,4,4,Champions
17263.0,207,1,6661.2,3,2,1,Potential
17265.0,138,2,59104.5,3,3,3,Loyal
17266.0,2,3,42620.549999999996,5,4,2,Loyal
17267.0,126,2,33350.1,3,3,2,Loyal
17268.0,149,8,114379.65,3,5,4,Loyal
17271.0,735,1,22090.95,1,2,1,Hibernating
17272.0,198,1,78934.8,3,2,3,Potential
17273.0,423,1,14817.6,1,2,1,Hibernating
17274.0,34,1,11757.9,4,2,1,Potential
17275.0,382,1,12024.6,2,2,1,Hibernating
17277.0,227,2,111861.75,2,3,4,At Risk
17278.0,240,2,28480.2,2,3,2,At Risk
17279.0,57,1,19722.15,4,2,1,Potential
17280.0,437,1,12480.3,1,2,1,Hibernating
17281.0,373,2,19246.5,2,3,1,At Risk
17282.0,129,4,167770.05,3,4,4,Loyal
17284.0,59,7,273941.85,4,5,5,Champions
17285.0,627,1,22621.2,1,2,1,Hibernating
17286.0,21,2,29366.4,5,3,2,Loyal
17287.0,25,13,276007.2,4,5,5,Champions
17288.0,8,8,164353.35,5,5,4,Champions
17289.0,31,4,109302.9,4,4,4,Champions
17290.0,15,7,139569.15,5,5,4,Champions
17293.0,29,10,177455.25,4,5,4,Champions
17294.0,668,2,49117.95,1,3,2,At Risk
17295.0,28,1,13701.45,4,2,1,Potential
17298.0,124,4,59511.899999999994,3,4,3,Loyal
17299.0,11,3,54335.399999999994,5,4,3,Loyal
17300.0,481,1,16359.0,1,2,1,Hibernating
17301.0,20,1,20751.15,5,2,1,Potential
17302.0,14,3,46375.35,5,4,2,Loyal
17305.0,648,1,224223.3,1,2,5,Hibernating
17306.0,10,14,652655.85,5,5,5,Champions
17307.0,394,8,345598.05,2,5,5,At Risk
17309.0,94,2,11602.5,3,3,1,Loyal
17310.0,386,1,27310.5,2,2,2,Hibernating
17311.0,392,3,162486.45,2,4,4,At Risk
17312.0,154,2,41947.5,3,3,2,Loyal
17314.0,24,12,354419.1,5,5,5,Champions
17315.0,1,23,456158.85,5,5,5,Champions
17316.0,419,1,13067.25,2,2,1,Hibernating
17317.0,45,3,273035.7,4,4,5,Champions
17319.0,668,1,3055.5,1,2,1,Hibernating
17320.0,99,2,82040.7,3,3,3,Loyal
17321.0,7,3,100954.35,5,4,3,Loyal
17322.0,375,1,17241.0,2,2,1,Hibernating
17323.0,14,4,47894.7,5,4,2,Loyal
17324.0,451,4,71456.7,1,4,3,At Risk
17327.0,409,1,15550.5,2,2,1,Hibernating
17328.0,672,1,10993.5,1,2,1,Hibernating
17329.0,13,5,105465.15,5,4,4,Champions
17330.0,22,2,38209.5,5,3,2,Loyal
17331.0,123,1,18396.0,3,2,1,Potential
17332.0,527,4,76538.7,1,4,3,At Risk
17333.0,85,1,51896.25,3,2,3,Potential
17334.0,301,1,1102.5,2,2,1,Hibernating
17335.0,383,2,53340.0,2,3,3,At Risk
17336.0,471,1,8517.6,1,2,1,Hibernating
17337.0,150,3,163859.85,3,4,4,Loyal
17338.0,16,11,861852.6,5,5,5,Champions
17339.0,93,1,19252.8,3,2,1,Potential
17340.0,29,12,1561250.25,4,5,5,Champions
17341.0,156,4,171839.85,3,4,4,Loyal
17342.0,379,2,64363.95,2,3,3,At Risk
17343.0,354,5,121552.2,2,4,4,At Risk
17345.0,14,8,162516.9,5,5,4,Champions
17346.0,3,20,403183.2,5,5,5,Champions
17347.0,85,1,24040.8,3,2,1,Potential
17348.0,28,8,241374.0,4,5,5,Champions
17349.0,379,1,17652.6,2,2,1,Hibernating
17350.0,7,4,137086.01,5,4,4,Champions
17351.0,35,8,127368.15,4,5,4,Champions
17352.0,695,1,3806.25,1,2,1,Hibernating
17353.0,128,1,91350.0,3,2,3,Potential
17354.0,50,1,146271.3,4,2,4,Potential
17356.0,311,5,99379.35,2,4,3,At Risk
17357.0,23,2,40754.7,5,3,2,Loyal
17358.0,302,2,25035.15,2,3,2,At Risk
17359.0,647,1,16443.0,1,2,1,Hibernating
17360.0,16,3,53471.25,5,4,3,Loyal
17361.0,48,3,64755.6,4,4,3,Loyal
17362.0,238,4,65629.20000000001,2,4,3,At Risk
17363.0,394,2,21644.7,2,3,1,At Risk
17364.0,6,21,1032473.4,5,5,5,Champions
17365.0,50,7,357582.75,4,5,5,Champions
17366.0,431,1,64076.25,1,2,3,Hibernating
17367.0,237,1,17682.0,2,2,1,Hibernating
17368.0,22,11,210418.94999999998,5,5,4,Champions
17369.0,455,1,102816.0,1,2,4,Hibernating
17370.0,72,1,11562.6,4,2,1,Potential
17371.0,16,2,37256.1,5,3,2,Loyal
17372.0,40,20,332915.1,4,5,5,Champions
17373.0,70,4,69018.6,4,4,3,Loyal
17374.0,218,3,76346.55,3,4,3,Loyal
17375.0,198,4,69357.75,3,4,3,Loyal
17376.0,310,3,37410.45,2,4,2,At Risk
17377.0,23,49,1095421.95,5,5,5,Champions
17378.0,373,1,1149.75,2,2,1,Hibernating
17379.0,10,1,42489.3,5,2,2,Potential
17380.0,433,1,12978.0,1,2,1,Hibernating
17381.0,23,27,3294842.25,5,5,5,Champions
17382.0,64,6,39816.0,4,5,2,Loyal
17383.0,452,1,11623.5,1,2,1,Hibernating
17384.0,18,2,29389.5,5,3,2,Loyal
17386.0,98,4,127088.84999999999,3,4,4,Loyal
17387.0,19,1,45955.35,5,2,2,Potential
17388.0,77,7,173324.55,3,5,4,Loyal
17389.0,0,45,4634555.1,5,5,5,Champions
17391.0,163,1,10684.8,3,2,1,Potential
17392.0,357,1,32803.05,2,2,2,Hibernating
17393.0,410,1,19587.75,2,2,1,Hibernating
17394.0,218,1,21406.35,3,2,1,Potential
17396.0,38,8,582403.5,4,5,5,Champions
17397.0,21,3,129483.9,5,4,4,Champions
17398.0,254,1,32096.4,2,2,2,Hibernating
17400.0,125,6,381570.0,3,5,5,Loyal
17402.0,4,14,349484.1,5,5,5,Champions
17403.0,35,1,29570.1,4,2,2,Potential
17404.0,25,14,3802670.5500000003,4,5,5,Champions
17406.0,332,6,351548.4,2,5,5,At Risk
17407.0,411,1,58054.5,2,2,3,Hibernating
17408.0,162,3,33189.45,3,4,2,Loyal
17409.0,421,5,398309.1,2,4,5,At Risk
17410.0,15,3,103728.45,5,4,4,Champions
17411.0,11,4,119859.6,5,4,4,Champions
17412.0,2,8,187380.9,5,5,4,Champions
17413.0,569,1,23083.2,1,2,1,Hibernating
17414.0,43,4,116810.4,4,4,4,Champions
17415.0,79,1,53323.2,3,2,3,Potential
17416.0,29,16,1225902.3,4,5,5,Champions
17418.0,323,1,17575.95,2,2,1,Hibernating
17419.0,22,11,435606.14999999997,5,5,5,Champions
17420.0,49,5,98745.15,4,4,3,Loyal
17421.0,385,2,97504.05,2,3,3,At Risk
17422.0,15,4,126073.5,5,4,4,Champions
17423.0,45,1,26143.95,4,2,2,Potential
17425.0,18,1,7371.0,5,2,1,Potential
17426.0,7,5,242125.8,5,4,5,Champions
17427.0,71,1,10584.0,4,2,1,Potential
17428.0,21,32,2438164.05,5,5,5,Champions
17429.0,127,1,15621.9,3,2,1,Potential
17430.0,32,4,77192.85,4,4,3,Loyal
17431.0,312,1,42346.5,2,2,2,Hibernating
17432.0,17,5,121934.4,5,4,4,Champions
17433.0,87,2,59845.8,3,3,3,Loyal
17434.0,1,5,192560.55,5,4,4,Champions
17435.0,410,1,34791.75,2,2,2,Hibernating
17436.0,1,3,35191.8,5,4,2,Loyal
17438.0,443,3,103595.1,1,4,4,At Risk
17439.0,655,1,34202.7,1,2,2,Hibernating
17440.0,156,4,33975.9,3,4,2,Loyal
17441.0,731,1,30801.75,1,2,2,Hibernating
17442.0,36,9,306400.5,4,5,5,Champions
17443.0,219,1,56095.2,2,2,3,Hibernating
17444.0,147,3,308704.2,3,4,5,Loyal
17446.0,176,2,12694.5,3,3,1,Loyal
17447.0,39,2,56860.65,4,3,3,Loyal
17448.0,496,29,969655.05,1,5,5,At Risk
17449.0,1,7,272316.45,5,5,5,Champions
17450.0,10,30,8677308.15,5,5,5,Champions
17451.0,0,5,95667.6,5,4,3,Loyal
17454.0,191,8,133729.05,3,5,4,Loyal
17455.0,203,1,13828.5,3,2,1,Potential
17457.0,126,8,276450.3,3,5,5,Loyal
17458.0,14,2,55605.9,5,3,3,Loyal
17460.0,93,11,176391.6,3,5,4,Loyal
17461.0,22,2,39364.5,5,3,2,Loyal
17462.0,59,2,70947.45000000001,4,3,3,Loyal
17463.0,175,3,78543.15,3,4,3,Loyal
17464.0,618,1,34260.45,1,2,2,Hibernating
17465.0,425,4,106105.65,1,4,4,At Risk
17466.0,78,1,48343.05,3,2,2,Potential
17468.0,9,2,9219.0,5,3,1,Loyal
17469.0,15,12,344648.85,5,5,5,Champions
17470.0,126,7,177784.95,3,5,4,Loyal
17472.0,287,2,47357.1,2,3,2,At Risk
17473.0,408,2,63735.0,2,3,3,At Risk
17474.0,599,1,109935.0,1,2,4,Hibernating
17475.0,78,1,20408.85,3,2,1,Potential
17476.0,395,1,24097.5,2,2,1,Hibernating
17477.0,612,2,120151.5,1,3,4,At Risk
17478.0,407,2,133644.0,2,3,4,At Risk
17479.0,632,1,40872.3,1,2,2,Hibernating
17480.0,444,1,40972.05,1,2,2,Hibernating
17481.0,3,3,104470.8,5,4,4,Champions
17482.0,486,2,81709.95,1,3,3,At Risk
17483.0,64,3,49569.45,4,4,2,Loyal
17484.0,623,1,14054.25,1,2,1,Hibernating
17486.0,260,1,41671.35,2,2,2,Hibernating
17487.0,727,1,16857.75,1,2,1,Hibernating
17489.0,58,1,17648.4,4,2,1,Potential
17490.0,0,5,178707.9,5,4,4,Champions
17491.0,0,11,414621.9,5,5,5,Champions
17492.0,477,2,78524.25,1,3,3,At Risk
17493.0,384,1,10595.55,2,2,1,Hibernating
17495.0,38,2,68433.75,4,3,3,Loyal
17496.0,358,4,148353.45,2,4,4,At Risk
17497.0,610,1,21483.0,1,2,1,Hibernating
17498.0,75,1,28583.1,3,2,2,Potential
17499.0,289,2,140845.95,2,3,4,At Risk
17500.0,22,2,65940.0,5,3,3,Loyal
17501.0,220,1,4236.75,2,2,1,Hibernating
17502.0,8,3,69205.5,5,4,3,Loyal
17504.0,205,14,881031.9,3,5,5,Loyal
17505.0,550,2,131495.7,1,3,4,At Risk
17507.0,261,1,27827.1,2,2,2,Hibernating
17508.0,527,3,186125.1,1,4,4,At Risk
17509.0,57,6,478885.05,4,5,5,Champions
17510.0,24,2,54028.8,5,3,3,Loyal
17511.0,2,40,12498734.85,5,5,5,Champions
17512.0,28,13,458116.05,4,5,5,Champions
17513.0,71,2,94521.0,4,3,3,Loyal
17514.0,127,1,21908.25,3,2,1,Potential
17515.0,30,7,130912.95000000001,4,5,4,Champions
17516.0,14,6,100542.75,5,5,3,Loyal
17517.0,308,1,16163.7,2,2,1,Hibernating
17518.0,425,2,34589.1,1,3,2,At Risk
17519.0,16,11,368055.45,5,5,5,Champions
17520.0,53,1,57415.05,4,2,3,Potential
17521.0,29,4,117442.5,4,4,4,Champions
17522.0,1,5,112424.55,5,4,4,Champions
17523.0,18,1,19816.65,5,2,1,Potential
17524.0,437,1,13444.2,1,2,1,Hibernating
17525.0,359,2,89775.0,2,3,3,At Risk
17526.0,4,10,307763.4,5,5,5,Champions
17527.0,53,3,79565.85,4,4,3,Loyal
17528.0,0,6,258213.9,5,5,5,Champions
17529.0,609,2,130226.25,1,3,4,At Risk
17530.0,42,8,241630.2,4,5,5,Champions
17531.0,189,2,89968.2,3,3,3,Loyal
17534.0,53,4,138778.5,4,4,4,Champions
17535.0,279,1,17262.0,2,2,1,Hibernating
17536.0,176,2,11684.4,3,3,1,Loyal
17537.0,302,1,66223.5,2,2,3,Hibernating
17539.0,627,1,79667.7,1,2,3,Hibernating
17540.0,315,3,94920.0,2,4,3,At Risk
17542.0,641,1,1239.0,1,2,1,Hibernating
17543.0,549,1,12605.25,1,2,1,Hibernating
17544.0,389,3,100872.45,2,4,3,At Risk
17545.0,42,4,136546.2,4,4,4,Champions
17547.0,375,2,76424.25,2,3,3,At Risk
17548.0,377,2,34164.9,2,3,2,At Risk
17549.0,23,1,12669.3,5,2,1,Potential
17550.0,196,6,186916.8,3,5,4,Loyal
17551.0,358,1,32218.2,2,2,2,Hibernating
17552.0,59,8,172297.65,4,5,4,Champions
17553.0,129,1,156198.0,3,2,4,Potential
17554.0,58,2,72198.0,4,3,3,Loyal
17555.0,19,5,111062.7,5,4,4,Champions
17556.0,205,2,31570.35,3,3,2,Loyal
17557.0,13,4,60423.3,5,4,3,Loyal
17559.0,512,1,17600.1,1,2,1,Hibernating
17560.0,94,7,146616.75,3,5,4,Loyal
17561.0,18,4,75845.7,5,4,3,Loyal
17562.0,86,3,44843.4,3,4,2,Loyal
17563.0,577,1,3417.75,1,2,1,Hibernating
17564.0,43,2,25563.300000000003,4,3,2,Loyal
17567.0,6,3,154295.4,5,4,4,Champions
17570.0,381,1,10500.0,2,2,1,Hibernating
17571.0,145,3,58926.0,3,4,3,Loyal
17572.0,70,9,67111.8,4,5,3,Loyal
17573.0,84,1,787.5,3,2,1,Potential
17575.0,666,1,18028.5,1,2,1,Hibernating
17576.0,7,25,567008.4,5,5,5,Champions
17577.0,668,1,11802.0,1,2,1,Hibernating
17578.0,506,3,34399.05,1,4,2,At Risk
17579.0,4,1,18694.2,5,2,1,Potential
17580.0,311,2,17642.1,2,3,1,At Risk
17581.0,0,31,1470043.05,5,5,5,Champions
17582.0,235,3,104670.29999999999,2,4,4,At Risk
17584.0,6,4,302803.2,5,4,5,Champions
17585.0,108,6,183319.5,3,5,4,Loyal
17587.0,627,1,19074.3,1,2,1,Hibernating
17588.0,99,6,272950.65,3,5,5,Loyal
17589.0,239,11,892160.85,2,5,5,At Risk
17590.0,16,1,84935.55,5,2,3,Potential
17591.0,72,4,171896.55,4,4,4,Champions
17592.0,738,1,15571.5,1,2,1,Hibernating
17593.0,3,6,418711.65,5,5,5,Champions
17594.0,84,3,168512.4,3,4,4,Loyal
17595.0,36,1,16579.5,4,2,1,Potential
17596.0,44,10,364511.7,4,5,5,Champions
17597.0,213,4,306224.1,3,4,5,Loyal
17601.0,379,1,32074.35,2,2,2,Hibernating
17602.0,123,7,244350.75,3,5,5,Loyal
17603.0,617,1,34298.25,1,2,2,Hibernating
17604.0,216,6,99322.65000000001,3,5,3,Loyal
17606.0,736,1,9166.5,1,2,1,Hibernating
17607.0,375,1,35050.05,2,2,2,Hibernating
17608.0,32,4,52345.649999999994,4,4,3,Loyal
17609.0,40,5,103421.85,4,4,4,Champions
17610.0,654,3,102096.75,1,4,4,At Risk
17611.0,6,16,451052.7,5,5,5,Champions
17612.0,52,13,436430.4,4,5,5,Champions
17613.0,43,7,227247.3,4,5,5,Champions
17615.0,129,3,40020.75,3,4,2,Loyal
17616.0,254,2,25704.0,2,3,2,At Risk
17618.0,5,8,314383.65,5,5,5,Champions
17621.0,353,2,38892.0,2,3,2,At Risk
17622.0,597,1,77372.4,1,2,3,Hibernating
17623.0,408,3,106506.75,2,4,4,At Risk
17624.0,436,2,76140.75,1,3,3,At Risk
17625.0,51,6,534483.6,4,5,5,Champions
17626.0,602,1,26670.0,1,2,2,Hibernating
17629.0,171,3,72191.7,3,4,3,Loyal
17630.0,231,1,35227.5,2,2,2,Hibernating
17631.0,374,3,33101.25,2,4,2,At Risk
17633.0,30,6,181072.5,4,5,4,Champions
17634.0,47,6,134701.35,4,5,4,Champions
17635.0,423,1,43417.5,1,2,2,Hibernating
17636.0,18,1,29983.8,5,2,2,Potential
17637.0,30,1,21851.55,4,2,1,Potential
17638.0,721,1,63882.0,1,2,3,Hibernating
17639.0,275,5,43740.9,2,4,2,At Risk
17640.0,86,3,172972.8,3,4,4,Loyal
17642.0,119,1,33283.95,3,2,2,Potential
17643.0,372,2,56831.25,2,3,3,At Risk
17644.0,0,15,474857.25,5,5,5,Champions
17646.0,218,9,341647.95,3,5,5,Loyal
17647.0,668,2,20853.0,1,3,1,At Risk
17648.0,192,4,160257.3,3,4,4,Loyal
17649.0,137,2,164224.2,3,3,4,Loyal
17650.0,20,1,17438.4,5,2,1,Potential
17651.0,11,15,562739.1,5,5,5,Champions
17652.0,34,3,83743.79999999999,4,4,3,Loyal
17653.0,36,3,107883.3,4,4,4,Champions
17654.0,276,1,12342.75,2,2,1,Hibernating
17655.0,39,3,65657.54999999999,4,4,3,Loyal
17656.0,72,4,142355.85,4,4,4,Champions
17657.0,429,1,13230.0,1,2,1,Hibernating
17659.0,16,7,221245.5,5,5,4,Champions
17660.0,140,1,20580.0,3,2,1,Potential
17662.0,661,1,6291.6,1,2,1,Hibernating
17663.0,25,14,454365.45,4,5,5,Champions
17664.0,18,3,90024.9,5,4,3,Loyal
17666.0,65,4,181515.6,4,4,4,Champions
17667.0,65,6,302706.6,4,5,5,Champions
17668.0,0,2,36513.75,5,3,2,Loyal
17669.0,42,7,374140.2,4,5,5,Champions
17671.0,15,3,173782.35,5,4,4,Champions
17672.0,308,4,373097.55,2,4,5,At Risk
17673.0,66,9,341883.15,4,5,5,Champions
17675.0,0,43,2737453.95,5,5,5,Champions
17676.0,57,7,227929.8,4,5,5,Champions
17677.0,1,29,1609015.8,5,5,5,Champions
17678.0,263,1,31301.55,2,2,2,Hibernating
17679.0,85,5,326161.5,3,4,5,Loyal
17680.0,23,3,52232.25,5,4,3,Loyal
17681.0,628,3,67263.0,1,4,3,At Risk
17682.0,9,2,76936.65,5,3,3,Loyal
17683.0,511,1,18589.2,1,2,1,Hibernating
17685.0,88,9,493738.35,3,5,5,Loyal
17686.0,6,6,574254.45,5,5,5,Champions
17687.0,420,1,45431.4,2,2,2,Hibernating
17688.0,393,1,31941.0,2,2,2,Hibernating
17689.0,387,2,33293.4,2,3,2,At Risk
17690.0,29,15,596487.15,4,5,5,Champions
17691.0,357,3,63777.0,2,4,3,At Risk
17692.0,226,10,264045.6,2,5,5,At Risk
17693.0,136,1,21049.35,3,2,1,Potential
17694.0,141,2,113935.5,3,3,4,Loyal
17695.0,393,3,102973.5,2,4,4,At Risk
17696.0,37,14,403817.4,4,5,5,Champions
17698.0,260,1,16269.75,2,2,1,Hibernating
17699.0,476,1,27226.5,1,2,2,Hibernating
17700.0,94,9,403643.1,3,5,5,Loyal
17701.0,252,1,43884.75,2,2,2,Hibernating
17702.0,108,5,279136.2,3,4,5,Loyal
17703.0,34,4,114958.2,4,4,4,Champions
17704.0,168,2,92944.95,3,3,3,Loyal
17705.0,2,7,125724.9,5,5,4,Champions
17706.0,43,18,1332210.6,4,5,5,Champions
17707.0,335,6,51408.0,2,5,2,At Risk
17708.0,402,2,65189.25,2,3,3,At Risk
17709.0,169,4,56149.8,3,4,3,Loyal
17711.0,10,1,17279.85,5,2,1,Potential
17712.0,44,1,54905.55,4,2,3,Potential
17713.0,381,2,60572.4,2,3,3,At Risk
17714.0,424,4,132003.90000000002,1,4,4,At Risk
17715.0,200,1,34272.0,3,2,2,Potential
17716.0,22,12,918894.9,5,5,5,Champions
17718.0,231,2,46113.9,2,3,2,At Risk
17719.0,37,8,286689.89999999997,4,5,5,Champions
17720.0,112,5,164525.55,3,4,4,Loyal
17721.0,658,1,32257.05,1,2,2,Hibernating
17722.0,189,2,125027.7,3,3,4,Loyal
17723.0,126,7,354732.0,3,5,5,Loyal
17724.0,70,3,108465.0,4,4,4,Champions
17725.0,70,5,164651.55,4,4,4,Champions
17726.0,394,4,70658.7,2,4,3,At Risk
17727.0,14,1,111326.25,5,2,4,Potential
17728.0,3,3,301981.05,5,4,5,Champions
17729.0,595,1,46058.25,1,2,2,Hibernating
17730.0,28,14,602441.7000000001,4,5,5,Champions
17731.0,127,4,113369.54999999999,3,4,4,Loyal
17732.0,372,6,197213.1,2,5,4,At Risk
17733.0,38,2,72679.95,4,3,3,Loyal
17734.0,525,3,77877.45,1,4,3,At Risk
17735.0,36,17,1130632.65,4,5,5,Champions
17736.0,8,1,3150.0,5,2,1,Potential
17737.0,8,1,8489.25,5,2,1,Potential
17738.0,18,10,304922.1,5,5,5,Champions
17739.0,11,10,465203.55,5,5,5,Champions
17740.0,388,3,19561.5,2,4,1,At Risk
17741.0,406,1,6268.5,2,2,1,Hibernating
17742.0,112,8,161893.2,3,5,4,Loyal
17743.0,447,1,24066.0,1,2,1,Hibernating
17744.0,3,6,243623.09999999998,5,5,5,Champions
17745.0,477,2,63035.7,1,3,3,At Risk
17746.0,470,2,65785.65,1,3,3,At Risk
17747.0,112,1,7497.0,3,2,1,Potential
17749.0,545,1,36924.3,1,2,2,Hibernating
17750.0,98,5,133503.3,3,4,4,Loyal
17753.0,463,1,14537.25,1,2,1,Hibernating
17754.0,37,6,205881.9,4,5,4,Champions
17756.0,375,3,77038.5,2,4,3,At Risk
17757.0,0,33,557162.55,5,5,5,Champions
17758.0,18,5,99221.85,5,4,3,Loyal
17759.0,16,4,131770.8,5,4,4,Champions
17760.0,416,4,48174.0,2,4,2,At Risk
17761.0,32,1,74841.9,4,2,3,Potential
17762.0,455,1,13623.75,1,2,1,Hibernating
17763.0,652,1,3675.0,1,2,1,Hibernating
17764.0,50,3,114232.65,4,4,4,Champions
17765.0,256,2,29417.85,2,3,2,At Risk
17766.0,380,2,31459.05,2,3,2,At Risk
17767.0,409,1,14894.25,2,2,1,Hibernating
17768.0,7,6,360484.95,5,5,5,Champions
17769.0,12,11,523203.45,5,5,5,Champions
17770.0,198,3,45969.0,3,4,2,Loyal
17771.0,56,2,15331.05,4,3,1,Loyal
17772.0,10,2,23971.5,5,3,1,Loyal
17773.0,513,1,21947.1,1,2,1,Hibernating
17774.0,145,6,269559.15,3,5,5,Loyal
17775.0,254,1,5922.0,2,2,1,Hibernating
17776.0,386,1,12895.05,2,2,1,Hibernating
17777.0,24,2,43009.05,5,3,2,Loyal
17779.0,20,1,17751.3,5,2,1,Potential
17780.0,666,2,20350.05,1,3,1,At Risk
17781.0,158,2,19742.1,3,3,1,Loyal
17783.0,71,3,39890.55,4,4,2,Loyal
17784.0,549,1,11850.3,1,2,1,Hibernating
17785.0,52,2,30253.65,4,3,2,Loyal
17786.0,84,1,17208.45,3,2,1,Potential
17787.0,152,3,225906.44999999998,3,4,5,Loyal
17788.0,73,2,117379.5,4,3,4,Loyal
17789.0,280,1,23719.5,2,2,1,Hibernating
17790.0,26,12,166932.15,4,5,4,Champions
17792.0,466,2,38855.25,1,3,2,At Risk
17793.0,24,1,33919.2,5,2,2,Potential
17795.0,264,1,17141.25,2,2,1,Hibernating
17796.0,39,5,94719.45,4,4,3,Loyal
17797.0,21,7,202786.5,5,5,4,Champions
17798.0,581,1,19224.45,1,2,1,Hibernating
17799.0,21,13,439112.1,5,5,5,Champions
17800.0,36,6,79437.75,4,5,3,Loyal
17801.0,450,2,70723.79999999999,1,3,3,At Risk
17802.0,81,8,467706.75,3,5,5,Loyal
17803.0,391,1,19389.3,2,2,1,Hibernating
17804.0,375,2,25614.75,2,3,2,At Risk
17805.0,73,2,97338.15,4,3,3,Loyal
17806.0,10,1,57334.2,5,2,3,Potential
17807.0,578,1,11753.7,1,2,1,Hibernating
17808.0,548,3,26506.2,1,4,2,At Risk
17809.0,15,14,832391.7,5,5,5,Champions
17810.0,683,1,32620.35,1,2,2,Hibernating
17811.0,3,35,791894.25,5,5,5,Champions
17812.0,12,5,111905.85,5,4,4,Champions
17813.0,37,4,164683.05,4,4,4,Champions
17815.0,392,1,62155.8,2,2,3,Hibernating
17816.0,657,1,3666.6,1,2,1,Hibernating
17817.0,3,5,76980.75,5,4,3,Loyal
17818.0,737,1,13668.9,1,2,1,Hibernating
17819.0,71,6,356458.2,4,5,5,Champions
17820.0,373,1,19273.8,2,2,1,Hibernating
17821.0,405,1,35135.1,2,2,2,Hibernating
17822.0,419,3,129198.3,2,4,4,At Risk
17823.0,420,2,51896.25,2,3,3,At Risk
17824.0,50,1,31332.0,4,2,2,Potential
17825.0,725,2,12454.05,1,3,1,At Risk
17826.0,373,1,14131.95,2,2,1,Hibernating
17827.0,241,3,86066.4,2,4,3,At Risk
17828.0,109,2,109899.3,3,3,4,Loyal
17829.0,298,2,138898.2,2,3,4,At Risk
17830.0,1,2,31452.75,5,3,2,Loyal
17831.0,32,1,3717.0,4,2,1,Potential
17833.0,722,1,35947.8,1,2,2,Hibernating
17834.0,414,2,76699.35,2,3,3,At Risk
17836.0,46,1,11572.05,4,2,1,Potential
17837.0,55,3,52605.0,4,4,3,Loyal
17838.0,26,8,416884.65,4,5,5,Champions
17839.0,41,1,35574.0,4,2,2,Potential
17840.0,443,1,19500.6,1,2,1,Hibernating
17841.0,1,145,5099606.4,5,5,5,Champions
17843.0,302,2,34254.15,2,3,2,At Risk
17844.0,106,1,5413.8,3,2,1,Potential
17845.0,554,3,61234.95,1,4,3,At Risk
17847.0,515,2,13617.45,1,3,1,At Risk
17848.0,80,19,232801.8,3,5,5,Loyal
17849.0,263,3,39467.4,2,4,2,At Risk
17850.0,371,97,3555428.1,2,5,5,At Risk
17851.0,525,3,72837.45000000001,1,4,3,At Risk
17852.0,11,4,38944.5,5,4,2,Loyal
17853.0,406,2,117498.15,2,3,4,At Risk
17854.0,184,3,32782.05,3,4,2,Loyal
17855.0,372,1,43883.7,2,2,2,Hibernating
17856.0,1,2,36760.5,5,3,2,Loyal
17857.0,3,16,2101056.3,5,5,5,Champions
17858.0,53,15,616600.95,4,5,5,Champions
17859.0,304,1,15562.05,2,2,1,Hibernating
17860.0,727,2,26952.45,1,3,2,At Risk
17861.0,2,10,336865.2,5,5,5,Champions
17862.0,323,2,57841.35,2,3,3,At Risk
17863.0,58,7,394012.5,4,5,5,Champions
17864.0,12,3,63126.0,5,4,3,Loyal
17865.0,44,31,1840204.8,4,5,5,Champions
17866.0,142,1,34613.25,3,2,2,Potential
17867.0,29,7,92200.5,4,5,3,Loyal
17869.0,106,4,37930.2,3,4,2,Loyal
17870.0,1,6,249063.15,5,5,5,Champions
17871.0,411,3,89357.09999999999,2,4,3,At Risk
17873.0,79,15,570472.35,3,5,5,Loyal
17874.0,224,2,7471.8,2,3,1,At Risk
17875.0,687,1,17545.5,1,2,1,Hibernating
17876.0,399,1,189525.0,2,2,4,Hibernating
17877.0,169,1,24949.05,3,2,2,Potential
17878.0,394,2,108452.4,2,3,4,At Risk
17879.0,173,1,18744.6,3,2,1,Potential
17880.0,729,1,18018.0,1,2,1,Hibernating
17881.0,303,1,14001.75,2,2,1,Hibernating
17883.0,13,4,64383.9,5,4,3,Loyal
17884.0,3,17,282293.55,5,5,5,Champions
17885.0,11,1,19969.95,5,2,1,Potential
17886.0,31,4,136437.0,4,4,4,Champions
17888.0,20,16,119942.55,5,5,4,Champions
17889.0,321,4,32167.8,2,4,2,At Risk
17890.0,360,1,50080.8,2,2,2,Hibernating
17892.0,56,2,15991.5,4,3,1,Loyal
17893.0,224,1,11786.25,2,2,1,Hibernating
17894.0,95,10,140251.65,3,5,4,Loyal
17895.0,43,1,10290.0,4,2,1,Potential
17896.0,22,1,26913.6,5,2,2,Potential
17897.0,172,2,70771.05,3,3,3,Loyal
17898.0,84,3,20930.7,3,4,1,Loyal
17899.0,158,1,16359.0,3,2,1,Potential
17900.0,189,1,3402.0,3,2,1,Potential
17901.0,28,2,14739.9,4,3,1,Loyal
17902.0,546,1,22722.0,1,2,1,Hibernating
17905.0,156,10,188335.35,3,5,4,Loyal
17906.0,246,1,7654.5,2,2,1,Hibernating
17907.0,640,1,30634.8,1,2,2,Hibernating
17908.0,373,4,122421.6,2,4,4,At Risk
17912.0,364,1,10001.25,2,2,1,Hibernating
17913.0,58,10,231782.25,4,5,5,Champions
17914.0,3,1,35325.15,5,2,2,Potential
17915.0,550,1,25423.65,1,2,2,Hibernating
17917.0,44,1,11636.1,4,2,1,Potential
17918.0,500,2,23297.4,1,3,1,At Risk
17919.0,87,2,193233.6,3,3,4,Loyal
17920.0,3,30,1598486.4,5,5,5,Champions
17921.0,63,5,102012.75,4,4,4,Champions
17922.0,542,1,17892.0,1,2,1,Hibernating
17923.0,281,1,21787.5,2,2,1,Hibernating
17924.0,11,8,371353.5,5,5,5,Champions
17925.0,372,1,51256.8,2,2,2,Hibernating
17926.0,132,2,49198.8,3,3,2,Loyal
17927.0,721,1,30870.0,1,2,2,Hibernating
17928.0,44,3,35830.2,4,4,2,Loyal
17929.0,10,7,188191.5,5,5,4,Champions
17930.0,238,6,214802.7,2,5,4,At Risk
17931.0,397,8,291862.2,2,5,5,At Risk
17932.0,28,3,139814.85,4,4,4,Champions
17934.0,51,3,110160.75,4,4,4,Champions
17935.0,137,5,45419.85,3,4,2,Loyal
17937.0,8,6,371794.5,5,5,5,Champions
17938.0,419,1,15150.45,2,2,1,Hibernating
17940.0,48,11,3042364.5,4,5,5,Champions
17941.0,130,1,31978.8,3,2,2,Potential
17945.0,696,2,27132.0,1,3,2,At Risk
17948.0,146,1,37648.8,3,2,2,Potential
17949.0,0,85,9395560.65,5,5,5,Champions
17950.0,364,2,53959.5,2,3,3,At Risk
17951.0,39,3,109733.4,4,4,4,Champions
17952.0,377,2,46047.75,2,3,2,At Risk
17953.0,539,1,16886.1,1,2,1,Hibernating
17954.0,4,9,214631.55000000002,5,5,4,Champions
17955.0,219,2,3507.0,2,3,1,At Risk
17956.0,248,1,1338.75,2,2,1,Hibernating
17958.0,116,2,102257.4,3,3,4,Loyal
17959.0,591,1,14778.75,1,2,1,Hibernating
17960.0,522,1,5292.0,1,2,1,Hibernating
17961.0,20,61,189128.1,5,5,4,Champions
17962.0,548,2,49783.649999999994,1,3,2,At Risk
17963.0,470,3,53338.95,1,4,3,At Risk
17964.0,31,1,22043.7,4,2,1,Potential
17965.0,37,17,443238.6,4,5,5,Champions
17966.0,37,9,192406.2,4,5,4,Champions
17967.0,371,2,37515.45,2,3,2,At Risk
17968.0,511,1,13717.2,1,2,1,Hibernating
17969.0,165,11,139558.65,3,5,4,Loyal
17970.0,210,1,61171.95,3,2,3,Potential
17971.0,547,1,17003.7,1,2,1,Hibernating
17973.0,51,1,35389.2,4,2,2,Potential
17974.0,24,5,176955.45,5,4,4,Champions
17975.0,14,17,596363.25,5,5,5,Champions
17976.0,371,1,74169.9,2,2,3,Hibernating
17977.0,28,2,164391.15000000002,4,3,4,Loyal
17978.0,364,4,153484.8,2,4,4,At Risk
17979.0,168,2,28640.85,3,3,2,Loyal
17980.0,165,4,108509.1,3,4,4,Loyal
17981.0,410,1,25107.6,2,2,2,Hibernating
17983.0,394,1,18029.55,2,2,1,Hibernating
17984.0,144,3,64143.45,3,4,3,Loyal
17985.0,21,1,66669.75,5,2,3,Potential
17987.0,184,3,53731.649999999994,3,4,3,Loyal
17988.0,12,10,20402.55,5,5,1,Loyal
17990.0,361,2,55554.45,2,3,3,At Risk
17991.0,224,2,9801.75,2,3,1,At Risk
17994.0,121,6,103830.3,3,5,4,Loyal
17995.0,386,1,34978.65,2,2,2,Hibernating
17996.0,546,2,27604.5,1,3,2,At Risk
17997.0,73,3,98171.85,4,4,3,Loyal
17998.0,737,1,24108.0,1,2,1,Hibernating
17999.0,36,3,76744.5,4,4,3,Loyal
18000.0,563,1,13046.25,1,2,1,Hibernating
18001.0,11,4,77376.6,5,4,3,Loyal
18002.0,375,3,23784.6,2,4,1,At Risk
18004.0,361,1,17794.35,2,2,1,Hibernating
18005.0,46,1,14696.85,4,2,1,Potential
18006.0,22,3,84121.8,5,4,3,Loyal
18007.0,392,1,23133.6,2,2,1,Hibernating
18008.0,69,13,788941.65,4,5,5,Champions
18009.0,591,4,143319.75,1,4,4,At Risk
18010.0,256,1,18354.0,2,2,1,Hibernating
18011.0,372,2,55338.15,2,3,3,At Risk
18013.0,154,2,19665.45,3,3,1,Loyal
18014.0,27,1,17474.1,4,2,1,Potential
18015.0,3,1,12603.15,5,2,1,Potential
18016.0,31,6,189400.05,4,5,4,Champions
18017.0,80,2,36120.0,3,3,2,Loyal
18018.0,107,2,12824.7,3,3,1,Loyal
18020.0,543,1,20000.4,1,2,1,Hibernating
18021.0,509,1,12223.05,1,2,1,Hibernating
18022.0,384,2,62636.7,2,3,3,At Risk
18024.0,152,1,5481.0,3,2,1,Potential
18025.0,379,3,67905.6,2,4,3,At Risk
18027.0,98,1,12107.55,3,2,1,Potential
18028.0,582,1,20165.25,1,2,1,Hibernating
18029.0,641,1,45545.85,1,2,2,Hibernating
18030.0,41,1,12715.5,4,2,1,Potential
18031.0,378,1,48520.5,2,2,2,Hibernating
18032.0,333,1,7717.5,2,2,1,Hibernating
18035.0,35,4,133396.2,4,4,4,Champions
18036.0,104,8,115517.85,3,5,4,Loyal
18037.0,153,10,11657.1,3,5,1,Loyal
18039.0,373,2,34341.3,2,3,2,At Risk
18040.0,18,1,12411.0,5,2,1,Potential
18041.0,22,24,588988.05,5,5,5,Champions
18042.0,53,2,29520.75,4,3,2,Loyal
18043.0,206,2,80668.35,3,3,3,Loyal
18044.0,87,12,251660.84999999998,3,5,5,Loyal
18045.0,44,1,19887.0,4,2,1,Potential
18048.0,202,2,18090.45,3,3,1,Loyal
18049.0,436,1,29816.85,1,2,2,Hibernating
18050.0,392,1,35454.3,2,2,2,Hibernating
18051.0,633,5,174627.6,1,4,4,At Risk
18052.0,564,1,1142103.9,1,2,5,Hibernating
18053.0,70,1,31502.1,4,2,2,Potential
18054.0,392,1,18532.5,2,2,1,Hibernating
18055.0,6,7,519061.2,5,5,5,Champions
18056.0,287,1,38183.25,2,2,2,Hibernating
18057.0,690,1,31218.6,1,2,2,Hibernating
18058.0,9,2,49492.8,5,3,2,Loyal
18059.0,43,2,23085.3,4,3,1,Loyal
18060.0,407,2,124473.3,2,3,4,At Risk
18061.0,21,18,447098.4,5,5,5,Champions
18062.0,172,4,99668.1,3,4,3,Loyal
18063.0,390,2,19593.0,2,3,1,At Risk
18064.0,132,7,284279.1,3,5,5,Loyal
18065.0,5,18,392083.65,5,5,5,Champions
18066.0,74,1,33390.0,4,2,2,Potential
18067.0,39,1,41614.65,4,2,2,Potential
18069.0,87,8,354497.85,3,5,5,Loyal
18071.0,257,6,150006.15,2,5,4,At Risk
18072.0,185,1,25981.2,3,2,2,Potential
18073.0,141,5,142713.9,3,4,4,Loyal
18074.0,505,1,55633.2,1,2,3,Hibernating
18075.0,59,11,309180.9,4,5,5,Champions
18077.0,42,10,266534.1,4,5,5,Champions
18078.0,216,2,53647.649999999994,3,3,3,Loyal
18079.0,44,2,270671.1,4,3,5,Loyal
18080.0,18,2,129307.5,5,3,4,Loyal
18081.0,35,3,36062.25,4,4,2,Loyal
18083.0,397,1,49426.65,2,2,2,Hibernating
18084.0,382,2,75857.25,2,3,3,At Risk
18085.0,329,3,145635.0,2,4,4,At Risk
18086.0,273,1,10640.7,2,2,1,Hibernating
18087.0,290,11,1315106.1,2,5,5,At Risk
18088.0,60,1,17605.35,4,2,1,Potential
18089.0,446,1,44987.25,1,2,2,Hibernating
18091.0,592,1,37889.25,1,2,2,Hibernating
18092.0,38,11,1178616.6,4,5,5,Champions
18093.0,119,3,165268.95,3,4,4,Loyal
18094.0,81,9,498615.6,3,5,5,Loyal
18095.0,312,3,91951.65,2,4,3,At Risk
18096.0,11,5,173945.1,5,4,4,Champions
18097.0,126,5,252686.7,3,4,5,Loyal
18099.0,126,1,17672.55,3,2,1,Potential
18101.0,10,4,54487.65,5,4,3,Loyal
18102.0,0,86,34961908.8,5,5,5,Champions
18103.0,548,1,11109.0,1,2,1,Hibernating
18104.0,36,1,79237.2,4,2,3,Potential
18106.0,475,4,82589.85,1,4,3,At Risk
18107.0,441,1,17548.65,1,2,1,Hibernating
18108.0,253,2,37333.8,2,3,2,At Risk
18109.0,1,21,561543.15,5,5,5,Champions
18110.0,410,1,20908.65,2,2,1,Hibernating
18111.0,588,1,42614.25,1,2,2,Hibernating
18112.0,11,2,37032.45,5,3,2,Loyal
18114.0,289,1,23110.5,2,2,1,Hibernating
18115.0,697,1,1018.5,1,2,1,Hibernating
18116.0,67,7,146043.45,4,5,4,Champions
18117.0,25,1,33675.6,4,2,2,Potential
18118.0,10,21,522842.25,5,5,5,Champions
18119.0,367,1,38035.2,2,2,2,Hibernating
18120.0,213,1,11670.75,3,2,1,Potential
18121.0,148,2,70675.5,3,3,3,Loyal
18122.0,7,4,126241.5,5,4,4,Champions
18123.0,30,2,43956.15,4,3,2,Loyal
18124.0,471,1,11710.65,1,2,1,Hibernating
18125.0,29,4,120013.95000000001,4,4,4,Champions
18126.0,60,1,21717.15,4,2,1,Potential
18127.0,19,2,41804.7,5,3,2,Loyal
18130.0,14,3,111235.95000000001,5,4,4,Champions
18132.0,503,1,23824.5,1,2,1,Hibernating
18133.0,211,1,97807.5,3,2,3,Potential
18134.0,597,1,14999.25,1,2,1,Hibernating
18135.0,31,6,79934.4,4,5,3,Loyal
18136.0,62,4,154046.55,4,4,4,Champions
18137.0,550,2,15328.95,1,3,1,At Risk
18138.0,294,1,16028.25,2,2,1,Hibernating
18139.0,17,3,472607.10000000003,5,4,5,Champions
18140.0,473,1,56323.05,1,2,3,Hibernating
18142.0,156,1,77389.2,3,2,3,Potential
18143.0,116,2,105016.8,3,3,4,Loyal
18144.0,30,10,292997.25,4,5,5,Champions
18145.0,204,7,305004.0,3,5,5,Loyal
18146.0,140,2,16836.75,3,3,1,Loyal
18147.0,45,2,18830.699999999997,4,3,1,Loyal
18148.0,646,1,11980.5,1,2,1,Hibernating
18149.0,50,6,147032.55,4,5,4,Champions
18150.0,139,2,43394.4,3,3,2,Loyal
18151.0,134,6,197341.2,3,5,4,Loyal
18152.0,645,1,44802.45,1,2,2,Hibernating
18153.0,658,1,25853.1,1,2,2,Hibernating
18154.0,2,4,71897.7,5,4,3,Loyal
18155.0,74,1,11031.3,4,2,1,Potential
18156.0,369,1,43308.3,2,2,2,Hibernating
18158.0,8,2,47607.0,5,3,2,Loyal
18159.0,300,1,55665.75,2,2,3,Hibernating
18160.0,56,3,105407.4,4,4,4,Champions
18161.0,14,5,165706.8,5,4,4,Champions
18162.0,731,1,39811.8,1,2,2,Hibernating
18163.0,583,1,76528.2,1,2,3,Hibernating
18164.0,36,1,41963.25,4,2,2,Potential
18166.0,623,1,18427.5,1,2,1,Hibernating
18167.0,22,2,104397.3,5,3,4,Loyal
18168.0,175,9,188071.8,3,5,4,Loyal
18169.0,60,1,21278.25,4,2,1,Potential
18170.0,32,4,117084.45,4,4,4,Champions
18171.0,98,3,83773.2,3,4,3,Loyal
18172.0,30,33,1029898.8,4,5,5,Champions
18173.0,86,4,235657.8,3,4,5,Loyal
18174.0,6,2,17062.5,5,3,1,Loyal
18177.0,157,3,74888.1,3,4,3,Loyal
18178.0,128,6,377625.15,3,5,5,Loyal
18179.0,251,3,87454.5,2,4,3,At Risk
18180.0,4,4,130399.5,5,4,4,Champions
18181.0,23,5,126623.7,5,4,4,Champions
18182.0,462,1,30568.65,1,2,2,Hibernating
18185.0,248,1,31946.25,2,2,2,Hibernating
18186.0,722,1,34605.9,1,2,2,Hibernating
18188.0,14,5,220385.55,5,4,4,Champions
18189.0,77,3,147391.65,3,4,4,Loyal
18190.0,603,1,20248.2,1,2,1,Hibernating
18191.0,261,2,55587.0,2,3,3,At Risk
18193.0,164,3,126771.75,3,4,4,Loyal
18194.0,437,3,174707.4,1,4,4,At Risk
18196.0,94,2,75663.0,3,3,3,Loyal
18197.0,575,1,24160.5,1,2,1,Hibernating
18198.0,3,9,299521.95,5,5,5,Champions
18201.0,722,1,46990.65,1,2,2,Hibernating
18202.0,199,2,68223.75,3,3,3,Loyal
18203.0,156,3,41144.25,3,4,2,Loyal
18204.0,70,1,65769.9,4,2,3,Potential
18205.0,35,2,54322.8,4,3,3,Loyal
18206.0,552,1,33039.3,1,2,2,Hibernating
18207.0,498,1,57169.35,1,2,3,Hibernating
18208.0,565,1,37808.4,1,2,2,Hibernating
18209.0,28,1,14605.5,4,2,1,Potential
18210.0,1,5,214986.45,5,4,4,Champions
18211.0,25,2,18900.0,4,3,1,Loyal
18212.0,676,1,31321.5,1,2,2,Hibernating
18213.0,236,1,24410.4,2,2,1,Hibernating
18214.0,534,2,140715.75,1,3,4,At Risk
18215.0,88,3,131947.2,3,4,4,Loyal
18216.0,30,1,50583.75,4,2,2,Potential
18217.0,28,3,96871.95,4,4,3,Loyal
18218.0,596,1,18690.0,1,2,1,Hibernating
18219.0,168,10,164742.9,3,5,4,Loyal
18220.0,226,4,134870.40000000002,2,4,4,At Risk
18221.0,63,4,92259.3,4,4,3,Loyal
18222.0,92,1,46515.0,3,2,2,Potential
18223.0,4,18,1104386.85,5,5,5,Champions
18224.0,263,1,16689.75,2,2,1,Hibernating
18225.0,2,18,832300.35,5,5,5,Champions
18226.0,120,16,781457.25,3,5,5,Loyal
18229.0,31,18,715256.85,4,5,5,Champions
18230.0,28,3,115145.1,4,4,4,Champions
18231.0,240,18,410179.35,2,5,5,At Risk
18232.0,157,3,52565.100000000006,3,4,3,Loyal
18234.0,551,1,18858.0,1,2,1,Hibernating
18235.0,71,2,143432.09999999998,4,3,4,Loyal
18236.0,29,8,96208.35,4,5,3,Loyal
18237.0,2,3,44153.55,5,4,2,Loyal
18239.0,371,2,107819.25,2,3,4,At Risk
18240.0,45,1,44370.9,4,2,2,Potential
18241.0,9,14,177348.15,5,5,4,Champions
18242.0,213,3,98130.9,3,4,3,Loyal
18243.0,413,1,54156.9,2,2,3,Hibernating
18244.0,430,1,27913.2,1,2,2,Hibernating
18245.0,148,13,406495.95,3,5,5,Loyal
18247.0,414,1,41968.5,2,2,2,Hibernating
18249.0,16,1,10010.7,5,2,1,Potential
18250.0,309,1,36673.35,2,2,2,Hibernating
18251.0,86,5,1451359.35,3,4,5,Loyal
18252.0,50,4,121833.6,4,4,4,Champions
18254.0,580,1,28129.5,1,2,2,Hibernating
18255.0,88,2,31830.75,3,3,2,Loyal
18256.0,387,1,11623.5,2,2,1,Hibernating
18257.0,113,9,401665.95,3,5,5,Loyal
18258.0,463,3,68957.7,1,4,3,At Risk
18259.0,24,3,181975.5,5,4,4,Champions
18260.0,205,13,552565.65,3,5,5,Loyal
18261.0,42,1,10441.2,4,2,1,Potential
18262.0,602,1,21216.3,1,2,1,Hibernating
18263.0,25,1,42184.8,4,2,2,Potential
18264.0,498,1,63341.25,1,2,3,Hibernating
18265.0,71,2,84158.55,4,3,3,Loyal
18266.0,433,1,26365.5,1,2,2,Hibernating
18267.0,672,1,28283.85,1,2,2,Hibernating
18268.0,590,4,114402.75,1,4,4,At Risk
18270.0,266,2,28701.75,2,3,2,At Risk
18271.0,609,2,71489.25,1,3,3,At Risk
18272.0,2,5,257762.40000000002,5,4,5,Champions
18273.0,1,2,16065.0,5,3,1,Loyal
18274.0,29,1,18471.6,4,2,1,Potential
18275.0,577,2,77894.25,1,3,3,At Risk
18276.0,43,4,125044.5,4,4,4,Champions
18277.0,396,4,112315.35,2,4,4,At Risk
18278.0,73,2,43491.0,4,3,2,Loyal
18280.0,277,1,18963.0,2,2,1,Hibernating
18281.0,577,1,12633.6,1,2,1,Hibernating
18282.0,7,1,8173.2,5,2,1,Potential
18283.0,3,15,199169.25,5,5,4,Champions
18284.0,431,1,48476.4,1,2,2,Hibernating
18285.0,660,1,44835.0,1,2,2,Hibernating
18286.0,723,1,48609.75,1,2,2,Hibernating
18287.0,42,6,358859.55,4,5,5,Champions
