customer_id,gender,age,tenure_months,monthly_income,segment,has_loan,has_card,churned,churn_score,Contract,InternetService,MonthlyCharges
7590-VHVEG,Female,28,1,26865.0,Mass,1,0,0,0.485,Month-to-month,DSL,29.85
5575-GNVDE,Male,46,34,51255.0,Affluent,0,0,0,0.1788,One year,DSL,56.95
3668-QPYBK,Male,29,2,48465.0,Affluent,1,0,1,0.9125,Month-to-month,DSL,53.85
7795-CFOCW,Male,52,45,38070.0,Mass,0,1,0,0.1301,One year,DSL,42.3
9237-HQITU,Female,29,2,63630.0,Affluent,1,0,1,0.9338,Month-to-month,Fiber optic,70.7
9305-CDSKC,Female,32,8,89685.0,HNI,1,0,1,0.954,Month-to-month,Fiber optic,99.65
1452-KIOVK,Male,40,22,80190.0,HNI,1,1,0,0.5023,Month-to-month,Fiber optic,89.1
6713-OKOMC,Female,33,10,26775.0,Mass,1,0,0,0.4602,Month-to-month,DSL,29.75
7892-POOKP,Female,43,28,94320.0,HNI,1,0,1,0.9057,Month-to-month,Fiber optic,104.8
6388-TABGU,Male,62,62,50535.0,Affluent,0,1,0,0.1011,One year,DSL,56.15
9763-GRSKD,Male,35,13,44955.0,Mass,1,0,0,0.4775,Month-to-month,DSL,49.95
7469-LKBCI,Male,36,16,17055.0,Mass,0,1,0,0.1801,Two year,No,18.95
8091-TTVAX,Male,59,58,90315.0,HNI,0,1,0,0.1679,One year,Fiber optic,100.35
0280-XJGEX,Male,54,49,93330.0,HNI,1,1,1,0.8467,Month-to-month,Fiber optic,103.7
5129-JLPIS,Male,41,25,94950.0,HNI,1,0,0,0.5148,Month-to-month,Fiber optic,105.5
3655-SNQYZ,Female,65,69,101925.0,HNI,0,1,0,0.154,Two year,Fiber optic,113.25
8191-XWSZG,Female,56,52,18585.0,Mass,0,0,0,0.0836,One year,No,20.65
9959-WOFKT,Male,65,71,96030.0,HNI,0,1,0,0.1403,Two year,Fiber optic,106.7
4190-MFLUW,Female,33,10,49680.0,Affluent,1,1,1,0.8923,Month-to-month,DSL,55.2
4183-MYFRB,Female,39,21,81045.0,HNI,1,0,0,0.5062,Month-to-month,Fiber optic,90.05
8779-QRDMV,Male,68,1,35685.0,Mass,1,0,1,0.8973,Month-to-month,DSL,39.65
1680-VDCWW,Male,34,12,17820.0,Mass,0,1,0,0.1921,One year,No,19.8
1066-JKSGK,Male,28,1,18135.0,Mass,1,0,1,0.8727,Month-to-month,No,20.15
3638-WEABW,Female,59,58,53910.0,Affluent,0,1,0,0.1168,Two year,DSL,59.9
6322-HRPFA,Male,54,49,53640.0,Affluent,1,1,0,0.391,Month-to-month,DSL,59.6
6865-JZNKO,Female,44,30,49770.0,Affluent,1,1,0,0.4377,Month-to-month,DSL,55.3
6467-CHFZW,Male,53,47,89415.0,HNI,1,0,1,0.8467,Month-to-month,Fiber optic,99.35
8665-UTDHZ,Male,28,1,27180.0,Mass,1,0,1,0.8854,Month-to-month,DSL,30.2
5248-YGIJN,Male,65,72,81225.0,HNI,0,1,0,0.1167,Two year,DSL,90.25
8773-HHUOZ,Female,37,17,58230.0,Affluent,1,0,1,0.8852,Month-to-month,DSL,64.7
3841-NFECX,Female,68,71,86715.0,HNI,0,1,0,0.1272,Two year,Fiber optic,96.35
4929-XIHVW,Male,68,2,85950.0,HNI,1,1,0,0.5652,Month-to-month,Fiber optic,95.5
6827-IEAUQ,Female,42,27,59535.0,Affluent,0,0,0,0.2096,One year,DSL,66.15
7310-EGVHZ,Male,28,1,18180.0,Mass,1,1,0,0.4728,Month-to-month,No,20.2
3413-BMNZE,Male,68,1,40725.0,Mass,1,1,0,0.5044,Month-to-month,DSL,45.25
6234-RAAPL,Female,65,72,89910.0,HNI,0,1,0,0.1289,Two year,Fiber optic,99.9
6047-YHPVI,Male,30,5,62730.0,Affluent,1,0,1,0.9243,Month-to-month,Fiber optic,69.7
6572-ADKRS,Female,53,46,67320.0,Affluent,1,1,0,0.4185,Month-to-month,Fiber optic,74.8
5380-WJKOV,Male,46,34,95715.0,HNI,1,0,1,0.8912,Month-to-month,Fiber optic,106.35
8168-UQWWF,Female,34,11,88065.0,HNI,1,1,1,0.9435,Month-to-month,Fiber optic,97.85
8865-TNMNX,Male,33,10,44595.0,Mass,0,0,0,0.2352,One year,DSL,49.55
9489-DEDVP,Female,65,70,62280.0,Affluent,0,1,0,0.0956,Two year,DSL,69.2
9867-JCZSP,Female,37,17,18675.0,Mass,0,0,0,0.1796,One year,No,20.75
4671-VJLCL,Female,62,63,71865.0,Affluent,0,1,0,0.1283,Two year,DSL,79.85
4080-IIARD,Female,35,13,68580.0,Affluent,1,0,0,0.5106,Month-to-month,DSL,76.2
3714-NTNFO,Female,54,49,76050.0,HNI,1,0,0,0.4225,Month-to-month,Fiber optic,84.5
5948-UJZLF,Male,29,2,44325.0,Mass,1,0,0,0.5067,Month-to-month,DSL,49.25
7760-OYPDY,Female,29,2,72585.0,HNI,1,0,1,0.9464,Month-to-month,Fiber optic,80.65
7639-LIAYI,Male,56,52,71775.0,Affluent,0,1,0,0.1583,Two year,DSL,79.75
2954-PIBKO,Female,65,69,57735.0,Affluent,0,1,0,0.092,Two year,DSL,64.15
8012-SOUDQ,Female,68,43,81225.0,HNI,1,0,0,0.4462,Month-to-month,Fiber optic,90.25
9420-LOJKX,Female,36,15,89190.0,HNI,1,1,1,0.9341,Month-to-month,Fiber optic,99.1
6575-SUVOI,Female,68,25,62550.0,Affluent,1,1,0,0.4693,Month-to-month,DSL,69.5
7495-OOKFY,Female,68,8,72585.0,HNI,1,1,1,0.93,Month-to-month,Fiber optic,80.65
4667-QONEA,Female,68,60,67365.0,Affluent,0,1,0,0.1302,One year,DSL,74.85
1658-BYGOY,Male,68,18,85905.0,HNI,1,0,1,0.9213,Month-to-month,Fiber optic,95.45
8769-KKTPH,Female,62,63,89685.0,HNI,0,1,0,0.1533,One year,Fiber optic,99.65
5067-XJQFU,Male,68,66,97605.0,HNI,0,0,0,0.1562,One year,Fiber optic,108.45
3957-SQXML,Female,46,34,22455.0,Mass,0,1,0,0.1384,Two year,No,24.95
5954-BDFSG,Female,65,72,96750.0,HNI,0,1,0,0.1385,Two year,Fiber optic,107.5
0434-CSFON,Female,53,47,90450.0,HNI,1,0,0,0.4482,Month-to-month,Fiber optic,100.5
1215-FIGMP,Male,61,60,80910.0,HNI,1,1,0,0.3992,Month-to-month,Fiber optic,89.9
0526-SXDJP,Male,65,72,37890.0,Mass,0,1,0,0.0559,Two year,DSL,42.1
0557-ASKVU,Female,37,18,48960.0,Affluent,0,1,0,0.2194,One year,DSL,54.4
5698-BQJOH,Female,32,9,84960.0,HNI,1,0,1,0.9446,Month-to-month,Fiber optic,94.4
5122-CYFXA,Female,29,3,67770.0,Affluent,1,0,0,0.5369,Month-to-month,DSL,75.3
8627-ZYGSZ,Male,53,47,71010.0,Affluent,0,0,0,0.1709,One year,Fiber optic,78.9
3410-YOQBQ,Female,45,31,71280.0,Affluent,0,0,0,0.2151,Two year,DSL,79.2
3170-NMYVV,Female,55,50,18135.0,Mass,0,1,0,0.0885,Two year,No,20.15
7410-OIEDU,Male,33,10,71865.0,Affluent,1,0,0,0.5235,Month-to-month,Fiber optic,79.85
2273-QCKXA,Male,28,1,44145.0,Mass,1,0,0,0.5092,Month-to-month,DSL,49.05
0731-EBJQB,Female,56,52,18360.0,Mass,0,0,0,0.0833,One year,No,20.4
1891-QRQSA,Male,68,64,100440.0,HNI,0,1,0,0.1656,Two year,Fiber optic,111.6
8028-PNXHQ,Male,62,62,21825.0,Mass,0,1,0,0.0608,Two year,No,24.25
5630-AHZIL,Female,29,3,58050.0,Affluent,1,1,0,0.5233,Month-to-month,DSL,64.5
2673-CXQEU,Female,68,56,99450.0,HNI,0,0,0,0.1862,One year,Fiber optic,110.5
6416-JNVRK,Female,53,46,50085.0,Affluent,0,1,0,0.1443,One year,DSL,55.65
5590-ZSKRV,Female,32,8,49185.0,Affluent,1,0,0,0.4971,Month-to-month,DSL,54.65
0191-ZHSKZ,Male,68,30,67275.0,Affluent,1,0,0,0.4622,Month-to-month,DSL,74.75
3887-PBQAO,Female,52,45,23310.0,Mass,0,1,0,0.1094,One year,No,25.9
5919-TMRGD,Female,28,1,71415.0,Affluent,1,0,1,0.9475,Month-to-month,Fiber optic,79.35
8108-UXRQN,Female,34,11,45495.0,Affluent,1,0,0,0.4837,Month-to-month,DSL,50.55
9191-MYQKX,Female,31,7,67635.0,Affluent,1,1,1,0.9257,Month-to-month,Fiber optic,75.15
9919-YLNNG,Female,51,42,93420.0,HNI,1,1,0,0.466,Month-to-month,Fiber optic,103.8
0318-ZOPWS,Female,54,49,18135.0,Mass,0,1,0,0.0912,Two year,No,20.15
4445-ZJNMU,Male,32,9,89370.0,HNI,1,1,0,0.5508,Month-to-month,Fiber optic,99.3
4808-YNLEU,Female,47,35,55935.0,Affluent,0,1,0,0.1826,One year,DSL,62.15
1862-QRWPE,Female,54,48,18585.0,Mass,0,1,0,0.0946,Two year,No,20.65
2796-NNUFI,Female,53,46,17955.0,Mass,0,0,0,0.0992,Two year,No,19.95
3016-KSVCP,Male,43,29,30375.0,Mass,1,0,0,0.4132,Month-to-month,DSL,33.75
4767-HZZHQ,Male,44,30,73845.0,HNI,1,1,0,0.4715,Month-to-month,Fiber optic,82.05
2424-WVHPL,Male,68,1,67230.0,Affluent,1,0,0,0.5416,Month-to-month,Fiber optic,74.7
7233-PAHHL,Male,64,66,75600.0,HNI,0,0,0,0.1253,Two year,DSL,84.0
6067-NGCEU,Female,63,65,99945.0,HNI,1,1,0,0.4122,Month-to-month,Fiber optic,111.05
9848-JQJTX,Male,65,72,90810.0,HNI,0,1,0,0.1302,Two year,Fiber optic,100.9
8637-XJIVR,Female,34,12,71055.0,Affluent,1,0,1,0.9168,Month-to-month,Fiber optic,78.95
9803-FTJCG,Male,65,71,60165.0,Affluent,0,1,0,0.0899,One year,DSL,66.85
0278-YXOOG,Male,30,5,18945.0,Mass,1,0,1,0.8629,Month-to-month,No,21.05
3212-KXOCR,Male,56,52,18900.0,Mass,0,1,0,0.0841,Two year,No,21.0
4598-XLKNJ,Female,68,25,88650.0,HNI,1,0,1,0.9059,Month-to-month,Fiber optic,98.5
6380-ARCEH,Male,28,1,18180.0,Mass,1,0,0,0.4728,Month-to-month,No,20.2
3679-XASPY,Female,28,1,17505.0,Mass,1,0,0,0.4718,Month-to-month,No,19.45
7123-WQUHX,Male,48,38,85500.0,HNI,0,1,0,0.2159,One year,Fiber optic,95.0
5386-THSLQ,Female,68,66,40995.0,Mass,0,1,0,0.0767,One year,DSL,45.55
3192-NQECA,Male,65,68,99000.0,HNI,0,1,1,0.5526,Two year,Fiber optic,110.0
6180-YBIQI,Male,30,5,21870.0,Mass,1,0,0,0.467,Month-to-month,DSL,24.3
6728-DKUCO,Female,65,72,93735.0,HNI,0,0,0,0.1343,One year,Fiber optic,104.15
9750-BOOHV,Female,45,32,27135.0,Mass,0,0,0,0.1504,One year,DSL,30.15
8597-CWYHH,Male,51,43,84915.0,HNI,0,0,0,0.2014,One year,Fiber optic,94.35
2848-YXSMW,Male,65,72,17460.0,Mass,0,1,0,0.0272,Two year,No,19.4
0486-HECZI,Male,58,55,87075.0,HNI,1,0,1,0.8215,Month-to-month,Fiber optic,96.75
4549-ZDQYY,Female,56,52,52155.0,Affluent,0,1,0,0.1307,One year,DSL,57.95
5712-AHQNN,Female,51,43,82485.0,HNI,1,0,0,0.448,Month-to-month,Fiber optic,91.65
4846-WHAFZ,Female,68,37,68850.0,Affluent,1,0,1,0.8453,Month-to-month,Fiber optic,76.5
5256-SKJGO,Female,63,64,49140.0,Affluent,0,0,0,0.0936,Two year,DSL,54.6
3071-VBYPO,Male,29,3,80865.0,HNI,1,0,0,0.5553,Month-to-month,Fiber optic,89.85
9560-BBZXK,Female,47,36,27945.0,Mass,0,1,0,0.1406,Two year,DSL,31.05
5299-RULOA,Female,33,10,90225.0,HNI,1,0,1,0.9492,Month-to-month,Fiber optic,100.25
8402-OOOHJ,Female,50,41,18585.0,Mass,0,0,0,0.1138,Two year,No,20.65
9445-ZUEQE,Male,42,27,76680.0,HNI,1,1,0,0.4836,Month-to-month,Fiber optic,85.2
1091-SOZGA,Female,58,56,89820.0,HNI,0,1,0,0.1726,One year,Fiber optic,99.8
2928-HLDBA,Female,31,6,18630.0,Mass,1,0,0,0.4597,Month-to-month,No,20.7
0404-SWRVG,Male,29,3,66960.0,Affluent,1,0,1,0.9358,Month-to-month,Fiber optic,74.4
6497-TILVL,Female,31,7,45630.0,Affluent,1,0,0,0.4949,Month-to-month,DSL,50.7
7219-TLZHO,Female,30,4,18765.0,Mass,1,0,0,0.4654,Month-to-month,No,20.85
4622-YNKIJ,Male,46,33,80055.0,HNI,0,0,0,0.2219,Two year,Fiber optic,88.95
4412-YLTKF,Female,68,27,70245.0,Affluent,1,0,1,0.8746,Month-to-month,Fiber optic,78.05
6734-PSBAW,Male,65,72,21195.0,Mass,0,1,0,0.0325,Two year,No,23.55
3930-ZGWVE,Male,28,1,17775.0,Mass,1,0,0,0.4722,Month-to-month,No,19.75
2639-UGMAZ,Male,68,71,50805.0,Affluent,0,0,0,0.0768,One year,DSL,56.45
2876-GZYZC,Female,35,13,77355.0,HNI,1,0,0,0.523,Month-to-month,Fiber optic,85.95
6207-WIOLX,Female,41,25,52740.0,Affluent,1,1,1,0.8555,Month-to-month,DSL,58.6
8587-XYZSF,Male,64,67,45495.0,Affluent,0,1,0,0.0803,Two year,DSL,50.55
3091-FYHKI,Male,28,1,31905.0,Mass,1,0,1,0.892,Month-to-month,DSL,35.45
2372-HWUHI,Male,29,2,39915.0,Mass,1,0,1,0.9005,Month-to-month,DSL,44.35
7799-LGRDP,Female,51,43,23130.0,Mass,0,1,0,0.1147,Two year,No,25.7
7850-VWJUU,Female,40,23,67500.0,Affluent,1,1,0,0.4817,Month-to-month,Fiber optic,75.0
3774-VBNXY,Female,63,64,18180.0,Mass,0,0,0,0.0502,Two year,No,20.2
6217-KDYWC,Male,59,57,17640.0,Mass,0,0,0,0.0686,Two year,No,19.6
0390-DCFDQ,Female,68,1,63405.0,Affluent,1,0,1,0.9362,Month-to-month,Fiber optic,70.45
3146-MSEGF,Female,68,72,79245.0,HNI,0,1,0,0.114,Two year,DSL,88.05
4080-OGPJL,Female,32,8,64035.0,Affluent,1,0,1,0.918,Month-to-month,DSL,71.15
1095-WGNGG,Female,61,61,90945.0,HNI,0,1,0,0.1605,Two year,Fiber optic,101.05
2636-SJDOU,Male,63,64,75870.0,HNI,0,1,0,0.1311,One year,Fiber optic,84.3
1131-QQZEB,Male,68,71,21555.0,Mass,0,1,0,0.0357,Two year,No,23.95
5716-EZXZN,Female,63,65,89145.0,HNI,0,1,0,0.147,Two year,Fiber optic,99.05
6837-BJYDQ,Male,29,3,17640.0,Mass,0,0,0,0.2165,One year,No,19.6
2135-RXIHG,Male,28,1,41085.0,Mass,1,0,1,0.9049,Month-to-month,DSL,45.65
6440-DKQGE,Male,44,30,58050.0,Affluent,0,1,0,0.1993,One year,DSL,64.5
3466-BYAVD,Male,36,15,62550.0,Affluent,1,0,0,0.4967,Month-to-month,DSL,69.5
3780-YVMFA,Female,32,8,61695.0,Affluent,1,0,0,0.5147,Month-to-month,DSL,68.55
3874-EQOEP,Male,31,7,85500.0,HNI,1,0,1,0.9508,Month-to-month,Fiber optic,95.0
1679-JRFBR,Female,65,70,97335.0,HNI,0,1,0,0.1448,One year,Fiber optic,108.15
9073-ZZIAY,Male,62,62,77490.0,HNI,0,0,0,0.1389,Two year,DSL,86.1
3077-RSNTJ,Female,31,6,17730.0,Mass,1,0,0,0.4584,Month-to-month,No,19.7
6551-GNYDG,Female,35,14,72810.0,HNI,1,1,0,0.5138,Month-to-month,Fiber optic,80.9
9167-APMXZ,Female,40,22,75735.0,HNI,1,1,0,0.496,Month-to-month,Fiber optic,84.15
2749-CTKAJ,Male,40,22,18135.0,Mass,0,0,0,0.1652,One year,No,20.15
6371-NZYEG,Male,36,16,57825.0,Affluent,0,0,0,0.2373,Two year,DSL,64.25
7554-NEWDD,Male,33,10,23130.0,Mass,0,1,0,0.2051,Two year,No,25.7
8992-VONJD,Female,35,13,50400.0,Affluent,1,0,0,0.4851,Month-to-month,DSL,56.0
0867-MKZVY,Female,39,20,74160.0,HNI,1,0,1,0.8993,Month-to-month,Fiber optic,82.4
4482-EWFMI,Female,29,2,62730.0,Affluent,1,0,0,0.5326,Month-to-month,Fiber optic,69.7
4648-YPBTM,Male,57,53,66510.0,Affluent,0,1,0,0.1481,Two year,DSL,73.9
2907-ILJBN,Female,34,11,18540.0,Mass,0,0,0,0.1959,One year,No,20.6
6345-FZOQH,Male,65,69,17910.0,Mass,0,0,0,0.0361,Two year,No,19.9
3376-BMGFE,Female,30,4,63810.0,Affluent,1,1,1,0.9286,Month-to-month,Fiber optic,70.9
5997-OPVFA,Male,65,72,80145.0,HNI,0,1,0,0.1152,Two year,DSL,89.05
3445-HXXGF,Male,68,58,40770.0,Mass,1,0,1,0.7483,Month-to-month,DSL,45.3
1159-WFSGR,Female,36,16,18360.0,Mass,1,0,0,0.4319,Month-to-month,No,20.4
7654-YWJUF,Male,51,43,75825.0,HNI,0,1,0,0.1886,One year,Fiber optic,84.25
1875-QIVME,Female,29,2,93960.0,HNI,1,0,1,0.9764,Month-to-month,Fiber optic,104.4
6727-IOTLZ,Male,35,14,73755.0,HNI,0,0,0,0.2652,Two year,DSL,81.95
0691-JVSYA,Female,57,53,85365.0,HNI,0,1,1,0.5746,One year,Fiber optic,94.85
5918-VUKWP,Female,45,32,18495.0,Mass,0,1,0,0.1383,One year,No,20.55
1744-JHKYS,Female,46,34,22230.0,Mass,1,0,0,0.388,Month-to-month,No,24.7
2656-FMOKZ,Female,68,15,67005.0,Affluent,1,0,1,0.9029,Month-to-month,Fiber optic,74.45
2070-FNEXE,Female,68,7,68805.0,Affluent,1,1,1,0.9274,Month-to-month,Fiber optic,76.45
5947-SGKCL,Female,36,15,94815.0,HNI,1,1,0,0.542,Month-to-month,Fiber optic,105.35
3712-PKXZA,Male,61,61,18495.0,Mass,0,1,0,0.0588,One year,No,20.55
6317-YPKDH,Female,28,1,26955.0,Mass,1,1,1,0.8851,Month-to-month,DSL,29.95
6582-OIVSP,Female,28,1,40770.0,Mass,1,0,0,0.5045,Month-to-month,DSL,45.3
9367-WXLCH,Male,32,8,76050.0,HNI,1,1,1,0.9348,Month-to-month,Fiber optic,84.5
5524-KHNJP,Male,46,33,67275.0,Affluent,0,1,0,0.204,One year,DSL,74.75
1918-ZBFQJ,Female,35,13,71325.0,Affluent,1,0,1,0.9145,Month-to-month,Fiber optic,79.25
1024-GUALD,Female,28,1,22320.0,Mass,1,0,1,0.8786,Month-to-month,DSL,24.8
4827-USJHP,Male,39,20,46620.0,Affluent,1,0,0,0.4606,Month-to-month,DSL,51.8
8167-GJLRN,Male,29,3,27360.0,Mass,1,0,0,0.4802,Month-to-month,DSL,30.4
0956-SYCWG,Female,35,13,17685.0,Mass,0,0,0,0.1892,One year,No,19.65
8017-UVSZU,Female,50,40,50940.0,Affluent,1,1,0,0.4119,Month-to-month,DSL,56.6
7100-FQPRV,Male,51,43,64710.0,Affluent,0,1,0,0.173,One year,DSL,71.9
2472-OVKUP,Male,31,6,81900.0,HNI,1,0,1,0.9485,Month-to-month,Fiber optic,91.0
2984-RGEYA,Female,65,69,17775.0,Mass,0,1,0,0.0359,Two year,No,19.75
9680-NIAUV,Female,65,72,98730.0,HNI,0,1,0,0.1413,Two year,Fiber optic,109.7
2146-EGVDT,Male,60,59,17370.0,Mass,0,1,0,0.0627,Two year,No,19.3
2604-IJPDU,Female,39,20,86895.0,HNI,1,0,0,0.5172,Month-to-month,Fiber optic,96.55
9178-JHUVJ,Male,41,24,21690.0,Mass,0,1,0,0.1647,Two year,No,24.1
6168-YBYNP,Male,60,59,100215.0,HNI,1,0,0,0.429,Month-to-month,Fiber optic,111.35
7255-SSFBC,Male,65,72,101025.0,HNI,0,1,0,0.1445,Two year,Fiber optic,112.25
3645-DEYGF,Male,28,1,18675.0,Mass,1,0,0,0.4735,Month-to-month,No,20.75
9323-HGFWY,Female,42,27,91710.0,HNI,0,1,0,0.2547,One year,Fiber optic,101.9
8544-GOQSH,Female,35,14,72045.0,HNI,1,1,0,0.5128,Month-to-month,Fiber optic,80.05
3363-DTIVD,Male,65,71,94995.0,HNI,0,0,0,0.1388,Two year,Fiber optic,105.55
7018-WBJNK,Male,35,13,70470.0,Affluent,1,1,0,0.5133,Month-to-month,Fiber optic,78.3
9142-KZXOP,Male,52,44,61965.0,Affluent,1,1,0,0.4164,Month-to-month,Fiber optic,68.85
7674-YTAFD,Female,46,33,71955.0,Affluent,0,1,0,0.2106,One year,Fiber optic,79.95
6348-SNFUS,Male,65,72,49905.0,Affluent,0,1,0,0.0728,Two year,DSL,55.45
1285-OKIPP,Male,28,1,71910.0,Affluent,1,0,1,0.9482,Month-to-month,Fiber optic,79.9
7825-ECJRF,Female,38,19,95940.0,HNI,1,0,1,0.9326,Month-to-month,Fiber optic,106.6
1347-KTTTA,Male,63,64,92205.0,HNI,0,1,0,0.1541,One year,Fiber optic,102.45
7841-TZDMQ,Male,29,2,41400.0,Mass,1,1,1,0.9026,Month-to-month,DSL,46.0
4195-NZGTA,Female,28,1,22725.0,Mass,1,0,0,0.4792,Month-to-month,DSL,25.25
7157-SMCFK,Male,61,61,17775.0,Mass,0,0,0,0.0578,Two year,No,19.75
4709-LKHYG,Female,43,29,18000.0,Mass,0,0,0,0.1458,One year,No,20.0
2504-DSHIH,Male,68,23,78120.0,HNI,1,0,0,0.4966,Month-to-month,Fiber optic,86.8
0699-NDKJM,Female,59,57,52875.0,Affluent,1,1,0,0.368,Month-to-month,DSL,58.75
9286-BHDQG,Male,65,72,40725.0,Mass,0,1,0,0.0599,Two year,DSL,45.25
0230-WEQUW,Male,64,66,50940.0,Affluent,0,1,0,0.0907,Two year,DSL,56.6
2040-LDIWQ,Male,63,65,75780.0,HNI,0,1,0,0.1283,Two year,DSL,84.2
6496-JDSSB,Female,32,8,72000.0,HNI,1,1,0,0.5291,Month-to-month,Fiber optic,80.0
9408-SSNVZ,Female,30,4,63135.0,Affluent,1,0,1,0.9277,Month-to-month,Fiber optic,70.15
4443-EMBNA,Female,65,71,22275.0,Mass,0,1,0,0.0367,Two year,No,24.75
6469-MRVET,Male,28,1,18180.0,Mass,0,0,0,0.2228,One year,No,20.2
0742-MOABM,Male,30,4,45045.0,Affluent,1,0,1,0.9023,Month-to-month,DSL,50.05
5961-VUSRV,Female,34,12,17415.0,Mass,0,1,0,0.1916,One year,No,19.35
6778-JFCMK,Male,41,24,45540.0,Affluent,0,0,0,0.1982,One year,DSL,50.6
6341-JVQGF,Female,45,31,73035.0,HNI,0,0,0,0.2176,One year,DSL,81.15
2232-DMLXU,Female,28,1,49680.0,Affluent,1,0,1,0.917,Month-to-month,DSL,55.2
4811-JBUVU,Male,44,30,80910.0,HNI,1,1,0,0.4814,Month-to-month,Fiber optic,89.9
0945-TSONX,Female,53,47,76770.0,HNI,0,1,0,0.179,Two year,DSL,85.3
2651-ZCBXV,Male,57,54,97200.0,HNI,0,1,0,0.1885,Two year,Fiber optic,108.0
3316-UWXUY,Male,55,50,84150.0,HNI,1,1,0,0.4311,Month-to-month,Fiber optic,93.5
8937-RDTHP,Male,28,1,76140.0,HNI,1,0,1,0.9541,Month-to-month,Fiber optic,84.6
7083-MIOPC,Female,65,72,18225.0,Mass,0,1,0,0.0283,Two year,No,20.25
1984-GPTEH,Female,43,29,22635.0,Mass,1,0,0,0.4023,Month-to-month,No,25.15
1251-KRREG,Male,29,2,48960.0,Affluent,1,0,1,0.9132,Month-to-month,DSL,54.4
0621-JFHOL,Female,33,10,26640.0,Mass,0,0,0,0.21,Two year,DSL,29.6
9903-LYSAB,Male,37,18,65835.0,Affluent,1,0,0,0.4931,Month-to-month,Fiber optic,73.15
0094-OIFMO,Female,68,11,85500.0,HNI,1,0,1,0.9399,Month-to-month,Fiber optic,95.0
9227-UAQFT,Male,36,16,17775.0,Mass,0,0,0,0.1811,Two year,No,19.75
7301-ABVAD,Female,65,72,77940.0,HNI,0,1,0,0.1121,Two year,DSL,86.6
6614-FHDBO,Male,65,72,98280.0,HNI,0,1,0,0.1407,Two year,Fiber optic,109.2
7576-ASEJU,Female,50,41,67230.0,Affluent,0,1,0,0.182,One year,DSL,74.7
9058-HRZSV,Female,68,65,84960.0,HNI,1,0,0,0.3912,Month-to-month,Fiber optic,94.4
4522-AKYLR,Female,68,13,49320.0,Affluent,1,0,0,0.4836,Month-to-month,DSL,54.8
0221-WMXNQ,Male,68,4,67815.0,Affluent,1,0,0,0.5342,Month-to-month,Fiber optic,75.35
0303-UNCIP,Male,50,41,58500.0,Affluent,0,0,0,0.1698,One year,DSL,65.0
9947-OTFQU,Male,68,15,66960.0,Affluent,1,0,1,0.9029,Month-to-month,Fiber optic,74.4
0322-YINQP,Male,28,1,43695.0,Mass,1,0,1,0.9086,Month-to-month,DSL,48.55
0959-WHOKV,Male,51,42,89100.0,HNI,0,0,0,0.21,One year,Fiber optic,99.0
4075-JFPGR,Female,56,51,84150.0,HNI,0,0,0,0.1784,One year,Fiber optic,93.5
4629-NRXKX,Female,29,2,63360.0,Affluent,1,0,1,0.9334,Month-to-month,Fiber optic,70.4
9514-JDSKI,Male,68,1,36180.0,Mass,1,0,1,0.898,Month-to-month,DSL,40.2
3282-ZISZV,Male,45,32,75330.0,HNI,0,1,0,0.2181,One year,DSL,83.7
3675-YDUPJ,Male,33,10,17865.0,Mass,1,0,0,0.4477,Month-to-month,No,19.85
4111-BNXIF,Female,64,67,53595.0,Affluent,0,0,0,0.0917,Two year,DSL,59.55
7017-VFHAY,Female,61,61,103590.0,HNI,0,1,0,0.1783,Two year,Fiber optic,115.1
6655-LHBYW,Male,55,50,102915.0,HNI,0,1,0,0.2075,One year,Fiber optic,114.35
4959-JOSRX,Female,29,2,40140.0,Mass,1,1,1,0.9009,Month-to-month,DSL,44.6
5046-NUHWD,Female,68,29,40500.0,Mass,1,0,0,0.4274,Month-to-month,DSL,45.0
7273-TEFQD,Male,68,3,37035.0,Mass,1,0,1,0.8938,Month-to-month,DSL,41.15
3606-TWKGI,Male,68,13,96210.0,HNI,1,0,1,0.9494,Month-to-month,Fiber optic,106.9
7529-ZDFXI,Male,68,57,80865.0,HNI,1,0,0,0.4073,Month-to-month,Fiber optic,89.85
7605-BDWDC,Female,45,31,44865.0,Mass,0,1,0,0.178,Two year,DSL,49.85
1950-KSVVJ,Female,52,45,101970.0,HNI,0,0,0,0.2198,One year,Fiber optic,113.3
0123-CRBRT,Female,61,61,79290.0,HNI,0,0,0,0.1442,Two year,DSL,88.1
6292-TOSSS,Male,55,50,22410.0,Mass,0,1,0,0.0945,Two year,No,24.9
3197-ARFOY,Female,68,19,94500.0,HNI,1,0,0,0.5306,Month-to-month,Fiber optic,105.0
6323-AYBRX,Male,60,59,17415.0,Mass,0,0,1,0.4628,Two year,No,19.35
7014-ZZXAW,Female,65,71,21825.0,Mass,0,1,0,0.0361,Two year,No,24.25
4385-GZQXV,Female,68,16,85005.0,HNI,1,0,1,0.9255,Month-to-month,Fiber optic,94.45
7633-MVPUY,Male,59,57,53775.0,Affluent,0,0,0,0.1193,Two year,DSL,59.75
6366-ZGQGL,Male,28,1,22320.0,Mass,1,1,1,0.8786,Month-to-month,DSL,24.8
4716-HHKQH,Male,68,20,96345.0,HNI,1,0,0,0.5304,Month-to-month,Fiber optic,107.05
5940-AHUHD,Male,28,1,63540.0,Affluent,1,0,1,0.9364,Month-to-month,Fiber optic,70.6
6432-TWQLB,Male,30,5,76860.0,HNI,1,0,1,0.9442,Month-to-month,Fiber optic,85.4
4484-GLZOU,Female,56,52,94545.0,HNI,1,0,1,0.8402,Month-to-month,Fiber optic,105.05
3179-GBRWV,Male,68,21,58455.0,Affluent,1,1,0,0.4745,Month-to-month,DSL,64.95
8645-KWHJO,Male,35,14,49500.0,Affluent,1,0,0,0.4811,Month-to-month,DSL,55.0
4130-MZLCC,Female,30,5,45495.0,Affluent,1,1,0,0.5002,Month-to-month,DSL,50.55
0314-TKOSI,Female,31,6,49635.0,Affluent,1,0,0,0.5032,Month-to-month,DSL,55.15
8229-MYEJZ,Female,33,10,46080.0,Affluent,1,0,0,0.4873,Month-to-month,DSL,51.2
2080-SRCDE,Female,28,1,22860.0,Mass,1,0,0,0.4793,Month-to-month,No,25.4
9577-WJVCQ,Female,65,68,49005.0,Affluent,1,0,0,0.3325,Month-to-month,DSL,54.45
9512-UIBFX,Male,37,18,85635.0,HNI,1,0,1,0.9209,Month-to-month,Fiber optic,95.15
6202-DYYFX,Female,40,22,68400.0,Affluent,0,1,0,0.2357,One year,Fiber optic,76.0
3808-HFKDE,Female,39,20,39915.0,Mass,1,0,0,0.4512,Month-to-month,DSL,44.35
5583-SXDAG,Male,28,1,63000.0,Affluent,1,0,1,0.9357,Month-to-month,Fiber optic,70.0
3488-PGMQJ,Male,68,8,67050.0,Affluent,1,0,1,0.9222,Month-to-month,Fiber optic,74.5
3580-REOAC,Male,33,10,40365.0,Mass,1,1,1,0.8793,Month-to-month,DSL,44.85
7534-BFESC,Male,68,24,68490.0,Affluent,1,0,1,0.8804,Month-to-month,Fiber optic,76.1
3727-OWVYD,Male,47,35,55080.0,Affluent,0,0,0,0.1814,One year,DSL,61.2
2294-SALNE,Male,40,23,78120.0,HNI,0,0,0,0.2466,One year,Fiber optic,86.8
4847-TAJYI,Female,68,6,80415.0,HNI,1,0,0,0.5464,Month-to-month,Fiber optic,89.35
1563-IWQEX,Female,34,12,17730.0,Mass,1,0,0,0.442,Month-to-month,No,19.7
8203-XJZRC,Male,28,1,18225.0,Mass,1,0,0,0.4728,Month-to-month,No,20.25
6556-DBKZF,Female,65,71,68445.0,Affluent,0,0,0,0.1015,Two year,Fiber optic,76.05
6851-WEFYX,Male,68,35,90720.0,HNI,1,0,0,0.4814,Month-to-month,Fiber optic,100.8
2985-JUUBZ,Male,50,40,67095.0,Affluent,1,0,0,0.4346,Month-to-month,DSL,74.55
6390-DSAZX,Female,28,1,66240.0,Affluent,1,0,1,0.9402,Month-to-month,Fiber optic,73.6
0895-LMRSF,Male,40,23,58410.0,Affluent,0,1,0,0.219,One year,DSL,64.9
8098-LLAZX,Female,68,4,85905.0,HNI,1,0,1,0.9596,Month-to-month,Fiber optic,95.45
8266-VBFQL,Male,30,4,81360.0,HNI,1,0,0,0.5532,Month-to-month,Fiber optic,90.4
8181-YHCMF,Female,65,68,54270.0,Affluent,0,1,0,0.0899,Two year,DSL,60.3
2240-HSJQD,Male,48,38,73665.0,HNI,1,0,0,0.4493,Month-to-month,Fiber optic,81.85
1248-DYXUB,Male,56,52,22320.0,Mass,0,0,0,0.0889,Two year,No,24.8
0265-EDXBD,Male,68,32,67410.0,Affluent,1,0,1,0.8569,Month-to-month,Fiber optic,74.9
4115-BNPJY,Male,43,29,67995.0,Affluent,0,0,0,0.216,Two year,DSL,75.55
3167-SNQPL,Male,68,38,91035.0,HNI,1,0,0,0.4737,Month-to-month,Fiber optic,101.15
4091-TVOCN,Male,54,48,70875.0,Affluent,0,1,0,0.168,One year,DSL,78.75
1098-TDVUQ,Female,28,1,17325.0,Mass,1,1,0,0.4716,Month-to-month,No,19.25
7277-OZCGZ,Female,40,22,80145.0,HNI,1,0,0,0.5022,Month-to-month,Fiber optic,89.05
1557-EMYVT,Female,51,43,103545.0,HNI,0,1,0,0.2275,Two year,Fiber optic,115.05
2799-ARNLO,Female,68,5,62415.0,Affluent,1,0,0,0.5239,Month-to-month,Fiber optic,69.35
7563-BIUPC,Male,30,5,72540.0,HNI,1,0,1,0.9381,Month-to-month,Fiber optic,80.6
5027-YOCXN,Male,56,51,99045.0,HNI,0,1,0,0.1993,One year,Fiber optic,110.05
3973-SKMLN,Male,65,71,17910.0,Mass,0,1,0,0.0306,Two year,No,19.9
2321-OMBXY,Female,48,38,72270.0,HNI,0,1,1,0.5973,One year,DSL,80.3
2840-XANRC,Male,68,24,83835.0,HNI,1,0,1,0.9019,Month-to-month,Fiber optic,93.15
6745-JEFZB,Male,47,35,82350.0,HNI,1,1,0,0.4697,Month-to-month,Fiber optic,91.5
5020-ZSTTY,Female,68,54,74205.0,HNI,0,1,1,0.5562,One year,DSL,82.45
9880-TDQAC,Female,65,72,54000.0,Affluent,0,0,0,0.0785,Two year,DSL,60.0
8705-WZCYL,Male,28,1,40320.0,Mass,1,0,0,0.5038,Month-to-month,DSL,44.8
7102-JJVTX,Female,32,9,43740.0,Mass,0,0,0,0.2367,One year,DSL,48.6
8626-PTQGE,Male,65,69,54045.0,Affluent,0,1,0,0.0868,Two year,DSL,60.05
4983-CLMLV,Female,56,52,92430.0,HNI,1,1,0,0.4373,Month-to-month,Fiber optic,102.7
5701-YVSVF,Female,68,11,74610.0,HNI,1,0,0,0.5246,Month-to-month,Fiber optic,82.9
5804-LEPIM,Female,68,2,63315.0,Affluent,1,0,1,0.9334,Month-to-month,Fiber optic,70.35
5697-GOMBF,Female,68,28,32310.0,Mass,1,0,0,0.4186,Month-to-month,DSL,35.9
2739-CACDQ,Female,68,17,74385.0,HNI,1,1,0,0.5078,Month-to-month,Fiber optic,82.65
9385-EHGDO,Female,47,35,17865.0,Mass,0,0,0,0.1292,Two year,No,19.85
9498-FIMXL,Female,32,8,17280.0,Mass,0,0,0,0.2023,One year,No,19.2
2379-GYFLQ,Male,53,46,85410.0,HNI,0,1,0,0.1938,One year,Fiber optic,94.9
0122-OAHPZ,Female,31,7,66465.0,Affluent,1,0,1,0.9241,Month-to-month,Fiber optic,73.85
2868-SNELZ,Female,29,2,72540.0,HNI,1,0,1,0.9463,Month-to-month,Fiber optic,80.6
4322-RCYMT,Male,65,68,68220.0,Affluent,0,1,1,0.5094,One year,DSL,75.8
6680-NENYN,Female,51,43,94140.0,HNI,0,0,1,0.6143,Two year,Fiber optic,104.6
2088-IEBAU,Female,65,68,79335.0,HNI,0,0,0,0.125,Two year,DSL,88.15
7982-VCELR,Female,47,36,85320.0,HNI,1,1,0,0.4711,Month-to-month,Fiber optic,94.8
1343-EHPYB,Male,62,63,93060.0,HNI,1,0,1,0.808,Month-to-month,Fiber optic,103.4
6035-BXTTY,Female,68,32,49185.0,Affluent,1,1,0,0.4314,Month-to-month,DSL,54.65
6885-PKOAM,Female,65,71,77175.0,HNI,0,1,0,0.1138,Two year,DSL,85.75
7520-HQWJU,Female,64,66,60705.0,Affluent,1,1,0,0.3544,Month-to-month,DSL,67.45
9639-BUJXT,Male,62,63,18450.0,Mass,0,0,0,0.0533,One year,No,20.5
5924-SNGKP,Female,50,41,18225.0,Mass,0,1,0,0.1133,One year,No,20.25
0021-IKXGC,Female,68,1,64890.0,Affluent,1,0,0,0.5383,Month-to-month,Fiber optic,72.1
2034-GDRCN,Female,29,2,81360.0,HNI,1,0,1,0.9587,Month-to-month,Fiber optic,90.4
8966-SNIZF,Female,65,70,17505.0,Mass,0,1,0,0.0328,Two year,No,19.45
6243-OZGFH,Female,40,23,40455.0,Mass,1,0,0,0.4438,Month-to-month,DSL,44.95
4654-DLAMQ,Female,68,64,87300.0,HNI,0,1,0,0.1472,One year,Fiber optic,97.0
0513-RBGPE,Male,48,37,56520.0,Affluent,0,1,0,0.178,Two year,DSL,62.8
5160-UXJED,Male,37,17,40140.0,Mass,0,0,0,0.2098,One year,DSL,44.6
4115-NZRKS,Female,68,7,80235.0,HNI,1,0,0,0.5434,Month-to-month,Fiber optic,89.15
0219-YTZUE,Male,30,4,76320.0,HNI,1,1,1,0.9462,Month-to-month,Fiber optic,84.8
0623-IIHUG,Female,68,21,37710.0,Mass,1,0,1,0.8454,Month-to-month,DSL,41.9
4572-DVCGN,Female,33,10,72225.0,HNI,1,1,1,0.924,Month-to-month,Fiber optic,80.25
3351-NGXYI,Female,68,16,48690.0,Affluent,1,0,0,0.4745,Month-to-month,DSL,54.1
8984-EYLLL,Male,63,64,94725.0,HNI,0,0,0,0.1576,Two year,Fiber optic,105.25
9057-MSWCO,Male,68,27,27675.0,Mass,1,1,1,0.8149,Month-to-month,DSL,30.75
9833-TGFHX,Male,51,42,87390.0,HNI,0,0,0,0.2076,One year,Fiber optic,97.1
9294-TDIPC,Male,30,5,18180.0,Mass,1,0,0,0.4618,Month-to-month,No,20.2
5229-DTFYB,Female,50,41,88920.0,HNI,0,1,0,0.2125,Two year,Fiber optic,98.8
0104-PPXDV,Male,59,58,45270.0,Affluent,0,1,0,0.1046,One year,DSL,50.3
5176-LMJXE,Female,53,47,18495.0,Mass,0,0,0,0.0972,Two year,No,20.55
3583-KRKMD,Male,37,18,68310.0,Affluent,1,1,0,0.4966,Month-to-month,Fiber optic,75.9
1010-DIAUQ,Male,30,5,86850.0,HNI,1,1,1,0.9582,Month-to-month,Fiber optic,96.5
9069-LGEUL,Male,40,23,53955.0,Affluent,1,1,0,0.4627,Month-to-month,DSL,59.95
7302-ZHMHP,Female,28,1,17235.0,Mass,1,0,0,0.4714,Month-to-month,No,19.15
9571-EDEBV,Male,65,71,88785.0,HNI,0,1,0,0.1301,One year,Fiber optic,98.65
3520-FJGCV,Male,65,72,101340.0,HNI,0,1,0,0.145,Two year,Fiber optic,112.6
6563-VRERX,Male,46,33,18540.0,Mass,0,0,0,0.1356,One year,No,20.6
0259-GBZSH,Male,29,2,77085.0,HNI,1,0,1,0.9527,Month-to-month,Fiber optic,85.65
6122-EFVKN,Male,41,24,32175.0,Mass,0,0,0,0.1794,Two year,DSL,35.75
2805-EDJPQ,Female,58,56,89775.0,HNI,0,1,0,0.1726,One year,Fiber optic,99.75
6862-CQUMB,Male,48,37,86490.0,HNI,1,1,0,0.47,Month-to-month,Fiber optic,96.1
7156-MXBJE,Female,51,43,76590.0,HNI,0,1,0,0.1897,One year,DSL,85.1
6158-HDPXZ,Male,28,1,22815.0,Mass,1,0,0,0.4793,Month-to-month,DSL,25.35
9601-BRXPO,Female,41,25,94455.0,HNI,1,1,1,0.9141,Month-to-month,Fiber optic,104.95
2863-IMQDR,Female,61,61,80685.0,HNI,0,0,0,0.1461,Two year,DSL,89.65
5686-CMAWK,Male,37,17,78075.0,HNI,0,0,0,0.263,One year,Fiber optic,86.75
5651-CRHKQ,Female,50,41,77580.0,HNI,0,1,0,0.1966,One year,Fiber optic,86.2
6905-NIQIN,Male,28,1,45585.0,Affluent,1,0,1,0.9112,Month-to-month,DSL,50.65
8204-YJCLA,Male,68,72,58320.0,Affluent,0,1,0,0.0846,Two year,DSL,64.8
5167-ZFFMM,Male,28,1,81765.0,HNI,1,1,1,0.962,Month-to-month,Fiber optic,90.85
6583-SZVGP,Male,54,48,97290.0,HNI,0,1,0,0.205,Two year,Fiber optic,108.1
4895-TMWIR,Male,68,11,17955.0,Mass,1,0,1,0.8451,Month-to-month,No,19.95
0533-BNWKF,Female,68,55,76905.0,HNI,1,0,1,0.8073,Month-to-month,Fiber optic,85.45
1708-PBBOA,Female,51,42,49275.0,Affluent,0,0,0,0.1541,One year,DSL,54.75
8782-LKFPK,Male,52,44,81360.0,HNI,1,0,0,0.4436,Month-to-month,Fiber optic,90.4
5522-JBWMO,Male,28,1,39600.0,Mass,1,0,0,0.5028,Month-to-month,DSL,44.0
3597-MVHJT,Female,42,27,86040.0,HNI,1,1,0,0.4968,Month-to-month,Fiber optic,95.6
9774-NRNAU,Male,68,27,76320.0,HNI,1,1,0,0.4831,Month-to-month,DSL,84.8
0224-RLWWD,Female,68,2,39870.0,Mass,1,0,0,0.5005,Month-to-month,DSL,44.3
9967-ATRFS,Female,38,19,17910.0,Mass,1,0,0,0.4231,Month-to-month,No,19.9
3951-NJCVI,Female,68,42,85545.0,HNI,1,0,0,0.455,Month-to-month,Fiber optic,95.05
2977-CEBSX,Female,64,66,81045.0,HNI,0,1,0,0.1329,Two year,DSL,90.05
0177-PXBAT,Male,68,33,98910.0,HNI,1,1,0,0.4984,Month-to-month,Fiber optic,109.9
6599-CEBNN,Female,46,34,66555.0,Affluent,1,1,1,0.8503,Month-to-month,Fiber optic,73.95
2519-ERQOJ,Male,68,33,49140.0,Affluent,1,0,0,0.4286,Month-to-month,DSL,54.6
5876-QMYLD,Female,40,23,18045.0,Mass,0,0,0,0.1623,One year,No,20.05
2277-AXSDC,Female,45,32,17775.0,Mass,0,1,0,0.1373,One year,No,19.75
9442-JTWDL,Female,34,11,18045.0,Mass,0,1,0,0.1952,One year,No,20.05
0979-PHULV,Male,65,69,89505.0,HNI,1,1,1,0.7866,Month-to-month,Fiber optic,99.45
3067-SVMTC,Female,65,68,50310.0,Affluent,0,1,0,0.0843,One year,DSL,55.9
5495-GPSRW,Male,39,20,17730.0,Mass,0,0,0,0.1701,Two year,No,19.7
7606-BPHHN,Male,65,72,17820.0,Mass,0,1,0,0.0278,Two year,No,19.8
4742-DRORA,Male,61,60,85860.0,HNI,0,1,0,0.1561,One year,Fiber optic,95.4
0111-KLBQG,Male,68,32,84555.0,HNI,1,0,0,0.481,Month-to-month,Fiber optic,93.95
4800-VHZKI,Female,28,1,17910.0,Mass,1,0,1,0.8724,Month-to-month,No,19.9
7989-CHGTL,Male,28,1,17640.0,Mass,1,0,1,0.872,Month-to-month,No,19.6
0334-GDDSO,Male,68,3,73215.0,HNI,1,0,1,0.9445,Month-to-month,Fiber optic,81.35
4163-NCJAK,Female,53,46,22005.0,Mass,0,1,0,0.1049,One year,No,24.45
5233-AOZUF,Female,43,29,67455.0,Affluent,1,0,0,0.4652,Month-to-month,Fiber optic,74.95
5973-EJGDP,Male,56,51,78615.0,HNI,1,0,0,0.4206,Month-to-month,Fiber optic,87.35
1996-DBMUS,Female,68,48,63585.0,Affluent,1,1,0,0.4077,Month-to-month,Fiber optic,70.65
7916-VCCPB,Female,36,16,65925.0,Affluent,1,1,0,0.4987,Month-to-month,Fiber optic,73.25
4686-GEFRM,Male,65,70,88830.0,HNI,0,1,0,0.1329,Two year,Fiber optic,98.7
5249-QYHEX,Female,50,40,22320.0,Mass,0,0,0,0.1217,Two year,No,24.8
0578-SKVMF,Female,40,22,74970.0,HNI,1,0,1,0.8949,Month-to-month,Fiber optic,83.3
5564-NEMQO,Female,68,1,67770.0,Affluent,1,1,1,0.9424,Month-to-month,Fiber optic,75.3
2233-FAGXV,Female,30,5,21870.0,Mass,1,0,0,0.467,Month-to-month,No,24.3
5605-IYGFG,Female,31,7,62865.0,Affluent,1,1,0,0.5191,Month-to-month,Fiber optic,69.85
7663-ZTEGJ,Male,43,29,90495.0,HNI,0,1,0,0.2476,One year,Fiber optic,100.55
3935-TBRZZ,Male,52,44,23130.0,Mass,0,0,0,0.1119,One year,No,25.7
8111-BKVDS,Female,33,10,36630.0,Mass,1,1,0,0.474,Month-to-month,DSL,40.7
2055-SIFSS,Female,68,55,46485.0,Affluent,1,1,0,0.3646,Month-to-month,DSL,51.65
2806-MLNTI,Male,68,52,94590.0,HNI,0,1,0,0.1903,One year,Fiber optic,105.1
8734-DKSTZ,Female,33,10,77355.0,HNI,1,0,0,0.5312,Month-to-month,Fiber optic,85.95
4360-PNRQB,Male,37,18,68040.0,Affluent,1,1,0,0.4962,Month-to-month,Fiber optic,75.6
6152-ONASV,Female,65,68,52425.0,Affluent,0,1,0,0.0873,One year,DSL,58.25
9063-ZGTUY,Female,61,61,17460.0,Mass,1,0,1,0.7074,Month-to-month,No,19.4
7781-HVGMK,Female,65,72,58680.0,Affluent,0,1,0,0.0851,Two year,DSL,65.2
2181-UAESM,Male,29,2,48105.0,Affluent,1,0,0,0.512,Month-to-month,DSL,53.45
2957-LOLHO,Male,34,12,40860.0,Mass,1,1,1,0.8745,Month-to-month,DSL,45.4
6048-NJXHX,Male,50,41,17775.0,Mass,0,0,0,0.1126,Two year,No,19.75
2320-SLKMB,Female,42,26,40005.0,Mass,1,1,0,0.4349,Month-to-month,DSL,44.45
4980-URKXC,Male,47,36,18765.0,Mass,0,1,0,0.1277,One year,No,20.85
4376-KFVRS,Male,65,72,102645.0,HNI,0,1,0,0.1468,Two year,Fiber optic,114.05
5886-VLQVU,Male,47,35,80865.0,HNI,1,1,0,0.4676,Month-to-month,Fiber optic,89.85
3577-AMVUX,Male,28,1,49545.0,Affluent,1,0,0,0.5168,Month-to-month,DSL,55.05
0771-WLCLA,Female,36,16,101655.0,HNI,1,0,0,0.5488,Month-to-month,Fiber optic,112.95
5628-RKIFK,Female,68,49,91395.0,HNI,1,1,0,0.444,Month-to-month,Fiber optic,101.55
0206-TBWLC,Female,57,54,103185.0,HNI,0,0,0,0.1969,One year,Fiber optic,114.65
2937-FTHUR,Female,37,18,58320.0,Affluent,1,0,0,0.4825,Month-to-month,DSL,64.8
1910-FMXJM,Female,47,36,72360.0,HNI,1,0,0,0.4529,Month-to-month,Fiber optic,80.4
7752-XUSCI,Female,61,60,95310.0,HNI,1,0,1,0.8194,Month-to-month,Fiber optic,105.9
4110-PFEUZ,Female,28,1,62595.0,Affluent,1,0,1,0.9351,Month-to-month,Fiber optic,69.55
0732-OCQOC,Female,56,52,22545.0,Mass,0,1,0,0.0892,Two year,No,25.05
5168-MSWXT,Male,32,8,85275.0,HNI,1,0,0,0.5478,Month-to-month,Fiber optic,94.75
1090-ESELR,Male,65,72,94950.0,HNI,0,1,0,0.136,Two year,Fiber optic,105.5
8592-PLTMQ,Female,63,64,22230.0,Mass,0,0,0,0.0559,One year,No,24.7
5760-WRAHC,Female,68,22,62775.0,Affluent,1,0,0,0.4778,Month-to-month,DSL,69.75
8847-GEOOQ,Male,61,60,54180.0,Affluent,1,1,0,0.3617,Month-to-month,DSL,60.2
0256-LTHVJ,Female,43,28,72945.0,HNI,1,0,1,0.8757,Month-to-month,Fiber optic,81.05
4785-FCIFB,Female,61,61,21960.0,Mass,0,0,0,0.0637,Two year,No,24.4
8313-NDOIA,Female,41,24,93735.0,HNI,1,0,0,0.5158,Month-to-month,Fiber optic,104.15
5149-CUZUJ,Male,43,28,83610.0,HNI,0,1,0,0.2406,One year,Fiber optic,92.9
0942-KOWSM,Female,44,30,72720.0,HNI,0,1,0,0.2199,Two year,DSL,80.8
4237-CLSMM,Male,29,2,18000.0,Mass,1,0,0,0.4698,Month-to-month,No,20.0
1452-VOQCH,Male,28,1,67590.0,Affluent,1,0,0,0.5421,Month-to-month,Fiber optic,75.1
4719-UMSIY,Male,31,6,17685.0,Mass,1,0,0,0.4584,Month-to-month,No,19.65
6614-VBEGU,Female,41,24,62505.0,Affluent,1,1,0,0.472,Month-to-month,DSL,69.45
0880-TKATG,Male,30,4,91035.0,HNI,1,0,1,0.9668,Month-to-month,Fiber optic,101.15
3811-VBYBZ,Male,31,7,89820.0,HNI,1,0,1,0.9569,Month-to-month,Fiber optic,99.8
1480-BKXGA,Male,68,72,104445.0,HNI,0,1,0,0.1493,Two year,Fiber optic,116.05
2996-XAUVF,Male,65,70,36045.0,Mass,0,0,0,0.0588,Two year,DSL,40.05
9076-AXYIK,Male,68,64,91890.0,HNI,0,0,0,0.1536,Two year,Fiber optic,102.1
5968-XQIVE,Male,65,72,80730.0,HNI,0,0,0,0.116,One year,Fiber optic,89.7
8896-RAZCR,Female,52,44,17910.0,Mass,0,0,0,0.1046,Two year,No,19.9
4640-UHDOS,Female,35,13,50355.0,Affluent,1,0,1,0.8851,Month-to-month,DSL,55.95
4933-IKULF,Female,68,17,18585.0,Mass,0,0,0,0.1795,One year,No,20.65
3583-EKAPL,Male,28,1,49500.0,Affluent,1,0,1,0.9167,Month-to-month,DSL,55.0
1304-BCCFO,Male,32,9,63045.0,Affluent,1,0,0,0.5138,Month-to-month,DSL,70.05
4104-PVRPS,Male,41,24,48240.0,Affluent,1,0,0,0.452,Month-to-month,DSL,53.6
9399-APLBT,Female,28,1,67230.0,Affluent,1,0,1,0.9416,Month-to-month,Fiber optic,74.7
2359-KMGLI,Male,41,24,72225.0,HNI,1,0,1,0.8856,Month-to-month,Fiber optic,80.25
3780-DDGSE,Male,68,35,68445.0,Affluent,1,0,0,0.4502,Month-to-month,DSL,76.05
4431-EDMIQ,Female,31,7,68130.0,Affluent,1,0,0,0.5264,Month-to-month,DSL,75.7
0306-JAELE,Male,30,5,86490.0,HNI,1,0,1,0.9577,Month-to-month,Fiber optic,96.1
6227-HWPWX,Female,36,15,62100.0,Affluent,1,1,1,0.8961,Month-to-month,Fiber optic,69.0
0486-LGCCH,Male,34,11,17685.0,Mass,0,0,0,0.1947,Two year,No,19.65
0447-BEMNG,Female,54,48,40770.0,Mass,1,1,1,0.7757,Month-to-month,DSL,45.3
4612-SSVHJ,Female,68,20,73305.0,HNI,1,0,0,0.4981,Month-to-month,Fiber optic,81.45
5168-MQQCA,Female,65,72,97650.0,HNI,0,1,0,0.1398,One year,Fiber optic,108.5
5949-XIKAE,Female,32,8,75195.0,HNI,1,0,1,0.9336,Month-to-month,Fiber optic,83.55
7971-HLVXI,Male,65,72,76050.0,HNI,0,1,0,0.1095,Two year,Fiber optic,84.5
9094-AZPHK,Female,36,15,90135.0,HNI,1,0,0,0.5354,Month-to-month,Fiber optic,100.15
3649-JPUGY,Male,65,72,79740.0,HNI,0,1,0,0.1147,Two year,DSL,88.6
4472-LVYGI,Female,28,0,47295.0,Affluent,0,1,0,0.2664,Two year,DSL,52.55
8372-JUXUI,Male,28,1,66915.0,Affluent,1,0,1,0.9412,Month-to-month,Fiber optic,74.35
3552-CTCYF,Male,62,63,94320.0,HNI,0,1,0,0.1598,Two year,Fiber optic,104.8
6778-YSNIH,Female,29,2,53100.0,Affluent,1,0,0,0.519,Month-to-month,DSL,59.0
0388-EOPEX,Female,29,2,66960.0,Affluent,1,0,1,0.9385,Month-to-month,Fiber optic,74.4
5756-OZRIO,Male,68,61,57645.0,Affluent,0,1,0,0.1138,One year,DSL,64.05
6579-JPICP,Male,28,1,18360.0,Mass,1,0,0,0.473,Month-to-month,No,20.4
8205-OTCHB,Male,40,22,39375.0,Mass,0,1,1,0.595,One year,DSL,43.75
4134-BSXLX,Male,43,28,54810.0,Affluent,1,0,0,0.4502,Month-to-month,DSL,60.9
0505-SPOOW,Female,65,70,17820.0,Mass,0,1,0,0.0332,Two year,No,19.8
6235-VDHOM,Female,68,5,25605.0,Mass,1,0,1,0.8722,Month-to-month,DSL,28.45
7783-YKGDV,Female,34,12,89730.0,HNI,1,1,1,0.9431,Month-to-month,Fiber optic,99.7
4374-YMUSQ,Male,46,34,104625.0,HNI,0,1,0,0.2537,One year,Fiber optic,116.25
4513-CXYIX,Female,68,71,72630.0,HNI,0,1,0,0.1074,Two year,Fiber optic,80.7
3957-HHLMR,Female,65,70,58680.0,Affluent,0,1,0,0.0906,One year,DSL,65.2
7803-XOCCZ,Female,56,52,75645.0,HNI,1,1,0,0.4137,Month-to-month,Fiber optic,84.05
5736-YEJAX,Male,65,69,71505.0,Affluent,0,1,0,0.1113,Two year,DSL,79.45
5609-CEBID,Female,68,20,84690.0,HNI,1,0,1,0.9141,Month-to-month,Fiber optic,94.1
8981-FJGLA,Male,34,11,70200.0,Affluent,1,0,0,0.5184,Month-to-month,Fiber optic,78.0
7218-HKQFK,Male,29,2,84780.0,HNI,1,0,1,0.9635,Month-to-month,Fiber optic,94.2
4636-QRJKY,Female,31,6,72450.0,HNI,1,0,1,0.9352,Month-to-month,Fiber optic,80.5
1135-LMECX,Female,28,1,17865.0,Mass,1,0,0,0.4723,Month-to-month,No,19.85
4332-MUOEZ,Male,68,20,84870.0,HNI,0,1,0,0.2643,One year,Fiber optic,94.3
8535-SFUTN,Male,61,61,95805.0,HNI,1,0,0,0.4173,Month-to-month,Fiber optic,106.45
5956-VKDTT,Female,68,5,66915.0,Affluent,1,0,1,0.9302,Month-to-month,Fiber optic,74.35
8677-HDZEE,Female,58,56,94905.0,HNI,1,1,0,0.4298,Month-to-month,Fiber optic,105.45
2475-MROZF,Male,44,30,85500.0,HNI,1,1,0,0.4878,Month-to-month,Fiber optic,95.0
9412-GHEEC,Male,50,40,94320.0,HNI,1,1,1,0.8728,Month-to-month,Fiber optic,104.8
3482-ABPKK,Female,43,28,48870.0,Affluent,0,0,0,0.1919,One year,DSL,54.3
6705-LXORM,Female,68,5,63045.0,Affluent,1,0,0,0.5248,Month-to-month,Fiber optic,70.05
0257-ZESQC,Female,68,27,67680.0,Affluent,1,1,1,0.871,Month-to-month,Fiber optic,75.2
7531-GQHME,Male,34,12,18045.0,Mass,1,1,0,0.4424,Month-to-month,No,20.05
5174-ITUMV,Male,64,67,94860.0,HNI,0,0,0,0.1496,One year,Fiber optic,105.4
4109-CYRBD,Male,68,29,46440.0,Affluent,1,0,0,0.4357,Month-to-month,DSL,51.6
0913-XWSCN,Male,58,55,76950.0,HNI,1,1,0,0.4073,Month-to-month,Fiber optic,85.5
6825-UYPFK,Female,40,23,68040.0,Affluent,1,1,1,0.8825,Month-to-month,Fiber optic,75.6
8397-MVTAZ,Male,46,34,90045.0,HNI,1,0,1,0.8832,Month-to-month,Fiber optic,100.05
0750-EBAIU,Male,56,52,82125.0,HNI,0,0,0,0.1728,One year,Fiber optic,91.25
8606-CIQUL,Male,68,72,104175.0,HNI,0,1,0,0.149,Two year,Fiber optic,115.75
3571-DPYUH,Male,59,58,85230.0,HNI,0,1,0,0.1607,One year,Fiber optic,94.7
7601-GNDYK,Male,47,35,17640.0,Mass,0,0,0,0.1289,Two year,No,19.6
0356-OBMAC,Female,68,56,89910.0,HNI,0,1,0,0.1728,Two year,Fiber optic,99.9
8067-NIOYM,Female,41,24,18990.0,Mass,0,1,0,0.1609,Two year,No,21.1
1403-GYAFU,Male,65,70,18045.0,Mass,0,1,0,0.0335,Two year,No,20.05
4234-XTNEA,Male,29,2,71955.0,Affluent,1,0,0,0.5455,Month-to-month,Fiber optic,79.95
1297-VQDRP,Male,68,68,96435.0,HNI,0,1,0,0.149,One year,Fiber optic,107.15
9282-IZGQK,Female,28,1,76500.0,HNI,1,0,1,0.9546,Month-to-month,Fiber optic,85.0
5348-CAGXB,Male,34,12,80595.0,HNI,1,0,0,0.5302,Month-to-month,Fiber optic,89.55
0621-HJWXJ,Female,62,63,73395.0,HNI,1,1,0,0.3804,Month-to-month,Fiber optic,81.55
5844-QVTAT,Female,46,33,52605.0,Affluent,0,0,0,0.1834,One year,DSL,58.45
8905-IAZPF,Female,65,69,86085.0,HNI,0,1,0,0.1318,One year,Fiber optic,95.65
5394-MEITZ,Female,61,60,72540.0,HNI,0,1,0,0.1374,Two year,DSL,80.6
6859-QNXIQ,Female,65,72,101790.0,HNI,0,1,0,0.1456,Two year,Fiber optic,113.1
2782-LFZVW,Female,34,11,53055.0,Affluent,1,0,0,0.4943,Month-to-month,DSL,58.95
2866-IKBTM,Female,28,1,17595.0,Mass,1,0,0,0.472,Month-to-month,No,19.55
1342-JPNKI,Male,33,10,77445.0,HNI,1,1,1,0.9313,Month-to-month,Fiber optic,86.05
2817-NTQDO,Male,35,13,40995.0,Mass,1,1,1,0.8719,Month-to-month,DSL,45.55
7129-AZJDE,Male,46,34,71055.0,Affluent,0,1,0,0.2066,One year,Fiber optic,78.95
6986-IJDHX,Male,49,39,77670.0,HNI,1,0,1,0.8522,Month-to-month,Fiber optic,86.3
2560-PPCHE,Female,63,65,94545.0,HNI,0,1,0,0.1546,One year,Fiber optic,105.05
4676-MQUEA,Male,68,50,91710.0,HNI,0,1,0,0.1917,One year,Fiber optic,101.9
8138-EALND,Male,36,15,17775.0,Mass,1,0,0,0.4339,Month-to-month,No,19.75
3580-HYCSP,Male,65,72,99270.0,HNI,0,1,0,0.1421,Two year,Fiber optic,110.3
1352-HNSAW,Female,65,72,104040.0,HNI,0,1,0,0.1488,Two year,Fiber optic,115.6
2075-PUEPR,Male,58,55,17415.0,Mass,0,1,0,0.0738,Two year,No,19.35
1982-FEBTD,Female,40,23,23040.0,Mass,0,1,0,0.1693,Two year,No,25.6
5301-GAUUY,Male,45,32,72315.0,HNI,1,1,1,0.8638,Month-to-month,Fiber optic,80.35
5791-KAJFD,Female,58,56,61875.0,Affluent,0,1,0,0.1334,One year,DSL,68.75
2654-VBVPB,Female,28,1,17910.0,Mass,1,1,0,0.4724,Month-to-month,No,19.9
1154-HYWWO,Male,48,38,63540.0,Affluent,0,0,0,0.1851,One year,DSL,70.6
2501-XWWTZ,Male,34,11,63180.0,Affluent,1,0,0,0.5085,Month-to-month,Fiber optic,70.2
3716-UVSPD,Male,28,1,44370.0,Mass,1,0,0,0.5095,Month-to-month,DSL,49.3
6815-ABQFQ,Male,58,56,96525.0,HNI,0,0,0,0.182,One year,Fiber optic,107.25
7343-EOBEU,Male,29,3,21240.0,Mass,1,0,0,0.4716,Month-to-month,No,23.6
3701-SFMUH,Male,31,7,62730.0,Affluent,1,1,0,0.5189,Month-to-month,DSL,69.7
6103-LIANB,Male,60,59,89550.0,HNI,0,1,0,0.164,Two year,Fiber optic,99.5
7319-VENRZ,Male,31,7,57870.0,Affluent,1,1,0,0.512,Month-to-month,DSL,64.3
5846-NEQVZ,Male,65,71,63765.0,Affluent,0,1,0,0.095,Two year,DSL,70.85
6967-QIQRV,Male,36,15,91710.0,HNI,0,0,0,0.2876,One year,Fiber optic,101.9
5781-RFZRP,Male,65,71,66150.0,Affluent,0,1,0,0.0983,Two year,DSL,73.5
0939-YAPAF,Female,47,35,90225.0,HNI,1,0,1,0.8807,Month-to-month,Fiber optic,100.25
0308-IVGOK,Female,34,11,36360.0,Mass,0,1,0,0.2209,One year,DSL,40.4
7293-LSCDV,Female,61,60,17325.0,Mass,0,1,0,0.0599,Two year,No,19.25
7025-WCBNE,Male,68,47,53640.0,Affluent,0,1,0,0.1465,Two year,DSL,59.6
5756-JYOJT,Female,34,11,58410.0,Affluent,0,1,0,0.2518,One year,DSL,64.9
4710-FDUIZ,Male,58,56,90270.0,HNI,0,1,1,0.5733,One year,Fiber optic,100.3
6030-REHUX,Female,68,28,99765.0,HNI,1,0,0,0.5133,Month-to-month,Fiber optic,110.85
9548-LIGTA,Male,61,61,72945.0,HNI,0,0,0,0.1353,Two year,DSL,81.05
5150-LJNSR,Male,45,31,88245.0,HNI,0,1,0,0.2389,One year,Fiber optic,98.05
8270-RKSAP,Male,32,9,63450.0,Affluent,1,0,0,0.5144,Month-to-month,Fiber optic,70.5
6522-YRBXD,Male,68,35,85095.0,HNI,1,0,0,0.4735,Month-to-month,Fiber optic,94.55
2640-LYMOV,Male,29,2,17685.0,Mass,1,0,0,0.4693,Month-to-month,No,19.65
1218-VKFPE,Female,34,12,17100.0,Mass,1,0,1,0.8411,Month-to-month,No,19.0
3627-FHKBK,Female,28,1,67770.0,Affluent,1,0,1,0.9424,Month-to-month,Fiber optic,75.3
2865-TCHJW,Female,68,4,80280.0,HNI,1,0,1,0.9517,Month-to-month,Fiber optic,89.2
1423-BMPBQ,Female,28,1,17100.0,Mass,1,0,0,0.4713,Month-to-month,No,19.0
2393-DIVAI,Female,29,3,18000.0,Mass,1,0,0,0.467,Month-to-month,No,20.0
5192-EBGOV,Female,68,1,77130.0,HNI,1,0,1,0.9555,Month-to-month,Fiber optic,85.7
4568-KNYWR,Male,56,52,56925.0,Affluent,0,1,0,0.1374,Two year,DSL,63.25
8752-IMQOS,Male,30,5,18090.0,Mass,0,0,0,0.2117,One year,No,20.1
0742-LAFQK,Male,65,72,89235.0,HNI,0,0,0,0.128,Two year,Fiber optic,99.15
0795-LAFGP,Male,65,71,81360.0,HNI,0,0,0,0.1197,Two year,DSL,90.4
0619-OLYUR,Male,65,72,100710.0,HNI,0,1,0,0.1441,Two year,Fiber optic,111.9
5512-IDZEI,Male,53,46,22410.0,Mass,0,0,0,0.1054,One year,No,24.9
0459-SPZHJ,Male,62,63,75150.0,HNI,0,1,0,0.1329,Two year,DSL,83.5
0215-BQKGS,Male,44,30,75870.0,HNI,1,1,0,0.4743,Month-to-month,Fiber optic,84.3
9244-ZVAPM,Male,28,1,41040.0,Mass,1,0,0,0.5049,Month-to-month,DSL,45.6
0719-SYFRB,Female,34,12,55485.0,Affluent,1,0,1,0.895,Month-to-month,DSL,61.65
8208-EUMTE,Male,36,16,49365.0,Affluent,0,0,0,0.2254,Two year,DSL,54.85
5172-MIGPM,Male,30,4,58995.0,Affluent,1,0,0,0.5218,Month-to-month,DSL,65.55
1710-RCXUS,Male,56,51,81315.0,HNI,0,1,0,0.1744,One year,Fiber optic,90.35
0374-FIUCA,Male,63,65,18360.0,Mass,0,1,0,0.0477,Two year,No,20.4
5839-SUYVZ,Male,36,16,67095.0,Affluent,1,1,0,0.5003,Month-to-month,Fiber optic,74.55
5173-ZXXXL,Male,29,2,17955.0,Mass,0,0,0,0.2197,One year,No,19.95
1096-ADRUX,Female,64,66,66825.0,Affluent,0,1,0,0.113,One year,Fiber optic,74.25
2001-MCUUW,Male,53,46,97785.0,HNI,0,0,0,0.2112,Two year,Fiber optic,108.65
2731-GJRDG,Female,45,32,98595.0,HNI,0,1,0,0.2507,One year,Fiber optic,109.55
4723-BEGSG,Male,65,72,77985.0,HNI,0,1,0,0.1122,Two year,DSL,86.65
6516-NKQBO,Male,48,38,72900.0,HNI,0,1,0,0.1982,Two year,DSL,81.0
8672-OAUPW,Male,56,51,43065.0,Mass,0,1,0,0.1207,One year,DSL,47.85
8207-DMRVL,Male,65,72,103095.0,HNI,0,1,0,0.1474,Two year,Fiber optic,114.55
3419-SNJJD,Female,68,65,94725.0,HNI,1,1,1,0.8049,Month-to-month,Fiber optic,105.25
6543-CPZMK,Male,32,9,26955.0,Mass,1,0,1,0.8632,Month-to-month,DSL,29.95
4765-OXPPD,Female,32,9,58500.0,Affluent,1,0,1,0.9074,Month-to-month,DSL,65.0
2804-ETQDK,Male,64,66,18495.0,Mass,0,0,0,0.0451,Two year,No,20.55
6689-VRRTK,Female,68,44,98820.0,HNI,0,1,0,0.2181,One year,Fiber optic,109.8
7138-GIRSH,Male,55,50,62550.0,Affluent,0,1,0,0.1508,Two year,DSL,69.5
9396-ZSFLL,Female,36,15,43965.0,Mass,1,0,0,0.4706,Month-to-month,DSL,48.85
6464-KEXXH,Male,32,8,22725.0,Mass,1,1,0,0.46,Month-to-month,DSL,25.25
7134-MJPDY,Female,68,66,92565.0,HNI,0,1,0,0.1491,One year,Fiber optic,102.85
5240-CAOYT,Female,59,57,78795.0,HNI,1,1,0,0.4044,Month-to-month,Fiber optic,87.55
4059-IIEBK,Female,31,7,70695.0,Affluent,1,1,0,0.53,Month-to-month,Fiber optic,78.55
4881-JVQOD,Male,68,10,31095.0,Mass,1,1,0,0.4662,Month-to-month,DSL,34.55
0516-UXRMT,Female,62,62,82845.0,HNI,0,0,0,0.1464,One year,Fiber optic,92.05
4851-BQDNX,Male,50,40,76545.0,HNI,0,0,0,0.1978,One year,Fiber optic,85.05
5148-HKFIR,Female,39,20,17730.0,Mass,0,0,0,0.1701,Two year,No,19.7
1009-IRMNA,Female,31,7,18000.0,Mass,1,1,1,0.8561,Month-to-month,No,20.0
3003-CMDUU,Female,41,25,85635.0,HNI,1,0,0,0.5017,Month-to-month,Fiber optic,95.15
5016-IBERQ,Male,40,23,75825.0,HNI,1,0,0,0.4934,Month-to-month,Fiber optic,84.25
6797-UCJHZ,Female,68,66,94140.0,HNI,0,1,0,0.1513,One year,Fiber optic,104.6
2469-DTSGX,Female,68,72,100485.0,HNI,0,0,0,0.1438,Two year,Fiber optic,111.65
4554-YGZIH,Male,68,49,81045.0,HNI,1,1,1,0.8295,Month-to-month,Fiber optic,90.05
5099-BAILX,Male,68,43,99675.0,HNI,1,1,1,0.8721,Month-to-month,Fiber optic,110.75
9931-KGHOA,Female,53,46,49500.0,Affluent,1,1,0,0.3934,Month-to-month,DSL,55.0
1775-KWJKQ,Male,65,72,80865.0,HNI,0,1,0,0.1162,Two year,DSL,89.85
7665-VIGUD,Male,33,10,18315.0,Mass,0,0,0,0.1983,One year,No,20.35
9411-TPQQV,Female,50,40,49095.0,Affluent,0,1,0,0.1593,One year,DSL,54.55
7207-RMRDB,Female,63,65,94950.0,HNI,1,0,1,0.8052,Month-to-month,Fiber optic,105.5
7954-MLBUN,Male,45,31,89505.0,HNI,0,1,0,0.2407,Two year,Fiber optic,99.45
2077-DDHJK,Female,65,68,63810.0,Affluent,0,1,0,0.1033,Two year,DSL,70.9
4913-EHYUI,Male,68,56,94095.0,HNI,0,1,1,0.5786,One year,Fiber optic,104.55
0195-IESCP,Male,33,10,76725.0,HNI,1,0,1,0.9303,Month-to-month,Fiber optic,85.25
9574-BOSMD,Male,65,68,22860.0,Mass,0,1,0,0.0458,Two year,No,25.4
4580-TMHJU,Female,51,43,50535.0,Affluent,1,0,1,0.8031,Month-to-month,DSL,56.15
0970-ETWGE,Male,28,1,80595.0,HNI,1,0,1,0.9604,Month-to-month,Fiber optic,89.55
4908-XAXAY,Female,68,49,80865.0,HNI,0,1,0,0.1792,One year,Fiber optic,89.85
8404-VLQFB,Female,36,15,22725.0,Mass,1,0,0,0.4408,Month-to-month,No,25.25
1626-ERCMM,Male,68,20,85095.0,HNI,1,0,1,0.9146,Month-to-month,Fiber optic,94.55
0887-HJGAR,Male,28,1,41130.0,Mass,1,0,1,0.905,Month-to-month,DSL,45.7
2391-IPLOP,Male,55,50,62685.0,Affluent,0,0,0,0.151,One year,DSL,69.65
5644-PDMZC,Female,68,2,80550.0,HNI,1,0,1,0.9576,Month-to-month,Fiber optic,89.5
3509-GWQGF,Male,68,24,63000.0,Affluent,1,1,0,0.4727,Month-to-month,Fiber optic,70.0
9576-ANLXO,Female,29,3,62595.0,Affluent,1,1,1,0.9296,Month-to-month,Fiber optic,69.55
2024-BASKD,Female,28,1,67140.0,Affluent,1,0,1,0.9415,Month-to-month,Fiber optic,74.6
5845-BZZIB,Male,47,35,18090.0,Mass,0,0,0,0.1295,Two year,No,20.1
1140-UKVZG,Female,37,17,22320.0,Mass,1,0,0,0.4348,Month-to-month,No,24.8
4160-AMJTL,Female,68,8,17685.0,Mass,1,0,1,0.8529,Month-to-month,No,19.65
5183-SNMJQ,Male,33,10,85590.0,HNI,1,1,0,0.5427,Month-to-month,Fiber optic,95.1
8100-PNJMH,Male,65,68,79965.0,HNI,0,1,0,0.1259,Two year,DSL,88.85
7838-LAZFO,Male,52,45,70920.0,Affluent,0,1,0,0.1762,One year,DSL,78.8
4464-JCOLN,Male,29,2,17865.0,Mass,0,0,1,0.6196,One year,No,19.85
2085-JVGAD,Male,48,37,18315.0,Mass,1,1,0,0.3743,Month-to-month,No,20.35
5650-VDUDS,Female,30,4,21825.0,Mass,1,0,1,0.8697,Month-to-month,DSL,24.25
8095-WANWK,Female,33,10,40725.0,Mass,1,0,0,0.4798,Month-to-month,DSL,45.25
3030-ZKIWL,Male,28,1,18045.0,Mass,1,0,0,0.4726,Month-to-month,No,20.05
9565-FLVCG,Male,63,65,62595.0,Affluent,0,0,0,0.1098,Two year,DSL,69.55
8755-OGKNA,Female,59,57,17550.0,Mass,0,1,0,0.0685,Two year,No,19.5
2800-VEQXM,Female,29,3,67275.0,Affluent,1,0,0,0.5362,Month-to-month,Fiber optic,74.75
7538-GWHML,Female,29,2,62685.0,Affluent,1,0,1,0.9325,Month-to-month,Fiber optic,69.65
5533-RJFTJ,Male,54,49,27180.0,Mass,1,1,0,0.3539,Month-to-month,DSL,30.2
3859-CVCET,Female,30,4,41085.0,Mass,1,0,1,0.8967,Month-to-month,DSL,45.65
0214-JHPFW,Female,65,70,52020.0,Affluent,0,1,0,0.0812,Two year,DSL,57.8
5642-MHDQT,Female,57,53,17865.0,Mass,0,1,0,0.0799,One year,No,19.85
3088-FVYWK,Male,57,53,22995.0,Mass,0,1,0,0.0871,Two year,No,25.55
3276-HDUEG,Female,28,1,67545.0,Affluent,1,0,1,0.9421,Month-to-month,Fiber optic,75.05
9092-GDZKO,Male,40,22,22365.0,Mass,1,1,0,0.4211,Month-to-month,No,24.85
0823-HSCDJ,Male,68,52,44235.0,Mass,1,0,1,0.7696,Month-to-month,DSL,49.15
3729-OWRVL,Male,68,65,99315.0,HNI,0,0,0,0.1613,Two year,Fiber optic,110.35
2324-AALNO,Female,54,48,22095.0,Mass,0,1,0,0.0995,One year,No,24.55
0822-GAVAP,Female,29,2,31230.0,Mass,1,0,1,0.8884,Month-to-month,DSL,34.7
5760-IFJOZ,Male,29,3,97155.0,HNI,1,0,0,0.5781,Month-to-month,Fiber optic,107.95
2826-UWHIS,Male,52,45,73260.0,HNI,1,1,0,0.4295,Month-to-month,Fiber optic,81.4
1448-PWKYE,Male,28,1,72000.0,HNI,1,0,1,0.9483,Month-to-month,Fiber optic,80.0
7501-IWUNG,Female,61,61,66420.0,Affluent,0,1,0,0.1261,Two year,DSL,73.8
4957-TREIR,Male,29,3,57960.0,Affluent,1,1,0,0.5231,Month-to-month,DSL,64.4
7251-LJBQN,Female,68,40,93375.0,HNI,0,1,0,0.2215,One year,Fiber optic,103.75
8040-MNRTF,Female,28,1,63990.0,Affluent,1,0,0,0.5371,Month-to-month,Fiber optic,71.1
1536-HBSWP,Female,28,1,44910.0,Mass,1,0,0,0.5103,Month-to-month,DSL,49.9
5313-FPXWG,Male,56,51,22140.0,Mass,0,1,0,0.0913,One year,No,24.6
0067-DKWBL,Male,68,2,44325.0,Mass,1,0,1,0.9067,Month-to-month,DSL,49.25
0946-FKYTX,Male,56,52,27090.0,Mass,0,0,0,0.0956,One year,DSL,30.1
5076-YVXCM,Male,56,51,75060.0,HNI,1,1,0,0.4156,Month-to-month,Fiber optic,83.4
8262-COGGB,Male,28,1,18405.0,Mass,1,0,0,0.4731,Month-to-month,No,20.45
6663-JOCQO,Male,45,31,67725.0,Affluent,0,1,0,0.2101,One year,DSL,75.25
9620-QJREV,Male,53,47,18495.0,Mass,0,1,0,0.0972,One year,No,20.55
2276-YDAVZ,Female,29,3,67590.0,Affluent,1,1,1,0.9366,Month-to-month,Fiber optic,75.1
2682-KEVRP,Female,68,22,18045.0,Mass,0,0,0,0.1651,One year,No,20.05
2480-JZOSN,Female,28,1,18585.0,Mass,1,0,0,0.4733,Month-to-month,No,20.65
0078-XZMHT,Male,65,72,76635.0,HNI,0,1,0,0.1103,Two year,DSL,85.15
5896-NPFWW,Male,29,3,45135.0,Affluent,1,0,1,0.9051,Month-to-month,DSL,50.15
9978-HYCIN,Male,68,47,76455.0,HNI,0,1,0,0.1785,One year,Fiber optic,84.95
8338-QIUNR,Male,65,72,59850.0,Affluent,0,1,0,0.0867,Two year,DSL,66.5
1525-LNLOJ,Male,64,66,56970.0,Affluent,0,1,0,0.0991,Two year,DSL,63.3
9450-TRJUU,Male,47,35,74835.0,HNI,1,0,0,0.4591,Month-to-month,Fiber optic,83.15
1766-GKNMI,Male,43,29,76410.0,HNI,1,0,0,0.4778,Month-to-month,Fiber optic,84.9
6942-LBFDP,Female,29,2,18495.0,Mass,1,0,0,0.4705,Month-to-month,No,20.55
1456-TWCGB,Male,30,4,44325.0,Mass,1,0,0,0.5013,Month-to-month,DSL,49.25
7133-VBDCG,Female,41,25,71865.0,Affluent,1,1,1,0.8824,Month-to-month,Fiber optic,79.85
7596-ZYWBB,Female,63,65,53640.0,Affluent,0,0,0,0.0972,Two year,DSL,59.6
8329-UTMVM,Male,68,27,94185.0,HNI,0,1,0,0.2582,One year,Fiber optic,104.65
3014-WJKSM,Male,43,29,67770.0,Affluent,1,1,0,0.4657,Month-to-month,Fiber optic,75.3
3347-YJZZE,Male,43,29,72090.0,HNI,1,1,0,0.4717,Month-to-month,DSL,80.1
1029-QFBEN,Male,28,1,17595.0,Mass,1,0,1,0.872,Month-to-month,No,19.55
7929-DMBCV,Female,39,20,72900.0,HNI,1,0,0,0.4975,Month-to-month,Fiber optic,81.0
9661-JALZV,Female,59,58,22230.0,Mass,0,1,0,0.0723,Two year,No,24.7
5433-KYGHE,Female,35,14,77400.0,HNI,1,0,0,0.5203,Month-to-month,Fiber optic,86.0
4312-KFRXN,Male,65,72,22860.0,Mass,0,0,0,0.0348,Two year,No,25.4
5575-TPIZQ,Male,53,46,80235.0,HNI,1,1,0,0.4366,Month-to-month,Fiber optic,89.15
0114-IGABW,Female,65,71,52425.0,Affluent,0,1,0,0.0791,Two year,DSL,58.25
9944-AEXBM,Male,45,32,77085.0,HNI,1,1,0,0.4705,Month-to-month,Fiber optic,85.65
1853-ARAAQ,Female,42,26,45315.0,Affluent,1,1,0,0.4424,Month-to-month,DSL,50.35
6952-OMNWB,Male,68,68,72315.0,HNI,1,1,0,0.3652,Month-to-month,Fiber optic,80.35
4697-LUPSU,Male,29,2,18180.0,Mass,0,0,0,0.22,One year,No,20.2
8434-VGEQQ,Male,61,61,18495.0,Mass,0,1,0,0.0588,Two year,No,20.55
4952-YSOGZ,Female,30,4,77355.0,HNI,1,0,1,0.9476,Month-to-month,Fiber optic,85.95
1589-AGTLK,Male,29,3,40815.0,Mass,1,0,1,0.8991,Month-to-month,DSL,45.35
5244-IRFIH,Male,68,33,85050.0,HNI,1,0,1,0.879,Month-to-month,Fiber optic,94.5
6549-YMFAW,Male,68,9,19125.0,Mass,1,0,0,0.4522,Month-to-month,No,21.25
4950-HKQTE,Female,40,22,23625.0,Mass,0,0,0,0.1729,Two year,No,26.25
6786-OBWQR,Female,30,5,72765.0,HNI,1,0,0,0.5384,Month-to-month,Fiber optic,80.85
2684-EIWEO,Female,68,30,82530.0,HNI,1,1,1,0.8836,Month-to-month,Fiber optic,91.7
2753-JMMCV,Male,63,65,66780.0,Affluent,0,1,0,0.1156,Two year,DSL,74.2
6439-GTPCA,Female,52,45,78525.0,HNI,1,0,1,0.8369,Month-to-month,Fiber optic,87.25
6621-YOBKI,Male,30,5,18315.0,Mass,1,0,0,0.462,Month-to-month,No,20.35
1216-JWVUX,Male,41,25,67950.0,Affluent,1,0,0,0.4769,Month-to-month,Fiber optic,75.5
7564-GHCVB,Female,65,72,71145.0,Affluent,0,1,0,0.1026,Two year,Fiber optic,79.05
1173-NOEYG,Female,42,27,81135.0,HNI,1,1,0,0.4899,Month-to-month,Fiber optic,90.15
7595-EHCDL,Male,45,32,45540.0,Affluent,1,1,0,0.4262,Month-to-month,DSL,50.6
6647-ZEDXT,Female,44,30,99405.0,HNI,0,1,0,0.2573,One year,Fiber optic,110.45
2521-NPUZR,Male,65,70,90900.0,HNI,0,1,0,0.1358,Two year,Fiber optic,101.0
1307-TVUFB,Male,68,42,71415.0,Affluent,1,1,0,0.4352,Month-to-month,Fiber optic,79.35
7503-MIOGA,Female,68,72,80865.0,HNI,0,1,0,0.1162,Two year,DSL,89.85
4381-MHQDC,Female,53,47,58500.0,Affluent,0,0,0,0.1533,Two year,DSL,65.0
6923-JHPMP,Female,29,2,72405.0,HNI,1,0,0,0.5461,Month-to-month,Fiber optic,80.45
5138-WVKYJ,Male,33,10,88695.0,HNI,1,0,1,0.9471,Month-to-month,Fiber optic,98.55
4018-PPNDW,Female,61,61,21690.0,Mass,0,0,0,0.0633,Two year,No,24.1
1635-FJFCC,Female,30,5,39645.0,Mass,1,1,0,0.4919,Month-to-month,DSL,44.05
2499-AJYUA,Female,68,72,99720.0,HNI,0,1,0,0.1427,Two year,Fiber optic,110.8
6919-ELBGL,Male,68,72,103455.0,HNI,0,1,0,0.1479,Two year,Fiber optic,114.95
3966-HRMZA,Female,68,3,67545.0,Affluent,1,0,0,0.5366,Month-to-month,Fiber optic,75.05
6425-JWTDV,Male,54,48,17325.0,Mass,0,0,0,0.0928,Two year,No,19.25
8405-IGQFX,Female,62,63,81045.0,HNI,0,1,0,0.1411,One year,Fiber optic,90.05
8224-IVVPA,Female,42,27,51030.0,Affluent,1,0,0,0.4476,Month-to-month,DSL,56.7
9477-LGWQI,Male,65,70,72135.0,HNI,0,1,0,0.1095,Two year,DSL,80.15
1410-RSCMR,Male,31,7,64215.0,Affluent,1,1,0,0.5209,Month-to-month,DSL,71.35
3115-CZMZD,Male,28,0,18225.0,Mass,0,0,0,0.2256,Two year,No,20.25
0139-IVFJG,Female,29,2,81315.0,HNI,1,0,0,0.5586,Month-to-month,Fiber optic,90.35
6683-VLCTZ,Male,68,20,88695.0,HNI,1,0,1,0.9197,Month-to-month,Fiber optic,98.55
5730-DBDSI,Male,64,66,17730.0,Mass,0,1,0,0.0441,Two year,No,19.7
0030-FNXPP,Female,29,3,17865.0,Mass,1,0,0,0.4669,Month-to-month,No,19.85
2189-WWOEW,Female,36,15,77310.0,HNI,1,1,1,0.9174,Month-to-month,Fiber optic,85.9
5684-FJVYR,Female,65,72,81315.0,HNI,0,1,0,0.1169,Two year,Fiber optic,90.35
4013-GUXND,Male,28,1,18720.0,Mass,1,0,0,0.4735,Month-to-month,No,20.8
1894-IGFSG,Female,40,22,80325.0,HNI,1,0,1,0.9025,Month-to-month,Fiber optic,89.25
7379-POKDZ,Male,29,3,63270.0,Affluent,1,0,1,0.9306,Month-to-month,Fiber optic,70.3
1266-NZYUI,Female,65,72,60165.0,Affluent,0,1,0,0.0872,Two year,DSL,66.85
7969-FFOWG,Male,63,65,17910.0,Mass,0,0,0,0.0471,Two year,No,19.9
4718-DHSMV,Female,34,11,32220.0,Mass,1,0,0,0.4651,Month-to-month,DSL,35.8
5175-WLYXL,Male,40,22,70965.0,Affluent,1,0,0,0.4893,Month-to-month,Fiber optic,78.85
7817-OMJNA,Male,35,14,18360.0,Mass,0,1,0,0.1874,One year,No,20.4
8728-SKJLR,Male,50,41,66825.0,Affluent,1,0,0,0.4315,Month-to-month,Fiber optic,74.25
3137-NYQQI,Male,37,17,58320.0,Affluent,0,0,0,0.2353,One year,DSL,64.8
7706-DZNKK,Male,34,11,18405.0,Mass,1,1,0,0.4457,Month-to-month,No,20.45
0236-HFWSV,Male,36,15,84015.0,HNI,1,0,1,0.9268,Month-to-month,Fiber optic,93.35
3900-AQPHZ,Female,28,1,17910.0,Mass,1,0,1,0.8724,Month-to-month,No,19.9
5842-POCOP,Female,30,5,80010.0,HNI,1,0,1,0.9486,Month-to-month,Fiber optic,88.9
2037-XJFUP,Male,46,33,86220.0,HNI,0,0,1,0.6306,One year,Fiber optic,95.8
8823-RLPWL,Female,65,72,99585.0,HNI,0,1,0,0.1425,Two year,Fiber optic,110.65
9505-SQFSW,Female,29,3,36270.0,Mass,1,0,0,0.4927,Month-to-month,DSL,40.3
7314-OXENN,Male,29,2,73800.0,HNI,1,0,1,0.9481,Month-to-month,Fiber optic,82.0
3758-CKOQL,Female,60,59,96300.0,HNI,0,1,0,0.1735,One year,Fiber optic,107.0
0322-CHQRU,Male,29,2,40815.0,Mass,1,0,1,0.9018,Month-to-month,DSL,45.35
5676-CFLYY,Male,65,71,66015.0,Affluent,0,1,0,0.0981,Two year,DSL,73.35
7521-AFHAB,Female,30,5,40320.0,Mass,1,0,0,0.4929,Month-to-month,DSL,44.8
0285-INHLN,Male,42,27,49275.0,Affluent,1,1,0,0.4452,Month-to-month,DSL,54.75
4678-DVQEO,Female,28,1,46980.0,Affluent,1,0,1,0.9132,Month-to-month,DSL,52.2
5125-CNDSP,Male,62,63,36540.0,Mass,0,1,0,0.0787,One year,DSL,40.6
0691-IFBQW,Female,68,46,99000.0,HNI,0,0,1,0.6129,One year,Fiber optic,110.0
4992-LTJNE,Male,65,72,49770.0,Affluent,0,1,0,0.0726,Two year,DSL,55.3
2202-OUTMO,Female,46,34,54765.0,Affluent,1,1,0,0.4337,Month-to-month,DSL,60.85
0810-BDHAW,Female,41,24,70560.0,Affluent,0,0,0,0.2333,One year,DSL,78.4
0229-LFJAF,Male,65,72,62685.0,Affluent,0,1,0,0.0907,Two year,DSL,69.65
7131-ZQZNK,Female,61,60,53865.0,Affluent,0,1,0,0.1112,Two year,DSL,59.85
3442-ZHHCC,Male,65,68,69210.0,Affluent,0,1,0,0.1108,One year,DSL,76.9
5726-CVNYA,Female,32,8,17865.0,Mass,0,0,0,0.2032,Two year,No,19.85
9871-ELEYA,Female,46,34,60885.0,Affluent,0,1,0,0.1923,Two year,DSL,67.65
4257-GAESD,Female,31,6,40500.0,Mass,1,1,0,0.4904,Month-to-month,DSL,45.0
5173-WXOQV,Male,29,2,57780.0,Affluent,1,0,0,0.5256,Month-to-month,DSL,64.2
2040-OBMLJ,Male,45,31,73530.0,HNI,0,1,0,0.2183,One year,Fiber optic,81.7
6286-ZHAOK,Female,39,20,22995.0,Mass,1,1,0,0.4275,Month-to-month,No,25.55
3807-XHCJH,Female,28,1,18000.0,Mass,1,0,0,0.4725,Month-to-month,No,20.0
3009-JWMPU,Male,62,62,87075.0,HNI,0,0,1,0.5523,One year,Fiber optic,96.75
5671-RQRLP,Female,68,70,68085.0,Affluent,0,1,0,0.1038,Two year,Fiber optic,75.65
1450-GALXR,Female,33,10,88650.0,HNI,1,0,1,0.947,Month-to-month,Fiber optic,98.5
8859-AXJZP,Male,49,39,21420.0,Mass,0,0,0,0.1232,Two year,No,23.8
3174-AKMAS,Female,53,46,57780.0,Affluent,0,1,0,0.1551,Two year,DSL,64.2
3138-BKYAV,Male,31,6,76815.0,HNI,1,0,1,0.9414,Month-to-month,Fiber optic,85.35
9926-PJHDQ,Female,65,72,69120.0,Affluent,0,1,0,0.0998,Two year,DSL,76.8
7382-DFJTU,Male,37,18,49680.0,Affluent,1,1,0,0.4704,Month-to-month,DSL,55.2
2798-NYLMZ,Male,65,71,97695.0,HNI,0,1,0,0.1426,Two year,Fiber optic,108.55
4289-DTDKW,Male,50,40,91170.0,HNI,1,0,1,0.8684,Month-to-month,Fiber optic,101.3
1820-TQVEV,Male,28,1,62595.0,Affluent,1,0,1,0.9351,Month-to-month,Fiber optic,69.55
2239-JALAW,Male,59,58,92925.0,HNI,0,1,1,0.5715,One year,Fiber optic,103.25
4853-RULSV,Male,65,70,93600.0,HNI,0,1,1,0.5396,Two year,Fiber optic,104.0
8098-TDCBU,Female,51,42,22725.0,Mass,0,0,0,0.1168,Two year,No,25.25
3551-GAEGL,Male,46,34,27360.0,Mass,0,1,0,0.1452,One year,DSL,30.4
4785-NKHCX,Male,68,5,18045.0,Mass,1,1,0,0.4616,Month-to-month,No,20.05
3196-NVXLZ,Female,41,25,76140.0,HNI,1,0,0,0.4884,Month-to-month,Fiber optic,84.6
6275-YDUVO,Female,29,2,77580.0,HNI,1,0,1,0.9534,Month-to-month,Fiber optic,86.2
0036-IHMOT,Female,58,55,93330.0,HNI,0,1,0,0.1803,One year,Fiber optic,103.7
0115-TFERT,Male,39,21,100080.0,HNI,1,0,1,0.9329,Month-to-month,Fiber optic,111.2
4178-EGMON,Male,65,70,79200.0,HNI,0,1,0,0.1194,Two year,Fiber optic,88.0
4220-TINQT,Female,61,61,95715.0,HNI,1,0,0,0.4172,Month-to-month,Fiber optic,106.35
5318-YKDPV,Male,51,43,71235.0,Affluent,0,1,0,0.1822,Two year,DSL,79.15
7975-TZMLR,Male,53,47,92790.0,HNI,0,0,0,0.2015,One year,Fiber optic,103.1
0295-QVKPB,Male,30,5,57555.0,Affluent,1,1,0,0.5171,Month-to-month,DSL,63.95
4335-BSMJS,Female,62,62,23220.0,Mass,0,1,0,0.0627,Two year,No,25.8
2311-QYMUQ,Female,36,16,80505.0,HNI,1,1,1,0.9192,Month-to-month,Fiber optic,89.45
3643-AHCFP,Male,68,7,86040.0,HNI,1,1,1,0.9516,Month-to-month,Fiber optic,95.6
9146-JRIOX,Female,35,14,22995.0,Mass,1,0,0,0.4439,Month-to-month,No,25.55
3104-OWCGK,Male,61,60,81855.0,HNI,0,0,1,0.5505,One year,Fiber optic,90.95
5337-IIWKZ,Male,46,34,40365.0,Mass,1,0,0,0.4135,Month-to-month,DSL,44.85
9101-BWFSS,Female,55,50,97695.0,HNI,0,0,1,0.6001,One year,Fiber optic,108.55
9650-VBUOG,Male,48,38,22545.0,Mass,0,1,0,0.1275,Two year,No,25.05
3487-EARAT,Female,65,70,66690.0,Affluent,0,1,0,0.1018,One year,DSL,74.1
2672-TGEFF,Female,48,37,79920.0,HNI,1,0,0,0.4608,Month-to-month,Fiber optic,88.8
9231-ZJYAM,Female,68,4,70965.0,Affluent,1,0,1,0.9386,Month-to-month,Fiber optic,78.85
4250-WAROZ,Male,68,60,83925.0,HNI,1,0,0,0.4034,Month-to-month,Fiber optic,93.25
8184-WMOFI,Male,62,62,64260.0,Affluent,0,1,0,0.1203,One year,DSL,71.4
6982-SSHFK,Male,28,1,39960.0,Mass,1,0,1,0.9033,Month-to-month,DSL,44.4
6092-QZVPP,Male,47,36,71280.0,Affluent,1,1,0,0.4514,Month-to-month,DSL,79.2
4625-LAMOB,Male,52,44,18360.0,Mass,0,1,0,0.1052,Two year,No,20.4
0727-BMPLR,Female,68,55,90000.0,HNI,0,0,1,0.5756,One year,Fiber optic,100.0
0392-BZIUW,Female,65,72,94500.0,HNI,0,1,0,0.1354,Two year,Fiber optic,105.0
1038-ZAGBI,Female,34,12,17820.0,Mass,0,1,1,0.5921,One year,No,19.8
6549-NNDYT,Female,35,13,27765.0,Mass,1,1,0,0.4534,Month-to-month,DSL,30.85
3027-ZTDHO,Male,28,1,80910.0,HNI,1,0,1,0.9608,Month-to-month,Fiber optic,89.9
0422-OHQHQ,Female,36,15,18495.0,Mass,0,0,0,0.1849,One year,No,20.55
6916-HIJSE,Female,63,65,76365.0,HNI,0,1,0,0.1291,Two year,DSL,84.85
2316-ESMLS,Female,34,12,29835.0,Mass,0,1,0,0.209,One year,DSL,33.15
9778-OGKQZ,Male,65,72,82800.0,HNI,0,1,0,0.119,Two year,DSL,92.0
7408-OFWXJ,Female,65,72,80820.0,HNI,0,1,0,0.1162,Two year,DSL,89.8
6007-TCTST,Female,65,72,104220.0,HNI,0,1,0,0.149,Two year,Fiber optic,115.8
2252-NKNSI,Male,56,52,76635.0,HNI,0,0,0,0.1651,Two year,DSL,85.15
8713-IGZSO,Male,29,2,22365.0,Mass,1,0,0,0.4759,Month-to-month,No,24.85
7905-TVXTA,Female,30,5,57915.0,Affluent,1,0,0,0.5176,Month-to-month,DSL,64.35
7695-PKLCZ,Female,65,68,18450.0,Mass,0,1,0,0.0396,Two year,No,20.5
2382-BCKQJ,Female,62,62,90135.0,HNI,0,0,1,0.5566,One year,Fiber optic,100.15
8374-UULRV,Male,65,72,77445.0,HNI,0,1,0,0.1114,Two year,DSL,86.05
2207-NHRJK,Male,28,1,45720.0,Affluent,1,0,1,0.9114,Month-to-month,DSL,50.8
3224-DFQNQ,Female,64,66,80100.0,HNI,0,0,0,0.1316,One year,Fiber optic,89.0
5275-PMFUT,Male,65,72,58320.0,Affluent,0,1,0,0.0846,Two year,DSL,64.8
4795-UXVCJ,Male,42,26,17820.0,Mass,0,1,0,0.1538,One year,No,19.8
9777-IQHWP,Male,63,64,84060.0,HNI,0,1,0,0.1426,Two year,Fiber optic,93.4
0947-MUGVO,Male,68,20,66285.0,Affluent,1,0,1,0.8882,Month-to-month,Fiber optic,73.65
9944-HKVVB,Female,29,3,85590.0,HNI,1,0,1,0.9619,Month-to-month,Fiber optic,95.1
4124-MMETB,Male,40,22,85185.0,HNI,1,1,1,0.9093,Month-to-month,Fiber optic,94.65
3671-SHRSP,Male,30,4,72540.0,HNI,1,0,1,0.9409,Month-to-month,Fiber optic,80.6
0979-MOZQI,Male,62,62,35100.0,Mass,0,1,0,0.0794,Two year,DSL,39.0
2732-ISEZX,Female,30,5,18450.0,Mass,1,0,0,0.4622,Month-to-month,No,20.5
3313-QKNKB,Male,60,59,76995.0,HNI,0,0,1,0.5464,One year,Fiber optic,85.55
0323-XWWTN,Male,29,3,23760.0,Mass,0,0,0,0.2251,Two year,No,26.4
1937-OTUKY,Female,65,72,88380.0,HNI,0,1,0,0.1268,Two year,Fiber optic,98.2
1573-LGXBA,Male,59,57,87795.0,HNI,0,1,0,0.1671,One year,Fiber optic,97.55
1764-VUUMT,Male,64,66,17955.0,Mass,0,1,0,0.0444,Two year,No,19.95
5073-WXOYN,Female,61,60,45720.0,Affluent,1,0,1,0.7498,Month-to-month,DSL,50.8
4713-ZBURT,Male,52,45,89730.0,HNI,0,1,0,0.2026,Two year,Fiber optic,99.7
3050-GBUSH,Female,29,3,31320.0,Mass,1,1,0,0.4857,Month-to-month,DSL,34.8
0207-MDKNV,Female,36,15,94590.0,HNI,1,0,1,0.9417,Month-to-month,Fiber optic,105.1
7876-AEHIG,Female,56,51,54135.0,Affluent,0,1,0,0.1363,One year,DSL,60.15
7945-HLKEA,Female,61,60,58275.0,Affluent,0,0,0,0.1174,One year,DSL,64.75
9342-VNIMQ,Male,46,33,49185.0,Affluent,1,1,0,0.4286,Month-to-month,DSL,54.65
9851-KIELU,Male,33,10,99090.0,HNI,1,0,1,0.9617,Month-to-month,Fiber optic,110.1
3523-BRGUW,Male,68,26,17370.0,Mass,0,1,0,0.1531,One year,No,19.3
3908-BLSYF,Female,31,6,75510.0,HNI,1,0,1,0.9395,Month-to-month,Fiber optic,83.9
3199-NPKCN,Female,64,67,100125.0,HNI,0,0,0,0.157,One year,Fiber optic,111.25
5170-PTRKA,Female,54,49,32220.0,Mass,0,1,0,0.111,One year,DSL,35.8
4661-NJEUX,Male,28,1,18045.0,Mass,1,0,0,0.4726,Month-to-month,No,20.05
2123-AGEEN,Female,68,7,75915.0,HNI,1,0,0,0.5374,Month-to-month,Fiber optic,84.35
1258-YMZNM,Female,68,27,99450.0,HNI,0,1,0,0.2656,One year,Fiber optic,110.5
0048-LUMLS,Male,48,37,82080.0,HNI,0,1,0,0.2138,One year,Fiber optic,91.2
7549-MYGPK,Female,62,63,90495.0,HNI,1,0,1,0.8044,Month-to-month,Fiber optic,100.55
5898-IGSLP,Male,45,31,80370.0,HNI,1,0,0,0.4779,Month-to-month,Fiber optic,89.3
3804-RVTGV,Male,55,50,93465.0,HNI,1,1,1,0.8442,Month-to-month,Fiber optic,103.85
6259-WJQLC,Male,68,32,72990.0,HNI,1,1,0,0.4648,Month-to-month,Fiber optic,81.1
9227-LUNBG,Female,28,1,22140.0,Mass,1,0,1,0.8783,Month-to-month,DSL,24.6
7997-EASSD,Female,62,63,73080.0,HNI,0,1,0,0.13,One year,Fiber optic,81.2
0730-KOAVE,Male,44,30,84870.0,HNI,1,1,0,0.4869,Month-to-month,Fiber optic,94.3
8975-SKGRX,Male,65,71,104490.0,HNI,0,1,0,0.1521,Two year,Fiber optic,116.1
0678-RLHVP,Female,57,53,94995.0,HNI,0,0,0,0.1881,Two year,Fiber optic,105.55
4315-MURBD,Female,34,12,89010.0,HNI,1,1,1,0.942,Month-to-month,Fiber optic,98.9
2267-FPIMA,Male,55,50,84960.0,HNI,1,1,0,0.4323,Month-to-month,Fiber optic,94.4
1051-GEJLJ,Female,29,2,17550.0,Mass,1,0,0,0.4692,Month-to-month,No,19.5
9734-YWGEX,Female,32,9,88470.0,HNI,1,1,1,0.9495,Month-to-month,Fiber optic,98.3
2719-BDAQO,Male,37,17,84465.0,HNI,1,0,1,0.922,Month-to-month,Fiber optic,93.85
5285-MVEHD,Female,58,56,95040.0,HNI,0,1,0,0.18,One year,Fiber optic,105.6
0379-DJQHR,Male,64,67,73215.0,HNI,0,1,0,0.1192,Two year,DSL,81.35
0781-LKXBR,Male,68,9,90450.0,HNI,1,0,1,0.9523,Month-to-month,Fiber optic,100.5
5543-QDCRY,Male,30,4,50760.0,Affluent,1,0,0,0.5103,Month-to-month,DSL,56.4
0297-RBCSG,Male,38,19,58815.0,Affluent,0,1,0,0.2305,One year,DSL,65.35
4694-PHWFW,Female,32,8,17955.0,Mass,1,0,0,0.4533,Month-to-month,No,19.95
0835-JKADZ,Female,65,71,100125.0,HNI,0,0,0,0.146,Two year,Fiber optic,111.25
1907-UBQFC,Male,68,10,65565.0,Affluent,1,0,1,0.9146,Month-to-month,Fiber optic,72.85
7508-SMHXL,Female,68,15,80100.0,HNI,1,1,0,0.5213,Month-to-month,Fiber optic,89.0
3865-YIOTT,Male,65,72,95490.0,HNI,0,1,0,0.1368,One year,Fiber optic,106.1
5993-BQHEA,Male,34,12,18045.0,Mass,0,1,0,0.1924,One year,No,20.05
6024-RUGGH,Male,65,72,22680.0,Mass,0,1,0,0.0346,Two year,No,25.2
6513-EECDB,Male,68,1,66195.0,Affluent,1,0,1,0.9402,Month-to-month,Fiber optic,73.55
3956-CJUST,Female,68,23,67860.0,Affluent,1,1,0,0.4822,Month-to-month,Fiber optic,75.4
4079-WWQQQ,Male,65,72,58995.0,Affluent,0,1,0,0.0855,Two year,DSL,65.55
6103-BOCOU,Female,42,26,72630.0,HNI,1,0,0,0.4807,Month-to-month,Fiber optic,80.7
5149-TGWDZ,Female,39,21,94095.0,HNI,0,0,0,0.2745,One year,Fiber optic,104.55
7471-WNSUF,Male,61,60,21735.0,Mass,0,1,0,0.0661,One year,No,24.15
8942-DBMHZ,Male,34,12,18405.0,Mass,1,0,0,0.443,Month-to-month,No,20.45
4301-VVZKA,Male,36,16,67860.0,Affluent,1,0,0,0.5014,Month-to-month,Fiber optic,75.4
9199-PWQVC,Female,62,63,71730.0,Affluent,0,1,0,0.1281,One year,DSL,79.7
4824-GUCBY,Female,68,22,73530.0,HNI,1,0,0,0.4929,Month-to-month,Fiber optic,81.7
5393-HJZSM,Female,45,32,68670.0,Affluent,1,1,0,0.4587,Month-to-month,DSL,76.3
7074-IEVOJ,Female,68,3,71460.0,Affluent,1,0,1,0.9421,Month-to-month,Fiber optic,79.4
9625-QSTYE,Female,35,13,73035.0,HNI,1,0,1,0.9169,Month-to-month,Fiber optic,81.15
0862-PRCBS,Female,65,68,93375.0,HNI,0,1,0,0.1448,Two year,Fiber optic,103.75
8812-ZRHFP,Female,44,30,77805.0,HNI,0,0,0,0.227,One year,Fiber optic,86.45
5146-CBVOE,Female,36,16,67590.0,Affluent,1,1,0,0.501,Month-to-month,Fiber optic,75.1
0454-OKRCT,Male,46,33,72540.0,HNI,0,1,0,0.2114,Two year,Fiber optic,80.6
5787-KXGIY,Male,65,72,17370.0,Mass,0,1,0,0.0271,Two year,No,19.3
4750-ZRXIU,Female,68,4,76140.0,HNI,1,0,1,0.9459,Month-to-month,Fiber optic,84.6
4198-VFOEA,Female,34,12,30240.0,Mass,0,0,0,0.2096,One year,DSL,33.6
6630-UJZMY,Female,68,4,74925.0,HNI,1,0,0,0.5442,Month-to-month,Fiber optic,83.25
5709-LVOEQ,Female,28,0,72765.0,HNI,0,0,0,0.3021,Two year,DSL,80.85
6400-BWQKW,Female,31,6,71145.0,Affluent,1,0,1,0.9334,Month-to-month,Fiber optic,79.05
2692-AQCPF,Female,63,65,97245.0,HNI,0,1,0,0.1584,One year,Fiber optic,108.05
0347-UBKUZ,Female,36,15,17910.0,Mass,1,0,0,0.434,Month-to-month,No,19.9
0835-DUUIQ,Female,41,24,18945.0,Mass,0,1,0,0.1608,One year,No,21.05
0811-GSDTP,Female,35,13,27135.0,Mass,1,0,0,0.4525,Month-to-month,DSL,30.15
7567-ECMCM,Male,41,24,71865.0,Affluent,1,1,0,0.4851,Month-to-month,Fiber optic,79.85
6115-ZTBFQ,Female,65,72,58950.0,Affluent,0,1,0,0.0855,Two year,DSL,65.5
6353-BRMMA,Female,57,54,93690.0,HNI,1,1,0,0.4335,Month-to-month,Fiber optic,104.1
6680-WKXRZ,Female,29,3,66960.0,Affluent,1,1,1,0.9358,Month-to-month,Fiber optic,74.4
6231-WFGFH,Male,30,4,18450.0,Mass,1,0,0,0.4649,Month-to-month,No,20.5
9904-EHEVJ,Female,68,32,82215.0,HNI,1,0,0,0.4777,Month-to-month,Fiber optic,91.35
7028-DVOIQ,Male,68,35,89145.0,HNI,1,0,1,0.8792,Month-to-month,Fiber optic,99.05
6169-PPETC,Male,47,35,18450.0,Mass,0,1,0,0.13,Two year,No,20.5
4208-UFFGW,Male,68,2,40455.0,Mass,1,0,1,0.9013,Month-to-month,DSL,44.95
8584-KMVXD,Female,32,8,68040.0,Affluent,1,0,0,0.5236,Month-to-month,Fiber optic,75.6
8467-WYNSR,Male,40,22,49590.0,Affluent,1,0,0,0.4593,Month-to-month,DSL,55.1
0851-DFJKB,Female,36,15,53055.0,Affluent,1,0,0,0.4834,Month-to-month,DSL,58.95
5382-SOYZL,Male,40,22,85590.0,HNI,1,0,0,0.5099,Month-to-month,Fiber optic,95.1
9448-REEVD,Male,28,1,40230.0,Mass,1,1,1,0.9037,Month-to-month,DSL,44.7
3261-CQXOL,Female,65,71,22905.0,Mass,0,1,0,0.0376,Two year,No,25.45
8388-FYNPZ,Male,30,4,51075.0,Affluent,1,0,0,0.5107,Month-to-month,DSL,56.75
4002-BQWPQ,Male,41,25,73575.0,HNI,1,1,0,0.4848,Month-to-month,DSL,81.75
5651-YLPRD,Female,45,32,77490.0,HNI,1,0,0,0.4711,Month-to-month,Fiber optic,86.1
2826-DXLQO,Male,68,7,26820.0,Mass,1,1,0,0.4685,Month-to-month,DSL,29.8
4378-BZYFP,Male,37,17,18450.0,Mass,0,0,0,0.1793,One year,No,20.5
9489-UTFKA,Male,68,8,54810.0,Affluent,1,1,0,0.505,Month-to-month,DSL,60.9
4849-PYRLQ,Female,68,56,65925.0,Affluent,0,1,0,0.1391,Two year,DSL,73.25
9117-SHLZX,Male,28,1,41130.0,Mass,1,0,1,0.905,Month-to-month,DSL,45.7
9889-TMAHG,Male,68,8,90270.0,HNI,1,1,1,0.9548,Month-to-month,Fiber optic,100.3
4541-RMRLG,Male,31,7,17325.0,Mass,1,0,1,0.8551,Month-to-month,No,19.25
7764-BDPEE,Male,29,3,18765.0,Mass,1,0,0,0.4681,Month-to-month,No,20.85
3429-IFLEM,Female,65,71,69615.0,Affluent,0,1,0,0.1032,Two year,DSL,77.35
3158-MOERK,Female,29,2,86400.0,HNI,1,0,1,0.9658,Month-to-month,Fiber optic,96.0
7294-TMAOP,Female,28,1,81495.0,HNI,1,0,1,0.9616,Month-to-month,Fiber optic,90.55
5002-GCQFH,Male,54,49,84465.0,HNI,1,1,0,0.4343,Month-to-month,Fiber optic,93.85
0556-FJEGU,Male,59,58,63090.0,Affluent,0,1,0,0.1296,Two year,DSL,70.1
8919-FYFQZ,Male,68,44,27315.0,Mass,1,0,1,0.7678,Month-to-month,DSL,30.35
0604-THJFP,Female,60,59,68355.0,Affluent,0,1,0,0.1343,Two year,DSL,75.95
2834-JRTUA,Male,65,71,97245.0,HNI,0,0,1,0.542,Two year,Fiber optic,108.05
5875-YPQFJ,Male,28,1,62910.0,Affluent,1,0,1,0.9356,Month-to-month,Fiber optic,69.9
5879-SESNB,Female,34,11,67725.0,Affluent,1,0,0,0.5149,Month-to-month,Fiber optic,75.25
6646-QVXLR,Male,68,62,93375.0,HNI,0,0,1,0.5612,One year,Fiber optic,103.75
6461-PPAXN,Female,47,35,49455.0,Affluent,0,1,0,0.1735,One year,DSL,54.95
3318-ISQFQ,Female,39,20,17550.0,Mass,1,1,0,0.4198,Month-to-month,No,19.5
1106-HRLKZ,Male,50,40,17640.0,Mass,0,0,0,0.1152,Two year,No,19.6
2483-XSSMZ,Female,49,39,43065.0,Mass,0,0,0,0.1536,One year,DSL,47.85
8603-IJWDN,Male,28,1,77940.0,HNI,1,0,1,0.9566,Month-to-month,Fiber optic,86.6
8165-ZJRNM,Female,65,72,21375.0,Mass,0,1,0,0.0327,Two year,No,23.75
9369-XFEHK,Female,68,33,72540.0,HNI,1,1,1,0.8614,Month-to-month,Fiber optic,80.6
2604-XVDAM,Female,34,12,39420.0,Mass,1,1,0,0.4724,Month-to-month,DSL,43.8
3717-OFRTN,Male,28,1,17775.0,Mass,1,1,0,0.4722,Month-to-month,No,19.75
9046-JBFWA,Male,42,27,17235.0,Mass,1,0,0,0.4002,Month-to-month,No,19.15
3280-NMUVX,Male,46,34,17640.0,Mass,0,1,0,0.1316,One year,No,19.6
1206-EHBDD,Female,58,56,72270.0,HNI,0,1,0,0.148,Two year,Fiber optic,80.3
8361-LBRDI,Female,59,58,21915.0,Mass,0,1,0,0.0719,Two year,No,24.35
4883-KCPZJ,Female,40,22,22725.0,Mass,0,1,0,0.1716,Two year,No,25.25
9108-EQPNQ,Female,33,10,23490.0,Mass,0,1,0,0.2056,Two year,No,26.1
7277-KAMWT,Male,35,13,18000.0,Mass,0,1,0,0.1896,Two year,No,20.0
3842-IYKUE,Female,47,35,76770.0,HNI,1,1,1,0.8619,Month-to-month,Fiber optic,85.3
6641-XRPSU,Female,46,34,63000.0,Affluent,1,1,1,0.8453,Month-to-month,Fiber optic,70.0
1374-DMZUI,Female,68,4,84870.0,HNI,1,0,1,0.9582,Month-to-month,Fiber optic,94.3
2545-LXYVJ,Male,65,72,18630.0,Mass,0,1,0,0.0289,Two year,No,20.7
3234-VKACU,Male,29,2,63270.0,Affluent,1,0,0,0.5333,Month-to-month,DSL,70.3
8357-EQXFO,Female,31,7,85815.0,HNI,1,0,1,0.9513,Month-to-month,Fiber optic,95.35
1989-PRJHP,Male,68,27,67950.0,Affluent,1,0,1,0.8714,Month-to-month,Fiber optic,75.5
8120-JDCAM,Male,30,4,62595.0,Affluent,1,0,0,0.5269,Month-to-month,Fiber optic,69.55
8917-FAEMR,Female,48,37,17865.0,Mass,0,0,0,0.1237,Two year,No,19.85
7047-YXDMZ,Male,39,21,18000.0,Mass,1,0,0,0.4177,Month-to-month,No,20.0
2858-EIMXH,Female,68,53,86265.0,HNI,0,1,0,0.1759,One year,Fiber optic,95.85
9524-EGPJC,Female,37,18,81090.0,HNI,1,0,1,0.9145,Month-to-month,Fiber optic,90.1
6993-OHLXR,Female,29,2,62055.0,Affluent,1,0,1,0.9316,Month-to-month,Fiber optic,68.95
8818-XYFCQ,Male,45,32,89595.0,HNI,1,1,1,0.8881,Month-to-month,Fiber optic,99.55
6419-ZTTLE,Male,68,23,18675.0,Mass,0,0,0,0.1632,One year,No,20.75
0929-HYQEW,Male,29,3,45135.0,Affluent,1,0,0,0.5051,Month-to-month,DSL,50.15
6614-YOLAC,Female,65,71,52785.0,Affluent,0,0,0,0.0796,Two year,DSL,58.65
7426-RHZGU,Male,32,9,86310.0,HNI,1,1,0,0.5465,Month-to-month,Fiber optic,95.9
4065-JJAVA,Female,28,1,44550.0,Mass,1,0,0,0.5098,Month-to-month,DSL,49.5
4695-VADHF,Male,37,18,51705.0,Affluent,1,0,1,0.8733,Month-to-month,DSL,57.45
3863-IUBJR,Male,34,12,48285.0,Affluent,0,1,1,0.6349,One year,DSL,53.65
7649-SIJJF,Male,65,71,72090.0,HNI,0,0,0,0.1067,Two year,DSL,80.1
9361-YNQWJ,Female,63,64,21960.0,Mass,0,1,0,0.0555,One year,No,24.4
3748-FVMZZ,Male,30,4,36045.0,Mass,1,0,0,0.4896,Month-to-month,DSL,40.05
9391-TTOYH,Female,40,23,17550.0,Mass,1,0,0,0.4116,Month-to-month,No,19.5
1452-XRSJV,Female,49,39,45945.0,Affluent,1,1,0,0.4076,Month-to-month,DSL,51.05
3422-WJOYD,Male,43,28,48915.0,Affluent,0,0,0,0.1919,One year,DSL,54.35
8242-SOQUO,Female,68,5,76230.0,HNI,1,0,0,0.5433,Month-to-month,Fiber optic,84.7
7460-ITWWP,Female,68,45,77490.0,HNI,1,0,0,0.4355,Month-to-month,Fiber optic,86.1
7147-AYBAA,Male,48,37,63315.0,Affluent,1,0,0,0.4375,Month-to-month,Fiber optic,70.35
7868-TMWMZ,Female,68,60,99000.0,HNI,0,1,0,0.1746,Two year,Fiber optic,110.0
4822-RVYBB,Male,68,8,90540.0,HNI,1,0,1,0.9552,Month-to-month,Fiber optic,100.6
6732-FZUGP,Female,53,47,85410.0,HNI,0,1,0,0.1911,One year,Fiber optic,94.9
8436-BJUMM,Male,42,26,75375.0,HNI,1,0,1,0.8846,Month-to-month,Fiber optic,83.75
4184-TJFAN,Female,68,3,79470.0,HNI,1,0,1,0.9533,Month-to-month,Fiber optic,88.3
8329-GWVPJ,Female,55,50,62775.0,Affluent,1,1,0,0.4011,Month-to-month,Fiber optic,69.75
1352-VHKAJ,Male,42,27,64440.0,Affluent,1,1,0,0.4665,Month-to-month,DSL,71.6
4145-UQXUQ,Female,68,8,82890.0,HNI,1,0,1,0.9444,Month-to-month,Fiber optic,92.1
2632-TACXW,Female,62,62,21285.0,Mass,0,1,0,0.06,Two year,No,23.65
8146-QQKZH,Female,65,71,73665.0,HNI,0,1,0,0.1089,Two year,DSL,81.85
1767-CJKBA,Male,64,66,22590.0,Mass,0,0,0,0.0509,Two year,No,25.1
6445-TNRXS,Male,65,68,103230.0,HNI,0,1,0,0.1586,Two year,Fiber optic,114.7
4581-LNWUM,Female,35,13,44235.0,Mass,1,0,0,0.4765,Month-to-month,DSL,49.15
4869-EPIUS,Male,58,56,72810.0,HNI,0,0,0,0.1488,One year,Fiber optic,80.9
9948-YPTDG,Male,48,38,71505.0,Affluent,1,0,1,0.8462,Month-to-month,Fiber optic,79.45
1236-WFCDV,Male,68,14,81405.0,HNI,1,1,1,0.9259,Month-to-month,Fiber optic,90.45
1915-OAKWD,Female,36,16,17370.0,Mass,0,1,0,0.1805,One year,No,19.3
7296-PIXQY,Female,35,14,63180.0,Affluent,1,0,0,0.5003,Month-to-month,Fiber optic,70.2
4883-QICIH,Male,45,32,62775.0,Affluent,1,1,1,0.8504,Month-to-month,Fiber optic,69.75
3354-OADJP,Female,32,8,48825.0,Affluent,0,1,0,0.2466,One year,DSL,54.25
3524-WQDSG,Female,51,43,89370.0,HNI,1,1,0,0.4576,Month-to-month,Fiber optic,99.3
0810-DHDBD,Female,56,52,66600.0,Affluent,0,1,0,0.151,One year,DSL,74.0
4026-SKKHW,Male,29,3,45225.0,Affluent,1,0,0,0.5053,Month-to-month,DSL,50.25
2829-HYVZP,Male,43,29,17820.0,Mass,0,0,0,0.1456,One year,No,19.8
8329-IBCTI,Female,28,1,17685.0,Mass,1,0,1,0.8721,Month-to-month,No,19.65
1271-SJBGZ,Male,68,12,39285.0,Mass,1,0,1,0.8723,Month-to-month,DSL,43.65
3845-JHAMY,Female,36,16,31950.0,Mass,1,1,0,0.451,Month-to-month,DSL,35.5
7013-PSXHK,Female,50,40,72675.0,HNI,0,0,0,0.1924,One year,DSL,80.75
5669-SRAIP,Female,30,5,35550.0,Mass,1,0,1,0.8862,Month-to-month,DSL,39.5
5981-ITEMU,Male,50,40,87390.0,HNI,1,1,1,0.8631,Month-to-month,Fiber optic,97.1
3486-NPGST,Female,47,36,17595.0,Mass,0,0,0,0.1261,One year,No,19.55
6941-PMGEP,Female,30,5,72000.0,HNI,1,0,1,0.9374,Month-to-month,Fiber optic,80.0
1624-WOIWJ,Female,33,10,76230.0,HNI,1,0,1,0.9296,Month-to-month,Fiber optic,84.7
2074-GKOWZ,Male,29,2,80595.0,HNI,1,1,1,0.9576,Month-to-month,Fiber optic,89.55
0376-YMCJC,Male,40,23,81540.0,HNI,1,0,1,0.9014,Month-to-month,Fiber optic,90.6
6100-FJZDG,Male,42,26,18045.0,Mass,0,1,0,0.1541,One year,No,20.05
4829-ZLJTK,Female,68,72,101160.0,HNI,0,0,0,0.1447,Two year,Fiber optic,112.4
1730-VFMWO,Female,46,34,45180.0,Affluent,1,1,0,0.4203,Month-to-month,DSL,50.2
7143-BQIBA,Male,33,10,56025.0,Affluent,1,1,0,0.5012,Month-to-month,DSL,62.25
3800-LYTRK,Female,35,14,50130.0,Affluent,0,0,0,0.232,One year,DSL,55.7
0634-SZPQA,Female,40,23,81045.0,HNI,1,1,1,0.9007,Month-to-month,Fiber optic,90.05
9646-NMHXE,Male,53,47,17685.0,Mass,0,0,0,0.0961,Two year,No,19.65
7030-NJVDP,Male,41,24,80325.0,HNI,1,0,0,0.497,Month-to-month,Fiber optic,89.25
5536-RTPWK,Male,54,49,89145.0,HNI,1,1,1,0.8409,Month-to-month,Fiber optic,99.05
8883-GRDWQ,Male,68,20,48600.0,Affluent,0,0,0,0.2134,One year,DSL,54.0
6166-ILMNY,Female,29,2,62775.0,Affluent,1,1,1,0.9326,Month-to-month,Fiber optic,69.75
3097-NNSPB,Female,29,2,44145.0,Mass,1,1,1,0.9065,Month-to-month,DSL,49.05
7771-ZONAT,Male,40,22,51075.0,Affluent,0,1,0,0.2114,Two year,DSL,56.75
0655-RBDUG,Male,31,7,88245.0,HNI,1,1,1,0.9547,Month-to-month,Fiber optic,98.05
2111-DWYHN,Male,28,1,18990.0,Mass,1,0,0,0.4739,Month-to-month,No,21.1
4194-WHFCB,Female,60,59,86985.0,HNI,1,1,0,0.4104,Month-to-month,Fiber optic,96.65
4121-AGSIN,Female,59,58,22050.0,Mass,0,1,0,0.072,One year,No,24.5
4361-BKAXE,Female,50,41,103050.0,HNI,1,1,1,0.8823,Month-to-month,Fiber optic,114.5
9845-PEEKO,Female,68,59,71280.0,Affluent,0,1,0,0.1384,Two year,Fiber optic,79.2
0455-XFASS,Female,29,3,62595.0,Affluent,1,0,0,0.5296,Month-to-month,Fiber optic,69.55
0301-KOBTQ,Male,45,32,18045.0,Mass,0,1,0,0.1377,Two year,No,20.05
1751-NCDLI,Male,68,46,88965.0,HNI,1,0,0,0.4488,Month-to-month,Fiber optic,98.85
4367-NUYAO,Male,28,0,23175.0,Mass,0,0,0,0.2325,Two year,No,25.75
9878-TNQGW,Male,29,2,72855.0,HNI,1,0,1,0.9468,Month-to-month,Fiber optic,80.95
9170-ARBTB,Female,56,52,17640.0,Mass,0,1,0,0.0823,One year,No,19.6
4441-NIHPT,Female,68,13,66870.0,Affluent,1,0,1,0.9082,Month-to-month,Fiber optic,74.3
8999-BOHSE,Female,68,11,80730.0,HNI,1,1,1,0.9332,Month-to-month,Fiber optic,89.7
7241-AJHFS,Male,45,32,78885.0,HNI,1,1,0,0.473,Month-to-month,Fiber optic,87.65
7029-RPUAV,Male,68,17,90405.0,HNI,1,1,1,0.9303,Month-to-month,Fiber optic,100.45
4546-FOKWR,Female,36,16,67275.0,Affluent,1,1,0,0.5006,Month-to-month,Fiber optic,74.75
9036-CSKBW,Female,56,51,96705.0,HNI,0,1,0,0.196,One year,Fiber optic,107.45
5832-TRLPB,Male,43,29,67815.0,Affluent,0,1,0,0.2157,One year,DSL,75.35
8590-YFFQO,Male,65,70,58455.0,Affluent,0,1,0,0.0903,Two year,DSL,64.95
8659-IOOPU,Female,65,71,90405.0,HNI,0,0,0,0.1324,Two year,Fiber optic,100.45
1338-CECEE,Male,50,41,61650.0,Affluent,0,1,0,0.1742,One year,DSL,68.5
7439-DKZTW,Male,28,1,72495.0,HNI,1,0,0,0.549,Month-to-month,Fiber optic,80.55
4646-QZXTF,Female,31,7,73125.0,HNI,1,1,0,0.5335,Month-to-month,DSL,81.25
4607-CHPCA,Male,41,25,81360.0,HNI,0,0,1,0.6457,One year,Fiber optic,90.4
9742-XOKTS,Male,64,67,80595.0,HNI,0,0,0,0.1296,One year,Fiber optic,89.55
6921-OZMFH,Male,30,5,50130.0,Affluent,1,0,0,0.5067,Month-to-month,DSL,55.7
9578-FOMUK,Male,36,15,22320.0,Mass,1,0,0,0.4402,Month-to-month,No,24.8
4712-UYOOI,Female,39,20,18000.0,Mass,1,0,0,0.4205,Month-to-month,No,20.0
8824-RWFXJ,Male,29,3,50535.0,Affluent,1,0,1,0.9127,Month-to-month,DSL,56.15
7722-CVFXN,Male,57,54,94680.0,HNI,0,0,0,0.1849,One year,Fiber optic,105.2
8717-VCTXJ,Male,51,42,17595.0,Mass,0,0,0,0.1096,One year,No,19.55
7363-QTBIW,Female,32,9,71775.0,Affluent,1,0,0,0.5261,Month-to-month,Fiber optic,79.75
4159-NAAIX,Female,62,63,87705.0,HNI,0,1,0,0.1505,Two year,Fiber optic,97.45
0971-QIFJK,Female,65,69,21825.0,Mass,0,1,0,0.0416,Two year,No,24.25
9397-TZSHA,Female,65,69,22140.0,Mass,0,1,0,0.042,Two year,No,24.6
3391-JSQEW,Male,50,40,45135.0,Affluent,1,0,0,0.4038,Month-to-month,DSL,50.15
0343-QLUZP,Male,61,60,35640.0,Mass,0,1,0,0.0856,Two year,DSL,39.6
9763-PDTKK,Female,30,4,84960.0,HNI,1,1,1,0.9583,Month-to-month,Fiber optic,94.4
2176-LVPNX,Female,68,71,80865.0,HNI,0,0,0,0.119,Two year,DSL,89.85
7627-JKIAZ,Female,48,37,71055.0,Affluent,1,1,1,0.8484,Month-to-month,Fiber optic,78.95
3312-UUMZW,Male,45,32,88965.0,HNI,1,1,0,0.4872,Month-to-month,Fiber optic,98.85
1271-UODNO,Male,49,39,48465.0,Affluent,0,1,0,0.1612,Two year,DSL,53.85
8461-EFQYM,Female,48,38,21825.0,Mass,0,0,0,0.1265,One year,No,24.25
6900-RBKER,Male,56,52,80505.0,HNI,0,1,0,0.1705,Two year,Fiber optic,89.45
6891-JPYFF,Female,54,48,94725.0,HNI,1,1,0,0.4514,Month-to-month,Fiber optic,105.25
1459-QNFQT,Male,65,70,53550.0,Affluent,0,1,0,0.0834,Two year,DSL,59.5
1047-NNCBF,Male,39,20,63495.0,Affluent,1,1,0,0.4843,Month-to-month,Fiber optic,70.55
3696-XRIEN,Female,55,50,74250.0,HNI,0,1,0,0.1672,One year,DSL,82.5
4081-DYXAV,Female,38,19,40365.0,Mass,0,1,1,0.6046,One year,DSL,44.85
0074-HDKDG,Male,41,25,55440.0,Affluent,0,1,0,0.2093,One year,DSL,61.6
8791-GFXLZ,Male,34,12,44145.0,Mass,1,1,0,0.4791,Month-to-month,DSL,49.05
8111-SLLHI,Male,68,39,95085.0,HNI,1,0,1,0.8766,Month-to-month,Fiber optic,105.65
0927-LCSMG,Male,31,7,67185.0,Affluent,1,0,1,0.9251,Month-to-month,Fiber optic,74.65
9330-DHBFL,Female,40,23,59625.0,Affluent,0,0,0,0.2207,One year,DSL,66.25
0098-BOWSO,Male,42,27,17460.0,Mass,1,0,0,0.4005,Month-to-month,No,19.4
3452-ABWRL,Male,68,47,77445.0,HNI,1,1,0,0.4299,Month-to-month,Fiber optic,86.05
5859-HZYLF,Male,42,26,17235.0,Mass,0,1,0,0.153,Two year,No,19.15
8257-RZAHR,Female,35,14,58230.0,Affluent,1,1,1,0.8934,Month-to-month,DSL,64.7
5293-WXJAK,Female,68,11,93645.0,HNI,1,1,1,0.9513,Month-to-month,Fiber optic,104.05
3156-QLHBO,Male,29,2,17325.0,Mass,1,0,0,0.4688,Month-to-month,No,19.25
2208-NQBCT,Female,42,26,73755.0,HNI,1,0,0,0.4823,Month-to-month,Fiber optic,81.95
1779-PWPMG,Female,68,72,103185.0,HNI,0,1,0,0.1476,Two year,Fiber optic,114.65
6621-NRZAK,Female,62,63,18000.0,Mass,0,1,0,0.0527,Two year,No,20.0
0831-JNISG,Male,65,71,17820.0,Mass,0,0,0,0.0305,Two year,No,19.8
0774-IFUVM,Male,34,11,58635.0,Affluent,1,1,0,0.5022,Month-to-month,DSL,65.15
3082-WQRVY,Male,68,14,17685.0,Mass,0,0,0,0.1865,One year,No,19.65
9553-DLCLU,Female,35,13,80055.0,HNI,0,1,0,0.2767,Two year,DSL,88.95
1641-BYBTK,Male,31,6,18180.0,Mass,1,0,0,0.4591,Month-to-month,No,20.2
2460-NGXBJ,Male,68,11,67680.0,Affluent,1,1,0,0.5149,Month-to-month,Fiber optic,75.2
2446-ZKVAF,Male,37,18,51120.0,Affluent,1,1,0,0.4724,Month-to-month,DSL,56.8
0841-NULXI,Male,28,1,31995.0,Mass,1,0,1,0.8922,Month-to-month,DSL,35.55
3522-CDKHF,Female,45,32,67950.0,Affluent,1,1,0,0.4577,Month-to-month,Fiber optic,75.5
1430-SFQSA,Male,43,29,32040.0,Mass,0,0,0,0.1655,One year,DSL,35.6
0411-EZJZE,Female,29,3,54225.0,Affluent,1,0,0,0.5179,Month-to-month,DSL,60.25
7851-WZEKY,Female,29,2,85635.0,HNI,1,0,1,0.9647,Month-to-month,Fiber optic,95.15
8844-TONUD,Male,35,13,86985.0,HNI,1,0,1,0.9365,Month-to-month,Fiber optic,96.65
8807-ARQET,Female,50,41,36315.0,Mass,1,0,0,0.3886,Month-to-month,DSL,40.35
8992-CEUEN,Female,28,1,16965.0,Mass,1,0,0,0.4711,Month-to-month,No,18.85
4320-QMLLA,Male,31,7,49365.0,Affluent,1,0,0,0.5001,Month-to-month,DSL,54.85
8777-PVYGU,Female,56,52,57870.0,Affluent,0,0,0,0.1388,One year,DSL,64.3
8292-ITGYJ,Female,52,45,22185.0,Mass,0,1,0,0.1078,Two year,No,24.65
6870-ZWMNX,Male,65,70,68490.0,Affluent,0,1,0,0.1043,Two year,DSL,76.1
0621-CXBKL,Female,57,53,16830.0,Mass,0,0,0,0.0784,Two year,No,18.7
5268-DSMNQ,Female,68,62,88155.0,HNI,0,1,0,0.1539,One year,Fiber optic,97.95
5334-JLAXU,Female,61,60,84690.0,HNI,1,1,0,0.4045,Month-to-month,Fiber optic,94.1
4086-YQSNZ,Female,68,3,72360.0,HNI,1,0,1,0.9433,Month-to-month,Fiber optic,80.4
6242-MBHPK,Female,68,23,85590.0,HNI,1,0,0,0.5071,Month-to-month,Fiber optic,95.1
5868-CZJDR,Male,28,1,28215.0,Mass,1,0,1,0.8869,Month-to-month,DSL,31.35
9359-UGBTK,Female,64,67,65115.0,Affluent,0,1,0,0.1078,One year,DSL,72.35
0135-NMXAP,Female,34,12,80775.0,HNI,1,1,1,0.9305,Month-to-month,Fiber optic,89.75
4782-OSFXZ,Female,68,71,74430.0,HNI,0,1,0,0.1099,Two year,DSL,82.7
6479-OAUSD,Male,41,25,17910.0,Mass,0,1,0,0.1566,One year,No,19.9
7129-ACFOG,Female,30,5,48420.0,Affluent,1,0,0,0.5043,Month-to-month,DSL,53.8
4189-NAKJS,Male,42,26,46395.0,Affluent,0,1,0,0.1939,One year,DSL,51.55
5562-BETPV,Male,28,1,17685.0,Mass,0,0,0,0.2221,One year,No,19.65
1282-IHQAC,Male,68,70,39645.0,Mass,0,1,0,0.0639,One year,DSL,44.05
9127-FHJBZ,Male,65,72,102600.0,HNI,0,0,0,0.1467,Two year,Fiber optic,114.0
6270-OMFIW,Male,61,60,84960.0,HNI,0,0,1,0.5549,One year,Fiber optic,94.4
1641-RQDAY,Female,68,32,90360.0,HNI,1,0,0,0.4891,Month-to-month,Fiber optic,100.4
0107-WESLM,Male,28,1,17865.0,Mass,1,0,1,0.8723,Month-to-month,No,19.85
6994-ORCWG,Female,35,14,48825.0,Affluent,0,0,0,0.2302,One year,DSL,54.25
1346-UFHAX,Female,35,13,72000.0,HNI,1,1,0,0.5154,Month-to-month,Fiber optic,80.0
3992-YWPKO,Female,31,6,98910.0,HNI,1,1,1,0.9724,Month-to-month,Fiber optic,109.9
2933-XEUJM,Female,53,46,71280.0,Affluent,0,0,0,0.174,Two year,DSL,79.2
0125-LZQXK,Male,36,15,91215.0,HNI,1,0,1,0.9369,Month-to-month,Fiber optic,101.35
5461-QKNTN,Male,68,43,84870.0,HNI,1,0,0,0.4513,Month-to-month,Fiber optic,94.3
4835-YSJMR,Male,49,39,44820.0,Mass,0,1,0,0.1561,Two year,DSL,49.8
8399-YNDCH,Male,68,21,54045.0,Affluent,1,1,1,0.8683,Month-to-month,DSL,60.05
3164-YAXFY,Male,59,57,48375.0,Affluent,1,0,0,0.3617,Month-to-month,DSL,53.75
0887-WBJVH,Female,57,53,84105.0,HNI,0,0,0,0.1728,One year,Fiber optic,93.45
4660-IRIBM,Male,37,18,79110.0,HNI,1,0,0,0.5117,Month-to-month,Fiber optic,87.9
5673-FSSMF,Female,28,1,54135.0,Affluent,1,0,1,0.9232,Month-to-month,DSL,60.15
7670-ZBPOQ,Female,59,58,54945.0,Affluent,0,1,0,0.1182,One year,DSL,61.05
8089-UZWLX,Female,68,71,93645.0,HNI,0,1,0,0.1369,Two year,Fiber optic,104.05
0080-OROZO,Female,47,35,89325.0,HNI,0,0,0,0.2295,One year,Fiber optic,99.25
3916-NRPAP,Male,29,3,77130.0,HNI,1,1,0,0.55,Month-to-month,Fiber optic,85.7
6807-SIWJI,Male,48,38,94365.0,HNI,0,0,0,0.2283,One year,Fiber optic,104.85
8221-HVAYI,Male,47,35,62235.0,Affluent,0,1,0,0.1915,Two year,DSL,69.15
1579-KLYDT,Male,31,7,81405.0,HNI,1,0,1,0.9451,Month-to-month,Fiber optic,90.45
5232-NXPAY,Female,53,47,67005.0,Affluent,0,0,0,0.1653,Two year,DSL,74.45
8967-SZQAS,Female,35,14,45405.0,Affluent,1,0,0,0.4754,Month-to-month,DSL,50.45
4468-KAZHE,Female,68,20,54000.0,Affluent,1,0,0,0.471,Month-to-month,DSL,60.0
0455-ENTCR,Male,64,66,76725.0,HNI,0,0,0,0.1269,Two year,DSL,85.25
8944-AILEF,Male,36,15,17505.0,Mass,1,1,0,0.4335,Month-to-month,No,19.45
5542-NKVRU,Female,51,42,18675.0,Mass,0,1,0,0.1111,Two year,No,20.75
7126-RBHSD,Female,37,17,71010.0,Affluent,1,0,0,0.5031,Month-to-month,Fiber optic,78.9
5370-IIVVL,Male,48,37,94050.0,HNI,0,1,0,0.2306,One year,Fiber optic,104.5
6789-HJBWG,Female,34,12,44460.0,Mass,1,0,0,0.4795,Month-to-month,DSL,49.4
3927-NLNRY,Male,57,53,84825.0,HNI,0,1,1,0.5738,One year,Fiber optic,94.25
9087-EYCPR,Female,61,60,22500.0,Mass,0,0,0,0.0672,Two year,No,25.0
6791-YBNAK,Male,37,18,22995.0,Mass,1,1,0,0.433,Month-to-month,DSL,25.55
6358-LYNGM,Male,28,1,67410.0,Affluent,1,0,1,0.9419,Month-to-month,Fiber optic,74.9
6077-BDPXA,Female,29,3,63135.0,Affluent,1,0,0,0.5304,Month-to-month,Fiber optic,70.15
0013-MHZWF,Female,32,9,62460.0,Affluent,1,1,0,0.513,Month-to-month,DSL,69.4
5494-HECPR,Female,28,1,72225.0,HNI,1,0,1,0.9486,Month-to-month,Fiber optic,80.25
8268-YDIXR,Male,58,56,83835.0,HNI,0,0,0,0.1642,One year,Fiber optic,93.15
9824-BEMCV,Male,37,17,62100.0,Affluent,1,0,1,0.8906,Month-to-month,Fiber optic,69.0
1373-ORVIZ,Female,34,11,59715.0,Affluent,1,0,1,0.9037,Month-to-month,DSL,66.35
4291-SHSBH,Male,31,7,62595.0,Affluent,1,0,0,0.5187,Month-to-month,Fiber optic,69.55
6980-IMXXE,Female,65,69,18180.0,Mass,0,1,0,0.0365,Two year,No,20.2
9866-QEVEE,Male,38,19,77400.0,HNI,1,1,1,0.9066,Month-to-month,Fiber optic,86.0
9897-KXHCM,Female,29,3,72270.0,HNI,1,0,1,0.9432,Month-to-month,Fiber optic,80.3
0040-HALCW,Male,57,54,18360.0,Mass,0,1,0,0.0778,Two year,No,20.4
0784-GTUUK,Male,62,62,21375.0,Mass,0,1,0,0.0601,One year,No,23.75
7979-CORPM,Male,41,24,81495.0,HNI,1,1,1,0.8986,Month-to-month,Fiber optic,90.55
2294-DMMUS,Female,62,62,63405.0,Affluent,1,1,0,0.3691,Month-to-month,DSL,70.45
0872-JCPIB,Male,37,17,59175.0,Affluent,1,1,0,0.4865,Month-to-month,DSL,65.75
3055-MJDSB,Male,32,9,22140.0,Mass,1,0,0,0.4564,Month-to-month,DSL,24.6
9091-WTUUY,Male,63,64,62325.0,Affluent,0,0,0,0.1121,Two year,DSL,69.25
1618-CFHME,Female,29,2,68310.0,Affluent,1,0,1,0.9404,Month-to-month,Fiber optic,75.9
3165-HDOEW,Male,28,1,41265.0,Mass,1,0,1,0.9052,Month-to-month,DSL,45.85
6581-NQCBA,Female,36,16,44955.0,Mass,1,0,1,0.8693,Month-to-month,DSL,49.95
7115-IRDHS,Female,65,72,22185.0,Mass,0,1,0,0.0339,Two year,No,24.65
8496-DMZUK,Male,44,30,81360.0,HNI,0,1,0,0.232,One year,Fiber optic,90.4
2040-VZIKE,Female,54,49,90765.0,HNI,1,0,0,0.4431,Month-to-month,Fiber optic,100.85
9068-VPWQQ,Male,61,61,67815.0,Affluent,0,1,0,0.1281,Two year,DSL,75.35
0178-SZBHO,Male,53,47,78480.0,HNI,1,0,0,0.4314,Month-to-month,Fiber optic,87.2
0384-RVBPI,Male,39,20,57960.0,Affluent,1,1,0,0.4766,Month-to-month,DSL,64.4
1689-MRZQR,Male,46,34,70470.0,Affluent,1,0,1,0.8558,Month-to-month,Fiber optic,78.3
1299-AURJA,Female,65,70,22230.0,Mass,0,1,0,0.0394,Two year,No,24.7
4525-VZCZG,Male,57,54,95265.0,HNI,0,0,0,0.1858,One year,Fiber optic,105.85
1543-LLLFT,Male,68,61,88470.0,HNI,0,0,0,0.157,One year,Fiber optic,98.3
5835-BEQEU,Male,29,3,69255.0,Affluent,1,0,1,0.939,Month-to-month,Fiber optic,76.95
2788-CJQAQ,Male,35,13,17505.0,Mass,0,0,0,0.189,One year,No,19.45
5565-FILXA,Female,68,16,86535.0,HNI,1,0,1,0.9276,Month-to-month,Fiber optic,96.15
0319-QZTCO,Female,29,3,52830.0,Affluent,1,1,0,0.5159,Month-to-month,DSL,58.7
2120-SMPEX,Male,41,25,18135.0,Mass,1,0,0,0.407,Month-to-month,No,20.15
0096-FCPUF,Male,44,30,58050.0,Affluent,1,0,0,0.4493,Month-to-month,DSL,64.5
0668-OGMHD,Female,39,21,25650.0,Mass,1,0,0,0.4285,Month-to-month,DSL,28.5
5552-ZNFSJ,Male,28,1,40770.0,Mass,1,0,1,0.9045,Month-to-month,DSL,45.3
2223-KAGMX,Female,36,15,17460.0,Mass,1,1,1,0.8334,Month-to-month,No,19.4
6507-ZJSUR,Male,68,23,81405.0,HNI,1,0,0,0.5012,Month-to-month,Fiber optic,90.45
9408-HRXRK,Female,52,45,94635.0,HNI,1,0,0,0.4595,Month-to-month,Fiber optic,105.15
5593-SUAOO,Female,41,24,74835.0,HNI,0,1,0,0.2393,One year,Fiber optic,83.15
7321-PKUYW,Female,34,11,81135.0,HNI,1,0,1,0.9337,Month-to-month,Fiber optic,90.15
2833-SLKDQ,Male,28,1,40545.0,Mass,1,0,1,0.9042,Month-to-month,DSL,45.05
6766-HFKLA,Female,58,56,92880.0,HNI,0,1,0,0.1769,Two year,Fiber optic,103.2
7595-EUIVN,Female,28,1,68220.0,Affluent,1,0,1,0.943,Month-to-month,Fiber optic,75.8
7617-EYGLW,Male,28,1,17505.0,Mass,1,0,0,0.4718,Month-to-month,No,19.45
2026-TGDHM,Female,31,7,71370.0,Affluent,1,0,1,0.931,Month-to-month,Fiber optic,79.3
9220-ZNKJI,Female,68,55,79920.0,HNI,0,1,0,0.1615,Two year,Fiber optic,88.8
4030-VPZBD,Female,29,2,27810.0,Mass,1,0,1,0.8836,Month-to-month,DSL,30.9
2226-ICFDO,Female,65,72,77310.0,HNI,0,1,0,0.1112,Two year,DSL,85.9
0723-VSOBE,Female,68,45,30780.0,Mass,0,0,0,0.1199,One year,DSL,34.2
5529-GIBVH,Female,53,47,18135.0,Mass,0,0,0,0.0967,Two year,No,20.15
4187-CINZD,Female,68,46,85725.0,HNI,0,1,1,0.5943,One year,Fiber optic,95.25
9992-UJOEL,Male,29,2,45270.0,Affluent,1,0,0,0.5081,Month-to-month,DSL,50.3
4741-WWJQZ,Female,29,2,72135.0,HNI,1,0,0,0.5458,Month-to-month,Fiber optic,80.15
6625-UTXEW,Female,34,12,46125.0,Affluent,1,0,0,0.4819,Month-to-month,DSL,51.25
6818-WOBHJ,Female,68,68,80640.0,HNI,1,1,1,0.7769,Month-to-month,Fiber optic,89.6
6244-BESBM,Male,65,69,85680.0,HNI,0,1,0,0.1312,Two year,Fiber optic,95.2
1004-NOZNR,Male,68,56,85320.0,HNI,0,1,0,0.1663,One year,Fiber optic,94.8
1251-STYSZ,Female,68,4,72225.0,HNI,1,0,0,0.5404,Month-to-month,Fiber optic,80.25
2612-PHGOX,Male,63,64,68490.0,Affluent,0,1,0,0.1208,Two year,DSL,76.1
2408-TZMJL,Male,60,59,99135.0,HNI,0,0,1,0.5775,One year,Fiber optic,110.15
8480-PPONV,Male,62,62,103995.0,HNI,0,1,0,0.1761,Two year,Fiber optic,115.55
8780-IHCRN,Male,62,63,22185.0,Mass,0,1,0,0.0585,Two year,No,24.65
4598-ZADCK,Female,57,53,48240.0,Affluent,0,0,0,0.1225,One year,DSL,53.6
1257-SXUXQ,Male,30,5,17505.0,Mass,1,0,0,0.4609,Month-to-month,No,19.45
9681-KYGYB,Male,68,49,79380.0,HNI,1,0,0,0.4272,Month-to-month,Fiber optic,88.2
7182-OVLBJ,Female,62,62,91035.0,HNI,0,1,0,0.1579,Two year,Fiber optic,101.15
5095-ETBRJ,Female,58,55,51120.0,Affluent,0,0,0,0.1211,Two year,DSL,56.8
7005-CYUIL,Female,68,71,89460.0,HNI,0,0,0,0.131,Two year,Fiber optic,99.4
4821-WQOYN,Female,65,72,18090.0,Mass,0,1,0,0.0281,Two year,No,20.1
4730-AWNAU,Male,47,36,54630.0,Affluent,0,1,0,0.178,One year,DSL,60.7
3452-FLHYD,Male,41,25,18855.0,Mass,0,1,0,0.158,One year,No,20.95
2388-LAESQ,Female,68,72,103365.0,HNI,0,1,0,0.1478,Two year,Fiber optic,114.85
9531-NSBMR,Female,47,36,17325.0,Mass,0,1,0,0.1257,One year,No,19.25
6260-ONULR,Male,28,1,56520.0,Affluent,1,0,0,0.5266,Month-to-month,DSL,62.8
4389-UEFCZ,Female,65,72,94950.0,HNI,0,0,0,0.136,Two year,Fiber optic,105.5
8711-LOBKY,Male,60,59,17865.0,Mass,0,0,0,0.0634,Two year,No,19.85
9134-CEQMF,Male,68,7,80550.0,HNI,1,0,1,0.9439,Month-to-month,Fiber optic,89.5
8985-OOPOS,Female,28,1,66690.0,Affluent,0,1,0,0.2909,One year,DSL,74.1
8800-ZKRFW,Female,44,30,96750.0,HNI,1,0,0,0.5036,Month-to-month,Fiber optic,107.5
2616-FLVQC,Male,63,64,17595.0,Mass,0,0,0,0.0494,Two year,No,19.55
9968-FFVVH,Male,62,63,61920.0,Affluent,0,1,0,0.1143,One year,DSL,68.8
3108-PCCGG,Male,68,72,76005.0,HNI,0,1,0,0.1094,Two year,DSL,84.45
7993-PYKOF,Male,32,8,67500.0,Affluent,1,0,1,0.9228,Month-to-month,Fiber optic,75.0
8390-FESFV,Female,62,62,76050.0,HNI,0,1,0,0.1369,Two year,DSL,84.5
3022-BEXHZ,Male,64,67,100080.0,HNI,0,1,0,0.1569,Two year,Fiber optic,111.2
5027-XWQHA,Male,31,6,40275.0,Mass,1,0,1,0.8901,Month-to-month,DSL,44.75
6248-TKCQV,Female,65,70,72540.0,HNI,0,1,0,0.11,Two year,DSL,80.6
6729-GDNGC,Female,68,20,72630.0,HNI,1,1,0,0.4971,Month-to-month,Fiber optic,80.7
6198-ZFIOJ,Female,30,5,68040.0,Affluent,1,0,0,0.5318,Month-to-month,Fiber optic,75.6
5989-OMNJE,Female,41,24,51840.0,Affluent,0,0,0,0.207,One year,DSL,57.6
4566-QVRRW,Female,34,11,39645.0,Mass,1,0,1,0.8755,Month-to-month,DSL,44.05
1291-CUOCY,Male,65,72,99540.0,HNI,0,1,0,0.1424,Two year,Fiber optic,110.6
9795-SHUHB,Female,64,66,52380.0,Affluent,0,1,0,0.0927,Two year,DSL,58.2
3230-IUALN,Female,52,45,72900.0,HNI,0,0,0,0.179,Two year,DSL,81.0
0042-RLHYP,Female,65,69,17730.0,Mass,0,1,0,0.0358,Two year,No,19.7
8519-IMDHU,Male,68,15,77040.0,HNI,1,1,1,0.917,Month-to-month,Fiber optic,85.6
4945-RVMTE,Female,43,28,53595.0,Affluent,1,1,0,0.4485,Month-to-month,DSL,59.55
0201-OAMXR,Female,65,70,103995.0,HNI,0,1,1,0.5542,One year,Fiber optic,115.55
1866-NXPSP,Female,47,36,67995.0,Affluent,0,0,0,0.1968,One year,DSL,75.55
3372-KWFBM,Male,68,16,77940.0,HNI,1,0,1,0.9156,Month-to-month,Fiber optic,86.6
7831-QGOXH,Female,37,18,76680.0,HNI,1,0,1,0.9083,Month-to-month,Fiber optic,85.2
6393-WRYZE,Female,46,34,87885.0,HNI,1,0,1,0.8802,Month-to-month,Fiber optic,97.65
3941-XTSKM,Male,51,42,40590.0,Mass,0,1,0,0.1419,One year,DSL,45.1
1661-CZBAU,Male,54,48,63855.0,Affluent,0,1,0,0.1581,One year,DSL,70.95
6599-RCLCJ,Male,53,47,98595.0,HNI,1,0,1,0.8596,Month-to-month,Fiber optic,109.55
9831-BPFRI,Female,49,39,80595.0,HNI,0,0,1,0.6063,One year,Fiber optic,89.55
5158-RIVOP,Female,34,11,18810.0,Mass,0,1,0,0.1963,Two year,No,20.9
9788-YTFGE,Male,31,7,17955.0,Mass,1,0,0,0.456,Month-to-month,No,19.95
9277-JOOMO,Female,29,3,22140.0,Mass,1,0,0,0.4729,Month-to-month,No,24.6
1907-YLNYW,Male,32,8,60030.0,Affluent,1,0,0,0.5123,Month-to-month,DSL,66.7
1725-MIMXW,Male,28,1,17505.0,Mass,1,0,1,0.8718,Month-to-month,No,19.45
8947-YRTDV,Male,45,32,85320.0,HNI,0,0,0,0.2321,One year,Fiber optic,94.8
3161-ONRWK,Male,61,60,59265.0,Affluent,0,1,0,0.1188,One year,DSL,65.85
0114-RSRRW,Female,33,10,17955.0,Mass,1,1,0,0.4478,Month-to-month,No,19.95
4565-NLZBV,Female,65,71,22185.0,Mass,0,1,0,0.0366,Two year,No,24.65
0031-PVLZI,Female,30,4,18315.0,Mass,1,0,1,0.8647,Month-to-month,No,20.35
7206-GZCDC,Female,68,1,62325.0,Affluent,1,0,1,0.9347,Month-to-month,Fiber optic,69.25
6682-VCIXC,Female,51,43,46125.0,Affluent,0,1,0,0.1469,One year,DSL,51.25
4791-QRGMF,Male,60,59,89550.0,HNI,0,1,1,0.564,One year,Fiber optic,99.5
6475-VHUIZ,Female,40,23,48825.0,Affluent,1,0,0,0.4555,Month-to-month,DSL,54.25
3910-MRQOY,Female,65,72,17460.0,Mass,0,1,0,0.0272,Two year,No,19.4
0661-WCQNQ,Male,40,22,50625.0,Affluent,0,1,0,0.2108,One year,DSL,56.25
7537-RBWEA,Female,28,1,22635.0,Mass,1,0,0,0.479,Month-to-month,DSL,25.15
4656-CAURT,Male,65,69,21555.0,Mass,0,1,0,0.0412,Two year,No,23.95
0121-SNYRK,Male,55,50,31860.0,Mass,0,0,0,0.1077,One year,DSL,35.4
1768-ZAIFU,Female,68,1,22680.0,Mass,1,0,1,0.8791,Month-to-month,DSL,25.2
4671-LXRDQ,Male,29,2,40500.0,Mass,1,0,1,0.9014,Month-to-month,DSL,45.0
3733-LSYCE,Female,36,15,67815.0,Affluent,1,1,0,0.5041,Month-to-month,Fiber optic,75.35
6265-FRMTQ,Male,45,31,18360.0,Mass,0,1,0,0.1408,Two year,No,20.4
1934-SJVJK,Male,28,1,18135.0,Mass,1,0,1,0.8727,Month-to-month,No,20.15
3838-OZURD,Male,64,66,94500.0,HNI,1,1,1,0.8018,Month-to-month,Fiber optic,105.0
1371-DWPAZ,Female,28,0,50445.0,Affluent,0,1,0,0.2708,Two year,DSL,56.05
9269-CQOOL,Male,29,3,49230.0,Affluent,1,1,1,0.9109,Month-to-month,DSL,54.7
2017-CCBLH,Female,32,8,18000.0,Mass,0,0,0,0.2033,Two year,No,20.0
7690-KPNCU,Male,63,64,65745.0,Affluent,0,1,0,0.1169,One year,DSL,73.05
0536-BGFMZ,Female,43,28,18450.0,Mass,1,0,0,0.3992,Month-to-month,No,20.5
2293-IJWPS,Female,59,57,90675.0,HNI,0,1,0,0.1711,One year,Fiber optic,100.75
2845-HSJCY,Female,35,14,78525.0,HNI,1,0,1,0.9219,Month-to-month,Fiber optic,87.25
5469-NUJUR,Male,38,19,17955.0,Mass,0,0,0,0.1731,Two year,No,19.95
1184-PJVDB,Male,33,10,71955.0,Affluent,1,0,1,0.9236,Month-to-month,Fiber optic,79.95
2625-TRCZQ,Female,56,51,44685.0,Mass,1,0,0,0.373,Month-to-month,DSL,49.65
4102-HLENU,Female,64,67,59085.0,Affluent,0,0,0,0.0994,Two year,DSL,65.65
7266-GSSJX,Male,34,11,18405.0,Mass,1,0,0,0.4457,Month-to-month,No,20.45
7722-VJRQD,Male,65,72,54855.0,Affluent,0,1,0,0.0797,Two year,DSL,60.95
7073-QETQY,Male,64,66,18315.0,Mass,0,0,0,0.0449,One year,No,20.35
9415-DPEWS,Female,37,18,79515.0,HNI,1,0,1,0.9123,Month-to-month,Fiber optic,88.35
5624-RYAMH,Female,32,9,17550.0,Mass,1,0,0,0.45,Month-to-month,No,19.5
0196-JTUQI,Female,32,9,67680.0,Affluent,1,1,0,0.5203,Month-to-month,Fiber optic,75.2
7130-YXBRO,Male,54,48,100305.0,HNI,1,1,0,0.4593,Month-to-month,Fiber optic,111.45
9272-LSVYH,Male,33,10,63135.0,Affluent,1,0,0,0.5112,Month-to-month,Fiber optic,70.15
7943-RQCHR,Female,32,9,85275.0,HNI,1,0,1,0.945,Month-to-month,Fiber optic,94.75
3793-MMFUH,Female,68,13,85545.0,HNI,1,0,1,0.9344,Month-to-month,Fiber optic,95.05
3249-ZPQRG,Male,30,4,70605.0,Affluent,1,0,1,0.9381,Month-to-month,Fiber optic,78.45
2568-BRGYX,Male,30,4,63180.0,Affluent,1,0,1,0.9277,Month-to-month,Fiber optic,70.2
3084-DOWLE,Female,65,72,82800.0,HNI,0,1,0,0.119,Two year,DSL,92.0
1084-MNSMJ,Female,56,51,76950.0,HNI,0,1,0,0.1683,Two year,DSL,85.5
7721-JXEAW,Male,60,59,36945.0,Mass,1,1,1,0.7402,Month-to-month,DSL,41.05
7249-WBIYX,Male,33,10,77040.0,HNI,1,0,1,0.9307,Month-to-month,Fiber optic,85.6
4238-HFHSN,Male,68,61,73935.0,HNI,1,0,0,0.3866,Month-to-month,Fiber optic,82.15
6250-CGGUN,Male,57,54,75960.0,HNI,0,0,0,0.1587,One year,Fiber optic,84.4
5478-JJVZK,Female,46,33,54810.0,Affluent,1,0,0,0.4365,Month-to-month,DSL,60.9
7596-IIWYC,Female,42,27,18225.0,Mass,0,1,0,0.1516,Two year,No,20.25
6567-HOOPW,Female,68,1,71280.0,Affluent,1,0,1,0.9473,Month-to-month,Fiber optic,79.2
9793-WECQC,Male,40,23,85770.0,HNI,1,0,0,0.5074,Month-to-month,Fiber optic,95.3
4291-HPAXL,Male,28,1,17865.0,Mass,1,0,0,0.4723,Month-to-month,No,19.85
8999-YPYBV,Male,52,45,75915.0,HNI,0,0,0,0.1833,Two year,DSL,84.35
1839-FBNFR,Female,49,39,17865.0,Mass,0,1,0,0.1182,Two year,No,19.85
3164-AALRN,Male,30,5,63000.0,Affluent,0,0,1,0.6747,One year,DSL,70.0
3071-MVJCD,Male,65,72,74070.0,HNI,0,1,0,0.1067,Two year,DSL,82.3
1697-BCSHV,Female,59,58,60120.0,Affluent,1,1,0,0.3755,Month-to-month,DSL,66.8
0562-KBDVM,Female,65,70,40140.0,Mass,0,1,0,0.0646,Two year,DSL,44.6
1131-SUEKT,Male,61,61,88605.0,HNI,0,1,0,0.1572,One year,Fiber optic,98.45
3717-OEAUQ,Male,29,2,63630.0,Affluent,1,0,0,0.5338,Month-to-month,Fiber optic,70.7
4538-WNTMJ,Female,53,46,22455.0,Mass,0,0,0,0.1055,One year,No,24.95
3334-CTHOL,Female,28,1,44955.0,Mass,1,1,1,0.9104,Month-to-month,DSL,49.95
4704-ERYFC,Female,40,22,62325.0,Affluent,1,0,1,0.8772,Month-to-month,Fiber optic,69.25
9432-RUVSL,Female,54,48,92250.0,HNI,0,1,0,0.198,Two year,Fiber optic,102.5
8060-HIWJJ,Male,63,64,77895.0,HNI,0,1,0,0.134,Two year,DSL,86.55
7684-XSZIY,Male,65,72,21870.0,Mass,0,1,0,0.0334,Two year,No,24.3
9089-UOWJG,Female,34,12,52515.0,Affluent,1,1,0,0.4908,Month-to-month,DSL,58.35
8621-MNIHH,Female,68,34,84825.0,HNI,1,0,1,0.8759,Month-to-month,Fiber optic,94.25
8039-ACLPL,Female,65,72,61875.0,Affluent,0,1,0,0.0896,Two year,DSL,68.75
9885-AIBVB,Male,43,29,77220.0,HNI,1,0,0,0.4789,Month-to-month,Fiber optic,85.8
1934-MKPXS,Male,46,33,18090.0,Mass,0,1,0,0.135,One year,No,20.1
2592-YKDIF,Female,28,1,18315.0,Mass,1,0,0,0.473,Month-to-month,No,20.35
2272-JKMSI,Female,62,62,99720.0,HNI,0,0,0,0.1701,One year,Fiber optic,110.8
0471-LVHGK,Male,50,41,65700.0,Affluent,0,0,1,0.5799,One year,DSL,73.0
9518-RWHZL,Female,63,64,90045.0,HNI,0,1,1,0.551,One year,Fiber optic,100.05
8714-CTZJW,Female,30,4,74565.0,HNI,1,1,0,0.5437,Month-to-month,Fiber optic,82.85
3569-EDBPQ,Female,41,24,75915.0,HNI,1,0,0,0.4908,Month-to-month,Fiber optic,84.35
3131-NWVFJ,Female,35,14,17595.0,Mass,0,0,0,0.1863,One year,No,19.55
7521-YXVZY,Male,29,3,17955.0,Mass,1,0,0,0.467,Month-to-month,No,19.95
5419-CONWX,Female,68,4,89820.0,HNI,1,1,1,0.9651,Month-to-month,Fiber optic,99.8
6240-EURKS,Female,37,18,31500.0,Mass,1,0,1,0.8449,Month-to-month,DSL,35.0
2373-NTKOD,Male,32,8,59625.0,Affluent,1,0,0,0.5118,Month-to-month,DSL,66.25
1970-KKFWL,Female,47,35,20970.0,Mass,0,1,0,0.1335,Two year,No,23.3
6960-HVYXR,Female,28,1,68400.0,Affluent,1,0,1,0.9433,Month-to-month,Fiber optic,76.0
9337-SRRNI,Male,64,66,22770.0,Mass,0,1,0,0.0511,Two year,No,25.3
0895-UADGO,Male,32,8,40095.0,Mass,0,0,0,0.2344,Two year,DSL,44.55
5678-VFNEQ,Female,65,71,93690.0,HNI,0,1,0,0.137,One year,Fiber optic,104.1
5977-CKHON,Female,51,43,83295.0,HNI,1,1,0,0.4491,Month-to-month,Fiber optic,92.55
7024-OHCCK,Female,68,2,84465.0,HNI,1,0,1,0.9631,Month-to-month,Fiber optic,93.85
2692-BUCFV,Male,68,29,91305.0,HNI,1,1,0,0.4987,Month-to-month,Fiber optic,101.45
7861-UVUFT,Female,36,15,75870.0,HNI,1,0,1,0.9154,Month-to-month,Fiber optic,84.3
1830-GGFNM,Male,63,65,85095.0,HNI,0,1,0,0.1413,Two year,Fiber optic,94.55
5302-BDJNT,Male,47,35,85950.0,HNI,1,0,0,0.4747,Month-to-month,Fiber optic,95.5
5223-UZAVK,Male,63,64,90270.0,HNI,0,1,0,0.1514,One year,Fiber optic,100.3
4859-ZSRDZ,Female,59,58,49950.0,Affluent,0,1,0,0.1112,Two year,DSL,55.5
5651-WYIPH,Female,68,18,44865.0,Mass,1,1,0,0.4637,Month-to-month,DSL,49.85
9350-VLHMB,Male,64,67,80595.0,HNI,1,1,0,0.3796,Month-to-month,Fiber optic,89.55
3498-LZGQZ,Male,62,63,17235.0,Mass,0,0,0,0.0516,Two year,No,19.15
8785-CJSHH,Female,61,60,89820.0,HNI,1,0,0,0.4117,Month-to-month,Fiber optic,99.8
5357-TZHPP,Male,68,9,75960.0,HNI,1,1,1,0.932,Month-to-month,Fiber optic,84.4
3870-SPZSI,Female,65,70,101745.0,HNI,0,1,0,0.151,Two year,Fiber optic,113.05
0680-DFNNY,Male,36,15,90990.0,HNI,1,0,1,0.9366,Month-to-month,Fiber optic,101.1
7560-QRBXH,Female,54,48,17955.0,Mass,0,0,0,0.0937,One year,No,19.95
7077-XJMET,Male,34,12,66735.0,Affluent,1,0,0,0.5108,Month-to-month,DSL,74.15
8752-GHJFU,Male,68,71,82800.0,HNI,0,0,0,0.1217,One year,Fiber optic,92.0
6896-SRVYQ,Male,68,44,66465.0,Affluent,1,0,0,0.4227,Month-to-month,Fiber optic,73.85
7767-UXAGJ,Male,28,1,45405.0,Affluent,1,0,1,0.911,Month-to-month,DSL,50.45
4652-ODEVH,Male,52,45,22005.0,Mass,0,0,0,0.1076,Two year,No,24.45
6510-UPNKS,Female,40,23,22320.0,Mass,0,1,0,0.1683,One year,No,24.8
6718-BDGHG,Female,51,43,58365.0,Affluent,0,1,0,0.1641,One year,DSL,64.85
9046-DQMTP,Male,47,35,18675.0,Mass,1,1,0,0.3803,Month-to-month,No,20.75
6439-LAJXL,Male,32,9,62055.0,Affluent,1,0,0,0.5124,Month-to-month,DSL,68.95
1571-SAVHK,Male,34,12,89955.0,HNI,1,0,1,0.9434,Month-to-month,Fiber optic,99.95
9052-VKDUW,Female,68,65,98460.0,HNI,1,1,0,0.4101,Month-to-month,Fiber optic,109.4
9546-CQJSU,Female,29,2,82260.0,HNI,1,0,1,0.96,Month-to-month,Fiber optic,91.4
1666-JZPZT,Male,42,27,44100.0,Mass,1,0,0,0.4379,Month-to-month,DSL,49.0
5777-KJIRB,Female,50,40,45225.0,Affluent,0,0,0,0.1539,One year,DSL,50.25
0506-LVNGN,Female,68,5,67995.0,Affluent,1,1,1,0.9317,Month-to-month,Fiber optic,75.55
7677-SJJJK,Male,32,8,17910.0,Mass,0,1,0,0.2032,One year,No,19.9
2480-EJWYP,Female,68,58,88020.0,HNI,0,1,0,0.1646,One year,Fiber optic,97.8
3253-HKOKL,Female,56,52,90270.0,HNI,0,0,0,0.1842,One year,Fiber optic,100.3
7055-HNEOJ,Male,29,3,50220.0,Affluent,1,0,0,0.5123,Month-to-month,DSL,55.8
5514-YQENT,Male,50,41,100035.0,HNI,0,0,0,0.2281,Two year,Fiber optic,111.15
3211-AAPKX,Male,39,20,88695.0,HNI,1,0,0,0.5197,Month-to-month,Fiber optic,98.55
8445-DNBAE,Male,28,1,45045.0,Affluent,1,0,0,0.5105,Month-to-month,DSL,50.05
2951-QOQTK,Male,30,4,72720.0,HNI,1,1,1,0.9411,Month-to-month,Fiber optic,80.8
2958-NHPPS,Male,40,23,18765.0,Mass,1,0,0,0.4133,Month-to-month,No,20.85
6806-YDEUL,Female,68,6,17550.0,Mass,1,1,0,0.4582,Month-to-month,No,19.5
1735-XMJVH,Male,32,8,17415.0,Mass,1,0,0,0.4525,Month-to-month,No,19.35
6890-PFRQX,Male,37,18,62550.0,Affluent,1,0,0,0.4885,Month-to-month,DSL,69.5
0222-CNVPT,Male,68,52,43920.0,Mass,1,1,0,0.3692,Month-to-month,DSL,48.8
5899-OUVKV,Male,45,31,85050.0,HNI,1,0,0,0.4844,Month-to-month,Fiber optic,94.5
8681-ICONS,Male,43,29,18585.0,Mass,1,0,0,0.3966,Month-to-month,No,20.65
1621-YNCJH,Female,47,36,95445.0,HNI,0,1,0,0.2353,Two year,Fiber optic,106.05
3473-XIIIT,Female,36,16,90000.0,HNI,1,0,1,0.9325,Month-to-month,Fiber optic,100.0
6362-QHAFM,Male,51,42,97470.0,HNI,0,0,0,0.2217,One year,Fiber optic,108.3
7893-IXHRQ,Male,28,1,18495.0,Mass,1,0,1,0.8732,Month-to-month,No,20.55
3070-BDOQC,Female,61,60,89685.0,HNI,0,0,0,0.1615,Two year,Fiber optic,99.65
2952-QAYZF,Male,30,5,76770.0,HNI,1,0,1,0.944,Month-to-month,Fiber optic,85.3
6234-PFPXL,Male,40,22,86310.0,HNI,1,1,0,0.5109,Month-to-month,Fiber optic,95.9
9824-QCJPK,Male,47,36,18000.0,Mass,0,0,0,0.1266,One year,No,20.0
4763-PGDPO,Female,30,4,63360.0,Affluent,1,0,1,0.928,Month-to-month,Fiber optic,70.4
4283-IVYCI,Male,32,9,58455.0,Affluent,1,0,0,0.5074,Month-to-month,DSL,64.95
1866-OBPNR,Male,28,1,67140.0,Affluent,1,1,0,0.5415,Month-to-month,Fiber optic,74.6
8205-MQUGY,Male,34,12,44280.0,Mass,1,0,0,0.4793,Month-to-month,DSL,49.2
8970-ANWXO,Female,40,23,66375.0,Affluent,0,0,0,0.2301,One year,DSL,73.75
9480-BQJEI,Male,62,62,83070.0,HNI,0,1,0,0.1467,One year,Fiber optic,92.3
5394-SVGJV,Male,48,37,88920.0,HNI,1,1,1,0.8734,Month-to-month,Fiber optic,98.8
6979-TNDEU,Female,32,8,17280.0,Mass,1,0,0,0.4523,Month-to-month,No,19.2
9777-WJJPR,Male,45,31,79785.0,HNI,1,1,0,0.477,Month-to-month,Fiber optic,88.65
9283-LZQOH,Male,35,13,66960.0,Affluent,1,1,1,0.9084,Month-to-month,Fiber optic,74.4
7079-QRCBC,Female,41,24,88875.0,HNI,1,0,1,0.909,Month-to-month,Fiber optic,98.75
9495-SKLKD,Male,52,45,86355.0,HNI,1,1,0,0.4479,Month-to-month,Fiber optic,95.95
6048-UWKAL,Female,68,69,94860.0,HNI,0,1,0,0.1441,Two year,Fiber optic,105.4
5067-DGXLL,Male,29,2,18225.0,Mass,1,0,0,0.4701,Month-to-month,No,20.25
5469-CTCWN,Male,61,61,95400.0,HNI,0,0,1,0.5668,One year,Fiber optic,106.0
9851-QXEEQ,Male,50,41,94230.0,HNI,1,0,1,0.8699,Month-to-month,Fiber optic,104.7
6281-FKEWS,Female,52,44,44145.0,Mass,0,0,0,0.1414,One year,DSL,49.05
8898-KASCD,Male,49,39,31995.0,Mass,0,0,0,0.1381,One year,DSL,35.55
9242-TKFSV,Male,65,72,58590.0,Affluent,0,1,0,0.085,Two year,DSL,65.1
9290-SHCMB,Female,68,13,87165.0,HNI,1,0,0,0.5367,Month-to-month,Fiber optic,96.85
0743-HNPFG,Female,56,51,62775.0,Affluent,0,1,0,0.1484,One year,DSL,69.75
2277-BKJKN,Female,68,71,89280.0,HNI,0,0,0,0.1308,Two year,Fiber optic,99.2
9809-IMGCQ,Male,68,22,87030.0,HNI,1,0,1,0.9119,Month-to-month,Fiber optic,96.7
5208-HFSBT,Female,29,2,49545.0,Affluent,1,1,1,0.9141,Month-to-month,DSL,55.05
5035-PGZXH,Female,58,56,96120.0,HNI,0,0,0,0.1815,One year,Fiber optic,106.8
8695-WDYEA,Male,28,1,46125.0,Affluent,1,0,0,0.512,Month-to-month,DSL,51.25
6543-JXSOO,Female,40,23,51975.0,Affluent,0,0,0,0.2099,One year,DSL,57.75
8016-ZMGMO,Female,68,66,63765.0,Affluent,0,1,0,0.1087,One year,DSL,70.85
8605-ITULD,Female,28,1,17595.0,Mass,1,0,0,0.472,Month-to-month,No,19.55
3254-YRILK,Male,68,19,79380.0,HNI,1,0,1,0.9094,Month-to-month,Fiber optic,88.2
6416-YJTTB,Male,34,11,71550.0,Affluent,1,1,0,0.5203,Month-to-month,Fiber optic,79.5
2667-WYLWJ,Female,32,8,17775.0,Mass,0,0,1,0.603,One year,No,19.75
4472-VESGY,Female,56,52,88335.0,HNI,1,1,0,0.4315,Month-to-month,Fiber optic,98.15
3195-TQDZX,Male,29,3,18225.0,Mass,1,0,0,0.4674,Month-to-month,No,20.25
3128-YOVTD,Female,56,51,71235.0,Affluent,1,1,0,0.4103,Month-to-month,Fiber optic,79.15
0529-ONKER,Male,68,15,68085.0,Affluent,1,0,1,0.9045,Month-to-month,Fiber optic,75.65
1728-CXQBE,Male,68,64,84825.0,HNI,1,0,0,0.3937,Month-to-month,Fiber optic,94.25
7041-TXQJH,Female,48,37,36180.0,Mass,1,1,0,0.3994,Month-to-month,DSL,40.2
5014-GSOUQ,Male,35,13,17955.0,Mass,0,0,0,0.1896,Two year,No,19.95
5724-BIDBU,Male,54,49,49815.0,Affluent,0,0,0,0.1357,One year,DSL,55.35
0481-SUMCB,Female,68,45,91935.0,HNI,0,1,0,0.2057,One year,Fiber optic,102.15
1769-GRUIK,Female,37,18,63990.0,Affluent,1,0,0,0.4905,Month-to-month,Fiber optic,71.1
5240-IJOQT,Male,68,1,67230.0,Affluent,1,0,1,0.9416,Month-to-month,Fiber optic,74.7
8819-WFGGJ,Male,65,68,48690.0,Affluent,0,1,0,0.082,Two year,DSL,54.1
7427-AUFPY,Male,57,54,17685.0,Mass,0,1,0,0.0769,Two year,No,19.65
2811-POVEX,Female,68,23,79605.0,HNI,1,1,0,0.4987,Month-to-month,Fiber optic,88.45
1092-GANHU,Male,37,17,68985.0,Affluent,1,0,1,0.9002,Month-to-month,Fiber optic,76.65
7898-PDWQE,Male,65,71,72360.0,HNI,0,1,0,0.107,Two year,DSL,80.4
9972-EWRJS,Female,64,67,17325.0,Mass,0,1,0,0.0408,Two year,No,19.25
9314-IJWSQ,Female,35,14,76320.0,HNI,1,0,0,0.5188,Month-to-month,Fiber optic,84.8
0661-XEYAN,Female,68,1,23220.0,Mass,1,0,1,0.8798,Month-to-month,DSL,25.8
5799-JRCZO,Female,62,63,17550.0,Mass,0,1,0,0.052,Two year,No,19.5
1921-KYSAY,Female,50,41,61740.0,Affluent,0,0,0,0.1743,One year,DSL,68.6
6198-RTPMF,Female,37,17,83340.0,HNI,1,0,0,0.5204,Month-to-month,Fiber optic,92.6
2924-KHUVI,Male,58,56,90495.0,HNI,0,0,0,0.1736,One year,Fiber optic,100.55
1925-GMVBW,Female,30,5,18495.0,Mass,1,1,0,0.4623,Month-to-month,No,20.55
7881-EVUAD,Female,29,2,38340.0,Mass,1,0,1,0.8983,Month-to-month,DSL,42.6
6184-DYUOB,Female,29,3,17640.0,Mass,1,0,0,0.4665,Month-to-month,No,19.6
9207-ZPANB,Male,48,37,60705.0,Affluent,0,0,0,0.1838,One year,DSL,67.45
5766-XQXMQ,Female,43,29,61965.0,Affluent,1,1,1,0.8575,Month-to-month,DSL,68.85
9327-QSDED,Male,32,8,39195.0,Mass,1,0,0,0.4831,Month-to-month,DSL,43.55
1656-DRSMG,Female,62,63,98865.0,HNI,1,1,0,0.4162,Month-to-month,Fiber optic,109.85
3012-VFFMN,Female,31,7,18585.0,Mass,1,0,0,0.4569,Month-to-month,No,20.65
2984-AFWNC,Female,29,3,85860.0,HNI,1,0,0,0.5623,Month-to-month,Fiber optic,95.4
0640-YJTPY,Male,65,72,18900.0,Mass,0,1,0,0.0293,Two year,No,21.0
8096-LOIST,Female,38,19,50580.0,Affluent,1,0,0,0.4689,Month-to-month,DSL,56.2
9764-REAFF,Female,60,59,16560.0,Mass,0,1,0,0.0616,Two year,No,18.4
3703-VAVCL,Male,29,2,81000.0,HNI,1,1,1,0.9582,Month-to-month,Fiber optic,90.0
7107-UBYKY,Female,47,35,23175.0,Mass,1,0,0,0.3866,Month-to-month,No,25.75
4881-GQJTW,Male,35,14,17640.0,Mass,1,1,0,0.4364,Month-to-month,No,19.6
8519-QJGJD,Female,35,14,67815.0,Affluent,1,0,1,0.9068,Month-to-month,Fiber optic,75.35
7876-DNYAP,Female,65,69,17820.0,Mass,0,1,0,0.036,Two year,No,19.8
7905-NJMXS,Male,68,7,57780.0,Affluent,1,0,0,0.5119,Month-to-month,DSL,64.2
2882-WDTBA,Male,65,69,68175.0,Affluent,0,1,0,0.1066,Two year,DSL,75.75
2091-GPPIQ,Female,65,72,71055.0,Affluent,0,0,0,0.1025,Two year,DSL,78.95
6326-MTTXK,Male,32,8,90765.0,HNI,1,0,1,0.9555,Month-to-month,Fiber optic,100.85
5071-FBJFS,Female,30,4,45270.0,Affluent,1,0,0,0.5026,Month-to-month,DSL,50.3
2796-UUZZO,Male,62,63,72270.0,HNI,1,1,0,0.3788,Month-to-month,Fiber optic,80.3
2429-AYKKO,Male,65,72,17865.0,Mass,0,1,0,0.0278,Two year,No,19.85
9798-OPFEM,Female,53,46,18990.0,Mass,0,0,0,0.1006,Two year,No,21.1
0330-IVZHA,Female,30,5,62955.0,Affluent,1,0,1,0.9247,Month-to-month,Fiber optic,69.95
3794-NFNCH,Male,44,30,45000.0,Affluent,1,0,0,0.431,Month-to-month,DSL,50.0
5193-QLVZB,Male,62,63,94275.0,HNI,0,1,0,0.1597,Two year,Fiber optic,104.75
7114-AEOZE,Female,61,60,17865.0,Mass,0,1,0,0.0607,Two year,No,19.85
2886-KEFUM,Female,62,63,96750.0,HNI,0,0,1,0.5632,One year,Fiber optic,107.5
5522-NYKPB,Male,41,25,77310.0,HNI,1,0,0,0.49,Month-to-month,Fiber optic,85.9
4237-RLAQD,Male,28,1,41265.0,Mass,1,0,1,0.9052,Month-to-month,DSL,45.85
9957-YODKZ,Male,68,6,72720.0,HNI,1,0,0,0.5356,Month-to-month,Fiber optic,80.8
6518-KZXCB,Male,40,22,22725.0,Mass,0,0,0,0.1716,Two year,No,25.25
2245-ADZFJ,Female,45,31,72495.0,HNI,0,1,0,0.2168,Two year,DSL,80.55
7776-QGYJC,Female,49,39,73350.0,HNI,1,1,0,0.4461,Month-to-month,Fiber optic,81.5
9313-QOLTZ,Male,42,26,18810.0,Mass,1,0,0,0.4052,Month-to-month,No,20.9
9651-GTSAQ,Female,57,53,95490.0,HNI,0,1,1,0.5888,One year,Fiber optic,106.1
3186-BAXNB,Female,28,1,82530.0,HNI,1,0,1,0.9631,Month-to-month,Fiber optic,91.7
4672-FOTSD,Male,34,12,60525.0,Affluent,1,0,0,0.5021,Month-to-month,DSL,67.25
0637-YLETY,Female,36,16,86040.0,HNI,1,1,1,0.9269,Month-to-month,Fiber optic,95.6
9818-XQCUV,Female,29,2,18315.0,Mass,1,0,0,0.4702,Month-to-month,No,20.35
7338-ERIVA,Male,49,39,40545.0,Mass,0,1,0,0.1501,One year,DSL,45.05
1157-BQCUW,Male,28,1,67455.0,Affluent,1,0,1,0.9419,Month-to-month,Fiber optic,74.95
8259-NFJTV,Female,31,7,31185.0,Mass,1,0,0,0.4746,Month-to-month,DSL,34.65
3223-DWFIO,Male,68,4,62415.0,Affluent,1,0,0,0.5266,Month-to-month,Fiber optic,69.35
2660-EMUBI,Male,68,10,85815.0,HNI,1,0,1,0.943,Month-to-month,Fiber optic,95.35
6968-GMKPR,Female,58,55,73395.0,HNI,1,0,0,0.4023,Month-to-month,Fiber optic,81.55
4751-ERMAN,Male,65,72,67860.0,Affluent,0,1,0,0.098,Two year,DSL,75.4
1436-ZMJAN,Female,33,10,61020.0,Affluent,1,1,0,0.5082,Month-to-month,DSL,67.8
3292-PBZEJ,Male,68,11,100260.0,HNI,1,0,0,0.5606,Month-to-month,Fiber optic,111.4
0799-DDIHE,Female,36,15,41670.0,Mass,1,0,0,0.4674,Month-to-month,DSL,46.3
3070-FNFZQ,Female,40,23,18360.0,Mass,0,1,0,0.1628,Two year,No,20.4
2812-SFXMJ,Male,28,1,18045.0,Mass,1,0,0,0.4726,Month-to-month,No,20.05
7675-OZCZG,Female,68,3,40500.0,Mass,1,0,1,0.8986,Month-to-month,DSL,45.0
5014-WUQMG,Male,53,47,86490.0,HNI,0,0,0,0.1926,One year,Fiber optic,96.1
5312-TSZVC,Female,36,15,17685.0,Mass,0,0,0,0.1837,One year,No,19.65
2003-CKLOR,Male,64,66,89550.0,HNI,1,0,1,0.7949,Month-to-month,Fiber optic,99.5
0993-OSGPT,Female,68,68,54585.0,Affluent,0,1,0,0.0903,One year,DSL,60.65
9254-RBFON,Female,37,17,88740.0,HNI,0,1,1,0.678,One year,Fiber optic,98.6
1205-WNWPJ,Female,31,7,53550.0,Affluent,1,0,1,0.906,Month-to-month,DSL,59.5
9391-EOYLI,Male,68,12,72405.0,HNI,1,0,1,0.9187,Month-to-month,Fiber optic,80.45
7108-DGVUU,Female,68,21,64530.0,Affluent,0,1,0,0.233,One year,DSL,71.7
2782-JEEBU,Male,39,21,32400.0,Mass,1,0,0,0.4379,Month-to-month,DSL,36.0
5127-BZENZ,Female,58,56,58680.0,Affluent,0,1,0,0.1289,One year,DSL,65.2
2720-FVBQP,Female,31,6,44055.0,Mass,1,1,0,0.4954,Month-to-month,DSL,48.95
9906-NHHVC,Female,68,65,48150.0,Affluent,0,1,0,0.0895,Two year,DSL,53.5
4522-XRWWI,Male,51,42,72405.0,HNI,0,1,0,0.1866,One year,DSL,80.45
3766-EJLFL,Female,65,68,98145.0,HNI,0,1,0,0.1514,Two year,Fiber optic,109.05
5939-SXWHM,Male,54,48,23670.0,Mass,0,1,0,0.1017,Two year,No,26.3
8152-UOBNY,Female,68,50,96120.0,HNI,0,0,0,0.1979,One year,Fiber optic,106.8
7351-KYHQH,Female,68,7,58455.0,Affluent,1,0,0,0.5129,Month-to-month,DSL,64.95
7643-RCHXS,Female,62,63,17415.0,Mass,0,0,0,0.0518,Two year,No,19.35
8246-SHFGA,Male,37,17,18990.0,Mass,1,1,0,0.4301,Month-to-month,No,21.1
8387-MOJJT,Female,51,42,70155.0,Affluent,1,1,1,0.8334,Month-to-month,Fiber optic,77.95
0620-XEFWH,Male,30,4,16965.0,Mass,1,0,0,0.4629,Month-to-month,No,18.85
6485-QXWWE,Female,62,62,23400.0,Mass,0,1,0,0.063,Two year,No,26.0
2761-OCIAX,Male,68,2,67230.0,Affluent,1,0,1,0.9389,Month-to-month,Fiber optic,74.7
7321-VGNKU,Female,29,2,63315.0,Affluent,1,0,0,0.5334,Month-to-month,Fiber optic,70.35
5327-CNLUQ,Male,54,48,87210.0,HNI,0,1,0,0.1909,Two year,Fiber optic,96.9
7552-KEYGT,Male,42,27,17595.0,Mass,0,1,0,0.1507,Two year,No,19.55
5816-JMLGY,Female,65,70,72360.0,HNI,0,1,0,0.1098,Two year,DSL,80.4
3068-OMWZA,Male,68,1,79920.0,HNI,1,0,1,0.9594,Month-to-month,Fiber optic,88.8
2927-QRRQV,Male,53,46,85185.0,HNI,0,0,0,0.1935,One year,Fiber optic,94.65
6032-KRXXO,Male,44,30,81225.0,HNI,1,0,1,0.8818,Month-to-month,Fiber optic,90.25
7459-RRWQZ,Female,36,15,58185.0,Affluent,1,1,1,0.8906,Month-to-month,DSL,64.65
6265-SXWBU,Male,65,69,86175.0,HNI,0,1,0,0.1319,One year,Fiber optic,95.75
7941-RCJOW,Male,63,65,17595.0,Mass,0,1,0,0.0466,Two year,No,19.55
6374-NTQLP,Male,68,72,93690.0,HNI,0,1,0,0.1342,Two year,Fiber optic,104.1
4154-AQUGT,Male,68,13,80145.0,HNI,1,1,1,0.9269,Month-to-month,Fiber optic,89.05
2387-KDZQY,Male,37,17,18090.0,Mass,0,0,0,0.1788,One year,No,20.1
3584-WKTTW,Male,56,51,100395.0,HNI,0,0,0,0.2012,One year,Fiber optic,111.55
3399-BMLVW,Male,56,51,54450.0,Affluent,0,1,0,0.1367,Two year,DSL,60.5
1971-DTCZB,Female,65,72,81855.0,HNI,0,1,0,0.1176,Two year,DSL,90.95
3092-IGHWF,Male,64,67,78660.0,HNI,0,0,1,0.5268,One year,Fiber optic,87.4
3374-PZLXD,Male,46,34,17730.0,Mass,1,0,0,0.3817,Month-to-month,No,19.7
3813-DHBBB,Male,64,67,45855.0,Affluent,0,1,0,0.0808,Two year,DSL,50.95
2812-REYAT,Female,54,49,18045.0,Mass,0,1,0,0.0911,One year,No,20.05
6518-PPLMZ,Male,57,53,17460.0,Mass,0,0,0,0.0793,Two year,No,19.4
4939-KYYPY,Male,42,27,53505.0,Affluent,1,0,0,0.4511,Month-to-month,DSL,59.45
8017-LXHFA,Female,68,23,85275.0,HNI,1,0,1,0.9067,Month-to-month,Fiber optic,94.75
5930-GBIWP,Male,65,69,73350.0,HNI,0,1,0,0.1139,Two year,DSL,81.5
6022-KOUQO,Female,29,2,26145.0,Mass,1,1,0,0.4812,Month-to-month,DSL,29.05
6352-TWCAU,Female,47,35,77805.0,HNI,1,0,1,0.8633,Month-to-month,Fiber optic,86.45
2361-UPSND,Female,53,46,63540.0,Affluent,0,0,0,0.1632,One year,DSL,70.6
6035-RIIOM,Female,57,54,87480.0,HNI,0,1,0,0.1748,Two year,Fiber optic,97.2
2929-QNSRW,Female,58,56,88425.0,HNI,0,0,1,0.5707,One year,Fiber optic,98.25
1262-OPMFY,Female,32,9,68175.0,Affluent,1,1,1,0.921,Month-to-month,Fiber optic,75.75
9504-DSHWM,Male,39,20,53280.0,Affluent,1,1,0,0.47,Month-to-month,DSL,59.2
5035-BVCXS,Male,34,11,68310.0,Affluent,1,0,0,0.5157,Month-to-month,Fiber optic,75.9
6267-DCFFZ,Female,68,30,81045.0,HNI,1,0,0,0.4816,Month-to-month,Fiber optic,90.05
3533-UVMOM,Male,65,68,63855.0,Affluent,0,1,0,0.1033,Two year,DSL,70.95
2439-LYPMQ,Male,68,38,92340.0,HNI,1,0,0,0.4755,Month-to-month,Fiber optic,102.6
4248-QPAVC,Female,68,17,76815.0,HNI,1,1,1,0.9112,Month-to-month,Fiber optic,85.35
1899-VXWXM,Male,54,48,95490.0,HNI,0,1,1,0.6025,One year,Fiber optic,106.1
1478-VPOAD,Female,28,1,39420.0,Mass,1,0,0,0.5026,Month-to-month,DSL,43.8
9995-HOTOH,Male,62,63,53100.0,Affluent,0,0,0,0.1019,Two year,DSL,59.0
2988-PLAHS,Female,29,3,62955.0,Affluent,0,0,0,0.2801,One year,DSL,69.95
1371-OJCEK,Female,54,48,21915.0,Mass,0,1,0,0.0993,One year,No,24.35
4999-IEZLT,Male,64,66,26505.0,Mass,0,1,0,0.0564,One year,DSL,29.45
8883-ANODQ,Female,65,68,75960.0,HNI,0,1,0,0.1203,Two year,Fiber optic,84.4
4690-LLKUA,Male,68,17,40545.0,Mass,1,0,1,0.8603,Month-to-month,DSL,45.05
2351-RRBUE,Female,31,7,18585.0,Mass,0,0,0,0.2069,One year,No,20.65
5980-BDHPY,Male,65,72,78390.0,HNI,0,1,0,0.1128,Two year,DSL,87.1
1498-DQNRX,Female,43,29,17865.0,Mass,1,0,0,0.3956,Month-to-month,No,19.85
9469-WEJBT,Male,48,37,81315.0,HNI,1,0,0,0.4628,Month-to-month,Fiber optic,90.35
3331-HQDTW,Female,46,34,98820.0,HNI,1,0,1,0.8955,Month-to-month,Fiber optic,109.8
9490-DFPMD,Female,68,42,76185.0,HNI,1,0,1,0.8419,Month-to-month,Fiber optic,84.65
2581-VKIRT,Female,60,59,58950.0,Affluent,0,0,0,0.1211,One year,DSL,65.5
5442-XSDCW,Male,34,11,71550.0,Affluent,1,1,1,0.9203,Month-to-month,Fiber optic,79.5
7426-WEIJX,Male,68,60,72855.0,HNI,1,0,0,0.3879,Month-to-month,Fiber optic,80.95
2851-MMUTZ,Female,42,27,50535.0,Affluent,1,0,0,0.447,Month-to-month,DSL,56.15
3049-NDXFL,Female,28,1,77220.0,HNI,1,0,1,0.9556,Month-to-month,Fiber optic,85.8
8580-AECUZ,Male,68,1,71190.0,Affluent,1,0,1,0.9472,Month-to-month,Fiber optic,79.1
3307-TLCUD,Male,37,17,30960.0,Mass,1,0,0,0.4469,Month-to-month,DSL,34.4
6625-FLENO,Male,59,58,18675.0,Mass,0,0,0,0.0673,Two year,No,20.75
2967-MXRAV,Male,28,1,16920.0,Mass,0,0,0,0.221,One year,No,18.8
7963-GQRMY,Female,29,3,39870.0,Mass,1,0,1,0.8977,Month-to-month,DSL,44.3
8189-HBVRW,Female,57,53,81720.0,HNI,1,0,0,0.4195,Month-to-month,Fiber optic,90.8
4163-KIUHY,Male,47,35,23040.0,Mass,1,0,0,0.3864,Month-to-month,No,25.6
1228-FZFRV,Male,55,50,95355.0,HNI,1,1,1,0.8468,Month-to-month,Fiber optic,105.95
3500-NSDOA,Male,65,68,63720.0,Affluent,0,1,0,0.1031,Two year,DSL,70.8
1171-TYKUR,Male,53,47,22860.0,Mass,1,0,0,0.3533,Month-to-month,No,25.4
3761-FLYZI,Female,68,65,97920.0,HNI,1,1,0,0.4093,Month-to-month,Fiber optic,108.8
2058-DCJBE,Male,30,5,62775.0,Affluent,1,0,1,0.9244,Month-to-month,Fiber optic,69.75
5364-XYIRR,Male,56,51,85185.0,HNI,1,0,1,0.8298,Month-to-month,Fiber optic,94.65
4829-AUOAX,Female,53,46,86445.0,HNI,1,1,1,0.8453,Month-to-month,Fiber optic,96.05
1219-NNDDO,Female,32,9,69165.0,Affluent,1,0,0,0.5224,Month-to-month,Fiber optic,76.85
8388-DMKAE,Female,32,8,18225.0,Mass,0,0,0,0.2037,Two year,No,20.25
4403-BWPAY,Male,35,14,22320.0,Mass,0,1,0,0.193,One year,No,24.8
9659-QEQSY,Female,52,45,104085.0,HNI,1,0,0,0.4728,Month-to-month,Fiber optic,115.65
5405-ZMYXQ,Female,32,8,67140.0,Affluent,1,1,0,0.5223,Month-to-month,Fiber optic,74.6
5047-LHVLY,Male,68,1,45135.0,Affluent,1,0,1,0.9106,Month-to-month,DSL,50.15
1442-OKRJE,Male,64,66,92835.0,HNI,0,1,0,0.1495,One year,Fiber optic,103.15
4737-AQCPU,Male,65,72,64890.0,Affluent,0,1,0,0.0938,Two year,DSL,72.1
9158-VCTQB,Female,50,41,102240.0,HNI,1,1,1,0.8812,Month-to-month,Fiber optic,113.6
2808-CHTDM,Female,40,23,22590.0,Mass,0,0,0,0.1687,Two year,No,25.1
6311-UEUME,Female,43,29,71010.0,Affluent,1,0,1,0.8702,Month-to-month,Fiber optic,78.9
0793-TWELN,Female,30,4,72135.0,HNI,1,0,0,0.5403,Month-to-month,Fiber optic,80.15
3283-WCWXT,Male,31,6,22860.0,Mass,0,0,0,0.2156,Two year,No,25.4
1060-ENTOF,Female,68,67,94860.0,HNI,0,1,0,0.1496,One year,Fiber optic,105.4
0999-QXNSA,Male,68,7,41175.0,Mass,1,0,0,0.4886,Month-to-month,DSL,45.75
5451-MHQOF,Male,58,56,22005.0,Mass,0,0,0,0.0775,One year,No,24.45
4836-WNFNO,Female,65,72,22500.0,Mass,0,1,0,0.0343,Two year,No,25.0
9225-BZLNZ,Male,65,72,76725.0,HNI,0,0,0,0.1104,Two year,DSL,85.25
0354-VXMJC,Male,40,23,17640.0,Mass,0,1,0,0.1617,Two year,No,19.6
4422-QVIJA,Female,47,35,45135.0,Affluent,1,0,0,0.4175,Month-to-month,DSL,50.15
9365-SRSZE,Male,68,27,63495.0,Affluent,1,0,0,0.4651,Month-to-month,Fiber optic,70.55
6839-ITVZJ,Female,42,26,54045.0,Affluent,1,0,1,0.8546,Month-to-month,DSL,60.05
8332-OSJDW,Male,34,12,23760.0,Mass,0,0,0,0.2005,One year,No,26.4
4735-BJKOU,Female,50,40,18135.0,Mass,0,0,0,0.1159,Two year,No,20.15
0274-JKUJR,Male,31,7,52965.0,Affluent,1,0,0,0.5052,Month-to-month,DSL,58.85
5740-YHGTW,Male,65,70,87795.0,HNI,1,1,0,0.3814,Month-to-month,Fiber optic,97.55
8917-SZTTJ,Male,61,60,17685.0,Mass,0,1,0,0.0604,Two year,No,19.65
1696-MZVAU,Male,49,39,22725.0,Mass,0,1,0,0.125,One year,DSL,25.25
7359-WWYJV,Male,65,72,103005.0,HNI,0,1,0,0.1473,Two year,Fiber optic,114.45
0375-HVGXO,Female,28,1,31230.0,Mass,1,0,1,0.8911,Month-to-month,DSL,34.7
4906-ZHGPK,Male,57,54,63630.0,Affluent,0,0,0,0.1414,One year,DSL,70.7
8593-WHYHV,Male,29,3,76770.0,HNI,1,0,1,0.9495,Month-to-month,Fiber optic,85.3
3795-GWTRD,Female,62,63,67995.0,Affluent,0,1,0,0.1228,Two year,DSL,75.55
1298-PHBTI,Male,65,71,76320.0,HNI,0,0,0,0.1126,Two year,Fiber optic,84.8
6223-DHJGV,Female,51,42,18585.0,Mass,0,0,0,0.111,One year,No,20.65
6961-MJKBO,Male,53,47,18405.0,Mass,0,1,0,0.0971,Two year,No,20.45
6097-EQISJ,Female,64,66,92205.0,HNI,0,1,1,0.5486,One year,Fiber optic,102.45
4423-YLHDV,Female,39,21,93960.0,HNI,1,1,1,0.9243,Month-to-month,Fiber optic,104.4
8158-WPEZG,Male,34,11,32085.0,Mass,1,0,0,0.4649,Month-to-month,DSL,35.65
0107-YHINA,Male,28,1,89775.0,HNI,1,0,1,0.9733,Month-to-month,Fiber optic,99.75
4918-FYJNT,Female,68,55,81405.0,HNI,1,0,0,0.4136,Month-to-month,Fiber optic,90.45
0727-BNRLG,Male,65,69,87885.0,HNI,0,1,0,0.1343,Two year,Fiber optic,97.65
4854-CIDCF,Female,68,3,66465.0,Affluent,1,0,0,0.5351,Month-to-month,Fiber optic,73.85
8640-SDGKB,Male,30,4,66960.0,Affluent,1,0,1,0.933,Month-to-month,DSL,74.4
3280-MRDOF,Male,68,30,62190.0,Affluent,0,1,0,0.2051,Two year,DSL,69.1
6435-SRWBJ,Female,30,5,74475.0,HNI,1,0,0,0.5408,Month-to-month,Fiber optic,82.75
9964-WBQDJ,Female,65,71,21960.0,Mass,0,1,0,0.0363,Two year,No,24.4
6303-KFWSL,Female,43,29,49725.0,Affluent,0,0,0,0.1903,One year,DSL,55.25
1702-CCFNJ,Male,56,52,55215.0,Affluent,1,1,0,0.385,Month-to-month,DSL,61.35
8932-CZHRQ,Male,65,68,69075.0,Affluent,0,1,0,0.1106,One year,DSL,76.75
0386-CWRGM,Female,53,46,17460.0,Mass,0,0,0,0.0985,Two year,No,19.4
5515-RUGKN,Male,32,8,49275.0,Affluent,1,1,0,0.4972,Month-to-month,DSL,54.75
0404-AHASP,Male,65,72,17730.0,Mass,0,1,0,0.0276,Two year,No,19.7
7279-NMVJC,Female,37,17,17910.0,Mass,0,1,0,0.1786,One year,No,19.9
2081-VEYEH,Male,29,3,97155.0,HNI,1,0,0,0.5781,Month-to-month,Fiber optic,107.95
6407-UTSLV,Female,68,2,75420.0,HNI,1,1,0,0.5504,Month-to-month,Fiber optic,83.8
4116-TZAQJ,Female,32,9,66825.0,Affluent,1,1,1,0.9191,Month-to-month,Fiber optic,74.25
9060-HJJRW,Female,56,51,50760.0,Affluent,0,1,0,0.1315,One year,DSL,56.4
2587-YNLES,Female,31,6,18090.0,Mass,0,0,0,0.209,Two year,No,20.1
7398-SKNQZ,Female,29,3,85410.0,HNI,1,0,0,0.5617,Month-to-month,Fiber optic,94.9
5935-FCCNB,Female,68,17,84780.0,HNI,1,0,0,0.5224,Month-to-month,Fiber optic,94.2
1958-RNRKS,Male,44,30,44910.0,Mass,1,0,0,0.4308,Month-to-month,DSL,49.9
5136-RGMZO,Male,45,31,63945.0,Affluent,1,0,0,0.4548,Month-to-month,DSL,71.05
8345-MVDYC,Female,52,45,73485.0,HNI,0,1,0,0.1798,Two year,DSL,81.65
8226-BXGES,Male,63,64,80505.0,HNI,0,1,0,0.1376,One year,Fiber optic,89.45
3877-JRJIP,Male,28,1,53865.0,Affluent,1,0,1,0.9229,Month-to-month,DSL,59.85
8375-DKEBR,Female,68,1,62640.0,Affluent,1,0,1,0.9352,Month-to-month,Fiber optic,69.6
9705-IOVQQ,Male,68,61,89100.0,HNI,0,0,0,0.1579,One year,Fiber optic,99.0
1015-OWJKI,Male,28,1,17145.0,Mass,1,0,0,0.4713,Month-to-month,No,19.05
7511-YMXVQ,Male,32,9,40860.0,Mass,1,0,1,0.8827,Month-to-month,DSL,45.4
2040-XBAVJ,Male,65,72,103005.0,HNI,0,1,0,0.1473,Two year,Fiber optic,114.45
7551-JOHTI,Female,28,1,17550.0,Mass,1,0,1,0.8719,Month-to-month,No,19.5
8887-IPQNC,Female,31,7,39825.0,Mass,1,0,0,0.4867,Month-to-month,DSL,44.25
8646-JCOMS,Female,64,66,81495.0,HNI,0,1,0,0.1336,One year,Fiber optic,90.55
9804-ICWBG,Male,28,1,62910.0,Affluent,1,0,1,0.9356,Month-to-month,Fiber optic,69.9
1222-KJNZD,Male,50,40,18360.0,Mass,1,1,0,0.3662,Month-to-month,No,20.4
0106-GHRQR,Male,36,16,64260.0,Affluent,1,1,0,0.4964,Month-to-month,DSL,71.4
5318-IXUZF,Female,29,2,78435.0,HNI,1,1,1,0.9546,Month-to-month,Fiber optic,87.15
3768-VHXQO,Male,64,67,22365.0,Mass,0,1,0,0.0478,Two year,No,24.85
8952-WCVCD,Female,50,41,94005.0,HNI,0,1,0,0.2196,One year,Fiber optic,104.45
2418-TPEUN,Female,58,56,17820.0,Mass,0,1,0,0.0716,Two year,No,19.8
3963-RYFNS,Female,65,72,104805.0,HNI,0,1,0,0.1498,Two year,Fiber optic,116.45
3198-VELRD,Female,29,3,76275.0,HNI,1,1,1,0.9488,Month-to-month,Fiber optic,84.75
8540-ZQGEA,Female,57,54,18045.0,Mass,0,1,0,0.0774,Two year,No,20.05
1320-REHCS,Male,68,52,99675.0,HNI,1,0,0,0.4474,Month-to-month,Fiber optic,110.75
4137-JOPHL,Female,55,50,80730.0,HNI,0,1,0,0.1763,Two year,Fiber optic,89.7
9436-ZBZCT,Male,35,14,80955.0,HNI,1,0,1,0.9253,Month-to-month,Fiber optic,89.95
7801-CEDNV,Male,42,27,43830.0,Mass,0,1,0,0.1875,One year,DSL,48.7
2057-BOYKM,Female,68,72,86940.0,HNI,0,1,0,0.1248,Two year,Fiber optic,96.6
3658-QQJYD,Male,62,62,66870.0,Affluent,0,1,0,0.124,One year,DSL,74.3
1803-BGNBD,Female,34,12,48870.0,Affluent,1,0,0,0.4857,Month-to-month,DSL,54.3
0134-XWXCE,Female,68,44,67365.0,Affluent,0,1,0,0.174,One year,DSL,74.85
6950-TWMYB,Male,57,54,71955.0,Affluent,0,1,0,0.153,Two year,Fiber optic,79.95
5848-FHRFC,Female,65,68,18045.0,Mass,0,1,0,0.039,Two year,No,20.05
2243-FNMMI,Male,39,20,17460.0,Mass,1,0,0,0.4197,Month-to-month,No,19.4
2511-MORQY,Male,55,50,49410.0,Affluent,0,1,0,0.1324,One year,DSL,54.9
5356-KZCKT,Male,59,58,22005.0,Mass,0,1,0,0.072,Two year,No,24.45
9470-XCCEM,Male,47,35,80685.0,HNI,1,1,0,0.4674,Month-to-month,Fiber optic,89.65
6519-CFDBX,Female,29,2,40860.0,Mass,1,0,0,0.5019,Month-to-month,DSL,45.4
3902-MIVLE,Male,62,63,68130.0,Affluent,0,0,0,0.123,Two year,DSL,75.7
0409-WTMPL,Female,59,58,99585.0,HNI,0,1,0,0.1809,One year,Fiber optic,110.65
8763-KIAFH,Female,42,27,18495.0,Mass,0,0,0,0.152,One year,No,20.55
3669-WHAFY,Female,65,71,103635.0,HNI,0,1,0,0.1509,Two year,Fiber optic,115.15
3055-VTCGS,Female,62,63,52695.0,Affluent,0,1,0,0.1014,One year,DSL,58.55
3144-KMTWZ,Male,65,71,83925.0,HNI,1,1,0,0.3733,Month-to-month,Fiber optic,93.25
7279-BUYWN,Female,68,41,101880.0,HNI,1,0,1,0.8807,Month-to-month,Fiber optic,113.2
7156-MHUGY,Male,68,13,81450.0,HNI,1,0,1,0.9287,Month-to-month,Fiber optic,90.5
7198-GLXTC,Male,29,2,71100.0,Affluent,1,0,1,0.9443,Month-to-month,Fiber optic,79.0
2007-QVGAW,Female,65,68,17415.0,Mass,0,1,0,0.0381,Two year,No,19.35
5207-PLSTK,Male,28,1,43875.0,Mass,1,0,0,0.5088,Month-to-month,DSL,48.75
2307-FYNNL,Male,68,65,98145.0,HNI,0,0,0,0.1597,Two year,Fiber optic,109.05
5605-XNWEN,Male,68,72,22500.0,Mass,0,1,0,0.0343,Two year,No,25.0
2155-AMQRX,Female,43,28,49410.0,Affluent,1,1,0,0.4426,Month-to-month,DSL,54.9
6181-AXXYF,Male,65,72,22275.0,Mass,0,1,0,0.034,Two year,No,24.75
5091-HFAZW,Female,29,2,82035.0,HNI,1,0,0,0.5597,Month-to-month,Fiber optic,91.15
0516-VRYBW,Female,37,18,18135.0,Mass,0,1,1,0.5761,One year,No,20.15
2519-LBNQL,Male,68,60,93915.0,HNI,0,0,0,0.1674,One year,Fiber optic,104.35
8623-ULFNQ,Female,68,26,59445.0,Affluent,1,0,0,0.4622,Month-to-month,DSL,66.05
8380-PEFPE,Male,28,1,64485.0,Affluent,1,0,1,0.9378,Month-to-month,Fiber optic,71.65
5687-DKDTV,Female,30,4,18315.0,Mass,1,0,1,0.8647,Month-to-month,No,20.35
1568-LJSZU,Male,65,68,82980.0,HNI,0,1,0,0.1302,Two year,DSL,92.2
7530-HDYDS,Female,48,38,75825.0,HNI,1,1,1,0.8523,Month-to-month,Fiber optic,84.25
7789-HKSBS,Female,68,42,94680.0,HNI,0,1,0,0.2178,One year,Fiber optic,105.2
7416-CKTEP,Female,59,57,17640.0,Mass,0,1,0,0.0686,Two year,No,19.6
2586-CWXVV,Male,57,54,27360.0,Mass,1,0,0,0.3405,Month-to-month,DSL,30.4
3096-IZETN,Female,34,12,70290.0,Affluent,1,1,1,0.9158,Month-to-month,Fiber optic,78.1
2348-KCJLT,Female,52,44,55350.0,Affluent,0,0,0,0.1571,One year,DSL,61.5
8401-EMUWF,Male,51,42,62460.0,Affluent,1,1,0,0.4226,Month-to-month,DSL,69.4
4193-IBKSW,Male,65,72,22275.0,Mass,0,1,0,0.034,Two year,No,24.75
5377-NDTOU,Female,65,71,81945.0,HNI,0,0,0,0.1205,Two year,DSL,91.05
5922-ABDVO,Female,38,19,80685.0,HNI,1,0,1,0.9112,Month-to-month,Fiber optic,89.65
2474-LCNUE,Female,40,23,66285.0,Affluent,1,1,0,0.48,Month-to-month,DSL,73.65
0839-QNXME,Female,44,30,17460.0,Mass,0,1,0,0.1423,Two year,No,19.4
3506-OVLKD,Male,47,35,23580.0,Mass,0,1,0,0.1372,One year,No,26.2
9172-ANCRX,Female,33,10,88830.0,HNI,1,0,1,0.9473,Month-to-month,Fiber optic,98.7
6650-VJONK,Male,28,1,39465.0,Mass,1,1,0,0.5026,Month-to-month,DSL,43.85
2178-PMGCJ,Male,40,22,62730.0,Affluent,1,0,0,0.4778,Month-to-month,Fiber optic,69.7
7492-TAFJD,Male,31,7,34695.0,Mass,0,0,0,0.2295,Two year,DSL,38.55
2773-MADBQ,Female,47,36,47790.0,Affluent,0,0,0,0.1684,Two year,DSL,53.1
6016-LVTJQ,Female,46,34,18585.0,Mass,1,0,0,0.3829,Month-to-month,No,20.65
7860-KSUGX,Male,65,72,58005.0,Affluent,0,1,0,0.0842,Two year,DSL,64.45
8966-KZXXA,Male,47,36,22590.0,Mass,0,1,0,0.1331,Two year,No,25.1
6910-HADCM,Female,28,1,68715.0,Affluent,1,0,1,0.9437,Month-to-month,Fiber optic,76.35
4816-LXZYW,Female,40,23,71235.0,Affluent,1,0,1,0.887,Month-to-month,Fiber optic,79.15
9606-PBKBQ,Male,68,32,76500.0,HNI,1,0,1,0.8697,Month-to-month,Fiber optic,85.0
5149-QYTTU,Female,65,71,85635.0,HNI,0,1,0,0.1257,One year,Fiber optic,95.15
2070-XYMFH,Female,68,23,71415.0,Affluent,1,0,0,0.4872,Month-to-month,Fiber optic,79.35
2085-BOJKI,Male,37,17,86985.0,HNI,0,1,0,0.2755,One year,Fiber optic,96.65
0817-HSUSE,Male,28,1,67950.0,Affluent,1,0,0,0.5426,Month-to-month,DSL,75.5
5442-PPTJY,Male,34,12,17730.0,Mass,0,0,0,0.192,Two year,No,19.7
1927-QEWMY,Female,65,72,18450.0,Mass,0,1,0,0.0286,Two year,No,20.5
1663-MHLHE,Male,28,1,17280.0,Mass,1,0,0,0.4715,Month-to-month,No,19.2
5663-QBGIS,Male,68,72,88515.0,HNI,0,1,0,0.127,Two year,Fiber optic,98.35
4450-MDZFX,Male,61,60,66915.0,Affluent,1,1,0,0.3795,Month-to-month,Fiber optic,74.35
6701-DHKWQ,Female,61,61,46215.0,Affluent,0,1,0,0.0977,Two year,DSL,51.35
7554-AKDQF,Female,31,6,41085.0,Mass,1,0,0,0.4912,Month-to-month,DSL,45.65
3536-IQCTX,Male,68,32,76770.0,HNI,1,0,1,0.8701,Month-to-month,Fiber optic,85.3
4911-BANWH,Female,45,31,77895.0,HNI,1,1,1,0.8744,Month-to-month,Fiber optic,86.55
8496-EJAUI,Male,38,19,66465.0,Affluent,1,1,1,0.8912,Month-to-month,Fiber optic,73.85
0794-YVSGE,Male,65,72,18270.0,Mass,0,1,0,0.0284,Two year,No,20.3
5423-BHIXO,Female,45,32,48780.0,Affluent,1,0,0,0.4308,Month-to-month,DSL,54.2
6908-VVYHM,Male,63,65,81585.0,HNI,1,0,0,0.3864,Month-to-month,Fiber optic,90.65
2959-EEXWB,Female,52,45,45810.0,Affluent,1,1,0,0.391,Month-to-month,DSL,50.9
1839-UMACK,Male,51,42,22545.0,Mass,0,0,0,0.1166,One year,No,25.05
3030-YDNRM,Male,32,8,67365.0,Affluent,1,0,0,0.5226,Month-to-month,Fiber optic,74.85
7321-KKSDU,Male,45,32,18450.0,Mass,0,0,0,0.1382,Two year,No,20.5
3402-XRIUO,Female,68,22,57195.0,Affluent,1,0,0,0.47,Month-to-month,DSL,63.55
3132-TVFDZ,Male,68,57,40365.0,Mass,1,0,1,0.7505,Month-to-month,DSL,44.85
8286-AFUYI,Male,28,1,43155.0,Mass,1,0,0,0.5078,Month-to-month,DSL,47.95
8080-DDEMJ,Male,68,1,40590.0,Mass,1,0,1,0.9042,Month-to-month,DSL,45.1
8356-WUAOJ,Female,28,1,40500.0,Mass,1,0,0,0.5041,Month-to-month,DSL,45.0
6365-MTGZX,Male,41,24,86400.0,HNI,1,0,1,0.9055,Month-to-month,Fiber optic,96.0
1349-WXNGG,Male,28,1,18045.0,Mass,1,1,1,0.8726,Month-to-month,No,20.05
8058-DMYRU,Male,68,54,81045.0,HNI,1,0,0,0.4158,Month-to-month,Fiber optic,90.05
9350-ZXYJC,Female,30,4,22770.0,Mass,0,1,0,0.221,Two year,No,25.3
6990-YNRIO,Male,63,65,97785.0,HNI,0,1,1,0.5592,Two year,Fiber optic,108.65
8958-JPTRR,Female,58,56,21870.0,Mass,0,0,0,0.0773,One year,No,24.3
6959-GQEGV,Male,52,45,68355.0,Affluent,1,0,0,0.4226,Month-to-month,DSL,75.95
3173-WSSUE,Female,65,71,17730.0,Mass,0,1,0,0.0304,Two year,No,19.7
1265-HVPZB,Male,60,59,59760.0,Affluent,0,1,0,0.1222,One year,DSL,66.4
4115-UMJFQ,Male,65,69,32175.0,Mass,0,1,0,0.0561,One year,DSL,35.75
7369-TRPFD,Male,38,19,16920.0,Mass,0,0,0,0.1717,One year,No,18.8
1098-KFQEC,Female,58,55,17460.0,Mass,0,1,0,0.0738,Two year,No,19.4
7190-XHTWJ,Female,48,38,17370.0,Mass,0,0,0,0.1203,One year,No,19.3
0621-TWIEM,Male,33,10,40995.0,Mass,1,0,1,0.8801,Month-to-month,DSL,45.55
3537-RYBHH,Female,68,47,60705.0,Affluent,1,1,0,0.4064,Month-to-month,DSL,67.45
2485-ITVKB,Female,29,2,31590.0,Mass,1,0,1,0.8889,Month-to-month,DSL,35.1
3669-OYSJI,Male,28,1,41580.0,Mass,1,1,1,0.9056,Month-to-month,DSL,46.2
1612-EOHDH,Female,28,1,40635.0,Mass,1,0,1,0.9043,Month-to-month,DSL,45.15
6702-OHFWR,Male,68,1,38970.0,Mass,1,0,1,0.902,Month-to-month,DSL,43.3
5296-BFCYD,Male,53,46,18090.0,Mass,0,0,0,0.0994,Two year,No,20.1
4510-PYUSH,Female,68,38,51435.0,Affluent,1,1,1,0.8181,Month-to-month,DSL,57.15
9359-JANWS,Female,63,65,53010.0,Affluent,0,1,0,0.0963,Two year,DSL,58.9
7517-SAWMO,Female,38,19,65880.0,Affluent,1,0,1,0.8904,Month-to-month,Fiber optic,73.2
4143-HHPMK,Male,56,52,76815.0,HNI,1,0,1,0.8153,Month-to-month,Fiber optic,85.35
3279-DYZQM,Male,65,71,17505.0,Mass,0,0,0,0.03,Two year,No,19.45
7054-LGEQW,Female,28,1,41355.0,Mass,1,0,1,0.9053,Month-to-month,DSL,45.95
0523-VNGTF,Female,68,52,45450.0,Affluent,1,0,0,0.3713,Month-to-month,DSL,50.5
9575-IWCAZ,Male,31,6,22590.0,Mass,0,0,0,0.2153,One year,No,25.1
7105-MXJLL,Female,68,26,54630.0,Affluent,0,0,0,0.2054,One year,DSL,60.7
7064-FRRSW,Male,68,48,89100.0,HNI,0,0,0,0.1935,One year,Fiber optic,99.0
7940-UQQUG,Female,63,64,93960.0,HNI,0,1,0,0.1565,One year,Fiber optic,104.4
0923-PNFUB,Female,29,3,75375.0,HNI,1,0,1,0.9476,Month-to-month,Fiber optic,83.75
3961-SXAXY,Male,28,1,39645.0,Mass,1,1,0,0.5029,Month-to-month,DSL,44.05
7010-BRBUU,Male,65,72,21690.0,Mass,0,1,0,0.0332,Two year,No,24.1
3566-HJGPK,Male,28,1,40995.0,Mass,1,0,0,0.5048,Month-to-month,DSL,45.55
3062-ICYZQ,Female,56,51,84420.0,HNI,1,0,0,0.4288,Month-to-month,Fiber optic,93.8
9938-PRCVK,Female,50,41,17730.0,Mass,0,1,0,0.1126,Two year,No,19.7
0973-KYVNF,Female,65,72,63585.0,Affluent,0,1,0,0.092,Two year,DSL,70.65
5129-HHMZC,Female,51,43,77805.0,HNI,0,1,0,0.1914,Two year,DSL,86.45
9637-CDTKZ,Male,65,72,102690.0,HNI,0,1,0,0.1469,Two year,Fiber optic,114.1
3946-JEWRQ,Male,53,47,85680.0,HNI,0,1,0,0.1915,One year,Fiber optic,95.2
7873-CVMAW,Male,65,72,79695.0,HNI,0,1,0,0.1146,Two year,DSL,88.55
0463-WZZKO,Male,29,3,18675.0,Mass,1,1,0,0.468,Month-to-month,No,20.75
3494-JCHRQ,Male,28,1,63045.0,Affluent,1,0,1,0.9357,Month-to-month,Fiber optic,70.05
6474-FVJLC,Male,29,2,77400.0,HNI,1,0,1,0.9532,Month-to-month,Fiber optic,86.0
4524-QCSSM,Male,42,26,40185.0,Mass,1,1,0,0.4352,Month-to-month,DSL,44.65
5832-EXGTT,Male,43,29,54180.0,Affluent,1,0,0,0.4466,Month-to-month,DSL,60.2
8840-DQLGN,Female,68,35,90450.0,HNI,1,1,1,0.8811,Month-to-month,Fiber optic,100.5
2039-JONDJ,Male,42,27,49905.0,Affluent,0,1,0,0.1961,One year,DSL,55.45
7217-JYHOQ,Male,41,24,63270.0,Affluent,1,1,0,0.473,Month-to-month,DSL,70.3
6695-FRVEC,Male,64,67,54360.0,Affluent,0,1,0,0.0927,Two year,DSL,60.4
4547-LYTDD,Female,36,16,65385.0,Affluent,1,0,1,0.8979,Month-to-month,Fiber optic,72.65
9894-QMIMJ,Female,40,23,50220.0,Affluent,0,1,0,0.2075,One year,DSL,55.8
8069-YQQAJ,Male,35,14,27990.0,Mass,1,0,0,0.4509,Month-to-month,DSL,31.1
6770-XUAGN,Female,28,1,18900.0,Mass,1,0,1,0.8738,Month-to-month,No,21.0
4193-ORFCL,Female,68,1,40590.0,Mass,1,0,1,0.9042,Month-to-month,DSL,45.1
1636-NTNCO,Male,68,4,45855.0,Affluent,1,1,0,0.5034,Month-to-month,DSL,50.95
3466-WAESX,Male,36,16,62190.0,Affluent,1,0,0,0.4934,Month-to-month,DSL,69.1
9281-PKKZE,Female,53,46,39555.0,Mass,1,0,0,0.3795,Month-to-month,DSL,43.95
3638-VBZTA,Male,65,68,77850.0,HNI,0,1,0,0.123,Two year,DSL,86.5
7459-IMVYU,Male,48,38,62955.0,Affluent,1,0,0,0.4342,Month-to-month,DSL,69.95
7776-QWNFX,Male,68,30,45360.0,Affluent,1,1,1,0.8315,Month-to-month,DSL,50.4
6689-TCZHQ,Female,68,5,71055.0,Affluent,1,0,1,0.936,Month-to-month,Fiber optic,78.95
8563-OYMQY,Male,37,17,81855.0,HNI,1,1,0,0.5183,Month-to-month,Fiber optic,90.95
0754-EEBDC,Male,30,4,17910.0,Mass,0,0,0,0.2142,Two year,No,19.9
5777-ZPQNC,Female,34,12,18135.0,Mass,0,0,0,0.1926,One year,No,20.15
1951-IEYXM,Male,65,72,81540.0,HNI,0,1,0,0.1172,Two year,DSL,90.6
3318-NMQXL,Male,29,3,82800.0,HNI,1,0,0,0.558,Month-to-month,Fiber optic,92.0
3143-ILDAL,Male,58,56,85005.0,HNI,1,0,1,0.8159,Month-to-month,Fiber optic,94.45
1022-RKXDR,Female,50,41,22365.0,Mass,0,0,0,0.1191,One year,No,24.85
2361-FJWNO,Male,50,40,32400.0,Mass,0,1,0,0.1359,One year,DSL,36.0
2272-UOINI,Female,31,7,70650.0,Affluent,1,0,0,0.53,Month-to-month,DSL,78.5
8232-UTFOZ,Male,65,69,17955.0,Mass,0,1,0,0.0362,Two year,No,19.95
3750-YHRYO,Male,31,7,18585.0,Mass,0,0,0,0.2069,One year,No,20.65
6637-KYRCV,Female,30,5,27450.0,Mass,1,0,0,0.4748,Month-to-month,DSL,30.5
5668-MEISB,Female,65,72,95490.0,HNI,0,1,0,0.1368,Two year,Fiber optic,106.1
0129-QMPDR,Male,52,44,18450.0,Mass,0,1,0,0.1053,One year,No,20.5
7188-CBBBA,Female,63,65,85950.0,HNI,0,0,0,0.1425,One year,Fiber optic,95.5
5356-CSVSQ,Female,29,3,58140.0,Affluent,1,0,0,0.5234,Month-to-month,DSL,64.6
3221-CJMSG,Male,41,24,45990.0,Affluent,1,1,0,0.4488,Month-to-month,DSL,51.1
4720-VSTSI,Female,52,44,76320.0,HNI,1,1,1,0.8366,Month-to-month,Fiber optic,84.8
3219-JQRSL,Female,68,72,80190.0,HNI,0,1,0,0.1153,Two year,DSL,89.1
2801-NISEI,Male,41,24,49455.0,Affluent,1,0,0,0.4537,Month-to-month,DSL,54.95
3946-MHCZW,Male,28,1,45810.0,Affluent,1,0,1,0.9116,Month-to-month,DSL,50.9
4623-ZKHLY,Male,40,22,18405.0,Mass,1,1,0,0.4156,Month-to-month,No,20.45
6732-VAILE,Male,65,70,77355.0,HNI,0,1,0,0.1168,Two year,DSL,85.95
8201-AAXCB,Male,41,25,54315.0,Affluent,1,0,0,0.4577,Month-to-month,DSL,60.35
7696-CFTAT,Male,48,37,17820.0,Mass,0,1,0,0.1236,Two year,No,19.8
1845-CSBRZ,Female,68,22,76815.0,HNI,1,1,0,0.4975,Month-to-month,Fiber optic,85.35
2123-VSCOT,Female,60,59,64890.0,Affluent,0,1,0,0.1294,Two year,DSL,72.1
6651-AZVTJ,Male,54,49,89820.0,HNI,1,0,1,0.8418,Month-to-month,Fiber optic,99.8
4566-GOLUK,Male,53,47,96615.0,HNI,1,1,1,0.8568,Month-to-month,Fiber optic,107.35
2484-DGXPZ,Female,45,31,17595.0,Mass,1,0,1,0.7898,Month-to-month,No,19.55
2018-QKYGT,Male,28,1,72945.0,HNI,1,0,0,0.5496,Month-to-month,Fiber optic,81.05
2792-VPPET,Male,29,3,18450.0,Mass,1,0,0,0.4677,Month-to-month,No,20.5
7409-JURKQ,Female,57,53,100620.0,HNI,0,1,0,0.196,One year,Fiber optic,111.8
3247-MHJKM,Male,28,1,18180.0,Mass,1,0,0,0.4728,Month-to-month,No,20.2
1964-SVLEA,Male,39,20,17730.0,Mass,0,0,0,0.1701,One year,No,19.7
4587-NUKOX,Female,29,3,71190.0,Affluent,1,0,1,0.9417,Month-to-month,Fiber optic,79.1
7297-DVYGA,Female,56,51,17865.0,Mass,0,1,0,0.0853,One year,No,19.85
2239-CGBUZ,Female,56,51,54450.0,Affluent,0,1,0,0.1367,One year,DSL,60.5
0854-UYHZD,Female,35,13,17595.0,Mass,0,0,0,0.1891,Two year,No,19.55
7243-LCGGZ,Female,28,1,18810.0,Mass,1,0,0,0.4737,Month-to-month,No,20.9
8267-KFGYD,Male,28,1,18945.0,Mass,1,0,0,0.4738,Month-to-month,No,21.05
4890-VMUAV,Male,62,63,64350.0,Affluent,0,0,0,0.1177,One year,DSL,71.5
9261-WDCAF,Male,29,3,49185.0,Affluent,1,0,0,0.5108,Month-to-month,DSL,54.65
3764-MNMOI,Male,53,46,17280.0,Mass,0,1,0,0.0982,Two year,No,19.2
7442-YGZFK,Male,28,1,44820.0,Mass,1,1,0,0.5102,Month-to-month,DSL,49.8
0420-BWTPW,Male,32,8,22950.0,Mass,1,0,1,0.8603,Month-to-month,DSL,25.5
8229-BUJHX,Female,65,71,18450.0,Mass,0,1,0,0.0314,Two year,No,20.5
7449-HVPIV,Male,58,55,81360.0,HNI,1,1,0,0.4135,Month-to-month,Fiber optic,90.4
5504-WSIUR,Female,65,70,81225.0,HNI,0,1,0,0.1222,One year,Fiber optic,90.25
8183-ONMXC,Female,29,2,72675.0,HNI,1,0,1,0.9465,Month-to-month,Fiber optic,80.75
8466-PZBLH,Male,64,67,94140.0,HNI,0,1,0,0.1486,Two year,Fiber optic,104.6
9614-RMGHA,Male,63,65,82665.0,HNI,1,1,1,0.7879,Month-to-month,Fiber optic,91.85
8735-IJJEG,Male,35,14,45180.0,Affluent,1,1,0,0.4751,Month-to-month,DSL,50.2
0564-MUUQK,Female,39,20,85950.0,HNI,1,1,0,0.5158,Month-to-month,Fiber optic,95.5
5054-IEXZT,Male,28,1,67815.0,Affluent,1,0,1,0.9424,Month-to-month,Fiber optic,75.35
5834-ASPWA,Male,28,1,67905.0,Affluent,1,0,1,0.9426,Month-to-month,Fiber optic,75.45
0701-RFGFI,Female,54,49,85860.0,HNI,1,1,0,0.4363,Month-to-month,Fiber optic,95.4
0019-EFAEP,Female,65,72,91170.0,HNI,0,1,0,0.1307,Two year,Fiber optic,101.3
5619-PTMIK,Female,53,46,47790.0,Affluent,1,0,0,0.391,Month-to-month,DSL,53.1
3737-XBQDD,Male,41,24,76365.0,HNI,1,1,0,0.4914,Month-to-month,Fiber optic,84.85
5882-CMAZQ,Female,30,5,30825.0,Mass,1,0,0,0.4796,Month-to-month,DSL,34.25
5846-QFDFI,Female,46,33,79740.0,HNI,1,1,0,0.4715,Month-to-month,Fiber optic,88.6
4445-KWOKW,Female,51,42,54135.0,Affluent,0,1,0,0.1609,One year,DSL,60.15
3511-APPBJ,Male,40,23,89955.0,HNI,0,1,0,0.2632,One year,Fiber optic,99.95
7967-HYCDE,Male,32,8,63630.0,Affluent,1,1,0,0.5174,Month-to-month,Fiber optic,70.7
2430-RRYUW,Male,64,66,49320.0,Affluent,0,0,0,0.0884,One year,DSL,54.8
3948-XHGNA,Male,41,24,44595.0,Mass,1,1,1,0.8468,Month-to-month,DSL,49.55
3723-BFBGR,Male,68,24,49320.0,Affluent,1,1,0,0.4535,Month-to-month,DSL,54.8
0565-IYCGT,Male,65,69,70740.0,Affluent,0,1,1,0.5102,One year,DSL,78.6
5447-WZAFP,Female,57,53,90270.0,HNI,0,0,0,0.1815,One year,Fiber optic,100.3
5110-CHOPY,Female,61,60,48240.0,Affluent,0,0,0,0.1033,Two year,DSL,53.6
5445-UTODQ,Female,31,7,72990.0,HNI,1,0,1,0.9333,Month-to-month,Fiber optic,81.1
4425-OWHWB,Female,39,20,17415.0,Mass,0,1,0,0.1696,One year,No,19.35
7892-QVYKW,Female,40,23,77040.0,HNI,1,0,0,0.4951,Month-to-month,Fiber optic,85.6
9675-ICXCT,Male,65,72,72720.0,HNI,0,0,0,0.1048,Two year,DSL,80.8
1024-VRZHF,Male,34,11,67455.0,Affluent,1,0,1,0.9145,Month-to-month,Fiber optic,74.95
4703-MQYKT,Male,39,21,17640.0,Mass,0,0,0,0.1672,Two year,No,19.6
9497-QCMMS,Male,68,1,84195.0,HNI,1,0,1,0.9654,Month-to-month,Fiber optic,93.55
5692-ICXLW,Male,68,31,81630.0,HNI,1,0,0,0.4796,Month-to-month,Fiber optic,90.7
0602-DDUML,Female,59,57,62775.0,Affluent,0,0,0,0.1319,Two year,DSL,69.75
2208-MPXIO,Female,52,45,18000.0,Mass,0,1,0,0.102,Two year,No,20.0
1960-UYCNN,Male,33,10,85725.0,HNI,1,0,0,0.5429,Month-to-month,Fiber optic,95.25
0348-SDKOL,Female,59,58,91890.0,HNI,1,1,1,0.8201,Month-to-month,Fiber optic,102.1
3190-FZATL,Male,35,14,17955.0,Mass,1,0,0,0.4368,Month-to-month,No,19.95
7336-RLLRH,Male,42,27,72765.0,HNI,0,0,0,0.2282,One year,DSL,80.85
4373-MAVJG,Female,35,14,81810.0,HNI,1,1,1,0.9265,Month-to-month,Fiber optic,90.9
8901-HJXTF,Female,34,12,26280.0,Mass,1,0,1,0.854,Month-to-month,DSL,29.2
7710-JSYOA,Female,65,69,83970.0,HNI,0,1,0,0.1288,Two year,Fiber optic,93.3
5419-KLXBN,Female,41,25,80235.0,HNI,1,1,1,0.8941,Month-to-month,Fiber optic,89.15
3424-NMNBO,Male,68,58,97965.0,HNI,0,0,1,0.5786,One year,Fiber optic,108.85
9885-MFVSU,Female,47,35,41715.0,Mass,0,1,0,0.1627,Two year,DSL,46.35
4514-GFCFI,Female,68,16,76275.0,HNI,1,0,1,0.9132,Month-to-month,Fiber optic,84.75
0607-MVMGC,Male,52,45,70875.0,Affluent,0,1,0,0.1762,One year,DSL,78.75
3365-SAIGS,Female,37,17,75195.0,HNI,1,0,0,0.509,Month-to-month,Fiber optic,83.55
9828-AOQLM,Female,28,1,41130.0,Mass,1,0,1,0.905,Month-to-month,DSL,45.7
8022-BECSI,Male,40,22,17640.0,Mass,0,0,0,0.1645,One year,No,19.6
8000-REIQB,Female,68,1,62955.0,Affluent,1,0,1,0.9356,Month-to-month,Fiber optic,69.95
9993-LHIEB,Male,64,67,61065.0,Affluent,0,0,0,0.1021,Two year,DSL,67.85
0266-CLZKZ,Female,64,67,95085.0,HNI,0,1,0,0.1499,Two year,Fiber optic,105.65
7615-ESMYF,Female,29,2,40140.0,Mass,1,0,1,0.9009,Month-to-month,DSL,44.6
3858-VOBET,Male,40,23,67455.0,Affluent,1,0,1,0.8817,Month-to-month,Fiber optic,74.95
7020-OZKXZ,Female,68,9,67950.0,Affluent,1,1,0,0.5207,Month-to-month,Fiber optic,75.5
3977-QCRSL,Female,30,5,18135.0,Mass,1,0,0,0.4618,Month-to-month,No,20.15
0017-DINOC,Male,57,54,40680.0,Mass,0,1,0,0.1091,Two year,DSL,45.2
1447-PJGGA,Female,59,57,85725.0,HNI,0,0,1,0.5642,Two year,Fiber optic,95.25
8565-CLBZW,Male,41,24,80865.0,HNI,1,0,1,0.8977,Month-to-month,Fiber optic,89.85
9139-WQQDY,Female,54,49,90405.0,HNI,0,0,1,0.5926,One year,Fiber optic,100.45
0224-HJAPT,Male,30,5,42435.0,Mass,1,0,1,0.8959,Month-to-month,DSL,47.15
8086-OVPWV,Male,29,2,72180.0,HNI,1,0,1,0.9458,Month-to-month,Fiber optic,80.2
9430-FRQOC,Female,30,4,78390.0,HNI,1,0,1,0.9491,Month-to-month,Fiber optic,87.1
7639-OPLNG,Male,65,70,71325.0,Affluent,0,1,0,0.1083,Two year,DSL,79.25
3074-GQWYX,Male,30,5,68310.0,Affluent,1,1,1,0.9322,Month-to-month,Fiber optic,75.9
1492-QGCLU,Male,57,53,77130.0,HNI,1,0,0,0.413,Month-to-month,DSL,85.7
6845-RGTYS,Female,53,47,88875.0,HNI,1,0,1,0.846,Month-to-month,Fiber optic,98.75
7328-OWMOM,Female,45,31,18090.0,Mass,0,1,0,0.1405,One year,No,20.1
4418-LZMSV,Male,35,13,55620.0,Affluent,1,1,0,0.4924,Month-to-month,DSL,61.8
5155-AZQPB,Female,43,28,44910.0,Mass,1,0,0,0.4363,Month-to-month,DSL,49.9
8861-HGGKB,Female,33,10,77805.0,HNI,1,0,1,0.9318,Month-to-month,Fiber optic,86.45
1087-GRUYI,Male,48,38,18360.0,Mass,0,1,0,0.1217,Two year,No,20.4
7065-YUNRY,Female,28,1,40770.0,Mass,1,0,1,0.9045,Month-to-month,DSL,45.3
7694-VLBWQ,Male,64,67,93690.0,HNI,0,0,1,0.5479,One year,Fiber optic,104.1
2546-KZAAT,Male,56,52,67860.0,Affluent,0,0,0,0.1528,One year,DSL,75.4
0181-RITDD,Male,62,62,97335.0,HNI,0,0,0,0.1667,Two year,Fiber optic,108.15
5989-PGKJB,Female,36,16,77625.0,HNI,1,0,0,0.5151,Month-to-month,Fiber optic,86.25
4795-KTRTH,Female,68,5,72900.0,HNI,1,0,1,0.9386,Month-to-month,Fiber optic,81.0
8272-ONJLV,Male,34,12,86130.0,HNI,0,0,0,0.288,One year,Fiber optic,95.7
1488-PBLJN,Female,65,72,105165.0,HNI,0,1,0,0.1503,Two year,Fiber optic,116.85
0308-GIQJT,Male,68,71,95175.0,HNI,0,1,0,0.1391,One year,Fiber optic,105.75
3778-FOAQW,Female,41,24,18135.0,Mass,0,0,0,0.1597,One year,No,20.15
4452-ROHMO,Female,36,15,17640.0,Mass,0,0,0,0.1837,Two year,No,19.6
6481-OGDOO,Male,64,67,81540.0,HNI,0,1,1,0.5309,One year,Fiber optic,90.6
3090-LETTY,Male,29,2,54855.0,Affluent,1,1,0,0.5215,Month-to-month,DSL,60.95
5349-AZPEW,Female,30,5,22545.0,Mass,1,0,0,0.4679,Month-to-month,DSL,25.05
3753-TSEMP,Female,36,15,79335.0,HNI,1,0,1,0.9203,Month-to-month,Fiber optic,88.15
8305-VHZBZ,Male,28,1,18180.0,Mass,1,0,1,0.8728,Month-to-month,No,20.2
9720-JJJOR,Male,50,41,54270.0,Affluent,0,1,0,0.1638,One year,DSL,60.3
8100-HZZLJ,Female,51,43,57555.0,Affluent,1,0,0,0.413,Month-to-month,DSL,63.95
8775-ERLNB,Male,68,1,66870.0,Affluent,1,0,0,0.5411,Month-to-month,Fiber optic,74.3
8309-IEYJD,Female,68,1,63540.0,Affluent,1,0,0,0.5364,Month-to-month,Fiber optic,70.6
9172-JITSM,Female,42,26,81720.0,HNI,1,0,1,0.8935,Month-to-month,Fiber optic,90.8
6298-QDFNH,Male,40,22,71415.0,Affluent,1,0,1,0.89,Month-to-month,Fiber optic,79.35
7398-HPYZQ,Male,65,71,81495.0,HNI,0,1,0,0.1199,Two year,DSL,90.55
3546-GHEAE,Male,31,7,17505.0,Mass,0,0,0,0.2054,Two year,No,19.45
7361-YPXFS,Female,68,28,58005.0,Affluent,1,1,0,0.4547,Month-to-month,DSL,64.45
6557-BZXLQ,Male,68,16,62685.0,Affluent,1,0,0,0.4941,Month-to-month,Fiber optic,69.65
2550-QHZGP,Male,31,7,17550.0,Mass,0,0,0,0.2055,One year,No,19.5
7519-JTWQH,Female,65,69,99450.0,HNI,0,1,0,0.1505,Two year,Fiber optic,110.5
2538-OIMXF,Female,28,1,22230.0,Mass,1,0,0,0.4785,Month-to-month,DSL,24.7
8543-MSDMF,Male,29,3,69660.0,Affluent,1,0,0,0.5395,Month-to-month,DSL,77.4
9961-JBNMK,Male,68,21,87120.0,HNI,1,1,1,0.9147,Month-to-month,Fiber optic,96.8
1170-SASML,Female,65,69,76860.0,HNI,1,1,0,0.3688,Month-to-month,Fiber optic,85.4
4872-JCVCA,Female,65,71,42840.0,Mass,0,1,0,0.0656,Two year,DSL,47.6
5346-BZCHP,Female,65,69,17460.0,Mass,0,0,0,0.0355,Two year,No,19.4
2038-LLMLM,Female,54,48,93465.0,HNI,1,0,0,0.4497,Month-to-month,Fiber optic,103.85
6173-ITPWD,Male,53,47,75015.0,HNI,1,1,1,0.8265,Month-to-month,Fiber optic,83.35
9734-UYXQI,Female,29,2,44460.0,Mass,1,0,1,0.9069,Month-to-month,DSL,49.4
1216-BGTSP,Male,52,45,97605.0,HNI,1,1,0,0.4637,Month-to-month,Fiber optic,108.45
4138-NAXED,Male,56,51,72900.0,HNI,1,1,0,0.4126,Month-to-month,Fiber optic,81.0
2189-UXTKY,Female,40,22,71280.0,Affluent,1,0,1,0.8898,Month-to-month,DSL,79.2
0744-BIKKF,Male,65,72,77985.0,HNI,0,1,0,0.1122,Two year,DSL,86.65
7483-IQWIB,Male,48,37,83655.0,HNI,1,0,0,0.466,Month-to-month,Fiber optic,92.95
5248-KWLAR,Male,65,71,81315.0,HNI,0,0,0,0.1196,Two year,DSL,90.35
4958-GZWIY,Male,31,7,43830.0,Mass,1,0,1,0.8923,Month-to-month,DSL,48.7
7996-MHXLW,Female,64,66,22635.0,Mass,0,1,0,0.0509,Two year,No,25.15
7833-PKIHD,Male,56,51,68760.0,Affluent,0,1,0,0.1568,One year,DSL,76.4
7061-OVMIM,Female,44,30,17595.0,Mass,0,1,0,0.1425,One year,No,19.55
5153-RTHKF,Female,46,34,76815.0,HNI,1,0,0,0.4647,Month-to-month,Fiber optic,85.35
1852-QSWCD,Male,63,64,22320.0,Mass,0,0,0,0.056,Two year,No,24.8
4832-VRBMR,Male,68,65,92835.0,HNI,0,1,0,0.1522,One year,Fiber optic,103.15
9079-LWTFD,Male,53,47,90675.0,HNI,1,0,0,0.4485,Month-to-month,Fiber optic,100.75
6356-ELRKD,Female,28,1,86040.0,HNI,1,0,1,0.968,Month-to-month,Fiber optic,95.6
8624-GIOUT,Female,54,49,53775.0,Affluent,1,1,1,0.7912,Month-to-month,DSL,59.75
3392-EHMNK,Female,64,67,84690.0,HNI,0,1,0,0.1353,Two year,Fiber optic,94.1
5986-WWXDV,Male,49,39,17415.0,Mass,0,1,0,0.1176,One year,No,19.35
3061-BCKYI,Male,35,14,17910.0,Mass,1,0,0,0.4368,Month-to-month,No,19.9
6179-GJPSO,Female,68,43,97335.0,HNI,1,1,1,0.8688,Month-to-month,Fiber optic,108.15
7901-TBKJX,Male,68,56,90945.0,HNI,1,0,0,0.4242,Month-to-month,Fiber optic,101.05
7228-PAQPD,Female,35,14,53190.0,Affluent,0,1,0,0.2363,One year,DSL,59.1
3177-LASXD,Female,28,1,64215.0,Affluent,1,0,1,0.9374,Month-to-month,Fiber optic,71.35
7746-QYVCO,Male,36,16,50265.0,Affluent,0,0,0,0.2267,One year,DSL,55.85
5804-HYIEZ,Male,65,70,95445.0,HNI,1,0,0,0.3922,Month-to-month,Fiber optic,106.05
9919-FZDED,Male,68,72,75690.0,HNI,0,1,0,0.109,Two year,DSL,84.1
5934-TSSAU,Female,40,23,67770.0,Affluent,1,1,0,0.4821,Month-to-month,Fiber optic,75.3
3486-KHMLI,Male,39,21,22230.0,Mass,1,0,0,0.4237,Month-to-month,No,24.7
4897-QSUYC,Female,28,1,18135.0,Mass,1,0,1,0.8727,Month-to-month,No,20.15
1084-UQCHV,Male,28,1,62775.0,Affluent,1,1,1,0.9354,Month-to-month,Fiber optic,69.75
8290-YWKHZ,Female,68,32,83880.0,HNI,1,0,1,0.8801,Month-to-month,Fiber optic,93.2
2955-BJZHG,Male,37,17,72765.0,HNI,1,0,1,0.9056,Month-to-month,Fiber optic,80.85
3806-DXQOM,Female,30,4,30285.0,Mass,1,0,1,0.8815,Month-to-month,DSL,33.65
6784-XYJAE,Female,47,36,50220.0,Affluent,0,0,0,0.1719,One year,DSL,55.8
3933-DQPWX,Female,55,50,35730.0,Mass,0,1,0,0.1132,Two year,DSL,39.7
6661-EIPZC,Female,54,48,26550.0,Mass,1,1,0,0.3558,Month-to-month,DSL,29.5
8957-THMOA,Female,55,50,18135.0,Mass,0,1,0,0.0885,Two year,No,20.15
2251-PYLPB,Male,65,72,71595.0,Affluent,0,1,0,0.1032,Two year,DSL,79.55
5555-RNPGT,Male,33,10,22320.0,Mass,1,1,0,0.4539,Month-to-month,No,24.8
1057-FOGLZ,Female,37,18,17685.0,Mass,1,0,0,0.4255,Month-to-month,No,19.65
9300-RENDD,Male,28,1,71955.0,Affluent,1,0,1,0.9482,Month-to-month,Fiber optic,79.95
0761-AETCS,Female,28,1,17370.0,Mass,1,0,1,0.8716,Month-to-month,No,19.3
8087-LGYHQ,Male,32,9,84645.0,HNI,1,0,0,0.5441,Month-to-month,Fiber optic,94.05
4137-BTIKL,Male,29,2,81675.0,HNI,1,0,0,0.5592,Month-to-month,Fiber optic,90.75
2190-BCXEC,Female,50,40,70965.0,Affluent,1,1,0,0.44,Month-to-month,Fiber optic,78.85
6227-FBDXH,Male,65,69,89550.0,HNI,0,1,0,0.1366,One year,Fiber optic,99.5
2153-MREFK,Female,48,37,89280.0,HNI,0,0,1,0.6239,One year,Fiber optic,99.2
2911-WDXMV,Male,37,18,72495.0,HNI,1,1,0,0.5024,Month-to-month,Fiber optic,80.55
7206-PQBBZ,Male,68,11,63180.0,Affluent,1,0,0,0.5085,Month-to-month,Fiber optic,70.2
3106-ULWFW,Female,32,8,76680.0,HNI,1,1,1,0.9357,Month-to-month,Fiber optic,85.2
0925-VYDLG,Female,29,3,67725.0,Affluent,1,0,1,0.9368,Month-to-month,Fiber optic,75.25
4547-FZJWE,Male,58,55,53505.0,Affluent,0,1,0,0.1244,One year,DSL,59.45
7422-WNBTY,Male,46,33,84015.0,HNI,1,0,0,0.4775,Month-to-month,Fiber optic,93.35
0842-IWYCP,Female,53,46,40455.0,Mass,1,1,0,0.3808,Month-to-month,DSL,44.95
3521-HTQTV,Male,46,34,23490.0,Mass,0,1,0,0.1398,Two year,No,26.1
3744-ZBHON,Female,29,3,18180.0,Mass,1,0,0,0.4673,Month-to-month,No,20.2
3373-DIUUN,Male,44,30,19125.0,Mass,0,0,0,0.1447,Two year,No,21.25
8383-SGHJU,Female,46,33,53460.0,Affluent,0,0,0,0.1846,One year,DSL,59.4
7607-QKKTJ,Male,52,45,85500.0,HNI,0,1,0,0.1967,One year,Fiber optic,95.0
7707-PYBBH,Male,50,40,55710.0,Affluent,1,0,0,0.4186,Month-to-month,DSL,61.9
8984-HPEMB,Female,65,71,106785.0,HNI,0,0,0,0.1554,Two year,Fiber optic,118.65
4349-GFQHK,Male,28,1,48915.0,Affluent,1,0,1,0.9159,Month-to-month,DSL,54.35
4139-DETXS,Female,65,72,58005.0,Affluent,0,1,0,0.0842,Two year,DSL,64.45
9779-DPNEJ,Female,40,22,72135.0,HNI,1,0,0,0.491,Month-to-month,Fiber optic,80.15
9805-FILKB,Male,53,46,18180.0,Mass,0,1,0,0.0995,One year,No,20.2
5793-YOLJN,Female,58,55,18900.0,Mass,0,0,0,0.0758,Two year,No,21.0
0673-IGUQO,Male,28,1,18405.0,Mass,1,0,0,0.4731,Month-to-month,No,20.45
4123-FCVCB,Female,34,12,68265.0,Affluent,0,0,0,0.2629,One year,DSL,75.85
8819-IMISP,Male,45,31,72405.0,HNI,1,0,0,0.4667,Month-to-month,Fiber optic,80.45
7802-EFKNY,Male,30,5,22455.0,Mass,1,0,1,0.8678,Month-to-month,DSL,24.95
8311-UEUAB,Female,64,67,67950.0,Affluent,0,0,0,0.1118,Two year,DSL,75.5
5858-EAFCZ,Male,28,1,40005.0,Mass,1,0,0,0.5034,Month-to-month,DSL,44.45
8035-BUYVG,Male,50,40,38115.0,Mass,0,0,1,0.5439,One year,DSL,42.35
1163-ONYEY,Male,50,41,67095.0,Affluent,1,1,0,0.4318,Month-to-month,DSL,74.55
9787-XVQIU,Male,28,1,67770.0,Affluent,1,0,1,0.9424,Month-to-month,Fiber optic,75.3
8945-MUQUF,Male,56,51,85320.0,HNI,0,0,1,0.58,One year,Fiber optic,94.8
5656-MJEFC,Male,51,42,43335.0,Mass,0,1,0,0.1458,Two year,DSL,48.15
6082-OQFBA,Male,40,23,17685.0,Mass,0,0,0,0.1618,One year,No,19.65
8051-HJRLT,Female,68,1,63495.0,Affluent,1,0,1,0.9364,Month-to-month,Fiber optic,70.55
8974-OVACP,Female,28,1,18135.0,Mass,1,0,0,0.4727,Month-to-month,No,20.15
4010-YLMVT,Female,58,56,95940.0,HNI,1,1,0,0.4312,Month-to-month,Fiber optic,106.6
1379-FRVEB,Male,36,15,81900.0,HNI,1,0,0,0.5239,Month-to-month,Fiber optic,91.0
8612-GXIDD,Male,34,12,22860.0,Mass,0,1,0,0.1992,Two year,No,25.4
6288-CHQJB,Female,57,54,62955.0,Affluent,0,1,0,0.1404,Two year,DSL,69.95
8160-HOWOX,Female,31,7,60165.0,Affluent,1,0,0,0.5153,Month-to-month,DSL,66.85
3023-GFLBR,Female,46,33,77535.0,HNI,1,1,1,0.8684,Month-to-month,Fiber optic,86.15
6648-INWPS,Male,36,16,18135.0,Mass,1,0,0,0.4316,Month-to-month,No,20.15
4223-BKEOR,Female,39,21,58365.0,Affluent,0,0,0,0.2244,One year,DSL,64.85
4079-VTGLK,Male,68,30,67365.0,Affluent,0,0,0,0.2124,Two year,DSL,74.85
1763-WQFUK,Male,29,3,45450.0,Affluent,1,0,0,0.5056,Month-to-month,DSL,50.5
1391-UBDAR,Male,34,11,65610.0,Affluent,1,0,0,0.5119,Month-to-month,Fiber optic,72.9
8894-JVDCV,Female,62,62,103545.0,HNI,0,1,0,0.1755,One year,Fiber optic,115.05
2023-VQFDL,Male,37,18,17100.0,Mass,1,0,0,0.4247,Month-to-month,No,19.0
1345-GKDZZ,Male,31,6,17595.0,Mass,1,0,0,0.4583,Month-to-month,No,19.55
2014-MKGMH,Female,53,46,90990.0,HNI,0,0,0,0.2017,One year,Fiber optic,101.1
5628-FCGYG,Male,39,21,75690.0,HNI,1,0,0,0.4987,Month-to-month,Fiber optic,84.1
2560-WBWXF,Male,65,68,21735.0,Mass,0,1,0,0.0442,Two year,No,24.15
0248-IPDFW,Female,28,1,45090.0,Affluent,1,0,0,0.5105,Month-to-month,DSL,50.1
7978-DKUQH,Female,41,25,67140.0,Affluent,1,0,0,0.4757,Month-to-month,Fiber optic,74.6
4335-UPJSI,Female,41,24,17775.0,Mass,0,0,0,0.1592,Two year,No,19.75
0524-IAVZO,Female,44,30,76500.0,HNI,1,0,1,0.8752,Month-to-month,Fiber optic,85.0
2737-YNGYW,Female,29,2,72495.0,HNI,1,0,1,0.9463,Month-to-month,Fiber optic,80.55
1784-EZDKJ,Male,56,51,96120.0,HNI,0,1,0,0.1952,One year,Fiber optic,106.8
9297-FVVDH,Female,59,57,76050.0,HNI,0,0,0,0.1506,Two year,DSL,84.5
8007-YYPWD,Female,36,15,22545.0,Mass,0,1,0,0.1905,Two year,No,25.05
7101-HRBLJ,Female,65,72,75330.0,HNI,0,1,0,0.1085,Two year,DSL,83.7
5159-YFPKQ,Female,29,2,68220.0,Affluent,1,0,1,0.9403,Month-to-month,Fiber optic,75.8
6635-CPNUN,Male,43,28,86940.0,HNI,1,1,0,0.4953,Month-to-month,Fiber optic,96.6
4021-RQSNY,Male,68,29,88650.0,HNI,1,0,1,0.895,Month-to-month,Fiber optic,98.5
5453-YBTWV,Male,65,70,90990.0,HNI,0,1,0,0.1359,Two year,Fiber optic,101.1
5039-LZRQT,Female,35,13,18180.0,Mass,0,0,0,0.1899,One year,No,20.2
2931-VUVJN,Female,68,59,84645.0,HNI,0,0,0,0.1572,One year,Fiber optic,94.05
9061-TIHDA,Male,68,13,85725.0,HNI,1,0,1,0.9347,Month-to-month,Fiber optic,95.25
8699-ASUFO,Male,68,7,66960.0,Affluent,1,0,1,0.9248,Month-to-month,Fiber optic,74.4
6418-PIQSP,Female,62,62,72900.0,HNI,0,0,0,0.1325,Two year,DSL,81.0
8220-OCUFY,Female,39,21,54225.0,Affluent,0,0,0,0.2186,One year,DSL,60.25
3995-WFCSM,Female,29,2,54765.0,Affluent,1,0,0,0.5214,Month-to-month,DSL,60.85
1895-QTKDO,Female,28,1,39555.0,Mass,1,1,0,0.5028,Month-to-month,DSL,43.95
2038-OEQZH,Male,30,4,77445.0,HNI,1,0,0,0.5477,Month-to-month,Fiber optic,86.05
1178-PZGAB,Female,38,19,18225.0,Mass,0,1,0,0.1735,One year,No,20.25
7927-AUXBZ,Female,44,30,76635.0,HNI,1,0,1,0.8754,Month-to-month,Fiber optic,85.15
2626-VEEWG,Male,64,67,17460.0,Mass,0,1,0,0.0409,Two year,No,19.4
2878-RMWXY,Male,68,72,92385.0,HNI,0,1,0,0.1324,Two year,Fiber optic,102.65
1657-DYMBM,Male,57,53,17910.0,Mass,0,1,0,0.0799,Two year,No,19.9
7311-MQJCH,Female,30,5,17595.0,Mass,0,0,0,0.211,One year,No,19.55
7375-WMVMT,Male,68,71,85950.0,HNI,0,1,0,0.1261,Two year,Fiber optic,95.5
1136-XGEQU,Female,55,50,75735.0,HNI,0,1,0,0.1693,One year,DSL,84.15
2530-FMFXO,Male,58,56,92880.0,HNI,0,0,0,0.1769,Two year,Fiber optic,103.2
6844-DZKRF,Male,29,2,45180.0,Affluent,1,1,0,0.5079,Month-to-month,DSL,50.2
4695-WJZUE,Female,68,2,79695.0,HNI,1,0,1,0.9564,Month-to-month,Fiber optic,88.55
7619-ODSGN,Male,41,24,49275.0,Affluent,1,0,1,0.8534,Month-to-month,DSL,54.75
5970-GHJAW,Male,53,46,17955.0,Mass,0,1,0,0.0992,Two year,No,19.95
8879-XUAHX,Male,65,71,104625.0,HNI,0,0,0,0.1523,Two year,Fiber optic,116.25
3689-MOZGR,Female,43,29,28080.0,Mass,1,0,0,0.41,Month-to-month,DSL,31.2
4195-PNGZS,Male,65,69,22005.0,Mass,0,1,0,0.0418,Two year,No,24.45
5003-XZWWO,Male,65,71,75780.0,HNI,0,1,0,0.1118,Two year,DSL,84.2
3988-RQIXO,Female,68,1,82170.0,HNI,1,0,1,0.9626,Month-to-month,Fiber optic,91.3
7622-FWGEW,Male,68,56,77085.0,HNI,0,1,0,0.1548,Two year,DSL,85.65
6922-NCEDI,Male,58,56,19080.0,Mass,0,0,0,0.0734,One year,No,21.2
2514-GINMM,Male,28,1,71550.0,Affluent,1,0,1,0.9477,Month-to-month,Fiber optic,79.5
9891-NQDBD,Female,43,28,22995.0,Mass,0,0,0,0.1556,One year,No,25.55
6131-IUNXN,Female,38,19,18180.0,Mass,1,0,0,0.4235,Month-to-month,No,20.2
8548-AWOFC,Male,64,66,57465.0,Affluent,1,0,0,0.3498,Month-to-month,DSL,63.85
9798-DRYDS,Female,37,17,55755.0,Affluent,0,0,0,0.2317,One year,DSL,61.95
8532-UEFWH,Male,56,52,23175.0,Mass,0,0,0,0.0901,Two year,No,25.75
6296-DDOOR,Female,38,19,52380.0,Affluent,0,0,0,0.2215,One year,DSL,58.2
7951-VRDVK,Female,47,36,77265.0,HNI,0,1,0,0.2098,One year,DSL,85.85
5931-FLJJF,Male,68,7,63090.0,Affluent,1,0,1,0.9194,Month-to-month,Fiber optic,70.1
4815-YOSUK,Male,65,72,94410.0,HNI,0,1,0,0.1352,One year,Fiber optic,104.9
2659-VXMWZ,Male,64,67,100170.0,HNI,0,0,1,0.557,One year,Fiber optic,111.3
0380-NEAVX,Male,68,34,89865.0,HNI,0,0,0,0.233,One year,Fiber optic,99.85
3207-OYBWH,Male,68,57,85725.0,HNI,1,1,1,0.8142,Month-to-month,Fiber optic,95.25
4285-GYRQC,Female,31,7,77625.0,HNI,1,0,1,0.9398,Month-to-month,Fiber optic,86.25
7216-EWTRS,Female,68,1,90720.0,HNI,1,0,1,0.9746,Month-to-month,Fiber optic,100.8
4365-MSDYN,Male,32,8,17595.0,Mass,1,1,0,0.4528,Month-to-month,No,19.55
7036-TYDEC,Female,65,69,93600.0,HNI,0,0,0,0.1423,Two year,Fiber optic,104.0
5802-ADBRC,Female,55,50,93960.0,HNI,0,0,0,0.1949,One year,Fiber optic,104.4
8076-FEZKJ,Male,33,10,17550.0,Mass,0,0,0,0.1972,One year,No,19.5
5197-YPYBZ,Female,34,12,22725.0,Mass,0,1,0,0.199,Two year,No,25.25
8337-MSSXB,Female,35,14,77670.0,HNI,1,0,1,0.9207,Month-to-month,Fiber optic,86.3
4312-GVYNH,Female,65,70,44865.0,Mass,0,1,0,0.0712,Two year,DSL,49.85
8495-LJDFO,Female,68,64,98055.0,HNI,1,1,0,0.4123,Month-to-month,Fiber optic,108.95
0839-JTCUD,Female,64,66,80910.0,HNI,0,1,0,0.1327,Two year,DSL,89.9
5494-WOZRZ,Female,65,71,73800.0,HNI,0,1,0,0.1091,Two year,DSL,82.0
1302-UHBDD,Male,68,20,80955.0,HNI,1,0,0,0.5088,Month-to-month,Fiber optic,89.95
2234-EOFPT,Male,65,72,71415.0,Affluent,0,1,0,0.103,Two year,DSL,79.35
8619-IJNDK,Female,65,71,57645.0,Affluent,0,1,0,0.0864,Two year,DSL,64.05
8378-LKJAF,Male,48,38,91035.0,HNI,1,1,0,0.4737,Month-to-month,Fiber optic,101.15
8182-BJDSI,Female,43,28,80955.0,HNI,1,0,1,0.8869,Month-to-month,Fiber optic,89.95
2528-HFYZX,Male,68,17,68805.0,Affluent,1,0,1,0.9,Month-to-month,Fiber optic,76.45
1153-GNOLC,Male,46,33,35190.0,Mass,0,0,0,0.159,One year,DSL,39.1
3298-QEICA,Female,40,23,31140.0,Mass,0,0,0,0.1807,Two year,DSL,34.6
0788-DXBFY,Male,59,58,17595.0,Mass,0,0,0,0.0658,One year,No,19.55
3597-YASZG,Female,68,70,94005.0,HNI,0,1,0,0.1402,Two year,Fiber optic,104.45
3496-LFSZU,Male,30,4,63450.0,Affluent,1,0,0,0.5281,Month-to-month,Fiber optic,70.5
5242-UOWHD,Male,52,45,18315.0,Mass,0,0,0,0.1024,Two year,No,20.35
2482-CZGBB,Male,33,10,63000.0,Affluent,1,0,1,0.911,Month-to-month,Fiber optic,70.0
6479-SZPLM,Male,47,36,17505.0,Mass,0,1,0,0.1259,Two year,No,19.45
8097-VBQTZ,Male,57,54,62910.0,Affluent,1,0,0,0.3903,Month-to-month,DSL,69.9
4500-HKANN,Male,40,23,53730.0,Affluent,0,0,0,0.2124,Two year,DSL,59.7
9917-KWRBE,Female,50,41,70515.0,Affluent,0,1,0,0.1866,One year,DSL,78.35
3420-ZDBMA,Male,68,5,64305.0,Affluent,1,0,0,0.5266,Month-to-month,Fiber optic,71.45
2212-LYASK,Male,42,27,41265.0,Mass,0,1,0,0.1839,One year,DSL,45.85
1393-IMKZG,Female,28,1,86265.0,HNI,1,0,0,0.5683,Month-to-month,Fiber optic,95.85
8069-RHUXK,Female,64,67,32130.0,Mass,0,1,0,0.0615,Two year,DSL,35.7
3398-GCPMU,Female,68,72,80595.0,HNI,0,1,0,0.1159,Two year,DSL,89.55
2908-WGAXL,Female,58,56,22455.0,Mass,0,1,0,0.0781,Two year,No,24.95
3378-AJRAO,Male,52,44,22365.0,Mass,0,0,0,0.1108,One year,No,24.85
1013-QCWAM,Female,68,66,90720.0,HNI,1,0,0,0.3965,Month-to-month,Fiber optic,100.8
0866-QLSIR,Female,46,34,57960.0,Affluent,0,0,1,0.5882,One year,DSL,64.4
6050-FFXES,Female,65,69,94815.0,HNI,0,1,0,0.144,Two year,Fiber optic,105.35
7181-BQYBV,Female,28,1,92205.0,HNI,1,0,1,0.9767,Month-to-month,Fiber optic,102.45
0362-RAOQO,Female,50,40,17685.0,Mass,0,1,0,0.1152,Two year,No,19.65
9554-DFKIC,Male,44,30,49005.0,Affluent,1,1,0,0.4366,Month-to-month,DSL,54.45
5527-ACHSO,Female,34,11,63450.0,Affluent,1,0,0,0.5089,Month-to-month,DSL,70.5
0829-DDVLK,Female,36,15,18090.0,Mass,0,1,0,0.1843,One year,No,20.1
1399-UBQIU,Male,34,11,62415.0,Affluent,1,0,0,0.5075,Month-to-month,DSL,69.35
1813-JLKWR,Female,63,64,17820.0,Mass,0,1,0,0.0497,One year,No,19.8
0336-PIKEI,Male,68,72,66960.0,Affluent,0,1,0,0.0967,Two year,DSL,74.4
7322-OCWHC,Male,68,72,83745.0,HNI,0,1,0,0.1203,Two year,Fiber optic,93.05
9537-VHDTA,Female,28,1,46080.0,Affluent,1,0,0,0.5119,Month-to-month,DSL,51.2
4957-TIALW,Female,36,15,59040.0,Affluent,0,1,0,0.2418,One year,DSL,65.6
2054-PJOCK,Female,61,60,72495.0,HNI,0,1,0,0.1374,One year,DSL,80.55
9150-HEPMB,Male,58,56,47430.0,Affluent,0,0,0,0.1131,One year,DSL,52.7
9030-QGZNL,Female,32,8,18765.0,Mass,0,0,0,0.2044,Two year,No,20.85
6204-IEUXJ,Female,29,3,72090.0,HNI,1,1,1,0.943,Month-to-month,Fiber optic,80.1
3126-WQMGH,Female,54,49,46935.0,Affluent,1,1,0,0.3816,Month-to-month,DSL,52.15
4529-CKBCL,Female,29,2,72180.0,HNI,1,0,1,0.9458,Month-to-month,Fiber optic,80.2
2506-CLAKW,Female,31,6,88335.0,HNI,1,1,1,0.9575,Month-to-month,Fiber optic,98.15
7176-WRTNX,Male,65,70,103455.0,HNI,0,1,0,0.1534,Two year,Fiber optic,114.95
1583-IHQZE,Male,34,12,101655.0,HNI,1,0,1,0.9598,Month-to-month,Fiber optic,112.95
5732-IKGQH,Male,68,52,94005.0,HNI,0,1,0,0.1895,One year,Fiber optic,104.45
9239-GZHZE,Female,65,72,102285.0,HNI,0,1,0,0.1463,Two year,Fiber optic,113.65
7205-BAIAD,Female,50,40,18540.0,Mass,0,1,0,0.1164,Two year,No,20.6
0151-ONTOV,Female,28,1,63810.0,Affluent,1,0,1,0.9368,Month-to-month,Fiber optic,70.9
4140-MUHUG,Female,68,3,78165.0,HNI,1,0,1,0.9515,Month-to-month,Fiber optic,86.85
0093-EXYQL,Female,68,40,82395.0,HNI,1,0,0,0.4561,Month-to-month,Fiber optic,91.55
8064-RAVOH,Male,28,1,44865.0,Mass,1,0,0,0.5102,Month-to-month,DSL,49.85
0219-QAERP,Male,44,30,17820.0,Mass,0,1,0,0.1428,One year,No,19.8
0320-JDNQG,Male,40,23,89865.0,HNI,1,0,1,0.9131,Month-to-month,Fiber optic,99.85
7180-PISOG,Male,28,1,67050.0,Affluent,1,0,1,0.9414,Month-to-month,Fiber optic,74.5
9168-INPSZ,Female,68,44,93735.0,HNI,1,0,0,0.461,Month-to-month,Fiber optic,104.15
3571-RFHAR,Male,63,65,98235.0,HNI,1,0,1,0.8098,Month-to-month,Fiber optic,109.15
0015-UOCOJ,Female,68,7,43380.0,Mass,1,0,0,0.4917,Month-to-month,DSL,48.2
5334-AFQJB,Male,68,72,22590.0,Mass,0,1,0,0.0344,Two year,No,25.1
2754-SDJRD,Female,68,8,90135.0,HNI,1,1,0,0.5546,Month-to-month,Fiber optic,100.15
9578-VRMNM,Female,36,16,58680.0,Affluent,1,1,1,0.8885,Month-to-month,DSL,65.2
1587-FKLZB,Male,68,66,89550.0,HNI,1,1,1,0.7949,Month-to-month,Fiber optic,99.5
6140-QNRQQ,Male,28,1,64395.0,Affluent,1,0,1,0.9376,Month-to-month,Fiber optic,71.55
8963-JLGJT,Male,29,3,50310.0,Affluent,1,0,0,0.5124,Month-to-month,DSL,55.9
4307-KTUMW,Male,57,53,84510.0,HNI,1,0,1,0.8234,Month-to-month,Fiber optic,93.9
1465-LNTLJ,Male,68,8,57960.0,Affluent,1,1,0,0.5094,Month-to-month,DSL,64.4
5440-FLBQG,Male,68,69,97560.0,HNI,0,1,1,0.5479,Two year,Fiber optic,108.4
2135-DQWAQ,Female,30,5,76770.0,HNI,1,0,0,0.544,Month-to-month,Fiber optic,85.3
4056-QHXHZ,Female,65,72,96705.0,HNI,0,0,0,0.1385,Two year,Fiber optic,107.45
7470-MCQTK,Female,35,13,43875.0,Mass,1,1,1,0.876,Month-to-month,DSL,48.75
7488-MXJIV,Female,30,4,77085.0,HNI,1,0,1,0.9472,Month-to-month,Fiber optic,85.65
7401-JIXNM,Female,57,54,82170.0,HNI,0,1,0,0.1674,Two year,DSL,91.3
9339-FIIJL,Male,65,72,77355.0,HNI,0,1,0,0.1113,Two year,DSL,85.95
2027-FECZV,Male,34,12,96030.0,HNI,1,0,1,0.9519,Month-to-month,Fiber optic,106.7
2672-DZUOY,Male,28,1,22635.0,Mass,1,0,1,0.879,Month-to-month,DSL,25.15
4706-DGAHW,Male,68,1,40680.0,Mass,1,0,0,0.5044,Month-to-month,DSL,45.2
3870-MQAMG,Female,57,54,99315.0,HNI,0,0,1,0.5914,One year,Fiber optic,110.35
6670-MFRPK,Male,65,69,71280.0,Affluent,0,1,0,0.111,Two year,Fiber optic,79.2
6177-PEVRA,Female,54,48,49950.0,Affluent,0,1,0,0.1386,Two year,DSL,55.5
4800-CZMPC,Female,54,48,92925.0,HNI,0,1,1,0.5989,One year,Fiber optic,103.25
4813-HQMGZ,Female,32,8,81225.0,HNI,1,0,0,0.5421,Month-to-month,Fiber optic,90.25
7579-KKLOE,Male,65,71,82125.0,HNI,0,0,0,0.1207,Two year,DSL,91.25
7377-DMMRI,Male,29,2,43020.0,Mass,1,0,1,0.9049,Month-to-month,DSL,47.8
8402-EIVQS,Male,64,67,90810.0,HNI,0,1,0,0.1439,One year,Fiber optic,100.9
4947-DSMXK,Male,46,34,87930.0,HNI,1,1,0,0.4803,Month-to-month,Fiber optic,97.7
7245-NIIWQ,Female,29,3,62865.0,Affluent,1,0,0,0.53,Month-to-month,Fiber optic,69.85
0002-ORFBO,Female,32,9,59040.0,Affluent,0,0,0,0.2582,One year,DSL,65.6
3324-OIRTO,Male,65,71,94185.0,HNI,0,1,0,0.1377,One year,Fiber optic,104.65
5414-OFQCB,Male,59,57,81405.0,HNI,0,1,0,0.1581,Two year,Fiber optic,90.45
4967-WPNCF,Male,65,72,57330.0,Affluent,0,1,0,0.0832,Two year,DSL,63.7
8552-OBVRU,Female,68,48,94050.0,HNI,1,0,0,0.4505,Month-to-month,Fiber optic,104.5
8499-BRXTD,Male,37,18,18090.0,Mass,0,0,0,0.1761,One year,No,20.1
9154-QDGTH,Male,51,43,93870.0,HNI,0,1,0,0.2139,One year,Fiber optic,104.3
8197-BFWVU,Female,65,72,83925.0,HNI,0,1,0,0.1205,Two year,DSL,93.25
2577-GVSIL,Male,47,35,66105.0,Affluent,0,1,0,0.1969,One year,DSL,73.45
9367-OIUXP,Male,30,4,18630.0,Mass,1,0,0,0.4652,Month-to-month,No,20.7
6770-UAYGJ,Female,54,49,22725.0,Mass,0,0,0,0.0976,Two year,No,25.25
6463-HHXJR,Female,65,71,90450.0,HNI,0,1,0,0.1324,Two year,Fiber optic,100.5
7928-VJYAB,Male,34,11,81540.0,HNI,1,0,0,0.5343,Month-to-month,Fiber optic,90.6
1187-WILMM,Male,62,63,80460.0,HNI,0,1,0,0.1403,Two year,DSL,89.4
9776-OJUZI,Female,68,65,85905.0,HNI,1,1,0,0.3925,Month-to-month,Fiber optic,95.45
1306-RPWXZ,Female,54,49,18405.0,Mass,0,1,0,0.0916,Two year,No,20.45
8949-JTMAY,Female,43,29,88740.0,HNI,1,1,1,0.8951,Month-to-month,Fiber optic,98.6
2774-LVQUS,Female,68,15,74745.0,HNI,1,0,1,0.9138,Month-to-month,Fiber optic,83.05
3097-PYWXL,Female,30,4,17955.0,Mass,1,0,0,0.4642,Month-to-month,No,19.95
2266-SJNAT,Female,65,72,98235.0,HNI,0,1,0,0.1406,One year,Fiber optic,109.15
0869-PAPRP,Female,68,26,77130.0,HNI,1,1,0,0.487,Month-to-month,Fiber optic,85.7
4238-JSSWH,Female,68,35,91845.0,HNI,1,1,0,0.483,Month-to-month,Fiber optic,102.05
2972-YDYUW,Female,59,57,85230.0,HNI,0,0,0,0.1635,One year,Fiber optic,94.7
1104-FEJAM,Male,43,28,57960.0,Affluent,1,0,0,0.4546,Month-to-month,DSL,64.4
2809-ILCYT,Female,41,25,24120.0,Mass,0,0,0,0.1654,One year,No,26.8
5499-ECUTN,Female,53,47,59445.0,Affluent,0,1,0,0.1547,One year,DSL,66.05
4981-FLTMF,Female,59,57,58680.0,Affluent,1,1,0,0.3762,Month-to-month,DSL,65.2
9121-PHQSR,Male,68,16,76545.0,HNI,1,1,0,0.5136,Month-to-month,Fiber optic,85.05
3113-IWHLC,Male,30,5,50220.0,Affluent,1,0,0,0.5068,Month-to-month,DSL,55.8
3211-ILJTT,Male,37,17,63360.0,Affluent,1,1,1,0.8924,Month-to-month,Fiber optic,70.4
4612-THJBS,Female,68,56,94275.0,HNI,0,1,1,0.5789,One year,Fiber optic,104.75
4277-BWBML,Male,65,72,17955.0,Mass,0,1,0,0.0279,Two year,No,19.95
4094-NSEDU,Female,68,21,84825.0,HNI,1,0,1,0.9115,Month-to-month,Fiber optic,94.25
0234-TEVTT,Female,54,48,40500.0,Mass,0,1,0,0.1253,One year,DSL,45.0
4304-TSPVK,Female,65,68,103410.0,HNI,0,1,0,0.1588,Two year,Fiber optic,114.9
1552-AAGRX,Female,44,30,95760.0,HNI,1,1,0,0.5022,Month-to-month,Fiber optic,106.4
2637-FKFSY,Female,29,3,41490.0,Mass,1,0,0,0.5,Month-to-month,DSL,46.1
9796-MVYXX,Female,68,14,35730.0,Mass,0,0,0,0.2118,Two year,DSL,39.7
7874-ECPQJ,Female,30,4,18045.0,Mass,1,1,0,0.4644,Month-to-month,No,20.05
0020-INWCK,Female,65,71,86175.0,HNI,0,1,0,0.1264,Two year,Fiber optic,95.75
7089-RKVSZ,Male,32,8,21960.0,Mass,0,0,0,0.2089,One year,No,24.4
2683-JXWQQ,Male,61,61,30240.0,Mass,1,1,0,0.3253,Month-to-month,DSL,33.6
9548-ZMVTX,Male,65,72,81405.0,HNI,0,1,0,0.117,Two year,Fiber optic,90.45
8739-XNIKG,Female,30,5,75600.0,HNI,1,0,0,0.5424,Month-to-month,Fiber optic,84.0
9755-JHNMN,Female,54,49,60660.0,Affluent,0,1,0,0.1509,Two year,DSL,67.4
3981-QSVQI,Male,32,8,17730.0,Mass,1,1,0,0.453,Month-to-month,No,19.7
2789-HQBOU,Male,29,3,72315.0,HNI,1,0,0,0.5433,Month-to-month,Fiber optic,80.35
9424-CMPOG,Male,32,9,17640.0,Mass,0,0,0,0.2001,Two year,No,19.6
5067-WJEUN,Male,64,67,48780.0,Affluent,0,1,0,0.0849,Two year,DSL,54.2
3450-WXOAT,Male,53,46,40680.0,Mass,1,1,0,0.3811,Month-to-month,DSL,45.2
9251-WNSOD,Female,64,67,67590.0,Affluent,0,0,0,0.1113,One year,DSL,75.1
6974-DAFLI,Female,58,55,17730.0,Mass,0,0,0,0.0742,One year,No,19.7
2616-UUTFK,Male,46,33,65475.0,Affluent,1,1,0,0.4515,Month-to-month,DSL,72.75
7064-JHXCE,Male,62,62,18045.0,Mass,0,1,0,0.0555,Two year,No,20.05
5103-MHMHY,Female,28,1,41355.0,Mass,1,0,1,0.9053,Month-to-month,DSL,45.95
7989-AWGEH,Male,54,49,35280.0,Mass,1,0,0,0.3653,Month-to-month,DSL,39.2
4373-VVHQL,Male,28,1,40275.0,Mass,1,0,0,0.5038,Month-to-month,DSL,44.75
4559-UWIHT,Male,35,14,74385.0,HNI,1,0,0,0.516,Month-to-month,Fiber optic,82.65
7268-IGMFD,Male,68,18,84510.0,HNI,1,1,0,0.5193,Month-to-month,Fiber optic,93.9
1846-XWOQN,Female,68,1,63135.0,Affluent,1,0,1,0.9359,Month-to-month,Fiber optic,70.15
0235-KGSLC,Female,28,1,76995.0,HNI,1,1,1,0.9553,Month-to-month,Fiber optic,85.55
6650-BWFRT,Female,65,72,105435.0,HNI,0,1,0,0.1507,Two year,Fiber optic,117.15
9570-KYEUA,Male,63,64,89325.0,HNI,0,1,0,0.15,Two year,Fiber optic,99.25
6993-YGFJV,Male,65,69,101295.0,HNI,0,1,0,0.1531,Two year,Fiber optic,112.55
2712-SYWAY,Female,28,1,23130.0,Mass,1,0,0,0.4797,Month-to-month,No,25.7
0730-BGQGF,Male,65,71,81270.0,HNI,0,1,0,0.1195,Two year,DSL,90.3
5498-IBWPI,Female,64,66,44460.0,Mass,0,1,0,0.0816,One year,DSL,49.4
9101-NTIXF,Male,29,2,17460.0,Mass,1,0,0,0.469,Month-to-month,No,19.4
0013-SMEOE,Female,68,71,98730.0,HNI,0,1,0,0.144,Two year,Fiber optic,109.7
9314-QDMDW,Male,34,11,55125.0,Affluent,0,0,0,0.2472,One year,DSL,61.25
9308-ANMVE,Male,53,47,49770.0,Affluent,1,0,0,0.3911,Month-to-month,DSL,55.3
2884-GBPFB,Female,47,35,63270.0,Affluent,1,0,1,0.8429,Month-to-month,Fiber optic,70.3
3757-NJYBX,Male,68,32,95715.0,HNI,1,1,1,0.8967,Month-to-month,Fiber optic,106.35
3413-DHLPB,Male,61,60,93375.0,HNI,1,1,0,0.4167,Month-to-month,Fiber optic,103.75
7649-PHJVR,Male,34,11,17550.0,Mass,0,0,0,0.1945,One year,No,19.5
6114-TCFID,Female,43,29,35550.0,Mass,0,1,0,0.1704,One year,DSL,39.5
3787-TRIAL,Male,39,21,23445.0,Mass,1,0,0,0.4254,Month-to-month,DSL,26.05
2573-GYRUU,Male,68,48,81945.0,HNI,1,1,0,0.4335,Month-to-month,Fiber optic,91.05
5156-UMKOW,Female,29,3,26685.0,Mass,1,0,0,0.4792,Month-to-month,DSL,29.65
1247-QBVSH,Female,51,43,45180.0,Affluent,1,0,0,0.3956,Month-to-month,DSL,50.2
6734-GMPVK,Male,30,5,94770.0,HNI,1,0,0,0.5693,Month-to-month,Fiber optic,105.3
9822-OAOVB,Female,28,1,49905.0,Affluent,1,0,0,0.5173,Month-to-month,DSL,55.45
6161-ERDGD,Male,65,71,76905.0,HNI,0,0,0,0.1134,One year,DSL,85.45
1226-JZNKR,Female,32,8,17820.0,Mass,0,0,0,0.2031,One year,No,19.8
7318-EIVKO,Male,32,8,53325.0,Affluent,1,0,0,0.5029,Month-to-month,DSL,59.25
3771-PZOBW,Male,39,20,81630.0,HNI,1,1,0,0.5098,Month-to-month,Fiber optic,90.7
5136-KCKGI,Female,46,33,93330.0,HNI,0,0,1,0.6406,One year,Fiber optic,103.7
8231-BSWXX,Male,65,71,71145.0,Affluent,0,1,0,0.1053,One year,Fiber optic,79.05
6486-LHTMA,Female,68,31,81630.0,HNI,0,0,0,0.2296,One year,Fiber optic,90.7
4083-BFNYK,Female,68,38,85500.0,HNI,0,1,0,0.2159,One year,Fiber optic,95.0
3722-WPXTK,Male,28,1,79515.0,HNI,1,0,1,0.9589,Month-to-month,Fiber optic,88.35
7389-KBFIT,Female,29,2,27225.0,Mass,1,0,0,0.4827,Month-to-month,DSL,30.25
7176-WIONM,Female,34,12,44865.0,Mass,1,1,0,0.4801,Month-to-month,DSL,49.85
5141-ZUVBH,Female,32,9,83700.0,HNI,1,1,0,0.5428,Month-to-month,Fiber optic,93.0
1089-HDMKP,Male,68,11,49095.0,Affluent,1,0,0,0.4888,Month-to-month,DSL,54.55
7623-HKYRK,Male,31,6,17730.0,Mass,1,0,0,0.4584,Month-to-month,No,19.7
0310-SUCIN,Female,65,71,76320.0,HNI,0,1,0,0.1126,One year,DSL,84.8
5197-PYEPU,Female,51,42,85005.0,HNI,0,1,0,0.2042,One year,Fiber optic,94.45
2929-ERCFZ,Female,32,8,84780.0,HNI,1,0,1,0.9471,Month-to-month,Fiber optic,94.2
7548-SEPYI,Female,30,5,86625.0,HNI,1,0,1,0.9579,Month-to-month,Fiber optic,96.25
8835-VSDSE,Female,29,2,63630.0,Affluent,1,0,1,0.9338,Month-to-month,Fiber optic,70.7
6619-RPLQZ,Female,52,45,18765.0,Mass,0,0,0,0.103,Two year,No,20.85
3275-RHRNE,Male,43,28,54000.0,Affluent,0,1,0,0.1991,One year,DSL,60.0
3503-TYDAY,Female,51,43,72405.0,HNI,1,0,0,0.4338,Month-to-month,Fiber optic,80.45
6901-GOGZG,Male,61,60,76455.0,HNI,0,0,0,0.1429,Two year,DSL,84.95
1623-NLDOT,Female,51,42,30195.0,Mass,0,0,1,0.5273,One year,DSL,33.55
7021-XSNYE,Male,31,7,44685.0,Mass,0,1,0,0.2435,Two year,DSL,49.65
9621-OUPYD,Female,41,25,18180.0,Mass,0,1,0,0.157,One year,No,20.2
9898-KZQDZ,Female,68,40,85095.0,HNI,1,1,1,0.8598,Month-to-month,Fiber optic,94.55
8982-NHAVY,Male,42,27,90450.0,HNI,0,1,0,0.253,One year,Fiber optic,100.5
4307-KWMXE,Male,33,10,32175.0,Mass,1,0,0,0.4678,Month-to-month,DSL,35.75
0141-YEAYS,Female,68,27,77805.0,HNI,1,1,0,0.4852,Month-to-month,Fiber optic,86.45
2450-ZKEED,Female,34,11,48420.0,Affluent,0,1,0,0.2378,One year,DSL,53.8
3694-DELSO,Male,30,4,34695.0,Mass,1,1,0,0.4877,Month-to-month,DSL,38.55
3893-JRNFS,Male,65,68,35910.0,Mass,1,1,0,0.3141,Month-to-month,DSL,39.9
9603-OAIHC,Male,68,1,63045.0,Affluent,1,0,0,0.5357,Month-to-month,Fiber optic,70.05
1133-KXCGE,Female,37,18,18090.0,Mass,0,0,0,0.1761,One year,No,20.1
5236-PERKL,Female,59,57,101655.0,HNI,0,1,1,0.5865,Two year,Fiber optic,112.95
0142-GVYSN,Male,42,26,18270.0,Mass,1,0,0,0.4044,Month-to-month,No,20.3
1049-FYSYG,Female,37,17,32085.0,Mass,1,1,0,0.4485,Month-to-month,DSL,35.65
7854-FOKSF,Male,28,1,32310.0,Mass,1,0,1,0.8926,Month-to-month,DSL,35.9
2519-FAKOD,Male,48,38,89325.0,HNI,1,1,1,0.8713,Month-to-month,Fiber optic,99.25
8406-LNMHF,Male,68,59,74655.0,HNI,0,1,0,0.1431,One year,Fiber optic,82.95
1821-BUCWY,Male,44,30,50085.0,Affluent,0,0,0,0.1881,Two year,DSL,55.65
8263-JQAIK,Male,68,2,22005.0,Mass,1,0,1,0.8754,Month-to-month,DSL,24.45
0023-UYUPN,Female,68,50,22680.0,Mass,0,0,0,0.0948,One year,No,25.2
8314-DPQHL,Male,32,9,45720.0,Affluent,0,0,0,0.2395,One year,DSL,50.8
1465-WCZVT,Female,29,3,17685.0,Mass,1,0,0,0.4666,Month-to-month,No,19.65
9481-SFCQY,Female,35,14,53820.0,Affluent,1,1,0,0.4872,Month-to-month,DSL,59.8
6360-SVNWV,Female,68,31,66195.0,Affluent,1,1,0,0.458,Month-to-month,Fiber optic,73.55
0567-GGCAC,Female,31,7,55260.0,Affluent,1,0,0,0.5084,Month-to-month,DSL,61.4
7089-IVVAZ,Female,32,8,93015.0,HNI,1,1,1,0.9586,Month-to-month,Fiber optic,103.35
8884-MRNSU,Male,37,17,17910.0,Mass,0,1,0,0.1786,One year,No,19.9
2171-UDMFD,Male,45,32,17505.0,Mass,1,1,0,0.3869,Month-to-month,No,19.45
9050-IKDZA,Female,68,2,73350.0,HNI,1,0,0,0.5475,Month-to-month,Fiber optic,81.5
2205-YMZZJ,Male,68,7,76320.0,HNI,1,0,1,0.9379,Month-to-month,Fiber optic,84.8
9802-CAQUT,Female,65,72,98595.0,HNI,0,1,0,0.1411,Two year,Fiber optic,109.55
1254-IZEYF,Female,68,31,89955.0,HNI,1,0,1,0.8913,Month-to-month,Fiber optic,99.95
0187-WZNAB,Female,42,27,66960.0,Affluent,1,0,0,0.47,Month-to-month,Fiber optic,74.4
9492-TOKRI,Female,37,18,81000.0,HNI,1,1,1,0.9144,Month-to-month,Fiber optic,90.0
1475-VWVDO,Male,31,7,67410.0,Affluent,1,0,0,0.5254,Month-to-month,Fiber optic,74.9
9221-OTIVJ,Female,68,14,94365.0,HNI,1,0,1,0.9441,Month-to-month,Fiber optic,104.85
1357-MVDOZ,Male,34,11,53685.0,Affluent,1,1,0,0.4952,Month-to-month,DSL,59.65
7602-MVRMB,Female,65,72,99405.0,HNI,0,1,0,0.1423,Two year,Fiber optic,110.45
3325-FUYCG,Male,43,28,95490.0,HNI,0,0,1,0.6573,One year,Fiber optic,106.1
5908-QMGOE,Male,68,15,66780.0,Affluent,1,1,1,0.9026,Month-to-month,Fiber optic,74.2
1197-BVMVG,Female,68,4,67005.0,Affluent,1,0,0,0.5331,Month-to-month,Fiber optic,74.45
5406-KGRMX,Female,65,71,22095.0,Mass,0,0,0,0.0365,Two year,No,24.55
8481-YYXWG,Female,30,5,80415.0,HNI,1,0,1,0.9492,Month-to-month,Fiber optic,89.35
5968-HYJRZ,Male,53,47,22095.0,Mass,0,0,0,0.1022,Two year,No,24.55
5198-EFNBM,Male,68,57,81585.0,HNI,0,0,0,0.1583,One year,Fiber optic,90.65
7516-GMHUV,Male,68,50,94545.0,HNI,0,1,0,0.1957,Two year,Fiber optic,105.05
7140-ADSMJ,Male,32,8,18405.0,Mass,1,1,0,0.4539,Month-to-month,No,20.45
2230-XTUWL,Female,54,48,17595.0,Mass,0,0,0,0.0932,Two year,No,19.55
7706-YLMQA,Female,65,70,17730.0,Mass,0,1,0,0.0331,One year,No,19.7
2585-KTFRE,Male,28,1,63405.0,Affluent,1,1,0,0.5362,Month-to-month,DSL,70.45
7994-UYIVZ,Male,32,8,77085.0,HNI,1,1,0,0.5363,Month-to-month,Fiber optic,85.65
2609-IAICY,Female,28,1,69435.0,Affluent,1,0,1,0.9447,Month-to-month,Fiber optic,77.15
1740-CSDJP,Male,28,1,31725.0,Mass,1,1,1,0.8918,Month-to-month,DSL,35.25
7717-BICXI,Male,61,60,18495.0,Mass,0,0,0,0.0616,Two year,No,20.55
6559-RAKOZ,Male,54,49,88155.0,HNI,0,0,0,0.1895,One year,Fiber optic,97.95
2636-OHFMN,Male,30,4,43695.0,Mass,1,0,1,0.9004,Month-to-month,DSL,48.55
4716-MRVEN,Female,43,29,18000.0,Mass,0,0,0,0.1458,One year,No,20.0
2143-LJULT,Female,64,67,22725.0,Mass,0,1,0,0.0483,Two year,No,25.25
1323-OOEPC,Female,57,53,88560.0,HNI,1,1,1,0.8291,Month-to-month,Fiber optic,98.4
3200-MNQTF,Male,64,67,63810.0,Affluent,0,1,0,0.106,Two year,DSL,70.9
6164-HXUGH,Female,31,6,17865.0,Mass,1,0,0,0.4586,Month-to-month,No,19.85
5630-IXDXV,Female,53,47,95715.0,HNI,1,0,0,0.4556,Month-to-month,Fiber optic,106.35
0320-DWVTU,Female,57,53,89550.0,HNI,0,0,0,0.1805,Two year,Fiber optic,99.5
9135-MGVPY,Male,65,69,76230.0,HNI,0,0,0,0.1179,Two year,DSL,84.7
1212-GLHMD,Male,29,3,77445.0,HNI,1,0,0,0.5505,Month-to-month,Fiber optic,86.05
7878-JGDKK,Male,30,4,40095.0,Mass,1,0,0,0.4953,Month-to-month,DSL,44.55
1088-AUUZZ,Male,58,56,68265.0,Affluent,0,1,0,0.1424,Two year,DSL,75.85
0397-GZBBC,Male,68,59,84465.0,HNI,1,1,1,0.8069,Month-to-month,Fiber optic,93.85
6614-YWYSC,Male,68,61,22500.0,Mass,0,1,0,0.0645,Two year,No,25.0
9588-OZDMQ,Female,29,2,40500.0,Mass,1,0,0,0.5014,Month-to-month,DSL,45.0
7641-EUYET,Male,68,46,90630.0,HNI,1,0,1,0.8512,Month-to-month,Fiber optic,100.7
6476-EPYZR,Male,34,12,18450.0,Mass,1,0,0,0.443,Month-to-month,No,20.5
9921-ZVRHG,Female,35,14,72405.0,HNI,1,0,1,0.9133,Month-to-month,Fiber optic,80.45
1174-FGIFN,Female,43,28,81405.0,HNI,0,0,0,0.2375,One year,Fiber optic,90.45
6620-HVDUJ,Male,41,24,54405.0,Affluent,1,1,0,0.4606,Month-to-month,DSL,60.45
4701-MLJPN,Male,45,31,49725.0,Affluent,1,0,1,0.8349,Month-to-month,DSL,55.25
1032-MAELW,Female,65,68,70605.0,Affluent,0,0,0,0.1128,One year,DSL,78.45
7641-TQFHN,Male,49,39,90495.0,HNI,0,0,0,0.2202,Two year,Fiber optic,100.55
1552-TKMXS,Female,51,42,18315.0,Mass,1,1,0,0.3606,Month-to-month,No,20.35
9206-GVPEQ,Male,35,13,49005.0,Affluent,1,0,1,0.8832,Month-to-month,DSL,54.45
8622-ZLFKO,Female,31,6,81675.0,HNI,1,0,0,0.5482,Month-to-month,Fiber optic,90.75
1596-BBVTG,Male,47,35,67815.0,Affluent,1,1,1,0.8493,Month-to-month,Fiber optic,75.35
6188-UXBBR,Female,48,38,18225.0,Mass,0,1,0,0.1215,One year,No,20.25
2333-KWEWW,Male,37,18,18045.0,Mass,0,1,0,0.176,Two year,No,20.05
5702-SKUOB,Female,30,4,17640.0,Mass,1,0,0,0.4638,Month-to-month,No,19.6
1134-YWTYF,Male,42,27,48420.0,Affluent,1,0,0,0.444,Month-to-month,DSL,53.8
6061-GWWAV,Male,50,41,63180.0,Affluent,0,0,0,0.1763,One year,DSL,70.2
0679-TDGAK,Male,55,50,67950.0,Affluent,0,0,0,0.1584,One year,DSL,75.5
6585-WCEWR,Male,65,72,18315.0,Mass,0,0,0,0.0284,Two year,No,20.35
9067-YGSCA,Female,65,70,23445.0,Mass,0,1,0,0.0411,One year,No,26.05
9067-SQTNS,Male,52,44,18540.0,Mass,0,1,0,0.1055,One year,No,20.6
8433-WXGNA,Male,29,2,68130.0,Affluent,1,0,1,0.9401,Month-to-month,Fiber optic,75.7
1776-SPBWV,Female,46,34,18090.0,Mass,0,1,0,0.1322,One year,No,20.1
8735-SDUFN,Female,68,72,21870.0,Mass,0,1,0,0.0334,Two year,No,24.3
9668-PUGNU,Male,65,71,22050.0,Mass,0,0,0,0.0364,Two year,No,24.5
9405-GPBBG,Female,63,64,99450.0,HNI,0,1,0,0.1642,Two year,Fiber optic,110.5
1926-QUZNN,Female,65,72,22725.0,Mass,0,1,0,0.0346,Two year,No,25.25
3707-GNWHM,Male,28,1,66825.0,Affluent,1,0,1,0.941,Month-to-month,Fiber optic,74.25
7016-NVRIC,Male,68,29,81090.0,HNI,0,1,0,0.2344,One year,Fiber optic,90.1
5829-NVSQN,Female,40,23,61875.0,Affluent,0,1,0,0.2238,One year,DSL,68.75
9565-AXSMR,Male,56,52,17280.0,Mass,0,0,0,0.0818,Two year,No,19.2
8922-LIEGH,Female,68,25,80730.0,HNI,1,0,1,0.8948,Month-to-month,Fiber optic,89.7
8869-LIHMK,Female,63,64,103590.0,HNI,0,1,0,0.17,Two year,Fiber optic,115.1
8245-UMPYT,Female,68,16,86760.0,HNI,1,0,1,0.9279,Month-to-month,Fiber optic,96.4
5186-SAMNZ,Male,68,1,62550.0,Affluent,1,1,1,0.935,Month-to-month,Fiber optic,69.5
0447-RXSGD,Male,41,24,89685.0,HNI,1,1,0,0.5101,Month-to-month,Fiber optic,99.65
4927-WWOOZ,Male,29,2,82305.0,HNI,1,0,0,0.56,Month-to-month,Fiber optic,91.45
5788-YPOEG,Female,46,34,76275.0,HNI,0,0,0,0.2139,Two year,DSL,84.75
5373-SFODM,Male,68,36,76725.0,HNI,1,1,1,0.8591,Month-to-month,Fiber optic,85.25
0661-KBKPA,Male,57,53,70875.0,Affluent,0,0,0,0.1543,One year,DSL,78.75
9081-WWXKP,Female,53,47,18225.0,Mass,0,1,0,0.0968,Two year,No,20.25
0784-ZQJZX,Male,65,72,17910.0,Mass,0,1,0,0.0279,Two year,No,19.9
3133-PZNSR,Male,65,72,87975.0,HNI,0,1,0,0.1262,Two year,Fiber optic,97.75
5766-ZJYBB,Male,28,1,17460.0,Mass,1,0,1,0.8718,Month-to-month,No,19.4
8931-GJJIQ,Female,32,9,74970.0,HNI,1,0,1,0.9306,Month-to-month,Fiber optic,83.3
4277-PVRAN,Female,32,8,72090.0,HNI,1,1,1,0.9293,Month-to-month,Fiber optic,80.1
0022-TCJCI,Male,68,45,56430.0,Affluent,0,1,1,0.5559,One year,DSL,62.7
0722-SVSFK,Female,31,7,90360.0,HNI,1,0,0,0.5576,Month-to-month,Fiber optic,100.4
3612-YVGSJ,Female,65,71,22005.0,Mass,0,1,0,0.0364,Two year,No,24.45
9825-YCXWZ,Female,68,41,90990.0,HNI,0,1,0,0.2154,One year,Fiber optic,101.1
5397-NSKQG,Male,64,67,45810.0,Affluent,0,1,0,0.0807,Two year,DSL,50.9
8565-HBFNN,Male,65,69,96480.0,HNI,0,1,0,0.1464,One year,Fiber optic,107.2
2000-DHJUY,Female,68,70,82980.0,HNI,0,1,0,0.1247,Two year,DSL,92.2
0203-HHYIJ,Male,41,25,22770.0,Mass,0,1,1,0.5635,One year,No,25.3
8670-ERCJH,Male,65,72,102060.0,HNI,0,1,0,0.146,Two year,Fiber optic,113.4
7758-UJWYS,Male,46,34,36495.0,Mass,0,0,0,0.1581,Two year,DSL,40.55
2050-ONYDQ,Female,63,65,23400.0,Mass,0,1,0,0.0548,Two year,No,26.0
7055-JCGNI,Female,65,70,100755.0,HNI,0,1,0,0.1496,Two year,Fiber optic,111.95
0739-UUAJR,Female,65,72,48420.0,Affluent,0,1,0,0.0707,Two year,DSL,53.8
4826-DXMUP,Male,47,35,64890.0,Affluent,0,0,0,0.1952,One year,DSL,72.1
0952-KMEEH,Male,35,13,88335.0,HNI,1,0,1,0.9384,Month-to-month,Fiber optic,98.15
7285-KLOTR,Female,34,12,70965.0,Affluent,0,0,0,0.2667,One year,DSL,78.85
0654-PQKDW,Female,62,62,63675.0,Affluent,0,1,0,0.1195,One year,DSL,70.75
7175-NTIXE,Female,41,25,68535.0,Affluent,1,1,0,0.4777,Month-to-month,DSL,76.15
7963-SHNDT,Female,56,52,35190.0,Mass,0,0,0,0.1069,Two year,DSL,39.1
9796-BPKIW,Male,68,8,62955.0,Affluent,1,1,0,0.5164,Month-to-month,Fiber optic,69.95
0188-GWFLE,Male,29,2,18045.0,Mass,1,0,0,0.4698,Month-to-month,No,20.05
8129-GMVGI,Female,58,56,18045.0,Mass,0,0,0,0.0719,Two year,No,20.05
2882-DDZPG,Female,34,12,17505.0,Mass,1,1,0,0.4417,Month-to-month,No,19.45
3547-LQRIK,Female,53,47,24210.0,Mass,0,0,0,0.1052,One year,No,26.9
9137-NOQKA,Male,68,2,17280.0,Mass,1,0,0,0.4688,Month-to-month,No,19.2
5843-TTHGI,Female,37,18,45000.0,Affluent,1,0,0,0.4638,Month-to-month,DSL,50.0
1849-RJYIG,Female,32,8,54000.0,Affluent,1,0,0,0.5039,Month-to-month,DSL,60.0
8868-GAGIO,Male,52,45,76095.0,HNI,1,0,0,0.4335,Month-to-month,Fiber optic,84.55
4061-UKJWL,Male,29,3,40905.0,Mass,1,0,0,0.4992,Month-to-month,DSL,45.45
5380-XPJNZ,Female,48,38,18045.0,Mass,0,0,0,0.1212,One year,No,20.05
8263-QMNTJ,Male,65,72,103995.0,HNI,0,0,0,0.1487,Two year,Fiber optic,115.55
8178-EYZUO,Male,53,46,84330.0,HNI,1,0,1,0.8423,Month-to-month,Fiber optic,93.7
3230-JCNZS,Female,65,71,89100.0,HNI,0,1,0,0.1305,Two year,Fiber optic,99.0
0277-ORXQS,Male,64,66,45495.0,Affluent,0,1,0,0.083,Two year,DSL,50.55
5130-IEKQT,Male,68,25,95355.0,HNI,1,0,1,0.9153,Month-to-month,Fiber optic,105.95
3230-WYKIR,Male,37,18,73800.0,HNI,0,1,1,0.6543,One year,DSL,82.0
7996-BPXHY,Female,35,13,22500.0,Mass,0,1,0,0.196,Two year,No,25.0
3227-WLKLI,Female,63,65,82395.0,HNI,0,1,0,0.1376,Two year,DSL,91.55
0407-BDJKB,Male,61,60,86175.0,HNI,1,0,1,0.8066,Month-to-month,Fiber optic,95.75
2266-FUBDZ,Male,36,15,17415.0,Mass,0,0,0,0.1833,Two year,No,19.35
8237-ULIXL,Female,65,72,22365.0,Mass,0,1,0,0.0341,Two year,No,24.85
9600-UDOPK,Male,44,30,84645.0,HNI,1,1,1,0.8866,Month-to-month,Fiber optic,94.05
8216-AZUUZ,Female,51,42,90360.0,HNI,0,0,0,0.2118,Two year,Fiber optic,100.4
9153-BTBVV,Female,65,71,22500.0,Mass,0,1,0,0.0371,Two year,No,25.0
4074-SJFFA,Female,28,1,49275.0,Affluent,1,0,1,0.9164,Month-to-month,DSL,54.75
3269-ATYWD,Male,68,39,86085.0,HNI,1,1,1,0.864,Month-to-month,Fiber optic,95.65
5186-PEIZU,Female,47,35,17325.0,Mass,1,1,0,0.3784,Month-to-month,No,19.25
1074-AMIOH,Female,57,53,97425.0,HNI,1,1,0,0.4415,Month-to-month,Fiber optic,108.25
4910-GMJOT,Female,28,1,85140.0,HNI,1,0,1,0.9668,Month-to-month,Fiber optic,94.6
0354-WYROK,Female,68,31,89010.0,HNI,1,0,1,0.89,Month-to-month,Fiber optic,98.9
4361-FEBGN,Male,54,48,18135.0,Mass,0,1,0,0.0939,Two year,No,20.15
7748-UMTRK,Female,68,30,91170.0,HNI,1,0,0,0.4958,Month-to-month,Fiber optic,101.3
0380-ZCSBI,Male,33,10,18000.0,Mass,1,1,0,0.4479,Month-to-month,No,20.0
7145-FEJWU,Female,34,12,94770.0,HNI,1,0,0,0.5501,Month-to-month,Fiber optic,105.3
6463-MVYRY,Female,68,57,62865.0,Affluent,0,1,0,0.1321,Two year,DSL,69.85
3969-JQABI,Female,59,58,58725.0,Affluent,1,1,0,0.3735,Month-to-month,DSL,65.25
9624-EGDEQ,Female,48,37,17820.0,Mass,0,0,0,0.1236,Two year,No,19.8
1051-EQPZR,Female,52,44,17640.0,Mass,1,0,0,0.3542,Month-to-month,No,19.6
5849-ASHZJ,Male,42,27,18045.0,Mass,0,1,0,0.1514,One year,No,20.05
5780-INQIK,Female,32,8,44460.0,Mass,1,0,0,0.4905,Month-to-month,DSL,49.4
7576-OYWBN,Male,68,3,68445.0,Affluent,1,0,1,0.9378,Month-to-month,Fiber optic,76.05
4526-ZJJTM,Female,68,25,79560.0,HNI,1,1,0,0.4932,Month-to-month,Fiber optic,88.4
8384-FZBJK,Female,59,57,90540.0,HNI,1,0,0,0.4209,Month-to-month,Fiber optic,100.6
3750-RNQKR,Female,34,12,17505.0,Mass,1,0,0,0.4417,Month-to-month,No,19.45
0962-CQPWQ,Female,62,62,18270.0,Mass,0,1,0,0.0558,Two year,No,20.3
3096-YXENJ,Female,63,65,96885.0,HNI,0,1,0,0.1579,Two year,Fiber optic,107.65
1265-BCFEO,Female,65,71,72405.0,HNI,0,1,0,0.1071,Two year,DSL,80.45
5837-LXSDN,Female,39,21,52965.0,Affluent,0,1,0,0.2168,One year,DSL,58.85
5945-AZYHT,Male,65,71,98640.0,HNI,0,0,0,0.1439,One year,Fiber optic,109.6
8325-QRPZR,Female,31,7,67635.0,Affluent,1,0,0,0.5257,Month-to-month,Fiber optic,75.15
6384-VMJHP,Female,65,72,65700.0,Affluent,0,1,0,0.095,Two year,DSL,73.0
2262-SLNVK,Female,28,1,63090.0,Affluent,1,0,0,0.5358,Month-to-month,Fiber optic,70.1
7730-CLDSV,Female,65,72,88785.0,HNI,0,1,0,0.1274,Two year,Fiber optic,98.65
1135-HIORI,Female,63,64,100305.0,HNI,0,0,0,0.1654,One year,Fiber optic,111.45
0164-APGRB,Female,65,72,103410.0,HNI,0,0,0,0.1479,Two year,Fiber optic,114.9
6481-ESCNL,Female,43,29,90495.0,HNI,1,1,0,0.4976,Month-to-month,Fiber optic,100.55
1790-NESIO,Female,35,13,18360.0,Mass,0,0,0,0.1902,Two year,No,20.4
1550-EENBN,Female,45,31,93915.0,HNI,1,0,0,0.4969,Month-to-month,Fiber optic,104.35
5539-TMZLF,Male,68,1,62775.0,Affluent,1,0,1,0.9354,Month-to-month,Fiber optic,69.75
4323-SADQS,Male,31,7,31050.0,Mass,1,0,1,0.8744,Month-to-month,DSL,34.5
4446-BZKHU,Male,61,61,94995.0,HNI,1,0,1,0.8162,Month-to-month,Fiber optic,105.55
5202-IVJNU,Female,49,39,27090.0,Mass,1,1,1,0.7812,Month-to-month,DSL,30.1
5976-JCJRH,Male,33,10,63270.0,Affluent,1,0,1,0.9114,Month-to-month,Fiber optic,70.3
8198-RKSZG,Female,35,14,72405.0,HNI,1,1,0,0.5133,Month-to-month,DSL,80.45
0137-OCGAB,Female,28,1,72180.0,HNI,1,0,1,0.9486,Month-to-month,Fiber optic,80.2
3351-NQLDI,Female,64,67,84915.0,HNI,0,1,1,0.5356,One year,Fiber optic,94.35
9297-EONCV,Female,65,72,82215.0,HNI,0,1,0,0.1181,Two year,DSL,91.35
7593-JNWRU,Male,31,6,40140.0,Mass,1,1,1,0.8899,Month-to-month,DSL,44.6
4588-YBNIB,Female,28,1,17640.0,Mass,1,0,1,0.872,Month-to-month,No,19.6
1069-QJOEE,Male,41,25,17910.0,Mass,0,0,0,0.1566,One year,No,19.9
3336-JORSO,Female,68,33,99405.0,HNI,1,0,1,0.8991,Month-to-month,Fiber optic,110.45
7799-DSEWS,Male,37,18,61515.0,Affluent,1,0,0,0.487,Month-to-month,DSL,68.35
8766-PAFNE,Male,65,71,71190.0,Affluent,0,1,0,0.1054,Two year,DSL,79.1
5315-CKEQK,Male,68,28,45900.0,Affluent,0,0,0,0.1877,One year,DSL,51.0
3130-ICDUP,Female,29,2,72495.0,HNI,1,1,0,0.5463,Month-to-month,Fiber optic,80.55
0820-FNRNX,Male,37,17,60030.0,Affluent,1,0,0,0.4877,Month-to-month,DSL,66.7
0880-FVFWF,Male,58,56,77760.0,HNI,1,0,0,0.4057,Month-to-month,Fiber optic,86.4
4611-ANLQC,Female,61,60,45045.0,Affluent,0,0,0,0.0988,One year,DSL,50.05
4213-HKBJO,Female,46,33,23130.0,Mass,0,1,0,0.1421,Two year,No,25.7
2792-LSHWX,Female,28,1,75060.0,HNI,1,0,0,0.5526,Month-to-month,Fiber optic,83.4
5028-GZLDO,Male,29,2,63630.0,Affluent,1,1,1,0.9338,Month-to-month,Fiber optic,70.7
0014-BMAQU,Male,62,63,76185.0,HNI,0,1,0,0.1343,Two year,Fiber optic,84.65
6861-XWTWQ,Male,68,7,89325.0,HNI,1,0,1,0.9562,Month-to-month,Fiber optic,99.25
9018-PCIOK,Female,58,55,58275.0,Affluent,0,0,0,0.1311,Two year,DSL,64.75
4837-QUSFT,Female,63,65,90135.0,HNI,0,1,0,0.1484,One year,Fiber optic,100.15
6877-TJMBR,Male,28,1,76320.0,HNI,1,0,1,0.9544,Month-to-month,Fiber optic,84.8
9953-ZMKSM,Male,62,63,22725.0,Mass,0,0,0,0.0593,Two year,No,25.25
0907-HQNTS,Female,68,70,101700.0,HNI,0,1,0,0.151,Two year,Fiber optic,113.0
7665-NKLAV,Female,47,36,36585.0,Mass,0,1,0,0.1527,Two year,DSL,40.65
6769-DCQLI,Male,56,52,94500.0,HNI,0,1,1,0.5902,One year,Fiber optic,105.0
2433-KMEAS,Male,40,22,49005.0,Affluent,1,0,1,0.8585,Month-to-month,DSL,54.45
4391-LNRXK,Male,40,22,85455.0,HNI,1,1,0,0.5097,Month-to-month,Fiber optic,94.95
8250-ZNGGW,Female,68,5,53910.0,Affluent,1,1,0,0.512,Month-to-month,DSL,59.9
2195-ZRVAX,Female,53,47,76770.0,HNI,1,0,1,0.829,Month-to-month,Fiber optic,85.3
3550-SAHFP,Female,46,33,75015.0,HNI,1,0,1,0.8649,Month-to-month,Fiber optic,83.35
2011-TRQYE,Male,37,18,30150.0,Mass,1,1,1,0.843,Month-to-month,DSL,33.5
8562-GHPPI,Female,28,1,17820.0,Mass,1,1,0,0.4723,Month-to-month,No,19.8
5893-PYOLZ,Male,58,56,73620.0,HNI,0,1,0,0.1499,Two year,DSL,81.8
4986-MXSFP,Female,29,2,18000.0,Mass,1,0,0,0.4698,Month-to-month,No,20.0
6131-FOYAS,Male,47,35,53640.0,Affluent,1,0,0,0.4294,Month-to-month,DSL,59.6
3027-YNWZU,Female,63,64,22500.0,Mass,0,1,0,0.0562,Two year,No,25.0
5609-IMCGG,Female,36,15,75915.0,HNI,1,1,0,0.5155,Month-to-month,Fiber optic,84.35
4873-ILOLJ,Male,41,24,81315.0,HNI,1,0,1,0.8984,Month-to-month,Fiber optic,90.35
4727-MCYZG,Male,28,1,49995.0,Affluent,1,0,0,0.5174,Month-to-month,DSL,55.55
9481-WHGWY,Female,65,70,67815.0,Affluent,0,1,0,0.1034,Two year,DSL,75.35
2725-KXXWT,Male,28,1,81675.0,HNI,1,0,1,0.9619,Month-to-month,Fiber optic,90.75
9565-DJPIB,Female,30,4,80640.0,HNI,1,0,1,0.9522,Month-to-month,Fiber optic,89.6
4328-VUFWD,Female,49,39,53370.0,Affluent,0,0,0,0.1681,One year,DSL,59.3
3301-LSLWQ,Female,43,29,59490.0,Affluent,1,0,0,0.454,Month-to-month,DSL,66.1
7473-ZBDSN,Female,35,14,16920.0,Mass,0,0,0,0.1854,Two year,No,18.8
3166-PNEOF,Female,61,61,77805.0,HNI,0,1,0,0.1421,Two year,DSL,86.45
5639-NTUPK,Male,35,13,46890.0,Affluent,1,1,0,0.4802,Month-to-month,DSL,52.1
8780-YRMTT,Female,64,66,42660.0,Mass,0,0,0,0.0791,Two year,DSL,47.4
8348-HFYIV,Male,29,2,44325.0,Mass,1,0,1,0.9067,Month-to-month,DSL,49.25
5140-FOMCQ,Female,60,59,98235.0,HNI,0,1,0,0.1762,One year,Fiber optic,109.15
6242-SGYTS,Male,62,62,85455.0,HNI,0,1,0,0.1501,One year,Fiber optic,94.95
8166-ORCHU,Male,68,33,84195.0,HNI,0,0,0,0.2278,One year,Fiber optic,93.55
8414-OOEEL,Male,64,66,71550.0,Affluent,0,1,0,0.1196,Two year,DSL,79.5
8454-AATJP,Female,65,72,103545.0,HNI,0,1,0,0.1481,Two year,Fiber optic,115.05
6849-WLEYG,Male,28,1,17775.0,Mass,1,0,1,0.8722,Month-to-month,No,19.75
4659-NZRUF,Female,38,19,85635.0,HNI,1,0,1,0.9181,Month-to-month,Fiber optic,95.15
4531-AUZNK,Female,56,51,85635.0,HNI,0,0,0,0.1805,One year,Fiber optic,95.15
4191-XOVOM,Male,62,63,94860.0,HNI,1,0,0,0.4105,Month-to-month,Fiber optic,105.4
2150-OEGBV,Male,42,27,18090.0,Mass,0,1,0,0.1514,One year,No,20.1
8429-XIBUM,Male,40,22,91215.0,HNI,1,1,1,0.9177,Month-to-month,Fiber optic,101.35
1855-CFULU,Female,68,4,18045.0,Mass,1,0,0,0.4644,Month-to-month,No,20.05
4878-BUNFV,Male,51,42,18630.0,Mass,0,0,0,0.1111,Two year,No,20.7
1872-EBWSC,Female,43,29,18315.0,Mass,0,0,0,0.1463,One year,No,20.35
2608-BHKFN,Female,30,4,63045.0,Affluent,1,1,1,0.9275,Month-to-month,Fiber optic,70.05
7026-YMSBE,Male,44,30,17730.0,Mass,0,0,0,0.1427,One year,No,19.7
7341-LXCAF,Male,30,4,67185.0,Affluent,1,0,1,0.9333,Month-to-month,Fiber optic,74.65
6997-UVGOX,Male,65,71,76905.0,HNI,0,1,0,0.1134,Two year,DSL,85.45
9674-EHPPG,Male,53,46,36360.0,Mass,0,1,0,0.125,Two year,DSL,40.4
9462-MJUAW,Male,30,4,45360.0,Affluent,1,0,1,0.9027,Month-to-month,DSL,50.4
8128-YVJRG,Female,31,7,71685.0,Affluent,1,0,1,0.9314,Month-to-month,Fiber optic,79.65
5440-VHLUL,Male,65,69,94680.0,HNI,0,1,0,0.1438,One year,Fiber optic,105.2
5781-BKHOP,Female,65,72,90585.0,HNI,0,1,0,0.1299,Two year,Fiber optic,100.65
4283-FUTGF,Male,68,19,71865.0,Affluent,1,0,1,0.8988,Month-to-month,Fiber optic,79.85
5213-TWWJU,Male,43,28,81900.0,HNI,1,0,0,0.4882,Month-to-month,Fiber optic,91.0
1569-TTNYJ,Male,30,5,70875.0,Affluent,1,0,1,0.9358,Month-to-month,Fiber optic,78.75
8628-MFKAX,Female,68,72,105075.0,HNI,0,1,0,0.1502,Two year,Fiber optic,116.75
2397-BRLOM,Male,68,8,72405.0,HNI,1,1,1,0.9297,Month-to-month,Fiber optic,80.45
7629-WIXZF,Female,31,7,53190.0,Affluent,0,0,0,0.2555,One year,DSL,59.1
5445-GLVOT,Female,40,22,44820.0,Mass,1,0,0,0.4526,Month-to-month,DSL,49.8
3976-HXHCE,Male,65,72,17370.0,Mass,0,1,0,0.0271,Two year,No,19.3
2466-NEJOJ,Male,32,8,17685.0,Mass,1,1,0,0.4529,Month-to-month,No,19.65
0254-KCJGT,Male,56,52,73260.0,HNI,0,1,0,0.1604,One year,DSL,81.4
5472-CVMDX,Female,65,68,35010.0,Mass,0,0,0,0.0628,Two year,DSL,38.9
6461-SZMCV,Female,65,71,79155.0,HNI,0,1,0,0.1166,Two year,DSL,87.95
8150-QUDFX,Male,29,2,17865.0,Mass,1,0,0,0.4696,Month-to-month,No,19.85
9508-ILZDG,Female,68,34,86715.0,HNI,1,0,0,0.4786,Month-to-month,Fiber optic,96.35
2346-DJQTB,Female,47,35,21735.0,Mass,1,0,0,0.3846,Month-to-month,DSL,24.15
1697-LYYYX,Female,61,61,17190.0,Mass,0,1,0,0.057,One year,No,19.1
1942-OQFRW,Male,28,1,39600.0,Mass,1,0,0,0.5028,Month-to-month,DSL,44.0
4749-VFKVB,Female,28,1,45090.0,Affluent,1,0,1,0.9105,Month-to-month,DSL,50.1
9640-ZSLDC,Female,57,53,54540.0,Affluent,0,1,0,0.1313,One year,DSL,60.6
4231-LZUYM,Female,65,72,23085.0,Mass,0,1,0,0.0351,Two year,No,25.65
7598-UAASY,Male,29,2,68760.0,Affluent,1,0,1,0.941,Month-to-month,Fiber optic,76.4
7938-OUHIO,Male,29,3,88830.0,HNI,1,0,1,0.9665,Month-to-month,Fiber optic,98.7
8510-AWCXC,Female,68,13,90720.0,HNI,1,0,1,0.9417,Month-to-month,Fiber optic,100.8
6128-AQBMT,Male,68,41,48555.0,Affluent,1,0,0,0.4058,Month-to-month,DSL,53.95
3594-BDSOA,Female,41,24,18360.0,Mass,0,1,0,0.16,One year,No,20.4
0431-APWVY,Female,43,28,81090.0,HNI,0,1,1,0.6371,One year,Fiber optic,90.1
5133-VRSAB,Male,32,8,26415.0,Mass,1,0,0,0.4652,Month-to-month,DSL,29.35
5996-DAOQL,Male,28,1,18405.0,Mass,1,0,0,0.4731,Month-to-month,No,20.45
6838-YAUVY,Female,57,54,85590.0,HNI,0,1,0,0.1722,Two year,Fiber optic,95.1
0484-JPBRU,Male,50,41,22725.0,Mass,1,1,0,0.3696,Month-to-month,No,25.25
7883-ROJOC,Female,38,19,40410.0,Mass,1,0,0,0.4547,Month-to-month,DSL,44.9
0244-LGNFY,Female,65,72,83385.0,HNI,0,1,0,0.1198,Two year,DSL,92.65
7274-CGTOD,Male,62,62,39330.0,Mass,0,1,0,0.0853,Two year,DSL,43.7
4295-YURET,Female,68,56,65340.0,Affluent,0,1,0,0.1383,Two year,DSL,72.6
3426-NIYYL,Male,36,15,46395.0,Affluent,1,0,1,0.874,Month-to-month,DSL,51.55
8225-BTJAU,Male,68,10,71325.0,Affluent,1,0,1,0.9227,Month-to-month,Fiber optic,79.25
4635-EJYPD,Male,45,32,17055.0,Mass,0,0,0,0.1363,Two year,No,18.95
1866-ZSLJM,Male,39,21,18450.0,Mass,1,1,0,0.4184,Month-to-month,No,20.5
4636-TVXVG,Male,62,62,17955.0,Mass,0,1,0,0.0553,One year,No,19.95
4236-UJPWO,Female,29,2,22050.0,Mass,1,0,0,0.4755,Month-to-month,DSL,24.5
9392-XBGTD,Male,42,27,18540.0,Mass,0,0,0,0.152,Two year,No,20.6
3387-VATUS,Male,30,5,85365.0,HNI,1,1,1,0.9561,Month-to-month,Fiber optic,94.85
6402-SSEJG,Female,41,25,54945.0,Affluent,0,0,0,0.2086,One year,DSL,61.05
1143-NMNQJ,Female,29,2,77130.0,HNI,1,0,1,0.9528,Month-to-month,Fiber optic,85.7
1169-SAOCL,Male,54,49,95985.0,HNI,0,1,0,0.2005,One year,Fiber optic,106.65
1110-KYLGQ,Female,62,63,97425.0,HNI,1,1,0,0.4141,Month-to-month,Fiber optic,108.25
9929-PLVPA,Female,30,4,18360.0,Mass,1,1,0,0.4648,Month-to-month,No,20.4
3518-PZXZQ,Female,28,1,49770.0,Affluent,1,0,0,0.5171,Month-to-month,DSL,55.3
2371-JUNGC,Male,34,11,18225.0,Mass,1,0,0,0.4454,Month-to-month,No,20.25
7693-QPEFS,Male,68,52,65655.0,Affluent,1,1,0,0.3997,Month-to-month,Fiber optic,72.95
0924-BJCRC,Female,68,60,80505.0,HNI,1,0,0,0.3986,Month-to-month,Fiber optic,89.45
5074-FBGHB,Male,63,64,94185.0,HNI,0,1,0,0.1568,One year,Fiber optic,104.65
2351-BKRZW,Female,51,43,67680.0,Affluent,0,1,0,0.1772,Two year,DSL,75.2
4455-BFSPD,Female,61,61,91035.0,HNI,0,1,0,0.1606,One year,Fiber optic,101.15
0415-MOSGF,Female,28,1,39960.0,Mass,1,0,1,0.9033,Month-to-month,DSL,44.4
1724-BQUHA,Male,68,5,80550.0,HNI,1,0,1,0.9494,Month-to-month,Fiber optic,89.5
3948-KXDUF,Male,64,66,61875.0,Affluent,0,1,0,0.106,Two year,DSL,68.75
2323-ARSVR,Male,64,67,99945.0,HNI,0,0,0,0.1567,Two year,Fiber optic,111.05
0815-MFZGM,Female,51,42,89100.0,HNI,0,1,0,0.21,Two year,Fiber optic,99.0
4826-XTSOH,Male,68,1,77445.0,HNI,1,0,1,0.956,Month-to-month,Fiber optic,86.05
5480-XTFFL,Female,45,31,18900.0,Mass,0,0,0,0.1416,Two year,No,21.0
8295-FHIVV,Male,31,7,17460.0,Mass,1,0,0,0.4553,Month-to-month,No,19.4
2495-INZWQ,Male,30,4,40095.0,Mass,1,0,1,0.8953,Month-to-month,DSL,44.55
9086-YJYXS,Male,46,34,69480.0,Affluent,0,1,0,0.2044,One year,DSL,77.2
1179-INLAT,Male,29,3,17505.0,Mass,0,0,0,0.2163,One year,No,19.45
7909-FIOIY,Female,38,19,22365.0,Mass,1,0,0,0.4293,Month-to-month,DSL,24.85
4139-SUGLD,Male,45,31,31860.0,Mass,1,1,1,0.8098,Month-to-month,DSL,35.4
6857-VWJDT,Female,28,1,86085.0,HNI,1,0,1,0.9681,Month-to-month,Fiber optic,95.65
6351-SCJKT,Male,29,3,37215.0,Mass,1,0,0,0.494,Month-to-month,DSL,41.35
5468-BPMMO,Male,53,46,17640.0,Mass,1,0,0,0.3487,Month-to-month,No,19.6
5624-BQSSA,Female,28,1,18855.0,Mass,1,0,1,0.8737,Month-to-month,No,20.95
0197-PNKNK,Female,65,69,76005.0,HNI,0,1,0,0.1176,One year,Fiber optic,84.45
2439-QKJUL,Male,30,5,18225.0,Mass,1,0,0,0.4619,Month-to-month,No,20.25
1194-SPVSP,Male,28,1,17685.0,Mass,1,1,0,0.4721,Month-to-month,No,19.65
9534-NSXEM,Male,42,26,18585.0,Mass,0,1,0,0.1549,One year,No,20.65
2408-WITXK,Female,68,10,31230.0,Mass,1,0,1,0.8664,Month-to-month,DSL,34.7
8929-KSWIH,Male,41,25,89370.0,HNI,0,1,0,0.2569,Two year,Fiber optic,99.3
2250-IVBWA,Male,63,64,72945.0,HNI,1,0,0,0.377,Month-to-month,Fiber optic,81.05
1810-MVMAI,Male,44,30,60840.0,Affluent,1,0,0,0.4532,Month-to-month,DSL,67.6
9506-UXUSK,Male,35,13,63135.0,Affluent,1,0,0,0.503,Month-to-month,Fiber optic,70.15
1229-RCALF,Female,63,64,103500.0,HNI,0,0,0,0.1699,One year,Fiber optic,115.0
3572-UOLYZ,Female,53,46,76320.0,HNI,1,1,0,0.4311,Month-to-month,Fiber optic,84.8
1429-UYJSV,Female,34,12,17730.0,Mass,0,0,0,0.192,One year,No,19.7
5577-OTWWW,Female,36,15,17775.0,Mass,1,1,1,0.8339,Month-to-month,No,19.75
6100-QQHEB,Male,37,17,83295.0,HNI,1,0,1,0.9203,Month-to-month,Fiber optic,92.55
6366-XIVKZ,Female,35,13,56835.0,Affluent,1,0,0,0.4942,Month-to-month,DSL,63.15
3470-OBUET,Female,64,67,66600.0,Affluent,0,1,0,0.1099,Two year,DSL,74.0
2770-NSVDG,Male,41,24,26190.0,Mass,1,0,0,0.421,Month-to-month,DSL,29.1
9375-MHRRS,Male,31,6,45045.0,Affluent,1,0,0,0.4968,Month-to-month,DSL,50.05
2634-HCZGT,Male,68,53,54045.0,Affluent,0,0,1,0.5306,One year,DSL,60.05
7503-QQRVF,Male,68,16,66870.0,Affluent,1,1,1,0.9,Month-to-month,Fiber optic,74.3
4860-YZGZM,Male,33,10,18000.0,Mass,1,0,0,0.4479,Month-to-month,No,20.0
6599-GZWCM,Female,35,13,67185.0,Affluent,0,0,0,0.2587,One year,Fiber optic,74.65
2691-NZETQ,Male,32,9,76815.0,HNI,1,0,1,0.9332,Month-to-month,Fiber optic,85.35
4404-HIBDJ,Female,41,25,66870.0,Affluent,0,0,1,0.6254,One year,DSL,74.3
5533-NHFRF,Male,68,7,39960.0,Mass,1,0,0,0.4869,Month-to-month,DSL,44.4
7037-MTYVW,Male,48,38,76860.0,HNI,0,1,0,0.2038,Two year,DSL,85.4
4760-THGOT,Female,51,43,84690.0,HNI,1,0,0,0.4511,Month-to-month,Fiber optic,94.1
7295-JOMMD,Female,30,4,88290.0,HNI,1,1,1,0.963,Month-to-month,Fiber optic,98.1
4016-BJKTZ,Female,41,25,98010.0,HNI,0,0,0,0.2691,Two year,Fiber optic,108.9
6584-VQMYT,Male,42,27,50580.0,Affluent,0,0,0,0.197,One year,DSL,56.2
9838-BFCQT,Male,65,72,23490.0,Mass,0,0,0,0.0357,Two year,No,26.1
2790-XUYMV,Male,65,71,76905.0,HNI,0,1,0,0.1134,One year,Fiber optic,85.45
0581-MDMPW,Female,41,24,80055.0,HNI,1,1,0,0.4966,Month-to-month,Fiber optic,88.95
5013-SBUIH,Female,55,50,98685.0,HNI,0,0,1,0.6015,Two year,Fiber optic,109.65
1023-BQXZE,Male,59,57,66915.0,Affluent,0,1,0,0.1378,Two year,DSL,74.35
9163-GHAYE,Female,36,15,43965.0,Mass,1,0,0,0.4706,Month-to-month,DSL,48.85
3904-UKFRE,Male,30,4,72090.0,HNI,1,0,0,0.5402,Month-to-month,Fiber optic,80.1
5353-WILCI,Female,43,28,50445.0,Affluent,1,0,0,0.4441,Month-to-month,DSL,56.05
0709-TVGUR,Female,68,9,67095.0,Affluent,1,0,1,0.9195,Month-to-month,Fiber optic,74.55
0058-EVZWM,Female,58,55,80820.0,HNI,1,1,0,0.4127,Month-to-month,Fiber optic,89.8
6023-YEBUP,Male,29,3,90855.0,HNI,1,0,1,0.9693,Month-to-month,Fiber optic,100.95
7209-JCUDS,Male,33,10,85410.0,HNI,1,0,1,0.9425,Month-to-month,Fiber optic,94.9
7009-PCARS,Male,58,55,17190.0,Mass,0,1,0,0.0734,One year,No,19.1
0519-DRGTI,Female,39,20,18315.0,Mass,1,0,0,0.4209,Month-to-month,No,20.35
1017-FBQMM,Female,62,62,95445.0,HNI,0,1,0,0.1641,One year,Fiber optic,106.05
3001-CBHLQ,Male,68,32,94410.0,HNI,1,0,1,0.8948,Month-to-month,Fiber optic,104.9
1985-MBRYP,Female,51,43,17685.0,Mass,0,1,0,0.107,Two year,No,19.65
6158-DWPZT,Male,32,9,21690.0,Mass,0,1,1,0.6058,One year,DSL,24.1
9372-TXXPS,Female,61,60,53865.0,Affluent,0,1,0,0.1112,Two year,DSL,59.85
3259-QMXUN,Male,59,58,77490.0,HNI,0,0,0,0.1499,Two year,DSL,86.1
1015-JPFYW,Male,31,7,17505.0,Mass,0,0,0,0.2054,One year,No,19.45
6645-MXQJT,Male,29,2,87390.0,HNI,1,0,0,0.5672,Month-to-month,Fiber optic,97.1
4360-QRAVE,Male,68,37,32985.0,Mass,1,0,0,0.3949,Month-to-month,DSL,36.65
8433-WPJTV,Female,68,65,93510.0,HNI,0,1,0,0.1532,One year,Fiber optic,103.9
5804-JMYIO,Female,49,39,17775.0,Mass,0,0,0,0.1181,Two year,No,19.75
3763-GCZHZ,Male,64,66,93645.0,HNI,0,0,1,0.5506,One year,Fiber optic,104.05
6484-LATFU,Male,65,68,22095.0,Mass,0,0,0,0.0447,Two year,No,24.55
7599-NTMDP,Female,62,62,43830.0,Mass,0,1,0,0.0917,Two year,DSL,48.7
0772-GYEQQ,Male,29,3,79515.0,HNI,1,0,1,0.9534,Month-to-month,Fiber optic,88.35
0536-ACXIP,Female,65,72,98595.0,HNI,0,0,0,0.1411,Two year,Fiber optic,109.55
0936-NQLJU,Female,50,41,18585.0,Mass,0,1,0,0.1138,Two year,No,20.65
4831-EOBFE,Male,43,29,85185.0,HNI,1,1,1,0.8901,Month-to-month,Fiber optic,94.65
1575-KRZZE,Female,30,4,49680.0,Affluent,1,0,0,0.5088,Month-to-month,DSL,55.2
3251-YMVWZ,Male,57,53,21645.0,Mass,0,1,0,0.0852,One year,No,24.05
4102-OQUPX,Male,68,1,66960.0,Affluent,1,0,1,0.9412,Month-to-month,Fiber optic,74.4
9170-GYZJC,Female,50,41,71910.0,Affluent,1,1,1,0.8386,Month-to-month,DSL,79.9
4884-LEVMQ,Male,49,39,18405.0,Mass,0,1,0,0.119,Two year,No,20.45
8857-CUPFQ,Male,62,63,17325.0,Mass,0,0,0,0.0517,Two year,No,19.25
7610-TVOPG,Male,36,15,23715.0,Mass,1,0,0,0.4422,Month-to-month,No,26.35
3638-DIMPH,Female,35,13,39420.0,Mass,0,0,0,0.2197,One year,DSL,43.8
1845-ZLLIG,Male,28,1,45135.0,Affluent,1,0,0,0.5106,Month-to-month,DSL,50.15
8559-WNQZS,Male,28,1,18405.0,Mass,0,0,0,0.2231,Two year,No,20.45
3999-QGRJH,Male,68,8,62730.0,Affluent,1,0,1,0.9161,Month-to-month,Fiber optic,69.7
1699-UOTXU,Male,61,60,55260.0,Affluent,0,0,0,0.1132,Two year,DSL,61.4
2454-RPBRZ,Female,68,12,88290.0,HNI,1,0,1,0.941,Month-to-month,Fiber optic,98.1
0635-WKOLD,Male,50,40,63675.0,Affluent,0,1,0,0.1798,One year,DSL,70.75
5993-JSUWV,Female,64,66,55035.0,Affluent,0,1,0,0.0964,Two year,DSL,61.15
4518-FZBSX,Male,51,42,18225.0,Mass,0,0,0,0.1105,One year,No,20.25
5387-ASZNZ,Female,68,66,57465.0,Affluent,0,1,0,0.0998,One year,DSL,63.85
6988-CJEYV,Male,54,49,88830.0,HNI,1,0,0,0.4404,Month-to-month,Fiber optic,98.7
2002-MZHWP,Female,28,1,18450.0,Mass,1,0,1,0.8732,Month-to-month,No,20.5
3097-FQTVJ,Female,50,41,18000.0,Mass,0,0,0,0.1129,Two year,No,20.0
5465-BUBFA,Female,50,41,17370.0,Mass,0,1,0,0.1121,Two year,No,19.3
7299-GNVPL,Female,40,23,75960.0,HNI,1,0,0,0.4936,Month-to-month,Fiber optic,84.4
9743-DQKQW,Male,29,3,22590.0,Mass,1,0,0,0.4735,Month-to-month,DSL,25.1
1215-VFYVK,Female,30,4,43425.0,Mass,1,0,0,0.5,Month-to-month,DSL,48.25
9371-BITHB,Female,56,52,17865.0,Mass,0,0,0,0.0826,Two year,No,19.85
2265-CYWIV,Female,68,4,89640.0,HNI,1,0,1,0.9649,Month-to-month,Fiber optic,99.6
9093-FPDLG,Female,34,11,84780.0,HNI,1,0,0,0.5389,Month-to-month,Fiber optic,94.2
0541-FITGH,Female,29,2,55935.0,Affluent,1,0,0,0.523,Month-to-month,DSL,62.15
6985-HAYWX,Female,42,26,71370.0,Affluent,1,1,0,0.4789,Month-to-month,Fiber optic,79.3
7508-KBIMB,Male,41,24,50625.0,Affluent,0,1,0,0.2053,One year,DSL,56.25
6838-HVLXG,Female,34,12,18270.0,Mass,1,0,0,0.4428,Month-to-month,No,20.3
2277-DJJDL,Male,68,60,89100.0,HNI,1,0,0,0.4107,Month-to-month,Fiber optic,99.0
1897-OKVMW,Female,63,64,81540.0,HNI,0,0,0,0.1391,Two year,DSL,90.6
5485-ITNPC,Male,64,66,77310.0,HNI,0,1,0,0.1277,Two year,DSL,85.9
0233-FTHAV,Female,61,60,71280.0,Affluent,0,1,0,0.1357,One year,Fiber optic,79.2
4644-PIZRT,Male,37,17,63315.0,Affluent,0,1,0,0.2423,One year,DSL,70.35
8922-NPKBJ,Male,51,42,17415.0,Mass,0,0,0,0.1094,Two year,No,19.35
2740-TVLFN,Male,28,1,45135.0,Affluent,1,0,0,0.5106,Month-to-month,DSL,50.15
7771-CFQRQ,Female,53,47,57420.0,Affluent,0,1,0,0.1518,Two year,DSL,63.8
9512-PHSMG,Female,33,10,18495.0,Mass,1,0,0,0.4486,Month-to-month,No,20.55
6963-EZQEE,Male,68,70,79695.0,HNI,0,1,0,0.1201,Two year,DSL,88.55
2452-KDRRH,Male,68,67,91260.0,HNI,1,1,0,0.3945,Month-to-month,Fiber optic,101.4
2004-OCQXK,Female,28,1,73755.0,HNI,1,0,1,0.9508,Month-to-month,Fiber optic,81.95
5027-QPKTE,Male,31,7,62415.0,Affluent,1,0,1,0.9184,Month-to-month,Fiber optic,69.35
4146-SVFUD,Male,28,1,40140.0,Mass,1,0,0,0.5036,Month-to-month,DSL,44.6
1564-HJUVY,Male,30,4,57375.0,Affluent,1,1,0,0.5196,Month-to-month,DSL,63.75
3617-XLSGQ,Female,64,66,98325.0,HNI,0,1,0,0.1572,Two year,Fiber optic,109.25
7517-LDMPS,Female,34,12,76140.0,HNI,1,0,0,0.524,Month-to-month,Fiber optic,84.6
7244-KXYZN,Female,41,24,18405.0,Mass,0,1,0,0.1601,One year,No,20.45
5226-NOZFC,Male,42,26,77175.0,HNI,1,0,0,0.4871,Month-to-month,Fiber optic,85.75
2672-HUYVI,Female,31,6,81990.0,HNI,1,0,1,0.9486,Month-to-month,Fiber optic,91.1
1400-WIVLL,Male,59,57,97155.0,HNI,0,0,0,0.1802,Two year,Fiber optic,107.95
7508-MYBOG,Male,35,14,77490.0,HNI,1,0,1,0.9204,Month-to-month,Fiber optic,86.1
8148-NLEGT,Female,51,42,20655.0,Mass,0,0,0,0.1139,Two year,No,22.95
0148-DCDOS,Male,41,25,85230.0,HNI,1,1,1,0.9011,Month-to-month,Fiber optic,94.7
8347-GDTMP,Female,63,64,17505.0,Mass,0,1,0,0.0492,Two year,No,19.45
9992-RRAMN,Male,40,22,76590.0,HNI,1,0,1,0.8972,Month-to-month,Fiber optic,85.1
6746-WAUWT,Male,38,19,17730.0,Mass,0,1,0,0.1728,One year,No,19.7
0310-MVLET,Female,61,61,89235.0,HNI,1,0,1,0.8081,Month-to-month,Fiber optic,99.15
0428-IKYCP,Male,40,22,78300.0,HNI,1,1,0,0.4996,Month-to-month,Fiber optic,87.0
4550-VBOFE,Male,68,70,92655.0,HNI,1,0,1,0.7883,Month-to-month,Fiber optic,102.95
2187-PKZAY,Male,34,12,71955.0,Affluent,1,1,0,0.5181,Month-to-month,Fiber optic,79.95
4003-OCTMP,Female,45,31,57600.0,Affluent,0,0,0,0.1959,One year,DSL,64.0
6652-YFFJO,Female,34,11,58410.0,Affluent,1,0,0,0.5018,Month-to-month,DSL,64.9
7225-IILWY,Male,65,68,23175.0,Mass,0,0,0,0.0462,Two year,No,25.75
5248-RPYWW,Female,68,72,81135.0,HNI,0,1,0,0.1166,Two year,DSL,90.15
7923-IYJWY,Male,68,67,104490.0,HNI,0,1,0,0.1631,Two year,Fiber optic,116.1
3170-GWYKC,Female,61,60,94455.0,HNI,1,1,0,0.4182,Month-to-month,Fiber optic,104.95
5696-QURRL,Male,28,1,40545.0,Mass,1,0,1,0.9042,Month-to-month,DSL,45.05
7409-KIUTL,Female,68,1,63900.0,Affluent,1,0,1,0.9369,Month-to-month,Fiber optic,71.0
9830-ECLEN,Male,59,58,45000.0,Affluent,0,0,0,0.1043,One year,DSL,50.0
1732-VHUBQ,Female,68,47,63495.0,Affluent,1,1,1,0.8103,Month-to-month,Fiber optic,70.55
0495-RVCBF,Female,28,1,71730.0,Affluent,1,0,1,0.9479,Month-to-month,Fiber optic,79.7
2668-TZSPS,Male,28,1,18405.0,Mass,1,0,0,0.4731,Month-to-month,No,20.45
7854-EDSSA,Male,40,22,53100.0,Affluent,1,0,1,0.8643,Month-to-month,DSL,59.0
8869-TORSS,Female,54,48,54315.0,Affluent,0,1,1,0.5447,One year,DSL,60.35
7446-SFAOA,Female,48,37,17865.0,Mass,0,1,0,0.1237,One year,No,19.85
9522-ZSINC,Male,35,13,17955.0,Mass,0,0,0,0.1896,One year,No,19.95
8234-GSZYK,Male,51,43,23805.0,Mass,0,1,0,0.1156,Two year,No,26.45
6505-OZNPG,Female,31,6,57060.0,Affluent,0,0,0,0.2636,Two year,DSL,63.4
6164-HAQTX,Male,65,71,48555.0,Affluent,0,1,0,0.0736,Two year,DSL,53.95
0679-IDSTG,Female,68,1,62325.0,Affluent,1,0,1,0.9347,Month-to-month,Fiber optic,69.25
7765-LWVVH,Female,65,72,85590.0,HNI,0,0,0,0.1229,Two year,Fiber optic,95.1
1658-TJVOA,Female,68,6,66690.0,Affluent,1,0,0,0.5272,Month-to-month,Fiber optic,74.1
0953-LGOVU,Male,34,12,31950.0,Mass,1,0,0,0.462,Month-to-month,DSL,35.5
2115-BFTIW,Male,41,25,63855.0,Affluent,1,0,1,0.8711,Month-to-month,Fiber optic,70.95
4692-NNQRU,Female,39,21,71280.0,Affluent,0,0,0,0.2425,One year,Fiber optic,79.2
7742-MYPGI,Female,31,6,43920.0,Mass,1,0,0,0.4952,Month-to-month,DSL,48.8
0611-DFXKO,Male,39,20,80100.0,HNI,1,0,1,0.9076,Month-to-month,Fiber optic,89.0
7780-OTDSO,Male,37,18,89460.0,HNI,1,0,1,0.9262,Month-to-month,Fiber optic,99.4
9619-GSATL,Female,51,43,49905.0,Affluent,0,0,0,0.1522,One year,DSL,55.45
5622-UEJFI,Female,47,35,22860.0,Mass,0,1,0,0.1362,Two year,No,25.4
9747-DDZOS,Female,28,1,66150.0,Affluent,1,1,1,0.9401,Month-to-month,Fiber optic,73.5
0674-DGMAQ,Male,68,32,84150.0,HNI,1,0,0,0.4804,Month-to-month,Fiber optic,93.5
6203-HBZPA,Male,56,52,57510.0,Affluent,0,1,0,0.1383,Two year,DSL,63.9
0484-FFVBJ,Male,45,32,58365.0,Affluent,0,1,0,0.1942,One year,DSL,64.85
0301-FIDRB,Female,65,72,57420.0,Affluent,0,1,0,0.0833,Two year,DSL,63.8
4139-JPIAM,Male,56,51,40005.0,Mass,1,1,0,0.3664,Month-to-month,DSL,44.45
2181-TIDSV,Male,65,68,17955.0,Mass,0,1,0,0.0389,Two year,No,19.95
2761-XECQW,Male,68,8,39015.0,Mass,1,0,0,0.4828,Month-to-month,DSL,43.35
1936-CZAKF,Male,54,49,44685.0,Mass,0,1,0,0.1285,Two year,DSL,49.65
9453-PATOS,Female,65,72,76590.0,HNI,0,0,0,0.1102,Two year,DSL,85.1
0564-JJHGS,Male,32,9,85950.0,HNI,1,0,1,0.946,Month-to-month,Fiber optic,95.5
3348-CFRNX,Female,43,28,83115.0,HNI,1,0,1,0.8899,Month-to-month,Fiber optic,92.35
4402-FTBXC,Male,57,54,80820.0,HNI,1,0,0,0.4155,Month-to-month,Fiber optic,89.8
1428-GTBJJ,Male,34,11,67095.0,Affluent,1,0,1,0.914,Month-to-month,Fiber optic,74.55
2931-XIQBR,Female,55,50,92745.0,HNI,0,0,0,0.1932,One year,Fiber optic,103.05
0106-UGRDO,Female,65,69,104400.0,HNI,0,0,0,0.1575,Two year,Fiber optic,116.0
5542-TBBWB,Male,28,1,62910.0,Affluent,1,0,0,0.5356,Month-to-month,Fiber optic,69.9
1930-QPBVZ,Male,65,68,85590.0,HNI,0,1,0,0.1338,Two year,Fiber optic,95.1
2606-PKWJB,Male,50,40,36225.0,Mass,0,0,0,0.1413,One year,DSL,40.25
5322-ZSMZY,Male,45,31,23175.0,Mass,0,0,0,0.1476,Two year,No,25.75
8059-UDZFY,Female,68,33,94815.0,HNI,1,1,0,0.4927,Month-to-month,Fiber optic,105.35
7740-BTPUX,Male,68,55,102240.0,HNI,0,0,0,0.1928,Two year,Fiber optic,113.6
5220-AGAAX,Male,65,68,21600.0,Mass,0,1,0,0.044,Two year,No,24.0
0208-BPQEJ,Female,34,12,17460.0,Mass,1,1,0,0.4416,Month-to-month,No,19.4
9435-JMLSX,Male,65,71,77490.0,HNI,0,1,0,0.1142,Two year,DSL,86.1
3352-ALMCK,Male,50,40,92385.0,HNI,1,0,0,0.4701,Month-to-month,Fiber optic,102.65
5312-IRCFR,Female,63,64,83565.0,HNI,0,0,0,0.1419,One year,Fiber optic,92.85
5294-IMHHT,Male,57,53,87975.0,HNI,0,1,0,0.1783,One year,Fiber optic,97.75
8802-UNOJF,Male,68,12,75420.0,HNI,1,0,1,0.923,Month-to-month,Fiber optic,83.8
6313-GIDIT,Male,68,53,49005.0,Affluent,1,0,1,0.7736,Month-to-month,DSL,54.45
6176-YJWAS,Male,65,72,88155.0,HNI,0,1,0,0.1265,Two year,Fiber optic,97.95
5310-NOOVA,Male,53,46,17955.0,Mass,0,0,0,0.0992,Two year,No,19.95
4526-EXKKN,Male,50,40,22140.0,Mass,0,0,0,0.1215,Two year,No,24.6
5311-IHLEI,Male,34,12,45855.0,Affluent,1,1,0,0.4815,Month-to-month,DSL,50.95
3987-KQDDU,Male,32,9,68040.0,Affluent,1,0,0,0.5208,Month-to-month,Fiber optic,75.6
3404-JNXAX,Female,56,51,72675.0,HNI,1,0,0,0.4123,Month-to-month,Fiber optic,80.75
5131-PONJI,Male,54,49,81360.0,HNI,1,1,0,0.4299,Month-to-month,Fiber optic,90.4
2845-AFFTX,Male,68,41,89820.0,HNI,1,0,1,0.8637,Month-to-month,Fiber optic,99.8
3489-VSFRD,Female,58,56,54225.0,Affluent,0,1,0,0.1227,One year,DSL,60.25
3345-JHUEO,Male,30,4,18180.0,Mass,1,0,0,0.4646,Month-to-month,No,20.2
5815-HGGHV,Male,39,20,57735.0,Affluent,0,0,0,0.2262,One year,DSL,64.15
5260-UMPWX,Female,42,26,18225.0,Mass,1,1,0,0.4043,Month-to-month,No,20.25
2249-YPRNG,Female,39,20,95265.0,HNI,1,1,1,0.9289,Month-to-month,Fiber optic,105.85
7410-YTJIK,Female,31,7,67905.0,Affluent,1,0,1,0.9261,Month-to-month,Fiber optic,75.45
4626-GYCZP,Male,31,7,84465.0,HNI,1,0,1,0.9494,Month-to-month,Fiber optic,93.85
5649-RXQTV,Male,56,51,89100.0,HNI,1,0,0,0.4353,Month-to-month,Fiber optic,99.0
2674-MIAHT,Female,30,4,72270.0,HNI,1,0,0,0.5405,Month-to-month,Fiber optic,80.3
2576-HXMPA,Female,28,1,17595.0,Mass,1,1,0,0.472,Month-to-month,No,19.55
7587-AOVVU,Male,42,27,90675.0,HNI,1,0,0,0.5033,Month-to-month,Fiber optic,100.75
5590-BYNII,Male,40,22,90675.0,HNI,1,0,1,0.917,Month-to-month,Fiber optic,100.75
6898-MDLZW,Male,34,12,48375.0,Affluent,1,0,0,0.485,Month-to-month,DSL,53.75
3237-AJGEH,Female,29,3,27900.0,Mass,1,0,1,0.8809,Month-to-month,DSL,31.0
4707-YNOQA,Female,46,34,23040.0,Mass,0,1,0,0.1392,One year,No,25.6
9357-UJRUN,Male,41,24,52515.0,Affluent,0,0,0,0.208,One year,DSL,58.35
1591-NFNLQ,Male,56,51,72000.0,HNI,1,1,1,0.8113,Month-to-month,Fiber optic,80.0
8648-PFRMP,Female,68,14,41715.0,Mass,1,0,0,0.4702,Month-to-month,DSL,46.35
7663-CUXZB,Male,60,59,102375.0,HNI,0,0,0,0.182,Two year,Fiber optic,113.75
0258-NOKBL,Male,29,3,81360.0,HNI,1,0,0,0.556,Month-to-month,Fiber optic,90.4
1163-VIPRI,Female,63,65,98370.0,HNI,0,0,0,0.16,Two year,Fiber optic,109.3
2815-CPTUL,Male,68,5,63225.0,Affluent,1,0,1,0.925,Month-to-month,Fiber optic,70.25
9348-ROUAI,Female,60,59,81270.0,HNI,0,1,0,0.1524,Two year,DSL,90.3
9443-JUBUO,Male,65,72,58725.0,Affluent,0,1,0,0.0852,Two year,DSL,65.25
0596-BQCEQ,Female,62,62,90135.0,HNI,1,0,1,0.8066,Month-to-month,Fiber optic,100.15
1481-ZUWZA,Male,43,28,85050.0,HNI,1,1,1,0.8927,Month-to-month,Fiber optic,94.5
3043-TYBNO,Male,29,3,54585.0,Affluent,1,0,0,0.5184,Month-to-month,DSL,60.65
4830-FAXFM,Male,38,19,21690.0,Mass,1,1,0,0.4284,Month-to-month,No,24.1
5906-BFOZT,Male,28,1,17550.0,Mass,1,0,0,0.4719,Month-to-month,No,19.5
2960-NKRSO,Male,41,24,77355.0,HNI,1,0,0,0.4928,Month-to-month,Fiber optic,85.95
8996-ZROXE,Male,68,57,48150.0,Affluent,0,0,0,0.1114,One year,DSL,53.5
5598-IKHQQ,Female,65,72,22905.0,Mass,0,1,0,0.0349,Two year,No,25.45
0397-ZXWQF,Male,64,67,18450.0,Mass,0,1,0,0.0423,Two year,No,20.5
5266-PFRQK,Male,56,52,18765.0,Mass,0,1,0,0.0839,One year,No,20.85
4674-HGNUA,Male,65,71,80910.0,HNI,0,1,0,0.119,Two year,DSL,89.9
6765-MBQNU,Female,42,26,23400.0,Mass,0,0,0,0.1616,One year,No,26.0
9786-IJYDL,Female,47,35,101880.0,HNI,0,0,0,0.2471,Two year,Fiber optic,113.2
1303-SRDOK,Female,58,55,62145.0,Affluent,0,1,0,0.1365,Two year,Fiber optic,69.05
3769-MHZNV,Female,46,33,18090.0,Mass,0,0,0,0.135,Two year,No,20.1
6295-OSINB,Male,65,72,98685.0,HNI,0,0,0,0.1412,Two year,Fiber optic,109.65
3308-MHOOC,Male,28,1,17280.0,Mass,1,0,0,0.4715,Month-to-month,No,19.2
2309-OSFEU,Male,33,10,30510.0,Mass,1,0,1,0.8654,Month-to-month,DSL,33.9
2207-QPJED,Female,68,37,81000.0,HNI,1,0,0,0.4623,Month-to-month,Fiber optic,90.0
4177-JPDFU,Male,34,12,30600.0,Mass,1,0,0,0.4601,Month-to-month,DSL,34.0
2239-CFOUJ,Male,28,1,18360.0,Mass,0,0,0,0.223,One year,No,20.4
8046-DNVTL,Male,62,62,34740.0,Mass,0,1,0,0.0789,Two year,DSL,38.6
2209-XADXF,Female,28,1,22725.0,Mass,1,1,0,0.4792,Month-to-month,DSL,25.25
6620-JDYNW,Female,37,18,54540.0,Affluent,1,0,0,0.4772,Month-to-month,DSL,60.6
1891-FZYSA,Male,68,69,80955.0,HNI,1,0,1,0.7746,Month-to-month,Fiber optic,89.95
4770-UEZOX,Male,29,2,67275.0,Affluent,1,0,0,0.5389,Month-to-month,Fiber optic,74.75
1038-RQOST,Male,38,19,18540.0,Mass,1,0,0,0.424,Month-to-month,No,20.6
7613-LLQFO,Male,34,12,76005.0,HNI,1,0,1,0.9238,Month-to-month,Fiber optic,84.45
4568-TTZRT,Male,32,9,18360.0,Mass,1,0,0,0.4511,Month-to-month,No,20.4
9513-DXHDA,Male,42,27,73530.0,HNI,0,0,0,0.2292,One year,DSL,81.7
2640-PMGFL,Male,42,27,71550.0,Affluent,1,0,1,0.8764,Month-to-month,Fiber optic,79.5
3801-HMYNL,Male,28,1,80235.0,HNI,1,0,1,0.9599,Month-to-month,Fiber optic,89.15
0516-QREYC,Female,68,24,18270.0,Mass,1,0,0,0.4099,Month-to-month,No,20.3
9685-WKZGT,Male,68,14,67455.0,Affluent,1,0,1,0.9063,Month-to-month,Fiber optic,74.95
6022-UGGSO,Female,68,32,66960.0,Affluent,1,0,1,0.8563,Month-to-month,Fiber optic,74.4
8084-OIVBS,Female,34,11,18000.0,Mass,0,0,0,0.1951,One year,No,20.0
8896-BQTTI,Male,28,1,22500.0,Mass,1,0,0,0.4788,Month-to-month,No,25.0
3865-QBWSJ,Male,68,38,72405.0,HNI,1,0,0,0.4475,Month-to-month,Fiber optic,80.45
3352-RICWQ,Female,32,9,17775.0,Mass,0,0,0,0.2003,Two year,No,19.75
2160-GPFXD,Male,57,54,59085.0,Affluent,0,1,0,0.135,Two year,DSL,65.65
2065-MMKGR,Female,43,29,63900.0,Affluent,0,1,0,0.2102,One year,DSL,71.0
5857-TYBCJ,Male,68,44,80280.0,HNI,1,0,0,0.4421,Month-to-month,Fiber optic,89.2
1498-NHTLT,Male,60,59,78075.0,HNI,0,0,0,0.1479,Two year,DSL,86.75
4484-CGXFK,Female,29,3,49770.0,Affluent,1,0,1,0.9116,Month-to-month,DSL,55.3
1402-PTHGN,Female,37,18,55350.0,Affluent,0,0,0,0.2284,One year,DSL,61.5
4176-RELJR,Male,68,67,22590.0,Mass,0,1,0,0.0481,Two year,No,25.1
6214-EDAKZ,Female,40,22,49635.0,Affluent,1,0,1,0.8594,Month-to-month,DSL,55.15
5199-FPUSP,Male,46,33,30645.0,Mass,0,1,0,0.1526,One year,DSL,34.05
6377-KSLXC,Male,30,5,17955.0,Mass,1,0,0,0.4615,Month-to-month,No,19.95
1796-JANOW,Female,29,2,17955.0,Mass,1,0,0,0.4697,Month-to-month,No,19.95
0238-WHBIQ,Male,65,72,80730.0,HNI,0,1,0,0.116,Two year,DSL,89.7
8735-NBLWT,Male,32,9,18360.0,Mass,1,0,0,0.4511,Month-to-month,No,20.4
6651-RLGGM,Male,64,67,23670.0,Mass,0,0,0,0.0497,Two year,No,26.3
6127-ISGTU,Female,36,16,76455.0,HNI,1,0,1,0.9135,Month-to-month,Fiber optic,84.95
1614-JBEBI,Female,32,8,18630.0,Mass,1,0,0,0.4542,Month-to-month,No,20.7
8740-XLHDR,Male,30,5,38925.0,Mass,1,0,1,0.8909,Month-to-month,DSL,43.25
1208-DNHLN,Male,40,23,43515.0,Mass,0,1,1,0.5981,One year,DSL,48.35
1761-AEZZR,Male,28,1,71595.0,Affluent,1,0,1,0.9477,Month-to-month,Fiber optic,79.55
3923-CSIHK,Female,68,50,63945.0,Affluent,1,0,1,0.8028,Month-to-month,Fiber optic,71.05
5696-EXCYS,Male,37,17,17505.0,Mass,0,1,0,0.178,Two year,No,19.45
5795-KTGUD,Female,65,68,99720.0,HNI,0,1,0,0.1537,Two year,Fiber optic,110.8
7120-RFMVS,Male,28,1,76050.0,HNI,1,0,1,0.954,Month-to-month,Fiber optic,84.5
7924-GJZFI,Female,68,25,62370.0,Affluent,1,0,0,0.469,Month-to-month,Fiber optic,69.3
4702-HDRKD,Male,64,67,44415.0,Mass,0,1,0,0.0788,One year,DSL,49.35
8512-WIWYV,Male,45,32,18315.0,Mass,0,1,0,0.138,One year,No,20.35
5897-ZYEKH,Female,68,67,95040.0,HNI,0,0,0,0.1498,One year,Fiber optic,105.6
5456-ITGIC,Male,68,72,58005.0,Affluent,0,1,0,0.0842,Two year,DSL,64.45
7317-GGVPB,Male,65,71,97740.0,HNI,0,1,1,0.5427,Two year,Fiber optic,108.6
1406-PUQVY,Male,28,1,44910.0,Mass,1,0,0,0.5103,Month-to-month,DSL,49.9
1322-AGOQM,Male,53,46,27270.0,Mass,1,1,1,0.7622,Month-to-month,DSL,30.3
3677-IYRBF,Female,68,2,27360.0,Mass,1,0,1,0.8829,Month-to-month,DSL,30.4
5692-FPTAH,Female,28,1,40860.0,Mass,1,0,1,0.9046,Month-to-month,DSL,45.4
9114-AAFQH,Female,54,48,59085.0,Affluent,0,0,0,0.1514,One year,DSL,65.65
8715-KKTFG,Female,61,61,92970.0,HNI,0,1,0,0.1634,One year,Fiber optic,103.3
1550-LOAHA,Female,45,32,75735.0,HNI,1,1,1,0.8686,Month-to-month,Fiber optic,84.15
1728-BQDMA,Female,29,2,40005.0,Mass,1,0,0,0.5007,Month-to-month,DSL,44.45
0268-QKIWO,Female,29,3,17775.0,Mass,1,0,1,0.8667,Month-to-month,No,19.75
0876-WDUUZ,Female,30,5,76860.0,HNI,1,1,1,0.9442,Month-to-month,Fiber optic,85.4
5117-ZSMHQ,Female,65,71,80910.0,HNI,0,1,0,0.119,Two year,DSL,89.9
5151-HQRDG,Male,48,37,49545.0,Affluent,1,0,0,0.4182,Month-to-month,DSL,55.05
0960-HUWBM,Male,63,65,93690.0,HNI,0,1,0,0.1534,Two year,Fiber optic,104.1
6465-GSRCL,Female,64,67,95940.0,HNI,0,1,0,0.1511,One year,Fiber optic,106.6
0617-FHSGK,Male,54,49,67680.0,Affluent,1,1,1,0.8107,Month-to-month,Fiber optic,75.2
0263-FJTQO,Male,55,50,63450.0,Affluent,0,1,0,0.1521,Two year,DSL,70.5
7319-ZNRTR,Male,41,25,17640.0,Mass,0,0,0,0.1563,One year,No,19.6
2858-MOFSQ,Female,37,17,50265.0,Affluent,0,0,1,0.624,One year,DSL,55.85
7503-EPSZW,Female,63,64,21645.0,Mass,0,0,0,0.055,Two year,No,24.05
7089-XXAYG,Male,41,25,34290.0,Mass,0,1,0,0.1796,One year,DSL,38.1
8118-LSUEL,Male,68,23,95760.0,HNI,1,0,1,0.9214,Month-to-month,Fiber optic,106.4
8070-AAWZP,Male,68,24,30825.0,Mass,1,0,0,0.4275,Month-to-month,DSL,34.25
1666-JXLKU,Female,48,37,90045.0,HNI,1,0,0,0.475,Month-to-month,Fiber optic,100.05
7855-DIWPO,Female,39,21,61785.0,Affluent,1,0,0,0.4792,Month-to-month,Fiber optic,68.65
5133-POWUA,Male,28,1,41220.0,Mass,1,0,0,0.5051,Month-to-month,DSL,45.8
5652-MSDEY,Female,33,10,68175.0,Affluent,1,0,0,0.5183,Month-to-month,Fiber optic,75.75
7005-CCBKV,Male,31,6,75960.0,HNI,1,0,1,0.9402,Month-to-month,Fiber optic,84.4
1810-BOHSY,Male,56,51,86760.0,HNI,0,1,0,0.182,One year,Fiber optic,96.4
1784-BXEFA,Female,33,10,18495.0,Mass,1,0,0,0.4486,Month-to-month,No,20.55
7351-MHQVU,Female,31,6,45855.0,Affluent,1,1,0,0.4979,Month-to-month,DSL,50.95
9224-VTYID,Male,53,47,81450.0,HNI,0,0,0,0.1855,Two year,DSL,90.5
9500-IWPXQ,Female,61,61,71460.0,Affluent,0,0,0,0.1332,One year,DSL,79.4
5762-TJXGK,Female,56,52,52875.0,Affluent,0,1,0,0.1317,Two year,DSL,58.75
4504-YOULA,Female,47,35,53505.0,Affluent,1,1,0,0.4292,Month-to-month,DSL,59.45
5569-IDSEY,Male,65,71,95130.0,HNI,0,1,0,0.139,One year,Fiber optic,105.7
4250-FDVOU,Female,31,6,50625.0,Affluent,1,0,1,0.9046,Month-to-month,DSL,56.25
7284-ZZLOH,Male,52,45,47970.0,Affluent,0,1,0,0.144,Two year,DSL,53.3
5277-ZLOOR,Female,68,2,76995.0,HNI,1,0,1,0.9526,Month-to-month,Fiber optic,85.55
2141-RRYGO,Female,30,4,61785.0,Affluent,1,1,1,0.9258,Month-to-month,DSL,68.65
1777-JYQPJ,Male,29,2,21870.0,Mass,1,0,0,0.4752,Month-to-month,DSL,24.3
6376-GAHQE,Male,30,4,70065.0,Affluent,1,0,1,0.9374,Month-to-month,Fiber optic,77.85
3401-URHDA,Male,56,51,53910.0,Affluent,0,1,0,0.1359,One year,DSL,59.9
1599-EAHXY,Male,61,60,21555.0,Mass,0,1,0,0.0659,One year,No,23.95
8631-XVRZL,Male,32,9,18135.0,Mass,0,0,0,0.2008,One year,No,20.15
5052-PNLOS,Male,29,3,94815.0,HNI,1,1,1,0.9749,Month-to-month,Fiber optic,105.35
3853-LYGAM,Male,37,17,86085.0,HNI,1,1,0,0.5242,Month-to-month,Fiber optic,95.65
6979-ZNSFF,Female,32,8,78345.0,HNI,1,0,1,0.938,Month-to-month,Fiber optic,87.05
5751-USDBL,Male,53,46,72900.0,HNI,0,0,0,0.1763,Two year,DSL,81.0
5680-LQOGP,Female,65,68,74205.0,HNI,0,1,0,0.1178,Two year,DSL,82.45
2386-LAHRK,Male,28,1,48150.0,Affluent,1,0,1,0.9148,Month-to-month,DSL,53.5
8189-DUKMV,Female,30,4,18450.0,Mass,0,1,0,0.2149,One year,No,20.5
6032-IGALN,Female,28,1,22590.0,Mass,1,0,1,0.879,Month-to-month,DSL,25.1
9931-DCEZH,Male,43,28,48960.0,Affluent,0,1,0,0.192,One year,DSL,54.4
1898-JSNDC,Female,49,39,52740.0,Affluent,0,1,0,0.1672,One year,DSL,58.6
0315-LVCRK,Male,34,11,76320.0,HNI,1,0,0,0.527,Month-to-month,Fiber optic,84.8
3911-RSNHI,Female,65,71,55260.0,Affluent,0,1,0,0.083,Two year,DSL,61.4
2410-CIYFZ,Male,29,2,18360.0,Mass,1,0,0,0.4703,Month-to-month,No,20.4
4248-HCETZ,Male,68,30,71685.0,Affluent,1,0,1,0.8684,Month-to-month,Fiber optic,79.65
5505-OVWQW,Female,37,17,18135.0,Mass,0,0,0,0.1789,One year,No,20.15
7271-AJDTL,Female,58,55,85005.0,HNI,1,1,0,0.4186,Month-to-month,Fiber optic,94.45
1867-TJHTS,Female,59,58,71820.0,Affluent,1,1,0,0.3919,Month-to-month,Fiber optic,79.8
0516-WJVXC,Female,30,5,48780.0,Affluent,1,0,1,0.9048,Month-to-month,DSL,54.2
9174-FKWZE,Female,68,1,17505.0,Mass,1,0,1,0.8718,Month-to-month,No,19.45
6860-YRJZP,Male,68,9,66645.0,Affluent,1,0,0,0.5189,Month-to-month,Fiber optic,74.05
4429-WYGFR,Male,42,26,44235.0,Mass,1,1,0,0.4409,Month-to-month,DSL,49.15
2817-LVCPP,Female,55,50,17460.0,Mass,0,1,0,0.0875,Two year,No,19.4
5038-ETMLM,Female,65,72,102285.0,HNI,0,1,0,0.1463,Two year,Fiber optic,113.65
5056-FIMPT,Female,51,43,95400.0,HNI,0,1,0,0.2161,One year,Fiber optic,106.0
4521-WFJAI,Male,58,56,23355.0,Mass,0,1,0,0.0794,Two year,No,25.95
6569-KTMDU,Female,28,1,17190.0,Mass,1,0,0,0.4714,Month-to-month,No,19.1
8809-RIHDD,Male,65,72,93060.0,HNI,0,0,1,0.5334,Two year,Fiber optic,103.4
8809-XKHMD,Male,65,72,90495.0,HNI,0,1,0,0.1298,Two year,Fiber optic,100.55
0396-YCHWO,Male,47,36,85860.0,HNI,1,0,0,0.4719,Month-to-month,Fiber optic,95.4
0867-LDTTC,Male,30,5,67635.0,Affluent,1,1,0,0.5312,Month-to-month,DSL,75.15
4822-NGOCH,Female,35,13,76005.0,HNI,1,0,1,0.9211,Month-to-month,Fiber optic,84.45
9391-DXGGG,Female,68,44,80235.0,HNI,0,1,0,0.1921,One year,Fiber optic,89.15
9844-FELAJ,Female,68,70,97110.0,HNI,0,0,0,0.1445,One year,Fiber optic,107.9
2122-SZZZD,Male,52,44,17550.0,Mass,0,1,0,0.1041,One year,No,19.5
5307-DZCVC,Female,68,32,77355.0,HNI,1,1,1,0.8709,Month-to-month,Fiber optic,85.95
3148-AOIQT,Female,65,69,22455.0,Mass,0,1,0,0.0425,Two year,No,24.95
8679-JOEVF,Female,68,16,53460.0,Affluent,1,0,1,0.8812,Month-to-month,DSL,59.4
8395-ETZKQ,Male,68,68,17550.0,Mass,0,1,0,0.0383,One year,No,19.5
6692-YQHXC,Male,36,16,62955.0,Affluent,1,1,0,0.4945,Month-to-month,Fiber optic,69.95
3889-VWBID,Male,65,68,74565.0,HNI,0,1,0,0.1184,Two year,DSL,82.85
5222-JCXZT,Male,30,4,17100.0,Mass,1,0,0,0.463,Month-to-month,No,19.0
9754-CLVZW,Female,42,26,34965.0,Mass,1,1,0,0.4278,Month-to-month,DSL,38.85
1432-FPAXX,Female,43,29,27540.0,Mass,1,0,1,0.8092,Month-to-month,DSL,30.6
2739-CCZMB,Male,30,5,18315.0,Mass,1,1,0,0.462,Month-to-month,No,20.35
7080-TNUWP,Male,65,70,85500.0,HNI,0,1,0,0.1282,One year,Fiber optic,95.0
0496-AHOOK,Male,41,24,66960.0,Affluent,0,1,0,0.2282,One year,DSL,74.4
8336-TAVKX,Female,68,72,70605.0,Affluent,0,1,0,0.1018,Two year,DSL,78.45
2468-SJFLM,Male,28,1,66870.0,Affluent,1,0,0,0.5411,Month-to-month,Fiber optic,74.3
3181-VTHOE,Male,65,70,45945.0,Affluent,0,1,0,0.0727,One year,DSL,51.05
7168-HDQHG,Female,47,36,17280.0,Mass,1,1,0,0.3756,Month-to-month,No,19.2
4803-AXVYP,Female,68,38,89595.0,HNI,1,0,1,0.8716,Month-to-month,Fiber optic,99.55
3884-HCSWG,Female,37,17,63000.0,Affluent,1,0,1,0.8918,Month-to-month,Fiber optic,70.0
4567-AKPIA,Female,50,41,98190.0,HNI,0,1,0,0.2255,One year,Fiber optic,109.1
5077-DXTCG,Female,28,1,40770.0,Mass,1,0,1,0.9045,Month-to-month,DSL,45.3
1142-WACZW,Male,29,2,26865.0,Mass,1,1,1,0.8822,Month-to-month,DSL,29.85
7901-HXJVA,Male,35,14,68805.0,Affluent,1,0,0,0.5082,Month-to-month,Fiber optic,76.45
5649-ANRML,Male,68,2,85590.0,HNI,1,1,1,0.9646,Month-to-month,Fiber optic,95.1
4892-VLANZ,Male,28,1,17820.0,Mass,1,0,1,0.8723,Month-to-month,No,19.8
5924-IFQTT,Male,35,13,65520.0,Affluent,1,0,0,0.5063,Month-to-month,DSL,72.8
7968-QUXNS,Male,31,6,17055.0,Mass,1,0,0,0.4575,Month-to-month,No,18.95
2919-HBCJO,Female,30,4,68985.0,Affluent,1,1,1,0.9359,Month-to-month,Fiber optic,76.65
4236-XPXAV,Female,30,5,89235.0,HNI,1,0,1,0.9615,Month-to-month,Fiber optic,99.15
8903-WMRNW,Female,36,15,91575.0,HNI,1,0,0,0.5374,Month-to-month,Fiber optic,101.75
2452-SNHFZ,Female,53,47,67905.0,Affluent,1,1,0,0.4165,Month-to-month,Fiber optic,75.45
3629-WEAAM,Female,32,8,57690.0,Affluent,1,0,0,0.5091,Month-to-month,DSL,64.1
6029-CSMJE,Male,37,17,23085.0,Mass,1,0,0,0.4358,Month-to-month,DSL,25.65
7993-NQLJE,Male,36,15,67590.0,Affluent,1,0,0,0.5038,Month-to-month,Fiber optic,75.1
9909-DFRJA,Female,42,26,86265.0,HNI,0,1,0,0.2498,One year,Fiber optic,95.85
9099-FTUHS,Female,40,23,48960.0,Affluent,1,0,0,0.4557,Month-to-month,DSL,54.4
0581-BXBUB,Female,68,4,65475.0,Affluent,1,0,0,0.5309,Month-to-month,Fiber optic,72.75
4962-CHQPW,Male,43,29,17865.0,Mass,0,0,0,0.1456,One year,No,19.85
9467-ROOLM,Female,41,25,17145.0,Mass,1,0,0,0.4056,Month-to-month,No,19.05
3030-YZADT,Male,32,9,40455.0,Mass,1,0,1,0.8821,Month-to-month,DSL,44.95
7410-KTVFV,Male,37,18,44595.0,Mass,1,0,1,0.8633,Month-to-month,DSL,49.55
5150-ITWWB,Male,68,3,85365.0,HNI,1,0,0,0.5616,Month-to-month,Fiber optic,94.85
2253-KPMNB,Female,65,69,41625.0,Mass,0,1,0,0.0694,Two year,DSL,46.25
1345-ZUKID,Male,35,14,17415.0,Mass,0,0,0,0.1861,One year,No,19.35
6429-SHBCB,Male,38,19,62640.0,Affluent,1,0,0,0.4859,Month-to-month,DSL,69.6
9281-OFDMF,Male,68,39,81630.0,HNI,1,0,0,0.4577,Month-to-month,Fiber optic,90.7
2603-HVKCG,Male,45,31,91260.0,HNI,1,0,0,0.4932,Month-to-month,Fiber optic,101.4
1834-WULEG,Male,41,24,18225.0,Mass,0,0,0,0.1598,One year,No,20.25
9097-ZUBYC,Male,35,14,43920.0,Mass,1,1,0,0.4733,Month-to-month,DSL,48.8
5148-ORICT,Female,63,64,66915.0,Affluent,0,0,0,0.1186,Two year,DSL,74.35
4893-GYUJU,Female,55,50,17415.0,Mass,0,0,0,0.0875,One year,No,19.35
4578-PHJYZ,Male,56,52,61875.0,Affluent,0,0,0,0.1444,One year,DSL,68.75
7272-QDCKA,Male,43,28,90180.0,HNI,0,0,0,0.2499,One year,Fiber optic,100.2
8908-SLFCJ,Female,39,21,18765.0,Mass,0,1,0,0.1688,Two year,No,20.85
8393-DLHGA,Male,41,25,86310.0,HNI,1,0,1,0.9026,Month-to-month,Fiber optic,95.9
9766-HGEDE,Female,37,17,17415.0,Mass,0,0,0,0.1779,One year,No,19.35
6968-MHOMU,Male,59,58,40500.0,Mass,0,1,0,0.0979,One year,DSL,45.0
7395-IGJOS,Male,68,17,73350.0,HNI,1,1,1,0.9064,Month-to-month,Fiber optic,81.5
5044-XDPYX,Female,56,51,22950.0,Mass,0,0,0,0.0925,Two year,No,25.5
1814-WFGVS,Male,65,72,44010.0,Mass,0,0,0,0.0645,Two year,DSL,48.9
2834-SPCJV,Male,56,52,75690.0,HNI,1,0,1,0.8138,Month-to-month,Fiber optic,84.1
3721-WKIIL,Female,42,27,17640.0,Mass,0,0,0,0.1508,Two year,No,19.6
6734-CKRSM,Female,29,3,18000.0,Mass,1,0,0,0.467,Month-to-month,No,20.0
1265-ZFOSD,Female,63,64,73170.0,HNI,0,0,0,0.1274,Two year,DSL,81.3
6568-POCUI,Female,52,45,85680.0,HNI,0,1,0,0.197,Two year,Fiber optic,95.2
7890-VYYWG,Male,68,3,32805.0,Mass,1,0,1,0.8878,Month-to-month,DSL,36.45
5197-LQXXH,Female,65,71,74970.0,HNI,0,1,0,0.1107,Two year,DSL,83.3
9907-SWKKF,Female,68,1,22545.0,Mass,1,0,1,0.8789,Month-to-month,DSL,25.05
3457-PQBYH,Female,59,58,18270.0,Mass,0,1,0,0.0667,Two year,No,20.3
7682-AZNDK,Male,46,34,80865.0,HNI,1,0,0,0.4703,Month-to-month,Fiber optic,89.85
0587-DMGBH,Female,32,8,44865.0,Mass,1,0,1,0.8911,Month-to-month,DSL,49.85
5384-ZTTWP,Female,36,15,17820.0,Mass,1,0,0,0.4339,Month-to-month,No,19.8
3745-HRPHI,Male,64,66,49185.0,Affluent,0,1,0,0.0882,Two year,DSL,54.65
7636-OWBPG,Male,68,12,26415.0,Mass,1,1,0,0.4542,Month-to-month,DSL,29.35
1231-YNDEK,Male,59,58,17235.0,Mass,0,1,0,0.0653,Two year,No,19.15
1407-DIGZV,Female,29,3,17190.0,Mass,0,0,0,0.2159,Two year,No,19.1
6397-JNZZG,Female,68,43,49995.0,Affluent,1,1,1,0.8024,Month-to-month,DSL,55.55
0570-BFQHT,Female,32,9,72495.0,HNI,1,0,0,0.5271,Month-to-month,Fiber optic,80.55
4393-OBCRR,Female,29,3,18225.0,Mass,0,0,0,0.2174,One year,No,20.25
3523-QRQLL,Female,40,22,62550.0,Affluent,0,1,1,0.6275,One year,DSL,69.5
8564-LDKFL,Male,50,40,95400.0,HNI,0,1,0,0.2243,One year,Fiber optic,106.0
3696-DFHHB,Female,65,68,22950.0,Mass,0,1,0,0.0459,Two year,No,25.5
0895-DQHEW,Male,57,54,93870.0,HNI,1,0,1,0.8338,Month-to-month,Fiber optic,104.3
4717-GHADL,Female,55,50,71640.0,Affluent,0,0,0,0.1636,Two year,DSL,79.6
5501-TVMGM,Male,28,1,49725.0,Affluent,1,0,0,0.517,Month-to-month,DSL,55.25
5879-HMFFH,Female,65,72,79245.0,HNI,0,1,0,0.114,Two year,DSL,88.05
6772-WFQRD,Male,50,40,18360.0,Mass,0,1,0,0.1162,One year,No,20.4
3810-DVDQQ,Female,65,72,105840.0,HNI,0,1,0,0.1513,Two year,Fiber optic,117.6
6972-SNKKW,Female,31,6,18000.0,Mass,1,0,0,0.4588,Month-to-month,No,20.0
3694-GLTJM,Female,30,5,17685.0,Mass,1,1,0,0.4611,Month-to-month,No,19.65
8550-XSXUQ,Male,54,48,63495.0,Affluent,0,1,0,0.1576,One year,DSL,70.55
8149-RSOUN,Female,28,1,84465.0,HNI,1,0,1,0.9658,Month-to-month,Fiber optic,93.85
9055-MOJJJ,Female,63,64,59220.0,Affluent,0,0,0,0.1078,One year,DSL,65.8
4359-INNWN,Female,37,17,18045.0,Mass,0,1,0,0.1788,One year,No,20.05
0585-EGDDA,Male,50,40,72000.0,HNI,1,0,0,0.4415,Month-to-month,Fiber optic,80.0
4032-RMHCI,Female,50,41,31860.0,Mass,0,1,0,0.1324,One year,DSL,35.4
0549-CYCQN,Male,68,51,71640.0,Affluent,0,1,0,0.1608,One year,Fiber optic,79.6
3481-JHUZH,Male,50,41,72225.0,HNI,1,0,0,0.439,Month-to-month,Fiber optic,80.25
7250-EQKIY,Female,28,1,45405.0,Affluent,1,0,1,0.911,Month-to-month,DSL,50.45
3594-IVHJZ,Female,29,2,18405.0,Mass,1,0,0,0.4704,Month-to-month,No,20.45
6869-FGJJC,Male,65,68,71640.0,Affluent,0,1,0,0.1142,One year,Fiber optic,79.6
3896-ZVNET,Female,41,24,22230.0,Mass,0,0,0,0.1654,Two year,No,24.7
8205-VSLRB,Male,65,70,69570.0,Affluent,0,1,0,0.1059,Two year,DSL,77.3
5960-MVTUK,Male,29,3,26775.0,Mass,1,0,0,0.4794,Month-to-month,DSL,29.75
6817-WTYHE,Male,29,2,40410.0,Mass,1,1,0,0.5012,Month-to-month,DSL,44.9
3082-VQXNH,Male,29,3,26820.0,Mass,1,1,0,0.4794,Month-to-month,DSL,29.8
4013-UBXWQ,Female,31,7,67185.0,Affluent,1,0,1,0.9251,Month-to-month,DSL,74.65
4931-TRZWN,Female,35,13,64755.0,Affluent,1,0,0,0.5053,Month-to-month,DSL,71.95
0750-EKNGL,Male,31,7,18675.0,Mass,1,0,0,0.457,Month-to-month,No,20.75
7669-LCRSD,Male,34,12,50670.0,Affluent,1,0,0,0.4882,Month-to-month,DSL,56.3
3567-PQTSO,Male,57,53,94725.0,HNI,0,0,0,0.1877,One year,Fiber optic,105.25
5519-NPHVG,Female,34,12,84780.0,HNI,1,0,1,0.9361,Month-to-month,Fiber optic,94.2
8043-PNYSD,Male,62,63,17595.0,Mass,0,0,0,0.0521,Two year,No,19.55
9938-EKRGF,Female,36,15,76005.0,HNI,1,0,0,0.5156,Month-to-month,DSL,84.45
2703-AMTUL,Male,47,36,48285.0,Affluent,0,0,0,0.1691,One year,DSL,53.65
0928-JMXNP,Male,68,4,26910.0,Mass,1,0,0,0.4768,Month-to-month,DSL,29.9
8173-RXAYP,Female,41,24,17730.0,Mass,0,0,0,0.1591,Two year,No,19.7
4825-XJGDM,Female,61,61,39330.0,Mass,0,1,0,0.0881,One year,DSL,43.7
5402-HTOTQ,Male,36,16,49770.0,Affluent,1,0,0,0.476,Month-to-month,DSL,55.3
6734-JDTTV,Male,63,65,17865.0,Mass,0,1,0,0.047,Two year,No,19.85
7850-THJMU,Female,42,26,17685.0,Mass,0,1,0,0.1536,Two year,No,19.65
3890-RTCMS,Male,36,16,44505.0,Mass,1,0,0,0.4686,Month-to-month,DSL,49.45
8849-GYOKR,Female,57,54,95895.0,HNI,0,1,1,0.5866,One year,Fiber optic,106.55
3148-BLQJT,Male,28,1,18090.0,Mass,1,0,1,0.8726,Month-to-month,No,20.1
3717-FDJFU,Male,30,5,18405.0,Mass,0,0,0,0.2121,Two year,No,20.45
3665-JATSN,Female,38,19,35730.0,Mass,1,0,0,0.4481,Month-to-month,DSL,39.7
7966-YOTQW,Male,33,10,49050.0,Affluent,1,1,0,0.4914,Month-to-month,DSL,54.5
0461-CVKMU,Female,40,23,75420.0,HNI,1,0,1,0.8928,Month-to-month,Fiber optic,83.8
8806-EAGWC,Male,29,3,49635.0,Affluent,1,0,1,0.9114,Month-to-month,DSL,55.15
8853-TZDGH,Female,65,72,100440.0,HNI,0,1,0,0.1437,Two year,Fiber optic,111.6
7779-LGOVN,Male,68,10,77985.0,HNI,1,0,1,0.9321,Month-to-month,Fiber optic,86.65
4324-BZCKL,Female,33,10,49995.0,Affluent,1,0,0,0.4928,Month-to-month,DSL,55.55
6924-TDGMT,Male,34,11,18495.0,Mass,0,0,0,0.1958,One year,No,20.55
9710-ZUSHQ,Female,68,37,96075.0,HNI,1,1,1,0.8835,Month-to-month,Fiber optic,106.75
1536-YHDOE,Male,37,17,55890.0,Affluent,0,0,0,0.2319,One year,DSL,62.1
8123-QBNAZ,Female,47,36,94050.0,HNI,1,1,0,0.4834,Month-to-month,Fiber optic,104.5
3629-ZNKXA,Male,68,17,91620.0,HNI,1,0,0,0.532,Month-to-month,Fiber optic,101.8
4827-LTQRJ,Female,68,66,99540.0,HNI,0,1,0,0.1589,One year,Fiber optic,110.6
7711-YIJWC,Male,61,61,76410.0,HNI,0,1,0,0.1401,One year,DSL,84.9
5482-VXSXJ,Male,40,22,83880.0,HNI,1,0,0,0.5075,Month-to-month,Fiber optic,93.2
7365-BVCJH,Male,28,1,21960.0,Mass,1,0,0,0.4781,Month-to-month,DSL,24.4
9620-ENEJV,Female,31,6,63495.0,Affluent,1,1,0,0.5227,Month-to-month,Fiber optic,70.55
4183-WCSEP,Male,45,31,70605.0,Affluent,1,0,1,0.8642,Month-to-month,Fiber optic,78.45
2378-YIZKA,Female,65,68,76500.0,HNI,0,1,0,0.1211,Two year,DSL,85.0
5498-TXHLF,Female,46,34,78705.0,HNI,1,0,1,0.8673,Month-to-month,Fiber optic,87.45
0689-DSXGL,Female,56,52,77220.0,HNI,1,1,0,0.4159,Month-to-month,Fiber optic,85.8
6818-DJXAA,Female,33,10,81990.0,HNI,1,0,0,0.5377,Month-to-month,Fiber optic,91.1
9722-UJOJR,Male,43,29,63675.0,Affluent,1,0,1,0.8599,Month-to-month,Fiber optic,70.75
0464-WJTKO,Female,65,72,18090.0,Mass,0,1,0,0.0281,Two year,No,20.1
8902-ZEOVF,Male,53,47,18045.0,Mass,0,0,0,0.0966,One year,No,20.05
6778-EICRF,Male,41,24,67320.0,Affluent,0,0,0,0.2287,One year,DSL,74.8
2662-NNTDK,Male,63,65,22320.0,Mass,0,1,0,0.0532,One year,No,24.8
4132-KALRO,Female,30,4,90765.0,HNI,1,0,0,0.5664,Month-to-month,Fiber optic,100.85
3902-FOIGH,Male,68,12,91215.0,HNI,1,0,1,0.9451,Month-to-month,Fiber optic,101.35
6772-KSATR,Male,28,1,73530.0,HNI,1,0,1,0.9505,Month-to-month,Fiber optic,81.7
7112-OPOTK,Male,46,33,61425.0,Affluent,1,0,1,0.8458,Month-to-month,Fiber optic,68.25
2874-YXVVA,Female,46,34,94590.0,HNI,1,0,0,0.4896,Month-to-month,Fiber optic,105.1
1245-HARPS,Female,35,14,18360.0,Mass,0,0,0,0.1874,Two year,No,20.4
4210-QFJMF,Female,30,4,71235.0,Affluent,1,0,1,0.939,Month-to-month,Fiber optic,79.15
4323-ELYYB,Male,35,13,18000.0,Mass,0,0,0,0.1896,One year,No,20.0
4293-ETKAP,Female,63,65,71460.0,Affluent,0,1,0,0.1222,Two year,DSL,79.4
6064-PUPMC,Male,40,23,51480.0,Affluent,0,1,0,0.2092,One year,DSL,57.2
6504-VBLFL,Male,58,55,52740.0,Affluent,0,0,0,0.1233,Two year,DSL,58.6
6322-PJJDJ,Male,54,49,85320.0,HNI,0,0,0,0.1855,Two year,Fiber optic,94.8
0330-BGYZE,Male,61,60,92250.0,HNI,0,1,0,0.1651,One year,Fiber optic,102.5
1085-LDWAM,Female,65,69,18315.0,Mass,0,1,0,0.0367,One year,No,20.35
7586-ZATGZ,Male,50,40,76410.0,HNI,1,0,0,0.4477,Month-to-month,Fiber optic,84.9
7197-VOJMM,Male,64,67,62280.0,Affluent,0,1,0,0.1038,Two year,DSL,69.2
3318-OSATS,Male,68,35,85905.0,HNI,1,0,1,0.8747,Month-to-month,Fiber optic,95.45
5828-AVIPD,Male,38,19,90855.0,HNI,0,0,1,0.6755,One year,Fiber optic,100.95
1843-TLSGD,Female,35,13,18765.0,Mass,0,0,0,0.1907,Two year,No,20.85
9626-VFRGG,Female,50,41,79650.0,HNI,1,1,0,0.4495,Month-to-month,Fiber optic,88.5
7075-BNDVQ,Female,30,4,31500.0,Mass,1,0,0,0.4833,Month-to-month,DSL,35.0
9143-CANJF,Female,41,24,49635.0,Affluent,1,0,0,0.4539,Month-to-month,DSL,55.15
7284-BUYEC,Female,30,5,45855.0,Affluent,1,1,0,0.5007,Month-to-month,DSL,50.95
2041-JIJCI,Female,30,5,57600.0,Affluent,1,0,0,0.5171,Month-to-month,DSL,64.0
1086-LXKFY,Female,28,1,62190.0,Affluent,1,0,1,0.9345,Month-to-month,Fiber optic,69.1
4900-MSOMT,Female,65,72,72180.0,HNI,0,1,0,0.104,Two year,DSL,80.2
2229-VWQJH,Female,41,24,44370.0,Mass,1,1,0,0.4465,Month-to-month,DSL,49.3
9194-GFVOI,Female,51,42,75915.0,HNI,0,1,0,0.1915,Two year,DSL,84.35
1336-EZFZY,Female,30,4,18045.0,Mass,1,0,0,0.4644,Month-to-month,No,20.05
4282-MSACW,Male,65,68,105480.0,HNI,0,1,0,0.1617,One year,Fiber optic,117.2
1403-LKLIK,Female,46,33,18090.0,Mass,0,0,0,0.135,One year,No,20.1
2636-ALXXZ,Female,68,1,62640.0,Affluent,1,0,1,0.9352,Month-to-month,Fiber optic,69.6
7774-OJSXI,Male,45,31,93105.0,HNI,0,0,1,0.6457,One year,Fiber optic,103.45
7786-WBJYI,Female,30,4,70155.0,Affluent,1,1,1,0.9375,Month-to-month,Fiber optic,77.95
0136-IFMYD,Male,68,69,98955.0,HNI,0,0,0,0.1498,Two year,Fiber optic,109.95
5144-TVGLP,Male,68,38,85275.0,HNI,1,0,0,0.4656,Month-to-month,Fiber optic,94.75
9643-AVVWI,Female,29,3,72000.0,HNI,1,0,0,0.5428,Month-to-month,Fiber optic,80.0
0253-ZTEOB,Female,54,48,71685.0,Affluent,0,0,0,0.1691,Two year,DSL,79.65
2706-QZIHY,Female,36,15,22680.0,Mass,0,0,0,0.1907,Two year,No,25.2
6061-PQHMK,Female,41,25,17910.0,Mass,0,1,0,0.1566,One year,No,19.9
9885-CSMWE,Female,68,1,70605.0,Affluent,1,0,1,0.9464,Month-to-month,Fiber optic,78.45
6137-MFAJN,Female,54,48,40320.0,Mass,1,0,0,0.3751,Month-to-month,DSL,44.8
9122-UMROB,Male,28,1,18270.0,Mass,1,0,0,0.4729,Month-to-month,No,20.3
4232-JGKIY,Male,28,1,17280.0,Mass,1,0,0,0.4715,Month-to-month,No,19.2
2402-TAIRZ,Female,48,37,72045.0,HNI,0,0,0,0.1997,One year,Fiber optic,80.05
9659-ZTWSM,Male,68,66,96615.0,HNI,0,1,0,0.1548,One year,Fiber optic,107.35
9139-TWBAS,Female,42,26,43065.0,Mass,0,1,0,0.1892,One year,DSL,47.85
6685-GBWJZ,Male,62,63,63720.0,Affluent,0,1,0,0.1168,One year,DSL,70.8
5016-ETTFF,Male,33,10,26550.0,Mass,1,0,1,0.8599,Month-to-month,DSL,29.5
3866-MDTUB,Female,29,2,63675.0,Affluent,1,0,1,0.9339,Month-to-month,DSL,70.75
2195-VVRJF,Male,68,18,53190.0,Affluent,1,1,0,0.4753,Month-to-month,DSL,59.1
3913-RDSJZ,Female,63,64,22995.0,Mass,0,0,0,0.0569,Two year,No,25.55
8058-JMEQO,Female,68,9,76005.0,HNI,1,0,1,0.932,Month-to-month,Fiber optic,84.45
4203-QGNZA,Female,43,28,18225.0,Mass,1,0,0,0.3989,Month-to-month,No,20.25
5043-TRZWM,Female,28,1,67995.0,Affluent,1,0,0,0.5427,Month-to-month,Fiber optic,75.55
0697-ZMSWS,Male,30,4,77085.0,HNI,1,0,1,0.9472,Month-to-month,Fiber optic,85.65
7657-DYEPJ,Male,68,38,63135.0,Affluent,0,1,1,0.5845,One year,DSL,70.15
9494-BDNNC,Male,64,66,85770.0,HNI,0,0,0,0.1396,One year,Fiber optic,95.3
1640-PLFMP,Female,28,1,63225.0,Affluent,1,0,0,0.536,Month-to-month,Fiber optic,70.25
5366-OBVMR,Female,37,18,45270.0,Affluent,1,0,0,0.4642,Month-to-month,DSL,50.3
8276-MQBYC,Male,68,51,88020.0,HNI,1,0,1,0.8338,Month-to-month,Fiber optic,97.8
7644-OMVMY,Male,28,0,17865.0,Mass,0,0,0,0.2251,Two year,No,19.85
7593-XFKDI,Male,28,1,41670.0,Mass,1,0,1,0.9057,Month-to-month,DSL,46.3
4573-JKNAE,Male,34,12,17415.0,Mass,0,1,0,0.1916,Two year,No,19.35
0337-CNPZE,Female,50,41,95670.0,HNI,1,0,1,0.8719,Month-to-month,Fiber optic,106.3
9817-APLHW,Male,34,12,22500.0,Mass,1,0,0,0.4487,Month-to-month,No,25.0
8380-MQINP,Female,58,55,18270.0,Mass,0,0,0,0.075,Two year,No,20.3
0840-DFEZH,Female,31,7,67815.0,Affluent,1,0,0,0.526,Month-to-month,Fiber optic,75.35
1513-XNPPH,Female,34,12,80460.0,HNI,1,0,1,0.93,Month-to-month,Fiber optic,89.4
8690-ZVLCL,Female,65,68,79200.0,HNI,0,1,0,0.1249,Two year,DSL,88.0
6015-VVHHE,Female,68,5,74835.0,HNI,1,1,1,0.9413,Month-to-month,Fiber optic,83.15
1125-SNVCK,Female,68,49,39420.0,Mass,1,0,0,0.3711,Month-to-month,DSL,43.8
0384-LPITE,Male,50,40,55845.0,Affluent,0,1,0,0.1688,One year,DSL,62.05
4616-EWBNJ,Female,36,16,18090.0,Mass,0,1,0,0.1816,One year,No,20.1
6347-DCUIK,Male,33,10,66735.0,Affluent,1,0,1,0.9163,Month-to-month,Fiber optic,74.15
1335-HQMKX,Female,65,72,91215.0,HNI,0,0,0,0.1308,One year,Fiber optic,101.35
2545-EBUPK,Female,68,2,75645.0,HNI,1,0,0,0.5507,Month-to-month,Fiber optic,84.05
6923-AQONU,Male,40,23,18810.0,Mass,0,0,0,0.1634,Two year,No,20.9
2172-EJXVF,Female,68,71,95310.0,HNI,0,0,0,0.1392,One year,Fiber optic,105.9
0897-FEGMU,Female,34,11,89550.0,HNI,1,0,1,0.9455,Month-to-month,Fiber optic,99.5
7663-RGWBC,Male,28,1,39735.0,Mass,1,0,1,0.903,Month-to-month,DSL,44.15
1120-BMWUB,Female,36,16,48510.0,Affluent,1,0,1,0.8742,Month-to-month,DSL,53.9
9124-LHCJQ,Female,28,1,76905.0,HNI,1,0,1,0.9552,Month-to-month,Fiber optic,85.45
4536-PLEQY,Male,34,12,76545.0,HNI,1,1,0,0.5246,Month-to-month,Fiber optic,85.05
7029-IJEJK,Female,57,54,39690.0,Mass,0,1,0,0.1078,One year,DSL,44.1
8871-JLMHM,Female,65,68,81180.0,HNI,0,1,0,0.1276,Two year,Fiber optic,90.2
2235-ZGKPT,Female,30,4,45765.0,Affluent,1,0,1,0.9033,Month-to-month,DSL,50.85
3891-PUQOD,Female,28,1,53280.0,Affluent,1,0,1,0.922,Month-to-month,DSL,59.2
5447-VYTKW,Male,42,27,48105.0,Affluent,1,0,0,0.4435,Month-to-month,DSL,53.45
3623-FQBOX,Male,39,21,17955.0,Mass,1,0,0,0.4177,Month-to-month,No,19.95
0689-NKYLF,Male,35,13,74880.0,HNI,1,0,1,0.9195,Month-to-month,Fiber optic,83.2
8659-HDIYE,Female,68,64,67185.0,Affluent,1,1,0,0.369,Month-to-month,DSL,74.65
3658-KIBGF,Female,28,1,49410.0,Affluent,1,0,1,0.9166,Month-to-month,DSL,54.9
3474-BAFSJ,Male,59,57,51750.0,Affluent,0,1,0,0.1165,Two year,DSL,57.5
5519-YLDGW,Female,39,21,93510.0,HNI,1,0,1,0.9237,Month-to-month,Fiber optic,103.9
3865-ZFZIB,Male,38,19,17685.0,Mass,0,0,0,0.1728,Two year,No,19.65
1855-AGAWH,Male,45,31,84420.0,HNI,0,0,0,0.2336,One year,Fiber optic,93.8
7109-CQYUZ,Male,56,52,80325.0,HNI,0,0,0,0.1703,Two year,DSL,89.25
1370-GGAWX,Female,53,46,84735.0,HNI,0,0,0,0.1929,One year,Fiber optic,94.15
4680-KUTAJ,Female,68,11,50040.0,Affluent,1,0,0,0.4901,Month-to-month,DSL,55.6
5307-UVGNB,Female,57,53,43830.0,Mass,1,1,0,0.3663,Month-to-month,DSL,48.7
4946-EDSEW,Female,34,11,17325.0,Mass,1,0,1,0.8442,Month-to-month,No,19.25
2883-ILGWO,Male,68,57,94410.0,HNI,1,1,0,0.4263,Month-to-month,Fiber optic,104.9
2516-VQRRV,Female,68,2,67905.0,Affluent,1,0,1,0.9398,Month-to-month,Fiber optic,75.45
7580-UGXNC,Female,68,2,49365.0,Affluent,1,0,1,0.9138,Month-to-month,DSL,54.85
3642-BYHDO,Female,65,71,17910.0,Mass,0,1,0,0.0306,Two year,No,19.9
9629-NHXFW,Female,28,1,17460.0,Mass,1,0,0,0.4718,Month-to-month,No,19.4
2696-RZVZW,Male,65,68,22545.0,Mass,0,1,0,0.0453,Two year,No,25.05
5766-FTRTS,Male,65,72,76005.0,HNI,0,0,0,0.1094,Two year,DSL,84.45
0396-HUJBP,Female,29,2,17370.0,Mass,1,0,0,0.4689,Month-to-month,No,19.3
5178-LMXOP,Male,68,1,85590.0,HNI,1,0,1,0.9674,Month-to-month,Fiber optic,95.1
8879-ZKJOF,Female,50,41,71865.0,Affluent,0,1,0,0.1885,One year,DSL,79.85
6285-FTQBF,Male,65,72,22995.0,Mass,0,1,0,0.035,Two year,No,25.55
8185-UPYBR,Male,31,6,67950.0,Affluent,1,0,1,0.9289,Month-to-month,Fiber optic,75.5
4585-HETAI,Female,30,4,66375.0,Affluent,1,0,1,0.9322,Month-to-month,Fiber optic,73.75
7526-BEZQB,Male,34,12,86445.0,HNI,1,0,1,0.9384,Month-to-month,Fiber optic,96.05
1474-JUWSM,Female,59,58,61560.0,Affluent,0,0,0,0.1275,One year,DSL,68.4
3530-CRZSB,Female,31,7,18585.0,Mass,1,0,0,0.4569,Month-to-month,No,20.65
8498-XXGWA,Female,63,65,49635.0,Affluent,1,0,0,0.3416,Month-to-month,DSL,55.15
9617-INGJY,Male,28,1,63540.0,Affluent,1,0,0,0.5364,Month-to-month,Fiber optic,70.6
0621-TSSMU,Male,58,56,17955.0,Mass,0,1,0,0.0718,One year,No,19.95
7234-KMNRQ,Male,30,4,17100.0,Mass,1,0,0,0.463,Month-to-month,No,19.0
7636-PEPNS,Female,59,58,39690.0,Mass,0,0,0,0.0968,One year,DSL,44.1
4683-WYDOU,Male,62,62,96840.0,HNI,0,1,0,0.1661,Two year,Fiber optic,107.6
9052-DHNKM,Male,42,26,55395.0,Affluent,0,0,0,0.2065,One year,DSL,61.55
6794-HKIAJ,Male,62,62,81630.0,HNI,1,1,0,0.3947,Month-to-month,Fiber optic,90.7
5578-NKCXI,Female,59,58,89325.0,HNI,0,1,0,0.1665,One year,Fiber optic,99.25
1642-HMARX,Female,65,68,82530.0,HNI,0,0,0,0.1295,Two year,DSL,91.7
3096-WPXBT,Female,61,61,90630.0,HNI,0,1,0,0.1601,One year,Fiber optic,100.7
8434-PNQZX,Female,51,42,70605.0,Affluent,0,1,0,0.184,Two year,DSL,78.45
5950-AAAGJ,Male,37,18,75870.0,HNI,1,1,0,0.5072,Month-to-month,Fiber optic,84.3
4299-OPXEJ,Female,58,56,17595.0,Mass,0,1,0,0.0713,Two year,No,19.55
4951-UKAAQ,Female,30,4,80055.0,HNI,1,0,1,0.9514,Month-to-month,Fiber optic,88.95
9618-LFJRU,Female,30,4,18405.0,Mass,1,1,0,0.4649,Month-to-month,No,20.45
6693-DJWTY,Female,47,35,50040.0,Affluent,0,1,0,0.1743,One year,DSL,55.6
0744-GKNGE,Female,63,64,78120.0,HNI,1,1,0,0.3843,Month-to-month,Fiber optic,86.8
6447-EGDIV,Female,45,31,18855.0,Mass,0,0,0,0.1415,One year,No,20.95
1167-OYZJF,Female,68,67,18045.0,Mass,0,1,0,0.0418,Two year,No,20.05
2108-YKQTY,Female,30,4,45630.0,Affluent,1,1,1,0.9031,Month-to-month,DSL,50.7
4806-DXQCE,Female,68,70,102285.0,HNI,0,0,0,0.1518,Two year,Fiber optic,113.65
4918-QLLIW,Male,29,3,48060.0,Affluent,1,1,1,0.9092,Month-to-month,DSL,53.4
7056-IMHCC,Male,68,53,91710.0,HNI,1,0,1,0.8335,Month-to-month,Fiber optic,101.9
4854-SSLTN,Male,29,2,53550.0,Affluent,0,0,0,0.2697,Two year,DSL,59.5
5294-DMSFH,Female,43,29,79020.0,HNI,1,1,0,0.4815,Month-to-month,Fiber optic,87.8
4837-PZTIC,Female,53,47,37710.0,Mass,0,0,0,0.1242,Two year,DSL,41.9
1625-JAIIY,Female,65,68,74700.0,HNI,0,0,1,0.5185,One year,Fiber optic,83.0
0603-OLQDC,Male,34,12,62865.0,Affluent,1,0,0,0.5054,Month-to-month,DSL,69.85
3272-VUHPV,Female,32,8,50670.0,Affluent,1,1,0,0.4992,Month-to-month,DSL,56.3
4176-FXYBO,Male,57,54,98595.0,HNI,1,0,0,0.4404,Month-to-month,Fiber optic,109.55
1063-DHQJF,Male,65,69,82935.0,HNI,0,0,0,0.1274,Two year,Fiber optic,92.15
8663-UPDGF,Female,42,26,62550.0,Affluent,1,1,0,0.4666,Month-to-month,DSL,69.5
6719-FGEDO,Female,65,72,87300.0,HNI,0,1,0,0.1253,Two year,Fiber optic,97.0
1837-YQUCE,Female,65,70,52515.0,Affluent,0,1,0,0.0819,Two year,DSL,58.35
2947-DOMLJ,Male,28,1,45540.0,Affluent,1,0,1,0.9112,Month-to-month,DSL,50.6
4112-LUEIZ,Male,33,10,80550.0,HNI,1,0,1,0.9357,Month-to-month,Fiber optic,89.5
0369-ZGOVK,Female,43,28,63360.0,Affluent,0,1,0,0.2122,One year,Fiber optic,70.4
4510-HIMLV,Male,28,1,62820.0,Affluent,1,0,1,0.9354,Month-to-month,Fiber optic,69.8
9919-KNPOO,Female,39,21,84870.0,HNI,1,0,0,0.5116,Month-to-month,Fiber optic,94.3
8749-JMNKX,Male,68,51,84420.0,HNI,1,1,1,0.8288,Month-to-month,Fiber optic,93.8
7872-BAAZR,Female,57,53,17595.0,Mass,0,1,0,0.0795,One year,No,19.55
9391-LMANN,Male,57,53,86355.0,HNI,0,0,0,0.176,One year,Fiber optic,95.95
2430-USGXP,Male,41,24,90945.0,HNI,1,0,1,0.9119,Month-to-month,Fiber optic,101.05
8174-TBVCF,Female,65,70,85320.0,HNI,0,1,0,0.128,Two year,DSL,94.8
1698-XFZCI,Male,61,61,96975.0,HNI,0,0,0,0.169,One year,Fiber optic,107.75
1877-HKBQX,Female,34,11,49140.0,Affluent,0,0,0,0.2388,One year,DSL,54.6
4450-DLLMH,Male,29,2,64170.0,Affluent,1,1,0,0.5346,Month-to-month,Fiber optic,71.3
0428-AXXLJ,Male,41,25,17550.0,Mass,0,1,0,0.1561,One year,No,19.5
2746-DIJLO,Female,50,41,50670.0,Affluent,0,1,0,0.1588,One year,DSL,56.3
5955-ERIHD,Male,37,18,85230.0,HNI,1,0,1,0.9203,Month-to-month,Fiber optic,94.7
0917-EZOLA,Male,68,72,93735.0,HNI,0,1,1,0.5343,Two year,Fiber optic,104.15
3508-VLHCZ,Female,65,71,81495.0,HNI,0,1,0,0.1199,Two year,DSL,90.55
4086-ATNFV,Female,46,34,54720.0,Affluent,0,0,0,0.1836,One year,DSL,60.8
0468-YRPXN,Male,43,29,88920.0,HNI,1,1,0,0.4953,Month-to-month,Fiber optic,98.8
5996-NRVXR,Male,68,40,88335.0,HNI,0,1,0,0.2144,One year,Fiber optic,98.15
3739-YBWAB,Male,47,36,31815.0,Mass,0,0,0,0.146,One year,DSL,35.35
7047-FWEYA,Female,53,46,92835.0,HNI,0,0,0,0.2043,One year,Fiber optic,103.15
2000-MPKCA,Female,59,58,96975.0,HNI,0,0,0,0.1772,One year,Fiber optic,107.75
9762-YAQAA,Male,49,39,73260.0,HNI,0,1,0,0.196,One year,Fiber optic,81.4
5949-EBSQK,Male,30,4,55305.0,Affluent,1,1,1,0.9167,Month-to-month,DSL,61.45
5473-KHBPS,Female,56,52,86130.0,HNI,0,1,0,0.1784,One year,Fiber optic,95.7
0100-DUVFC,Male,68,70,94320.0,HNI,0,0,0,0.1406,One year,Fiber optic,104.8
5397-TUPSH,Male,68,65,63855.0,Affluent,0,1,0,0.1115,One year,Fiber optic,70.95
8950-MTZNV,Male,28,1,40455.0,Mass,1,0,0,0.504,Month-to-month,DSL,44.95
0326-VDYXE,Female,65,70,87885.0,HNI,0,0,0,0.1316,One year,Fiber optic,97.65
6773-LQTVT,Female,68,29,32085.0,Mass,1,0,0,0.4156,Month-to-month,DSL,35.65
7274-RTAPZ,Male,28,1,81495.0,HNI,1,0,1,0.9616,Month-to-month,Fiber optic,90.55
0436-TWFFZ,Female,64,67,76725.0,HNI,0,0,0,0.1241,Two year,DSL,85.25
8566-YPRGL,Female,28,1,17550.0,Mass,1,0,0,0.4719,Month-to-month,No,19.5
0311-UNPFF,Female,42,26,79920.0,HNI,1,1,1,0.8909,Month-to-month,Fiber optic,88.8
6609-MXJHJ,Female,44,30,22590.0,Mass,0,0,0,0.1495,Two year,No,25.1
2669-OIDSD,Female,54,48,90045.0,HNI,1,1,0,0.4449,Month-to-month,Fiber optic,100.05
8400-WZICQ,Female,58,55,50130.0,Affluent,1,0,0,0.3697,Month-to-month,DSL,55.7
3834-XUIFC,Male,31,7,76680.0,HNI,1,0,1,0.9384,Month-to-month,Fiber optic,85.2
9576-SYUHJ,Male,48,37,82035.0,HNI,1,0,0,0.4638,Month-to-month,Fiber optic,91.15
0410-IPFTY,Female,45,31,75465.0,HNI,1,1,0,0.471,Month-to-month,Fiber optic,83.85
2831-EBWRN,Male,30,4,41310.0,Mass,1,0,0,0.497,Month-to-month,DSL,45.9
9430-NKQLY,Male,65,72,22590.0,Mass,0,1,0,0.0344,Two year,No,25.1
8414-MYSHR,Male,68,5,82260.0,HNI,1,0,1,0.9518,Month-to-month,Fiber optic,91.4
0247-SLUJI,Male,28,1,17730.0,Mass,1,0,0,0.4721,Month-to-month,No,19.7
9402-ORRAH,Female,68,15,82350.0,HNI,1,0,0,0.5245,Month-to-month,Fiber optic,91.5
6483-OATDN,Male,32,8,46170.0,Affluent,1,1,0,0.4929,Month-to-month,DSL,51.3
1293-HHSHJ,Female,47,35,18990.0,Mass,0,0,0,0.1308,One year,No,21.1
4840-ORQXB,Female,68,56,94275.0,HNI,1,0,0,0.4289,Month-to-month,Fiber optic,104.75
7599-FKVXZ,Male,51,42,95535.0,HNI,1,1,1,0.869,Month-to-month,Fiber optic,106.15
3982-DQLUS,Male,68,65,77175.0,HNI,1,0,0,0.3802,Month-to-month,Fiber optic,85.75
8610-ZIKJJ,Female,29,2,18270.0,Mass,0,0,0,0.2202,One year,No,20.3
3756-VNWDH,Male,68,65,90675.0,HNI,0,0,0,0.1492,One year,Fiber optic,100.75
7801-KICAO,Female,37,18,66735.0,Affluent,1,0,0,0.4943,Month-to-month,Fiber optic,74.15
7673-LPRNY,Female,40,23,70695.0,Affluent,0,0,0,0.2362,One year,DSL,78.55
8229-TNIQA,Female,30,4,40770.0,Mass,1,0,1,0.8963,Month-to-month,DSL,45.3
6060-QBMGV,Male,65,70,17865.0,Mass,0,1,0,0.0333,Two year,No,19.85
7339-POGZN,Female,30,4,45630.0,Affluent,1,0,0,0.5031,Month-to-month,DSL,50.7
2828-SLQPF,Male,38,19,40500.0,Mass,1,1,0,0.4548,Month-to-month,DSL,45.0
4465-VDKIQ,Female,37,18,70020.0,Affluent,1,0,0,0.499,Month-to-month,Fiber optic,77.8
2921-XWDJH,Female,68,38,75105.0,HNI,1,0,0,0.4513,Month-to-month,Fiber optic,83.45
6221-AVQYL,Male,29,2,65925.0,Affluent,1,1,1,0.937,Month-to-month,Fiber optic,73.25
2558-BUOZZ,Male,53,47,85320.0,HNI,0,1,0,0.191,One year,Fiber optic,94.8
9257-AZMTZ,Female,56,52,18090.0,Mass,0,1,0,0.0829,Two year,No,20.1
0003-MKNFE,Male,32,9,53910.0,Affluent,1,0,0,0.501,Month-to-month,DSL,59.9
0975-UYDTX,Female,42,26,81090.0,HNI,0,1,0,0.2426,One year,DSL,90.1
7743-EXURX,Male,32,8,45945.0,Affluent,1,0,1,0.8926,Month-to-month,DSL,51.05
4682-BLBUC,Male,52,44,63855.0,Affluent,0,0,0,0.1691,One year,DSL,70.95
0975-VOOVL,Female,29,3,26280.0,Mass,1,0,0,0.4787,Month-to-month,DSL,29.2
5968-VXZLG,Male,29,2,41940.0,Mass,1,1,0,0.5034,Month-to-month,DSL,46.6
5569-KGJHX,Female,32,9,76815.0,HNI,1,1,1,0.9332,Month-to-month,Fiber optic,85.35
4988-IQIGL,Male,68,1,67815.0,Affluent,1,0,1,0.9424,Month-to-month,Fiber optic,75.35
5201-FRKKS,Male,41,25,66870.0,Affluent,1,1,0,0.4754,Month-to-month,Fiber optic,74.3
9799-CAYJJ,Female,68,2,62370.0,Affluent,1,0,0,0.5321,Month-to-month,Fiber optic,69.3
7730-IUTDZ,Male,51,43,67680.0,Affluent,1,0,1,0.8272,Month-to-month,Fiber optic,75.2
0426-TIRNE,Female,28,1,18810.0,Mass,1,0,1,0.8737,Month-to-month,No,20.9
5443-SCMKX,Female,59,58,84870.0,HNI,0,0,0,0.1602,One year,Fiber optic,94.3
8295-KMENE,Female,60,59,68805.0,Affluent,0,0,0,0.1349,Two year,DSL,76.45
6738-ISCBM,Male,52,44,48600.0,Affluent,0,0,0,0.1477,One year,DSL,54.0
9821-BESNZ,Male,64,66,93825.0,HNI,0,0,0,0.1509,One year,Fiber optic,104.25
3678-MNGZX,Male,65,68,17955.0,Mass,0,1,0,0.0389,Two year,No,19.95
1335-NTIUC,Male,32,9,22455.0,Mass,1,0,0,0.4569,Month-to-month,DSL,24.95
2916-BQZLN,Male,38,19,76275.0,HNI,1,0,0,0.505,Month-to-month,Fiber optic,84.75
4558-CGYCZ,Male,30,4,17775.0,Mass,1,0,0,0.464,Month-to-month,No,19.75
2368-GAKKQ,Female,65,70,102285.0,HNI,0,1,0,0.1518,Two year,Fiber optic,113.65
8710-YGLWG,Male,28,1,40410.0,Mass,1,0,0,0.504,Month-to-month,DSL,44.9
3199-XGZCY,Female,32,8,67725.0,Affluent,1,0,0,0.5231,Month-to-month,Fiber optic,75.25
3785-KTYSH,Male,57,53,22140.0,Mass,0,0,0,0.0859,Two year,No,24.6
6814-ZPWFQ,Male,68,51,22500.0,Mass,0,1,0,0.0919,One year,No,25.0
4063-EIKNQ,Male,34,11,18855.0,Mass,1,1,0,0.4463,Month-to-month,No,20.95
6993-YCOBK,Male,61,60,99540.0,HNI,0,0,0,0.1753,Two year,Fiber optic,110.6
5206-HPJKM,Male,37,17,49950.0,Affluent,1,1,0,0.4735,Month-to-month,DSL,55.5
7587-RZNME,Male,29,3,38970.0,Mass,1,0,1,0.8965,Month-to-month,DSL,43.3
0748-RDGGM,Male,65,70,98550.0,HNI,0,1,1,0.5465,One year,Fiber optic,109.5
8393-JMVMB,Male,28,1,17505.0,Mass,1,0,0,0.4718,Month-to-month,No,19.45
5019-GQVCR,Male,68,43,76365.0,HNI,1,0,0,0.4394,Month-to-month,Fiber optic,84.85
6036-TTFYU,Female,36,16,17640.0,Mass,1,0,0,0.4309,Month-to-month,No,19.6
2550-AEVRU,Female,59,57,48105.0,Affluent,0,0,0,0.1114,One year,DSL,53.45
0969-RGKCU,Male,48,37,17820.0,Mass,0,1,0,0.1236,One year,No,19.8
0378-CJKPV,Female,65,72,100890.0,HNI,0,1,0,0.1443,Two year,Fiber optic,112.1
4706-AXVKM,Female,68,11,76320.0,HNI,1,1,1,0.927,Month-to-month,Fiber optic,84.8
5889-JTMUL,Female,68,50,85545.0,HNI,1,0,1,0.8331,Month-to-month,Fiber optic,95.05
9026-RNUJS,Male,68,5,45315.0,Affluent,1,0,1,0.8999,Month-to-month,DSL,50.35
3746-EUBYR,Male,28,1,67140.0,Affluent,1,1,1,0.9415,Month-to-month,Fiber optic,74.6
2332-EFBJY,Male,36,16,17730.0,Mass,1,0,1,0.831,Month-to-month,No,19.7
2880-FPNAE,Male,68,2,66780.0,Affluent,1,0,0,0.5382,Month-to-month,Fiber optic,74.2
1703-MGIAB,Female,37,17,62100.0,Affluent,1,0,0,0.4906,Month-to-month,DSL,69.0
4311-QTTAI,Female,36,16,17415.0,Mass,0,1,0,0.1806,One year,No,19.35
9474-PHLYD,Female,36,15,53505.0,Affluent,1,0,1,0.884,Month-to-month,DSL,59.45
4318-RAJVY,Female,33,10,17820.0,Mass,0,0,0,0.1976,One year,No,19.8
2165-VOEGB,Female,53,46,94680.0,HNI,0,1,1,0.6069,One year,Fiber optic,105.2
3612-YUNGG,Male,63,64,98280.0,HNI,0,1,0,0.1626,Two year,Fiber optic,109.2
2254-DLXRI,Female,28,1,71235.0,Affluent,1,0,0,0.5472,Month-to-month,Fiber optic,79.15
5062-CJJKH,Male,41,25,48285.0,Affluent,0,0,0,0.1993,One year,DSL,53.65
9028-LIHRP,Male,65,71,90180.0,HNI,0,1,0,0.132,Two year,Fiber optic,100.2
2219-MVUSO,Male,32,8,40635.0,Mass,1,0,1,0.8851,Month-to-month,DSL,45.15
1053-MXTTK,Female,65,72,97785.0,HNI,0,1,0,0.14,Two year,Fiber optic,108.65
1530-ZTDOZ,Female,54,49,36585.0,Mass,1,1,0,0.3671,Month-to-month,DSL,40.65
1301-LOPVR,Male,43,29,49815.0,Affluent,0,1,0,0.1905,One year,DSL,55.35
0853-TWRVK,Male,65,72,95040.0,HNI,0,1,0,0.1361,Two year,Fiber optic,105.6
8914-RBTSB,Male,45,31,84420.0,HNI,1,0,1,0.8836,Month-to-month,Fiber optic,93.8
6212-ATMLK,Female,55,50,86130.0,HNI,1,0,0,0.4339,Month-to-month,Fiber optic,95.7
8200-LGKSR,Male,65,71,74880.0,HNI,0,0,0,0.1106,Two year,DSL,83.2
1568-BEKZM,Male,68,70,81045.0,HNI,0,1,0,0.122,Two year,DSL,90.05
0670-ANMUU,Male,65,71,87885.0,HNI,0,1,0,0.1288,One year,Fiber optic,97.65
6897-RWMUB,Male,61,61,61245.0,Affluent,0,1,0,0.1188,Two year,DSL,68.05
0963-ZBDRN,Male,45,32,86580.0,HNI,1,0,1,0.8838,Month-to-month,Fiber optic,96.2
7594-RQHXR,Female,28,1,71640.0,Affluent,1,0,1,0.9478,Month-to-month,Fiber optic,79.6
6999-CHVCF,Male,65,68,91890.0,HNI,0,1,0,0.1427,Two year,Fiber optic,102.1
6134-KWTBV,Male,62,62,21060.0,Mass,0,1,0,0.0597,Two year,No,23.4
1077-HUUJM,Female,31,7,63945.0,Affluent,1,0,0,0.5206,Month-to-month,Fiber optic,71.05
6331-EWIEB,Male,39,20,76725.0,HNI,1,0,1,0.9029,Month-to-month,Fiber optic,85.25
0895-LNKRC,Male,31,6,17505.0,Mass,0,0,0,0.2081,One year,No,19.45
2045-BMBTJ,Female,68,33,53505.0,Affluent,1,1,0,0.4347,Month-to-month,DSL,59.45
8417-GSODA,Male,43,28,82980.0,HNI,0,1,0,0.2398,One year,Fiber optic,92.2
5171-EPLKN,Male,42,27,17865.0,Mass,0,1,0,0.1511,Two year,No,19.85
4452-QIIEB,Male,31,7,39510.0,Mass,1,0,0,0.4863,Month-to-month,DSL,43.9
5998-VVEJY,Male,42,26,72450.0,HNI,1,0,1,0.8805,Month-to-month,Fiber optic,80.5
1624-NALOJ,Male,68,5,80820.0,HNI,1,0,1,0.9497,Month-to-month,Fiber optic,89.8
6741-EGCBI,Male,68,30,81450.0,HNI,1,1,0,0.4821,Month-to-month,Fiber optic,90.5
7820-ZYGNY,Male,62,63,81405.0,HNI,0,1,0,0.1416,One year,Fiber optic,90.45
4317-VTEOA,Male,28,1,45675.0,Affluent,1,0,1,0.9114,Month-to-month,DSL,50.75
9677-AVKED,Female,57,53,76140.0,HNI,0,0,0,0.1617,One year,DSL,84.6
1670-SVOWZ,Female,35,14,80685.0,HNI,1,1,1,0.9249,Month-to-month,Fiber optic,89.65
2227-JRSJX,Female,39,21,89235.0,HNI,1,1,0,0.5177,Month-to-month,Fiber optic,99.15
9847-HNVGP,Male,37,17,17955.0,Mass,0,0,0,0.1786,One year,No,19.95
6696-YDAYZ,Male,36,16,18450.0,Mass,0,0,0,0.1821,Two year,No,20.5
8980-WQFWL,Female,47,35,55890.0,Affluent,1,0,0,0.4326,Month-to-month,DSL,62.1
1730-ZMAME,Female,68,32,71550.0,Affluent,1,0,0,0.4627,Month-to-month,Fiber optic,79.5
6506-EYCNH,Female,43,28,17595.0,Mass,1,1,0,0.398,Month-to-month,No,19.55
4634-JLRJT,Female,28,1,18315.0,Mass,1,0,0,0.473,Month-to-month,No,20.35
9501-UKKNL,Male,60,59,46530.0,Affluent,1,0,0,0.3537,Month-to-month,DSL,51.7
2560-QTSBS,Female,65,72,20970.0,Mass,0,1,0,0.0322,One year,No,23.3
7541-YLXCL,Male,47,36,58860.0,Affluent,0,0,1,0.584,One year,DSL,65.4
4795-WRNVT,Female,50,40,58590.0,Affluent,1,0,0,0.4226,Month-to-month,DSL,65.1
6080-TCMYC,Male,50,40,73080.0,HNI,1,0,0,0.443,Month-to-month,Fiber optic,81.2
0260-ZDLGK,Female,32,9,65610.0,Affluent,1,0,1,0.9174,Month-to-month,DSL,72.9
7860-UXCRM,Male,62,63,67050.0,Affluent,0,1,0,0.1215,Two year,DSL,74.5
6357-JJPQT,Female,29,3,72450.0,HNI,1,0,0,0.5435,Month-to-month,Fiber optic,80.5
2292-XQWSV,Male,50,40,54270.0,Affluent,0,0,0,0.1666,One year,DSL,60.3
9552-TGUZV,Male,32,8,67500.0,Affluent,1,0,0,0.5228,Month-to-month,Fiber optic,75.0
5913-INRQV,Male,68,34,81135.0,HNI,0,0,0,0.2207,One year,Fiber optic,90.15
8722-NGNBH,Male,30,5,36000.0,Mass,1,0,1,0.8868,Month-to-month,DSL,40.0
6210-KBBPI,Male,68,9,89505.0,HNI,1,1,1,0.951,Month-to-month,Fiber optic,99.45
9643-YBLUR,Male,32,9,62145.0,Affluent,1,1,0,0.5126,Month-to-month,DSL,69.05
8734-FNWVH,Male,45,31,53730.0,Affluent,1,1,0,0.4405,Month-to-month,DSL,59.7
9447-YPTBX,Female,55,50,17865.0,Mass,0,1,0,0.0881,One year,No,19.85
0133-BMFZO,Female,29,2,77625.0,HNI,1,0,1,0.9535,Month-to-month,Fiber optic,86.25
6128-CZOMY,Female,28,1,41085.0,Mass,1,0,1,0.9049,Month-to-month,DSL,45.65
9540-JYROE,Male,32,8,63090.0,Affluent,1,0,1,0.9166,Month-to-month,Fiber optic,70.1
9026-LHEVG,Female,32,9,36675.0,Mass,1,0,0,0.4768,Month-to-month,DSL,40.75
2260-USTRB,Female,68,2,63180.0,Affluent,1,1,1,0.9332,Month-to-month,Fiber optic,70.2
3656-TKRVZ,Female,29,3,49815.0,Affluent,1,0,1,0.9117,Month-to-month,DSL,55.35
7011-CVEUC,Male,41,25,86130.0,HNI,1,1,0,0.5024,Month-to-month,Fiber optic,95.7
6185-TASNN,Male,68,1,41670.0,Mass,1,0,0,0.5057,Month-to-month,DSL,46.3
7925-PNRGI,Female,52,45,73170.0,HNI,1,0,0,0.4294,Month-to-month,DSL,81.3
8623-TMRBY,Male,68,51,75780.0,HNI,1,0,1,0.8166,Month-to-month,Fiber optic,84.2
1552-CZCLL,Female,58,55,18000.0,Mass,1,1,0,0.3246,Month-to-month,No,20.0
3038-PQIUY,Female,48,38,59535.0,Affluent,1,1,0,0.4294,Month-to-month,DSL,66.15
1501-SGHBW,Male,29,2,41265.0,Mass,1,0,1,0.9024,Month-to-month,DSL,45.85
9313-CDOGY,Male,48,38,17640.0,Mass,1,0,0,0.3706,Month-to-month,No,19.6
8148-BPLZQ,Male,46,34,44820.0,Mass,1,0,0,0.4198,Month-to-month,DSL,49.8
2623-DRYAM,Female,65,70,91575.0,HNI,0,0,0,0.1367,One year,Fiber optic,101.75
9987-LUTYD,Female,35,13,49635.0,Affluent,0,0,0,0.234,One year,DSL,55.15
3208-YPIOE,Male,49,39,67725.0,Affluent,1,0,1,0.8382,Month-to-month,Fiber optic,75.25
4488-KQFDT,Female,61,61,93555.0,HNI,0,0,0,0.1642,One year,Fiber optic,103.95
2612-RANWT,Female,34,12,90135.0,HNI,1,1,1,0.9436,Month-to-month,Fiber optic,100.15
5693-PIPCS,Male,50,41,89685.0,HNI,0,1,0,0.2135,Two year,Fiber optic,99.65
0491-KAPQG,Male,39,21,66330.0,Affluent,1,0,0,0.4856,Month-to-month,Fiber optic,73.7
1925-LFCZZ,Male,68,55,45045.0,Affluent,0,1,0,0.1125,One year,DSL,50.05
8039-EQPIM,Male,65,69,54225.0,Affluent,0,1,0,0.0871,Two year,DSL,60.25
6900-PXRMS,Male,68,26,95175.0,HNI,1,0,1,0.9123,Month-to-month,Fiber optic,105.75
8707-RMEZH,Female,68,69,78570.0,HNI,0,1,0,0.1212,One year,Fiber optic,87.3
3346-BRMIS,Female,68,18,43515.0,Mass,1,0,1,0.8618,Month-to-month,DSL,48.35
3209-ZPKFI,Male,53,47,48825.0,Affluent,1,0,0,0.3898,Month-to-month,DSL,54.25
6479-VDGRK,Female,65,72,76770.0,HNI,0,1,0,0.1105,Two year,DSL,85.3
9373-WSLOY,Male,68,33,45000.0,Affluent,1,0,0,0.4227,Month-to-month,DSL,50.0
2933-FILNV,Female,29,2,21960.0,Mass,1,0,1,0.8753,Month-to-month,DSL,24.4
3569-JFODW,Female,65,72,81855.0,HNI,0,1,0,0.1176,Two year,DSL,90.95
9819-FBNSV,Male,68,37,65025.0,Affluent,1,1,0,0.4399,Month-to-month,Fiber optic,72.25
9544-PYPSJ,Female,68,62,86490.0,HNI,1,1,0,0.4015,Month-to-month,Fiber optic,96.1
1591-XWLGB,Female,65,71,17865.0,Mass,0,1,0,0.0306,Two year,No,19.85
0396-UKGAI,Male,40,23,49770.0,Affluent,1,1,0,0.4568,Month-to-month,DSL,55.3
3243-ZHOHY,Female,36,16,18090.0,Mass,0,0,0,0.1816,One year,No,20.1
5186-EJEGL,Male,32,9,62550.0,Affluent,1,0,0,0.5131,Month-to-month,DSL,69.5
7527-QNRUS,Male,37,17,22635.0,Mass,0,0,0,0.1852,Two year,No,25.15
9986-BONCE,Female,30,4,18855.0,Mass,1,1,1,0.8655,Month-to-month,No,20.95
2722-JMONI,Female,68,1,44595.0,Mass,1,0,1,0.9098,Month-to-month,DSL,49.55
2203-GHNWN,Female,41,24,71685.0,Affluent,1,0,0,0.4849,Month-to-month,Fiber optic,79.65
3878-AVSOQ,Female,68,1,64125.0,Affluent,1,0,0,0.5373,Month-to-month,Fiber optic,71.25
3258-SYSWS,Male,68,72,102420.0,HNI,0,1,0,0.1465,Two year,Fiber optic,113.8
5296-PSYVW,Female,65,72,22095.0,Mass,0,0,0,0.0338,Two year,No,24.55
6319-QSUSR,Female,34,11,17730.0,Mass,1,1,0,0.4447,Month-to-month,No,19.7
4083-EUGRJ,Male,32,9,18225.0,Mass,1,0,1,0.8509,Month-to-month,No,20.25
7579-OOPEC,Female,68,2,45135.0,Affluent,1,1,1,0.9079,Month-to-month,DSL,50.15
0512-FLFDW,Female,68,60,90450.0,HNI,0,1,0,0.1626,One year,Fiber optic,100.5
1771-OADNZ,Male,68,29,86310.0,HNI,1,0,1,0.8917,Month-to-month,Fiber optic,95.9
0487-CRLZF,Female,54,49,67005.0,Affluent,0,1,0,0.1598,Two year,DSL,74.45
2107-FBPTK,Female,68,30,93690.0,HNI,1,0,0,0.4993,Month-to-month,Fiber optic,104.1
9451-WLYRI,Female,57,53,17145.0,Mass,0,1,0,0.0789,One year,No,19.05
8219-VYBVI,Male,49,39,22500.0,Mass,0,0,0,0.1247,Two year,No,25.0
1991-VOPLL,Female,32,9,17145.0,Mass,1,0,0,0.4494,Month-to-month,No,19.05
9738-QLWTP,Male,49,39,73710.0,HNI,0,0,0,0.1966,One year,Fiber optic,81.9
1016-DJTSV,Male,68,8,62730.0,Affluent,1,0,0,0.5161,Month-to-month,Fiber optic,69.7
9419-IPPBE,Female,56,51,81135.0,HNI,0,0,0,0.1741,One year,Fiber optic,90.15
0174-QRVVY,Male,65,71,22815.0,Mass,0,1,0,0.0375,Two year,No,25.35
5699-BNCAS,Male,68,71,22185.0,Mass,0,0,0,0.0366,Two year,No,24.65
2900-PHPLN,Female,68,70,17595.0,Mass,0,1,0,0.0329,Two year,No,19.55
0612-RTZZA,Female,68,1,22725.0,Mass,1,0,1,0.8792,Month-to-month,DSL,25.25
8106-GWQOK,Male,48,38,54000.0,Affluent,0,1,0,0.1717,Two year,DSL,60.0
8751-EDEKA,Female,43,28,80910.0,HNI,1,1,0,0.4868,Month-to-month,Fiber optic,89.9
6878-GGDWG,Female,45,32,17460.0,Mass,1,1,0,0.3868,Month-to-month,No,19.4
4039-PIMHX,Male,68,49,44820.0,Mass,0,0,0,0.1287,Two year,DSL,49.8
8450-LUGUK,Female,48,37,21690.0,Mass,0,1,0,0.1291,Two year,No,24.1
3604-WLABM,Female,33,10,48825.0,Affluent,1,0,0,0.4911,Month-to-month,DSL,54.25
0795-GMVQO,Male,64,67,98910.0,HNI,0,1,0,0.1553,One year,Fiber optic,109.9
2259-OUUSZ,Male,31,7,31950.0,Mass,0,1,0,0.2257,One year,DSL,35.5
1142-IHLOO,Female,56,51,78795.0,HNI,0,1,0,0.1709,One year,Fiber optic,87.55
6410-LEFEN,Female,32,9,40635.0,Mass,1,0,1,0.8824,Month-to-month,DSL,45.15
4633-MKHYU,Female,32,9,79560.0,HNI,1,0,0,0.537,Month-to-month,Fiber optic,88.4
6257-RJOHI,Male,30,4,45720.0,Affluent,1,0,0,0.5032,Month-to-month,DSL,50.8
1545-JFUML,Male,65,71,89100.0,HNI,0,0,0,0.1305,Two year,Fiber optic,99.0
3194-ORPIK,Female,55,50,75960.0,HNI,1,1,1,0.8196,Month-to-month,Fiber optic,84.4
7826-VVKWT,Female,68,24,86895.0,HNI,0,0,0,0.2562,Two year,Fiber optic,96.55
1353-GHZOS,Male,40,22,53775.0,Affluent,0,1,0,0.2152,One year,DSL,59.75
2587-EKXTS,Male,52,44,100350.0,HNI,1,0,0,0.4703,Month-to-month,Fiber optic,111.5
5442-BXVND,Female,46,33,21825.0,Mass,1,1,0,0.3902,Month-to-month,No,24.25
8816-VXNZD,Female,28,1,67590.0,Affluent,1,0,1,0.9421,Month-to-month,Fiber optic,75.1
9378-FXTIZ,Female,57,54,63135.0,Affluent,0,1,1,0.5407,One year,DSL,70.15
1723-HKXJQ,Male,51,42,91575.0,HNI,1,0,1,0.8635,Month-to-month,Fiber optic,101.75
7825-GKXMW,Female,28,1,41220.0,Mass,1,0,1,0.9051,Month-to-month,DSL,45.8
9753-OYLBX,Female,28,1,18450.0,Mass,1,0,0,0.4732,Month-to-month,No,20.5
2364-UFROM,Male,44,30,63360.0,Affluent,0,0,0,0.2067,One year,DSL,70.4
6656-JWRQX,Female,28,1,27495.0,Mass,1,0,0,0.4858,Month-to-month,DSL,30.55
6473-ULUHT,Male,36,16,76410.0,HNI,1,0,0,0.5134,Month-to-month,DSL,84.9
1240-KNSEZ,Male,28,1,18090.0,Mass,1,0,1,0.8726,Month-to-month,No,20.1
0836-SEYLU,Male,32,9,36585.0,Mass,1,0,1,0.8767,Month-to-month,DSL,40.65
4433-JCGCG,Male,68,46,90900.0,HNI,1,0,1,0.8516,Month-to-month,Fiber optic,101.0
3716-BDVDB,Male,28,1,62190.0,Affluent,1,0,1,0.9345,Month-to-month,Fiber optic,69.1
7688-AWMDX,Male,65,71,49050.0,Affluent,0,1,0,0.0743,Two year,DSL,54.5
2842-BCQGE,Male,51,43,67815.0,Affluent,1,1,0,0.4274,Month-to-month,Fiber optic,75.35
7244-QWYHG,Male,55,50,40005.0,Mass,0,1,0,0.1192,One year,DSL,44.45
5899-MQZZL,Female,35,13,67500.0,Affluent,1,0,1,0.9091,Month-to-month,Fiber optic,75.0
6849-OYAMU,Male,38,19,90000.0,HNI,0,1,1,0.6743,One year,Fiber optic,100.0
5312-UXESG,Female,50,41,88245.0,HNI,1,1,0,0.4615,Month-to-month,Fiber optic,98.05
9488-HGMJH,Female,68,1,64035.0,Affluent,1,0,1,0.9371,Month-to-month,Fiber optic,71.15
6038-GCYEC,Female,41,24,48735.0,Affluent,1,1,1,0.8526,Month-to-month,DSL,54.15
2150-WLKUW,Female,50,40,57510.0,Affluent,0,1,0,0.1711,One year,DSL,63.9
7159-FVYPK,Female,29,3,62235.0,Affluent,1,1,0,0.5291,Month-to-month,DSL,69.15
7032-LMBHI,Female,48,37,58185.0,Affluent,0,1,0,0.1803,One year,DSL,64.65
1150-WFARN,Female,64,67,97875.0,HNI,0,1,1,0.5538,Two year,Fiber optic,108.75
6088-BXMRG,Female,45,32,88965.0,HNI,1,0,0,0.4872,Month-to-month,Fiber optic,98.85
3144-AUDBS,Female,31,6,44235.0,Mass,1,0,1,0.8956,Month-to-month,DSL,49.15
4821-SJHJV,Female,45,32,80640.0,HNI,1,0,0,0.4755,Month-to-month,Fiber optic,89.6
7346-MEDWM,Female,60,59,74925.0,HNI,1,0,0,0.3935,Month-to-month,Fiber optic,83.25
1137-DGOWI,Female,44,30,63225.0,Affluent,0,1,0,0.2065,One year,DSL,70.25
5616-PRTNT,Male,39,20,17460.0,Mass,1,0,1,0.8197,Month-to-month,No,19.4
3812-LRZIR,Female,42,27,22050.0,Mass,0,0,0,0.157,Two year,No,24.5
4818-QIUFN,Female,68,20,71235.0,Affluent,1,0,1,0.8952,Month-to-month,Fiber optic,79.15
9483-GCPWE,Male,32,9,18090.0,Mass,0,0,0,0.2007,One year,No,20.1
4227-OJHAL,Female,65,68,65700.0,Affluent,0,1,0,0.1059,One year,DSL,73.0
9220-CXRSC,Female,65,69,55260.0,Affluent,0,1,0,0.0885,Two year,DSL,61.4
4993-JCRGJ,Male,42,26,75870.0,HNI,1,0,0,0.4853,Month-to-month,Fiber optic,84.3
9537-JALFH,Male,65,69,17910.0,Mass,0,1,0,0.0361,Two year,No,19.9
6698-OXETB,Male,34,11,18360.0,Mass,0,0,0,0.1956,Two year,No,20.4
2103-ZRXFN,Male,28,1,45675.0,Affluent,1,0,0,0.5114,Month-to-month,DSL,50.75
3724-BSCVH,Male,33,10,18405.0,Mass,0,0,0,0.1984,One year,No,20.45
4877-TSOFF,Female,58,55,68175.0,Affluent,0,1,0,0.145,One year,DSL,75.75
9209-NWPGU,Male,52,44,58860.0,Affluent,0,0,0,0.1621,One year,DSL,65.4
6961-VCPMC,Male,68,46,72360.0,HNI,1,0,1,0.8255,Month-to-month,Fiber optic,80.4
7306-YDSOI,Male,65,69,53775.0,Affluent,0,1,0,0.0864,Two year,DSL,59.75
5288-AHOUP,Male,68,11,70650.0,Affluent,1,0,0,0.519,Month-to-month,Fiber optic,78.5
6688-UZPWD,Female,34,11,91800.0,HNI,1,0,1,0.9487,Month-to-month,Fiber optic,102.0
0655-YDGFJ,Male,43,29,44055.0,Mass,1,1,0,0.4324,Month-to-month,DSL,48.95
8468-EHYJA,Female,59,57,89685.0,HNI,1,0,0,0.4197,Month-to-month,Fiber optic,99.65
6823-SIDFQ,Male,43,28,16425.0,Mass,0,1,0,0.1463,One year,No,18.25
1097-FSPVW,Female,51,42,49095.0,Affluent,1,1,0,0.4038,Month-to-month,DSL,54.55
2839-RFSQE,Female,29,2,18585.0,Mass,1,0,1,0.8706,Month-to-month,No,20.65
8328-SKJNO,Male,40,23,36585.0,Mass,0,1,0,0.1883,One year,DSL,40.65
7010-ZMVBF,Female,37,18,18405.0,Mass,1,0,0,0.4265,Month-to-month,No,20.45
5201-CBWYG,Male,62,62,22320.0,Mass,0,1,0,0.0615,One year,No,24.8
0968-GSIKN,Female,28,1,63720.0,Affluent,1,0,1,0.9367,Month-to-month,Fiber optic,70.8
1965-DDBWU,Male,36,16,80145.0,HNI,1,1,1,0.9186,Month-to-month,Fiber optic,89.05
9057-SIHCH,Female,29,3,86940.0,HNI,1,0,1,0.9638,Month-to-month,Fiber optic,96.6
6352-GIGGQ,Male,64,67,79920.0,HNI,0,1,0,0.1286,One year,DSL,88.8
3635-QQRQD,Male,62,62,18045.0,Mass,0,1,0,0.0555,Two year,No,20.05
6771-XWBDM,Female,59,57,94050.0,HNI,1,1,1,0.8258,Month-to-month,Fiber optic,104.5
2897-DOVND,Male,29,2,62820.0,Affluent,1,0,0,0.5327,Month-to-month,Fiber optic,69.8
3082-YVEKW,Female,40,23,69435.0,Affluent,0,1,0,0.2344,Two year,DSL,77.15
0191-EQUUH,Female,41,25,31545.0,Mass,0,1,0,0.1758,Two year,DSL,35.05
7134-HBPBS,Female,68,72,97290.0,HNI,0,1,0,0.1393,Two year,Fiber optic,108.1
3489-HHPFY,Female,29,2,75645.0,HNI,1,0,0,0.5507,Month-to-month,Fiber optic,84.05
2926-JEJJC,Female,32,8,18180.0,Mass,0,1,0,0.2036,One year,No,20.2
8601-QACRS,Female,30,5,45540.0,Affluent,1,0,1,0.9002,Month-to-month,DSL,50.6
4950-BDEUX,Male,47,35,44280.0,Mass,1,0,0,0.4163,Month-to-month,DSL,49.2
5789-LDFXO,Male,41,24,22140.0,Mass,0,0,0,0.1653,One year,No,24.6
0508-OOLTO,Female,29,2,64485.0,Affluent,1,0,0,0.535,Month-to-month,Fiber optic,71.65
2984-TBYKU,Male,65,72,94410.0,HNI,0,1,0,0.1352,Two year,Fiber optic,104.9
9822-WMWVG,Female,50,41,95850.0,HNI,1,0,0,0.4722,Month-to-month,Fiber optic,106.5
2391-SOORI,Male,30,4,44415.0,Mass,1,0,1,0.9014,Month-to-month,DSL,49.35
9040-KZVWO,Male,42,26,67950.0,Affluent,0,1,0,0.2241,One year,Fiber optic,75.5
2645-QTLMB,Male,31,7,84825.0,HNI,1,0,1,0.9499,Month-to-month,Fiber optic,94.25
4806-HIPDW,Female,28,1,62055.0,Affluent,1,0,1,0.9344,Month-to-month,Fiber optic,68.95
1548-ARAGG,Female,30,4,52650.0,Affluent,1,0,0,0.5129,Month-to-month,DSL,58.5
6339-RZCBJ,Male,54,48,71010.0,Affluent,0,1,0,0.1682,Two year,DSL,78.9
4424-TKOPW,Male,68,2,84465.0,HNI,1,0,1,0.9631,Month-to-month,Fiber optic,93.85
4415-WNGVR,Female,68,12,71280.0,Affluent,0,0,0,0.2672,One year,DSL,79.2
2522-AHJXR,Male,61,60,98505.0,HNI,1,1,0,0.4239,Month-to-month,Fiber optic,109.45
0412-UCCNP,Male,58,55,53280.0,Affluent,0,0,0,0.1241,Two year,DSL,59.2
1816-FLZDK,Male,28,1,26235.0,Mass,1,0,0,0.4841,Month-to-month,DSL,29.15
7096-UCLNH,Male,28,1,18045.0,Mass,1,0,0,0.4726,Month-to-month,No,20.05
8443-ZRDBZ,Male,30,4,68445.0,Affluent,1,0,1,0.9351,Month-to-month,Fiber optic,76.05
9136-ALYBR,Male,28,1,22005.0,Mass,1,0,1,0.8781,Month-to-month,DSL,24.45
4615-PIVVU,Female,51,42,59850.0,Affluent,0,1,0,0.1689,Two year,DSL,66.5
8885-QSQBX,Female,28,1,44595.0,Mass,1,1,0,0.5098,Month-to-month,DSL,49.55
7479-NITWS,Male,31,7,80415.0,HNI,1,1,1,0.9437,Month-to-month,Fiber optic,89.35
8617-ENBDS,Male,29,3,66240.0,Affluent,1,1,0,0.5347,Month-to-month,Fiber optic,73.6
9385-NXKDA,Female,65,72,74385.0,HNI,0,1,0,0.1071,Two year,DSL,82.65
0430-IHCDJ,Male,36,15,44100.0,Mass,1,0,0,0.4708,Month-to-month,DSL,49.0
2959-MJHIC,Male,30,4,72315.0,HNI,1,0,1,0.9405,Month-to-month,Fiber optic,80.35
6674-KVJHG,Female,34,11,22680.0,Mass,0,0,0,0.2017,One year,No,25.2
1814-DKOLC,Female,30,5,22905.0,Mass,1,0,0,0.4684,Month-to-month,No,25.45
4201-JMNGR,Female,68,1,50220.0,Affluent,1,0,1,0.9177,Month-to-month,DSL,55.8
9351-HXDMR,Male,65,72,99810.0,HNI,0,1,0,0.1428,Two year,Fiber optic,110.9
3537-HPKQT,Female,58,55,69975.0,Affluent,1,1,0,0.3975,Month-to-month,Fiber optic,77.75
2129-ALKBS,Female,50,40,23580.0,Mass,1,0,0,0.3735,Month-to-month,No,26.2
5821-MMEIL,Female,59,57,17910.0,Mass,0,1,0,0.069,Two year,No,19.9
5960-WPXQM,Male,28,1,71145.0,Affluent,1,0,1,0.9471,Month-to-month,Fiber optic,79.05
0684-AOSIH,Male,28,1,85500.0,HNI,1,0,1,0.9673,Month-to-month,Fiber optic,95.0
8260-NGFNY,Female,28,1,22680.0,Mass,1,0,1,0.8791,Month-to-month,DSL,25.2
1309-XGFSN,Male,68,52,72765.0,HNI,0,0,0,0.1597,One year,DSL,80.85
1866-RZZQS,Male,68,41,88560.0,HNI,1,0,1,0.862,Month-to-month,Fiber optic,98.4
6968-URWQU,Male,51,43,50715.0,Affluent,0,0,0,0.1534,One year,DSL,56.35
4742-TXUEX,Female,53,47,17370.0,Mass,0,1,0,0.0956,Two year,No,19.3
9631-XEYKE,Male,29,3,45360.0,Affluent,1,1,0,0.5054,Month-to-month,DSL,50.4
8631-NBHFZ,Male,68,66,71460.0,Affluent,0,1,1,0.5195,Two year,DSL,79.4
1335-MXCSE,Male,58,55,49725.0,Affluent,0,1,0,0.1191,Two year,DSL,55.25
8873-TMKGR,Male,43,29,17190.0,Mass,0,0,0,0.1447,One year,No,19.1
8800-JOOCF,Female,34,12,75645.0,HNI,1,0,0,0.5233,Month-to-month,Fiber optic,84.05
1469-LBJQJ,Female,64,66,94680.0,HNI,1,0,0,0.4021,Month-to-month,Fiber optic,105.2
4958-XCBDQ,Male,68,35,91260.0,HNI,1,0,1,0.8822,Month-to-month,Fiber optic,101.4
8337-UPOAQ,Male,68,10,80820.0,HNI,1,0,1,0.936,Month-to-month,Fiber optic,89.8
0064-YIJGF,Male,42,27,68175.0,Affluent,1,1,0,0.4717,Month-to-month,Fiber optic,75.75
2386-OWURY,Female,59,58,85770.0,HNI,1,0,0,0.4115,Month-to-month,Fiber optic,95.3
1725-IQNIY,Male,57,54,98775.0,HNI,0,1,1,0.5907,Two year,Fiber optic,109.75
0310-VQXAM,Male,32,9,17865.0,Mass,1,0,0,0.4504,Month-to-month,No,19.85
6598-RFFVI,Male,29,2,17370.0,Mass,0,1,1,0.6189,One year,No,19.3
3453-RTHJQ,Male,31,6,62190.0,Affluent,1,0,0,0.5208,Month-to-month,Fiber optic,69.1
6712-OAWRH,Female,68,26,82125.0,HNI,1,0,1,0.894,Month-to-month,Fiber optic,91.25
6278-FEPBZ,Female,32,9,18225.0,Mass,1,0,0,0.4509,Month-to-month,No,20.25
4280-DLSHD,Male,32,8,49275.0,Affluent,1,0,0,0.4972,Month-to-month,DSL,54.75
1508-DFXCU,Male,34,12,73305.0,HNI,1,0,0,0.52,Month-to-month,Fiber optic,81.45
8614-VGMMV,Female,36,15,44190.0,Mass,1,0,1,0.8709,Month-to-month,DSL,49.1
7868-BGSZA,Male,51,43,72180.0,HNI,0,0,0,0.1835,One year,DSL,80.2
2800-QQUSO,Male,51,42,90270.0,HNI,1,0,0,0.4616,Month-to-month,Fiber optic,100.3
2930-UOTMB,Female,45,31,58725.0,Affluent,1,1,1,0.8475,Month-to-month,DSL,65.25
7973-DZRKH,Female,64,66,81855.0,HNI,0,1,0,0.1341,Two year,Fiber optic,90.95
5914-DVBWJ,Female,68,18,76905.0,HNI,1,0,1,0.9086,Month-to-month,Fiber optic,85.45
7698-YFGEZ,Male,28,1,18000.0,Mass,1,0,0,0.4725,Month-to-month,No,20.0
2533-QVMSK,Male,61,61,84690.0,HNI,0,0,1,0.5517,Two year,Fiber optic,94.1
9773-PEQBZ,Male,33,10,71865.0,Affluent,1,0,0,0.5235,Month-to-month,Fiber optic,79.85
8644-XLFBW,Male,68,1,64485.0,Affluent,1,0,1,0.9378,Month-to-month,Fiber optic,71.65
0650-BWOZN,Female,68,18,66195.0,Affluent,1,0,0,0.4936,Month-to-month,Fiber optic,73.55
8625-AZYZY,Male,41,24,94185.0,HNI,1,0,1,0.9164,Month-to-month,Fiber optic,104.65
7785-RDVIG,Female,29,3,17370.0,Mass,1,0,0,0.4662,Month-to-month,No,19.3
9602-WCXPI,Male,55,50,18135.0,Mass,0,1,0,0.0885,One year,No,20.15
2903-YYTBW,Male,28,1,40095.0,Mass,1,0,0,0.5035,Month-to-month,DSL,44.55
3620-MWJNE,Male,29,2,49005.0,Affluent,1,0,0,0.5133,Month-to-month,DSL,54.45
8573-JGCZW,Male,37,17,17685.0,Mass,0,1,0,0.1782,One year,No,19.65
6837-HAEVO,Male,65,69,94500.0,HNI,0,0,0,0.1436,Two year,Fiber optic,105.0
6701-YVNQG,Male,65,72,79830.0,HNI,0,1,0,0.1148,Two year,DSL,88.7
9306-CPCBC,Female,29,3,66825.0,Affluent,1,0,1,0.9356,Month-to-month,Fiber optic,74.25
4304-XUMGI,Male,68,50,67635.0,Affluent,0,1,0,0.1579,Two year,DSL,75.15
9504-YAZWB,Female,57,53,18225.0,Mass,0,0,0,0.0804,Two year,No,20.25
8819-ZBYNA,Female,59,58,98190.0,HNI,0,1,0,0.1789,Two year,Fiber optic,109.1
6174-NRBTZ,Male,53,46,27675.0,Mass,0,1,0,0.1128,One year,DSL,30.75
9481-IEBZY,Male,68,72,101610.0,HNI,1,1,0,0.3954,Month-to-month,Fiber optic,112.9
1833-VGRUM,Female,68,1,66780.0,Affluent,1,0,1,0.941,Month-to-month,Fiber optic,74.2
6137-NICCO,Female,31,6,84645.0,HNI,1,0,0,0.5524,Month-to-month,Fiber optic,94.05
9065-ZCPQX,Male,65,72,70965.0,Affluent,0,1,0,0.1023,Two year,DSL,78.85
6402-EJMWF,Male,30,4,49770.0,Affluent,1,0,0,0.5089,Month-to-month,DSL,55.3
3620-EHIMZ,Female,56,52,17415.0,Mass,0,0,0,0.082,Two year,No,19.35
3213-VVOLG,Male,28,0,22815.0,Mass,0,0,0,0.232,Two year,No,25.35
6870-ECSHE,Female,29,2,18405.0,Mass,0,0,0,0.2204,One year,No,20.45
8747-UDCOI,Female,63,65,17415.0,Mass,0,1,0,0.0464,Two year,No,19.35
8374-XGEJJ,Male,68,43,90900.0,HNI,1,0,1,0.8598,Month-to-month,Fiber optic,101.0
2656-TABEH,Male,30,4,90180.0,HNI,1,0,1,0.9656,Month-to-month,Fiber optic,100.2
6946-LMSQS,Male,68,25,80145.0,HNI,0,0,1,0.644,One year,Fiber optic,89.05
4626-OZDTJ,Female,56,51,70785.0,Affluent,0,1,0,0.1596,One year,DSL,78.65
9169-BSVIN,Male,34,12,67275.0,Affluent,1,1,0,0.5115,Month-to-month,DSL,74.75
2325-ZUSFD,Female,59,57,63090.0,Affluent,0,1,1,0.5324,One year,DSL,70.1
8194-PEEBY,Female,41,24,17910.0,Mass,0,0,0,0.1594,One year,No,19.9
6872-HXFNF,Female,63,64,52515.0,Affluent,0,1,0,0.0984,One year,DSL,58.35
3932-CMDTD,Female,30,4,95085.0,HNI,0,0,1,0.7225,One year,Fiber optic,105.65
7714-YXSMB,Female,42,26,90450.0,HNI,1,1,0,0.5057,Month-to-month,Fiber optic,100.5
8387-UGUSU,Female,36,15,18045.0,Mass,1,0,0,0.4342,Month-to-month,No,20.05
1080-BWSYE,Male,68,64,23085.0,Mass,0,1,0,0.0571,Two year,No,25.65
4039-HEUNW,Male,68,36,86850.0,HNI,1,0,1,0.8733,Month-to-month,Fiber optic,96.5
1194-HVAIF,Female,42,27,85500.0,HNI,1,1,0,0.496,Month-to-month,Fiber optic,95.0
0812-WUPTB,Male,68,1,63765.0,Affluent,1,0,1,0.9368,Month-to-month,Fiber optic,70.85
3594-UVONA,Female,47,35,77355.0,HNI,0,1,1,0.6127,One year,DSL,85.95
0004-TLHLJ,Male,30,4,66510.0,Affluent,1,0,1,0.9324,Month-to-month,Fiber optic,73.9
1767-TGTKO,Female,32,8,40905.0,Mass,1,0,0,0.4855,Month-to-month,DSL,45.45
8439-LTUGF,Male,33,10,18000.0,Mass,1,1,0,0.4479,Month-to-month,No,20.0
8805-JNRAZ,Female,29,2,44280.0,Mass,1,0,0,0.5067,Month-to-month,DSL,49.2
5089-IFSDP,Female,59,58,98505.0,HNI,0,1,1,0.5793,Two year,Fiber optic,109.45
6418-HNFED,Male,56,51,74925.0,HNI,0,1,0,0.1654,Two year,DSL,83.25
0206-OYVOC,Female,53,46,17325.0,Mass,0,0,0,0.0983,Two year,No,19.25
7291-CDTMJ,Male,28,1,17685.0,Mass,1,1,0,0.4721,Month-to-month,No,19.65
7128-GGCNO,Male,53,46,65520.0,Affluent,1,1,0,0.4159,Month-to-month,Fiber optic,72.8
0237-YFUTL,Female,55,50,98685.0,HNI,1,1,0,0.4515,Month-to-month,Fiber optic,109.65
7691-KGKGP,Male,57,53,58500.0,Affluent,1,1,0,0.3869,Month-to-month,DSL,65.0
6710-HSJRD,Male,61,61,102690.0,HNI,1,0,0,0.427,Month-to-month,Fiber optic,114.1
3675-EQOZA,Male,30,5,18585.0,Mass,1,1,0,0.4624,Month-to-month,No,20.65
0840-DCNZE,Male,53,47,78255.0,HNI,0,1,0,0.1811,One year,DSL,86.95
1732-FEKLD,Female,57,54,85275.0,HNI,0,1,0,0.1717,One year,Fiber optic,94.75
9862-KJTYK,Male,38,19,22815.0,Mass,1,1,0,0.43,Month-to-month,DSL,25.35
0479-HMSWA,Female,42,26,94905.0,HNI,0,0,0,0.262,Two year,Fiber optic,105.45
5854-KSRBJ,Male,65,70,22860.0,Mass,0,0,0,0.0403,Two year,No,25.4
0365-BZUWY,Male,37,17,92295.0,HNI,1,0,0,0.533,Month-to-month,Fiber optic,102.55
4817-VYYWS,Female,44,30,90180.0,HNI,1,0,1,0.8944,Month-to-month,Fiber optic,100.2
5701-SVCWR,Female,28,1,21600.0,Mass,1,0,0,0.4776,Month-to-month,No,24.0
3129-AAQOU,Female,38,19,23040.0,Mass,0,0,0,0.1803,Two year,No,25.6
4922-CVPDX,Female,42,26,66150.0,Affluent,0,1,0,0.2216,Two year,DSL,73.5
1396-QWFBJ,Female,39,21,66645.0,Affluent,1,1,1,0.886,Month-to-month,Fiber optic,74.05
1357-BIJKI,Male,55,50,88425.0,HNI,0,0,0,0.1871,One year,Fiber optic,98.25
1099-BTKWT,Female,65,68,48960.0,Affluent,0,0,0,0.0824,One year,DSL,54.4
5299-SJCZT,Male,29,3,91395.0,HNI,1,1,1,0.9701,Month-to-month,Fiber optic,101.55
2018-PZKMU,Male,32,9,92790.0,HNI,1,0,0,0.5556,Month-to-month,Fiber optic,103.1
7340-KEFQE,Female,56,51,30780.0,Mass,0,1,0,0.1035,Two year,DSL,34.2
4570-QHXHL,Female,32,9,39375.0,Mass,1,0,0,0.4806,Month-to-month,DSL,43.75
2403-BCASL,Male,68,41,100755.0,HNI,0,0,1,0.6291,One year,Fiber optic,111.95
7392-YYPYJ,Male,40,22,90585.0,HNI,1,0,0,0.5169,Month-to-month,Fiber optic,100.65
2898-LSJGD,Female,39,21,50355.0,Affluent,0,0,1,0.6131,One year,DSL,55.95
2223-GDSHL,Male,65,71,104445.0,HNI,0,1,0,0.1521,Two year,Fiber optic,116.05
7359-PTSXY,Male,28,1,41175.0,Mass,1,0,1,0.905,Month-to-month,DSL,45.75
9470-RTWDV,Male,42,26,73800.0,HNI,0,1,0,0.2323,One year,DSL,82.0
2176-OSJUV,Male,65,71,58635.0,Affluent,0,1,0,0.0878,Two year,DSL,65.15
9348-YVOMK,Male,30,4,40320.0,Mass,1,1,0,0.4956,Month-to-month,DSL,44.8
8104-OSKWT,Female,34,12,71820.0,Affluent,1,0,0,0.5179,Month-to-month,Fiber optic,79.8
4521-YEEHE,Female,37,18,79965.0,HNI,1,0,0,0.5129,Month-to-month,Fiber optic,88.85
4090-KPJIP,Female,29,3,67455.0,Affluent,1,0,0,0.5365,Month-to-month,Fiber optic,74.95
3786-WOVKF,Female,68,72,96165.0,HNI,0,1,0,0.1377,One year,Fiber optic,106.85
4503-BDXBD,Male,34,11,67455.0,Affluent,1,0,1,0.9145,Month-to-month,Fiber optic,74.95
6086-ESGRL,Female,28,1,72135.0,HNI,1,1,1,0.9485,Month-to-month,Fiber optic,80.15
2592-HODOV,Male,35,13,17370.0,Mass,0,1,0,0.1888,One year,No,19.3
3886-CERTZ,Female,65,72,98325.0,HNI,0,0,1,0.5407,One year,Fiber optic,109.25
7995-ZHHNZ,Male,51,42,50490.0,Affluent,0,1,0,0.1558,One year,DSL,56.1
3824-RHKVR,Female,37,17,17730.0,Mass,1,1,0,0.4283,Month-to-month,No,19.7
5816-SCGFC,Female,68,7,46170.0,Affluent,1,0,0,0.4956,Month-to-month,DSL,51.3
5989-AXPUC,Female,65,68,106740.0,HNI,0,0,0,0.1635,Two year,Fiber optic,118.6
4979-HPRFL,Male,58,56,21735.0,Mass,0,1,0,0.0771,Two year,No,24.15
8590-OHDIW,Female,48,38,18270.0,Mass,0,0,0,0.1215,One year,No,20.3
8015-IHCGW,Female,65,72,103950.0,HNI,0,0,0,0.1486,Two year,Fiber optic,115.5
2332-TODQS,Female,54,48,22545.0,Mass,0,1,0,0.1001,One year,No,25.05
9278-VZKCD,Female,68,52,98190.0,HNI,1,0,0,0.4453,Month-to-month,Fiber optic,109.1
8008-OTEZX,Female,47,35,17685.0,Mass,0,0,0,0.1289,One year,No,19.65
2773-OVBPK,Male,64,67,100170.0,HNI,0,1,0,0.157,Two year,Fiber optic,111.3
5999-LCXAO,Female,28,1,26910.0,Mass,1,0,0,0.485,Month-to-month,DSL,29.9
5206-XZZQI,Male,57,53,72540.0,HNI,1,0,0,0.4066,Month-to-month,Fiber optic,80.6
4803-LBYPN,Male,46,34,18720.0,Mass,1,0,0,0.3831,Month-to-month,No,20.8
5759-RCVCB,Female,29,3,31680.0,Mass,1,1,1,0.8862,Month-to-month,DSL,35.2
6372-RFVNS,Female,28,1,70920.0,Affluent,1,0,1,0.9468,Month-to-month,Fiber optic,78.8
2139-FQHLM,Male,38,19,80955.0,HNI,1,0,0,0.5116,Month-to-month,Fiber optic,89.95
8261-GWDBQ,Female,68,60,104445.0,HNI,0,1,0,0.1822,Two year,Fiber optic,116.05
1093-YSWCA,Male,34,11,17595.0,Mass,0,1,0,0.1946,Two year,No,19.55
8938-UMKPI,Female,53,47,95760.0,HNI,1,0,1,0.8556,Month-to-month,Fiber optic,106.4
0991-BRRFB,Male,37,18,44460.0,Mass,1,0,1,0.8631,Month-to-month,DSL,49.4
3882-IYOIJ,Female,61,60,103725.0,HNI,0,1,0,0.1812,Two year,Fiber optic,115.25
8749-TZYEC,Male,65,72,22320.0,Mass,0,1,0,0.0341,Two year,No,24.8
1755-FZQEC,Male,49,39,17910.0,Mass,0,0,0,0.1183,One year,No,19.9
3115-JPJDD,Female,60,59,73125.0,HNI,0,1,0,0.141,One year,Fiber optic,81.25
5600-KTXFM,Male,29,2,62955.0,Affluent,1,0,0,0.5329,Month-to-month,Fiber optic,69.95
3871-IKPYH,Male,68,1,62190.0,Affluent,1,0,1,0.9345,Month-to-month,Fiber optic,69.1
6319-IEJWJ,Male,39,20,81180.0,HNI,1,0,1,0.9091,Month-to-month,Fiber optic,90.2
9025-AOMKI,Female,31,6,84195.0,HNI,1,1,1,0.9517,Month-to-month,Fiber optic,93.55
6339-TBELP,Male,65,71,77760.0,HNI,0,1,0,0.1146,Two year,Fiber optic,86.4
7964-YESJC,Female,41,24,59670.0,Affluent,1,0,0,0.468,Month-to-month,DSL,66.3
6173-GOLSU,Male,68,67,85185.0,HNI,1,1,0,0.386,Month-to-month,Fiber optic,94.65
5275-SQEIZ,Male,28,1,72765.0,HNI,1,0,1,0.9494,Month-to-month,Fiber optic,80.85
7716-YTYHG,Female,54,48,73845.0,HNI,0,0,1,0.5721,One year,Fiber optic,82.05
9938-ZREHM,Female,48,37,64890.0,Affluent,0,0,0,0.1897,One year,DSL,72.1
7950-XWOVN,Male,34,11,31230.0,Mass,1,0,0,0.4637,Month-to-month,DSL,34.7
4390-KYULV,Male,29,3,18495.0,Mass,1,1,1,0.8677,Month-to-month,No,20.55
4647-MUZON,Female,37,18,86355.0,HNI,1,1,0,0.5219,Month-to-month,Fiber optic,95.95
9702-AIUJO,Male,55,50,40320.0,Mass,0,1,0,0.1196,One year,DSL,44.8
8849-PRIQJ,Female,64,67,98460.0,HNI,0,0,0,0.1546,One year,Fiber optic,109.4
8851-RAGOV,Female,41,25,63945.0,Affluent,1,0,0,0.4713,Month-to-month,DSL,71.05
1304-NECVQ,Female,68,2,70695.0,Affluent,1,0,1,0.9437,Month-to-month,Fiber optic,78.55
5396-IZEPB,Male,32,9,17730.0,Mass,1,1,0,0.4502,Month-to-month,No,19.7
1729-VLAZJ,Female,33,10,36225.0,Mass,0,0,0,0.2234,One year,DSL,40.25
8285-ABVLB,Female,65,70,17865.0,Mass,0,1,0,0.0333,Two year,No,19.85
0701-TJSEF,Male,32,9,61425.0,Affluent,1,1,0,0.5116,Month-to-month,DSL,68.25
5712-VBOXD,Female,30,4,18135.0,Mass,1,1,0,0.4645,Month-to-month,No,20.15
6629-LADHQ,Female,29,2,45855.0,Affluent,1,0,0,0.5089,Month-to-month,DSL,50.95
8945-GRKHX,Female,28,1,70785.0,Affluent,1,0,1,0.9466,Month-to-month,Fiber optic,78.65
1559-DTODC,Male,38,19,22635.0,Mass,1,1,0,0.4297,Month-to-month,DSL,25.15
4797-MIWUM,Male,31,7,18225.0,Mass,1,1,0,0.4564,Month-to-month,No,20.25
6959-UWKHF,Male,28,1,38610.0,Mass,1,0,1,0.9014,Month-to-month,DSL,42.9
8720-RQSBJ,Male,68,1,39600.0,Mass,1,0,0,0.5028,Month-to-month,DSL,44.0
4537-CIBHB,Female,32,9,18225.0,Mass,0,0,0,0.2009,One year,No,20.25
3815-SLMEF,Female,29,3,30825.0,Mass,1,0,1,0.885,Month-to-month,DSL,34.25
5154-VEKBL,Female,32,9,52650.0,Affluent,1,0,1,0.8992,Month-to-month,DSL,58.5
4324-AHJKS,Female,30,5,50220.0,Affluent,1,1,0,0.5068,Month-to-month,DSL,55.8
4355-CVPVS,Female,58,56,80010.0,HNI,0,1,0,0.1589,One year,Fiber optic,88.9
4495-LHSSK,Female,37,18,51885.0,Affluent,1,0,0,0.4735,Month-to-month,DSL,57.65
5655-JSMZM,Male,68,49,86580.0,HNI,1,0,1,0.8373,Month-to-month,Fiber optic,96.2
5915-ANOEI,Male,65,70,71235.0,Affluent,0,0,0,0.1082,Two year,DSL,79.15
9861-PDSZP,Female,65,72,97245.0,HNI,0,1,0,0.1392,Two year,Fiber optic,108.05
4505-EXZHB,Female,68,6,66960.0,Affluent,1,0,1,0.9275,Month-to-month,Fiber optic,74.4
7225-CBZPL,Male,68,17,85320.0,HNI,1,0,0,0.5232,Month-to-month,Fiber optic,94.8
6704-UTUKK,Male,43,29,41310.0,Mass,1,0,0,0.4285,Month-to-month,DSL,45.9
4587-VVTOX,Female,31,6,94770.0,HNI,1,0,1,0.9666,Month-to-month,Fiber optic,105.3
2019-HDCZY,Male,62,63,92340.0,HNI,0,0,0,0.157,Two year,Fiber optic,102.6
4652-NNHNY,Male,36,16,66465.0,Affluent,1,1,1,0.8994,Month-to-month,Fiber optic,73.85
8788-DOXSU,Male,60,59,55215.0,Affluent,0,1,0,0.1159,One year,DSL,61.35
7404-JLKQG,Female,29,3,51795.0,Affluent,1,0,0,0.5145,Month-to-month,DSL,57.55
7421-ZLUPA,Female,32,8,26325.0,Mass,1,0,0,0.465,Month-to-month,DSL,29.25
8972-HJWNV,Female,68,7,76095.0,HNI,1,0,1,0.9376,Month-to-month,Fiber optic,84.55
3274-NSDWE,Female,65,68,17640.0,Mass,0,1,0,0.0385,Two year,No,19.6
2632-IVXVF,Female,65,68,100575.0,HNI,0,1,0,0.1549,Two year,Fiber optic,111.75
3692-JHONH,Female,68,52,95850.0,HNI,0,0,0,0.1921,One year,Fiber optic,106.5
8915-NNTRC,Male,65,72,96930.0,HNI,0,1,0,0.1388,Two year,Fiber optic,107.7
5914-GXMDA,Female,45,32,17370.0,Mass,0,0,0,0.1367,One year,No,19.3
7463-IFMQU,Female,65,72,18045.0,Mass,0,1,0,0.0281,Two year,No,20.05
2920-RNCEZ,Male,28,1,62955.0,Affluent,1,1,0,0.5356,Month-to-month,Fiber optic,69.95
2541-YGPKE,Male,51,42,57330.0,Affluent,0,1,0,0.1654,One year,DSL,63.7
8515-OCTJS,Female,41,25,22275.0,Mass,0,1,1,0.5628,Two year,No,24.75
5382-TEMLV,Male,52,45,45810.0,Affluent,1,1,0,0.391,Month-to-month,DSL,50.9
3441-CGZJH,Female,51,43,54360.0,Affluent,0,1,0,0.1585,One year,DSL,60.4
9592-ERDKV,Male,48,37,71325.0,Affluent,0,0,0,0.1987,One year,DSL,79.25
2860-RANUS,Female,68,20,77220.0,HNI,1,1,1,0.9036,Month-to-month,Fiber optic,85.8
5261-QSHQM,Female,30,4,22005.0,Mass,1,0,1,0.8699,Month-to-month,DSL,24.45
4778-IZARL,Male,62,63,99090.0,HNI,0,1,0,0.1665,Two year,Fiber optic,110.1
0432-CAJZV,Male,29,3,81630.0,HNI,1,0,0,0.5563,Month-to-month,Fiber optic,90.7
7008-LZVOZ,Male,64,66,22770.0,Mass,0,1,0,0.0511,Two year,No,25.3
8868-WOZGU,Male,43,28,95130.0,HNI,1,0,1,0.9068,Month-to-month,Fiber optic,105.7
1200-TUZHR,Female,68,8,76680.0,HNI,1,0,0,0.5357,Month-to-month,Fiber optic,85.2
9365-CSLBQ,Male,65,71,21915.0,Mass,0,0,0,0.0362,Two year,No,24.35
1334-FJSVR,Male,28,1,21825.0,Mass,1,0,1,0.8779,Month-to-month,DSL,24.25
5884-FBCTL,Female,65,72,22590.0,Mass,0,1,0,0.0344,Two year,No,25.1
7130-CTCUS,Male,68,16,49095.0,Affluent,1,1,0,0.4751,Month-to-month,DSL,54.55
6242-FEGFD,Male,64,66,86940.0,HNI,0,0,0,0.1412,Two year,Fiber optic,96.6
7625-XCQRH,Female,34,11,68850.0,Affluent,1,0,1,0.9165,Month-to-month,Fiber optic,76.5
6194-HBGQN,Male,56,51,73035.0,HNI,0,1,0,0.1628,One year,DSL,81.15
7634-WSWDB,Female,32,8,34650.0,Mass,1,0,0,0.4767,Month-to-month,DSL,38.5
6986-IXNDM,Male,35,14,83610.0,HNI,1,0,0,0.529,Month-to-month,Fiber optic,92.9
1731-TVIUK,Female,30,4,84150.0,HNI,1,0,1,0.9571,Month-to-month,Fiber optic,93.5
2987-BJXIK,Female,65,70,76230.0,HNI,0,0,0,0.1152,Two year,DSL,84.7
9769-TSBZE,Female,65,70,59400.0,Affluent,0,0,0,0.0916,Two year,DSL,66.0
0406-BPDVR,Female,68,54,91350.0,HNI,0,1,1,0.5803,One year,Fiber optic,101.5
0618-XWMSS,Male,43,28,67410.0,Affluent,1,1,1,0.8679,Month-to-month,Fiber optic,74.9
1395-WSWXR,Male,41,24,18675.0,Mass,0,0,0,0.1605,Two year,No,20.75
6023-GSSXW,Female,65,69,55305.0,Affluent,0,1,0,0.0886,Two year,DSL,61.45
6752-APNJL,Male,51,42,49050.0,Affluent,1,0,0,0.4038,Month-to-month,DSL,54.5
5276-KQWHG,Female,68,2,62640.0,Affluent,1,0,1,0.9324,Month-to-month,Fiber optic,69.6
0420-HLGXF,Female,68,39,89775.0,HNI,1,0,0,0.4692,Month-to-month,Fiber optic,99.75
7446-KQISO,Male,52,45,98775.0,HNI,0,1,0,0.2153,Two year,Fiber optic,109.75
9823-EALYC,Male,65,72,72765.0,HNI,0,1,0,0.1049,Two year,DSL,80.85
0582-AVCLN,Female,48,38,18270.0,Mass,0,0,0,0.1215,Two year,No,20.3
5803-NQJZO,Male,65,72,61020.0,Affluent,0,1,0,0.0884,Two year,DSL,67.8
2565-JSLRY,Male,28,1,21645.0,Mass,1,0,1,0.8776,Month-to-month,No,24.05
2607-DHDAK,Male,65,72,17820.0,Mass,0,1,0,0.0278,Two year,No,19.8
1073-XXCZD,Male,58,55,23130.0,Mass,0,1,0,0.0818,Two year,No,25.7
0743-HRVFF,Female,56,51,50535.0,Affluent,0,0,0,0.1312,One year,DSL,56.15
4006-HKYHO,Male,62,63,78030.0,HNI,0,1,0,0.1369,Two year,DSL,86.7
3727-JEZTU,Female,28,1,18360.0,Mass,1,0,0,0.473,Month-to-month,No,20.4
8143-ETQTI,Female,40,23,17685.0,Mass,0,0,0,0.1618,Two year,No,19.65
6689-KXGBO,Female,28,1,45495.0,Affluent,1,0,1,0.9111,Month-to-month,DSL,50.55
9667-TKTVZ,Female,29,2,48915.0,Affluent,1,0,0,0.5132,Month-to-month,DSL,54.35
3657-COGMW,Female,68,52,97290.0,HNI,1,1,0,0.4441,Month-to-month,Fiber optic,108.1
8570-KLJYJ,Female,47,36,49005.0,Affluent,0,0,0,0.1701,One year,DSL,54.45
7754-IXRMC,Female,28,1,40815.0,Mass,1,0,0,0.5045,Month-to-month,DSL,45.35
9473-CBZOP,Female,43,28,53100.0,Affluent,0,0,0,0.1978,One year,DSL,59.0
2969-WGHQO,Female,31,7,62505.0,Affluent,0,0,0,0.2685,One year,DSL,69.45
6615-NGGZJ,Male,35,14,90495.0,HNI,1,0,1,0.9387,Month-to-month,Fiber optic,100.55
4334-HOWRP,Male,68,72,58455.0,Affluent,0,1,0,0.0848,Two year,DSL,64.95
4255-DDUOU,Female,28,1,18450.0,Mass,1,0,1,0.8732,Month-to-month,No,20.5
5863-OOKCL,Female,33,10,16965.0,Mass,1,0,0,0.4464,Month-to-month,No,18.85
1686-STUHN,Male,51,42,17820.0,Mass,0,1,0,0.1099,One year,No,19.8
1329-VHWNP,Female,31,7,22545.0,Mass,1,1,0,0.4625,Month-to-month,DSL,25.05
2984-MIIZL,Male,30,4,67320.0,Affluent,1,1,1,0.9335,Month-to-month,Fiber optic,74.8
0266-GMEAO,Male,65,72,102870.0,HNI,0,1,0,0.1471,Two year,Fiber optic,114.3
5590-YRFJT,Female,39,20,22005.0,Mass,1,0,1,0.8261,Month-to-month,DSL,24.45
5574-NXZIU,Male,62,63,98280.0,HNI,0,1,0,0.1653,Two year,Fiber optic,109.2
0019-GFNTW,Female,58,56,40545.0,Mass,0,1,0,0.1035,Two year,DSL,45.05
4256-ZWTZI,Female,30,5,45900.0,Affluent,1,0,0,0.5007,Month-to-month,DSL,51.0
8309-PPCED,Female,65,72,99405.0,HNI,0,1,0,0.1423,Two year,Fiber optic,110.45
4098-NAUKP,Male,68,68,76185.0,HNI,1,0,0,0.3706,Month-to-month,Fiber optic,84.65
5196-WPYOW,Male,64,67,54045.0,Affluent,0,0,0,0.0923,One year,DSL,60.05
4608-LCIMN,Male,32,8,40185.0,Mass,1,1,0,0.4845,Month-to-month,DSL,44.65
1485-YDHMM,Male,56,52,83925.0,HNI,1,1,0,0.4253,Month-to-month,Fiber optic,93.25
4054-CUMIA,Female,37,18,18225.0,Mass,1,0,0,0.4263,Month-to-month,No,20.25
0603-TPMIB,Female,60,59,22905.0,Mass,0,0,0,0.0705,Two year,No,25.45
2525-GVKQU,Female,61,60,18540.0,Mass,0,0,0,0.0616,Two year,No,20.6
8161-QYMTT,Male,31,7,84690.0,HNI,1,0,0,0.5497,Month-to-month,Fiber optic,94.1
9581-GVBXT,Male,60,59,31320.0,Mass,0,0,0,0.0823,One year,DSL,34.8
5862-BRIXZ,Male,53,46,54675.0,Affluent,0,1,0,0.1507,Two year,DSL,60.75
5404-GGUKR,Male,30,5,46215.0,Affluent,1,0,0,0.5012,Month-to-month,DSL,51.35
3308-JSGML,Male,68,59,57645.0,Affluent,0,1,0,0.1193,Two year,DSL,64.05
2126-GSEGL,Female,65,70,76320.0,HNI,0,1,0,0.1153,Two year,DSL,84.8
3677-TNKIO,Female,35,14,63900.0,Affluent,1,1,1,0.9013,Month-to-month,Fiber optic,71.0
0440-QEXBZ,Female,52,44,45135.0,Affluent,1,0,0,0.3928,Month-to-month,DSL,50.15
2434-EEVDB,Female,63,64,85140.0,HNI,0,1,0,0.1442,Two year,Fiber optic,94.6
6762-QVYJO,Female,59,58,53775.0,Affluent,0,0,0,0.1166,Two year,DSL,59.75
6199-IWKGC,Female,68,46,90225.0,HNI,0,0,0,0.2006,One year,Fiber optic,100.25
2675-DHUTR,Male,68,58,89010.0,HNI,1,0,0,0.416,Month-to-month,Fiber optic,98.9
8152-VETUR,Female,65,72,87930.0,HNI,0,1,0,0.1262,Two year,Fiber optic,97.7
9667-EQRXU,Female,68,30,36270.0,Mass,1,0,1,0.8187,Month-to-month,DSL,40.3
7446-YPODE,Male,68,11,54225.0,Affluent,1,1,0,0.496,Month-to-month,DSL,60.25
9522-BNTHX,Female,68,34,50625.0,Affluent,1,0,0,0.4279,Month-to-month,DSL,56.25
4676-WLUHT,Male,57,54,41580.0,Mass,0,1,0,0.1104,Two year,DSL,46.2
3329-WDIOK,Female,29,3,45540.0,Affluent,1,0,1,0.9057,Month-to-month,DSL,50.6
7980-MHFLQ,Female,65,72,22410.0,Mass,0,0,0,0.0342,Two year,No,24.9
2873-ZLIWT,Female,50,40,76365.0,HNI,1,0,1,0.8476,Month-to-month,Fiber optic,84.85
3415-TAILE,Female,29,2,59130.0,Affluent,1,0,1,0.9275,Month-to-month,DSL,65.7
0757-WCUUZ,Male,57,54,57015.0,Affluent,0,1,0,0.1321,Two year,DSL,63.35
1629-DQQVB,Female,35,14,45090.0,Affluent,1,1,0,0.4749,Month-to-month,DSL,50.1
1915-IOFGU,Female,28,1,63450.0,Affluent,1,0,1,0.9363,Month-to-month,Fiber optic,70.5
3045-XETSH,Female,33,10,85365.0,HNI,1,0,1,0.9424,Month-to-month,Fiber optic,94.85
0374-AACSZ,Female,28,1,45135.0,Affluent,1,0,0,0.5106,Month-to-month,DSL,50.15
7239-HZZCX,Male,28,1,17775.0,Mass,1,0,1,0.8722,Month-to-month,No,19.75
4872-VXRIL,Male,58,56,58185.0,Affluent,0,1,0,0.1282,One year,DSL,64.65
9140-CZQZZ,Female,65,68,71640.0,Affluent,0,1,0,0.1142,Two year,DSL,79.6
3423-HHXAO,Female,35,14,17550.0,Mass,0,0,0,0.1863,One year,No,19.5
9938-TKDGL,Male,65,68,89595.0,HNI,0,0,0,0.1394,Two year,Fiber optic,99.55
0531-ZZJWQ,Male,68,55,66600.0,Affluent,1,0,0,0.3928,Month-to-month,Fiber optic,74.0
6537-QLGEX,Female,36,16,35010.0,Mass,1,0,0,0.4553,Month-to-month,DSL,38.9
2688-BHGOG,Male,68,9,71595.0,Affluent,1,0,0,0.5258,Month-to-month,Fiber optic,79.55
7683-CBDKJ,Male,35,14,58905.0,Affluent,1,0,1,0.8943,Month-to-month,DSL,65.45
0946-CLJTI,Male,68,58,88830.0,HNI,1,0,1,0.8158,Month-to-month,Fiber optic,98.7
3160-TYXLT,Male,57,53,41670.0,Mass,1,1,0,0.3633,Month-to-month,DSL,46.3
1325-USMEC,Male,65,70,89415.0,HNI,0,1,0,0.1337,Two year,Fiber optic,99.35
0916-QOFDP,Female,68,14,86220.0,HNI,1,0,0,0.5327,Month-to-month,Fiber optic,95.8
0628-CNQRM,Male,40,22,60750.0,Affluent,0,1,1,0.625,One year,DSL,67.5
5606-AMZBO,Female,33,10,70335.0,Affluent,1,1,0,0.5213,Month-to-month,Fiber optic,78.15
6199-IPCAO,Female,43,29,23490.0,Mass,0,0,0,0.1535,Two year,No,26.1
7665-TOALD,Female,28,1,62640.0,Affluent,1,0,1,0.9352,Month-to-month,Fiber optic,69.6
0112-QWPNC,Male,54,49,75915.0,HNI,0,0,1,0.5723,One year,DSL,84.35
0324-BRPCJ,Female,68,68,90180.0,HNI,1,0,1,0.7903,Month-to-month,Fiber optic,100.2
2777-PHDEI,Female,28,1,70245.0,Affluent,1,0,1,0.9458,Month-to-month,Fiber optic,78.05
5640-CAXOA,Female,44,30,36315.0,Mass,0,1,0,0.1688,One year,DSL,40.35
2235-EZAIK,Female,65,72,71280.0,Affluent,0,1,0,0.1028,Two year,DSL,79.2
3847-BAERP,Female,33,10,18810.0,Mass,1,0,0,0.449,Month-to-month,No,20.9
1196-AMORA,Male,31,7,66240.0,Affluent,1,0,1,0.9238,Month-to-month,Fiber optic,73.6
4282-YMKNA,Female,32,9,67275.0,Affluent,1,0,1,0.9198,Month-to-month,Fiber optic,74.75
1453-RZFON,Female,28,1,44910.0,Mass,1,0,0,0.5103,Month-to-month,DSL,49.9
8263-OKETD,Female,39,20,62010.0,Affluent,1,1,0,0.4822,Month-to-month,DSL,68.9
0670-KDOMA,Female,28,1,18225.0,Mass,1,0,0,0.4728,Month-to-month,No,20.25
2476-YGEFM,Female,43,29,68400.0,Affluent,1,1,0,0.4665,Month-to-month,Fiber optic,76.0
8687-BAFGU,Male,28,1,66600.0,Affluent,1,0,0,0.5407,Month-to-month,Fiber optic,74.0
0641-EVBOJ,Male,29,3,74070.0,HNI,1,0,0,0.5457,Month-to-month,Fiber optic,82.3
0829-XXPLX,Female,39,20,80460.0,HNI,1,1,0,0.5081,Month-to-month,Fiber optic,89.4
9974-JFBHQ,Male,63,64,89235.0,HNI,1,1,0,0.3999,Month-to-month,Fiber optic,99.15
5356-RHIPP,Male,28,1,18180.0,Mass,1,0,1,0.8728,Month-to-month,No,20.2
6624-JDRDS,Female,31,6,26505.0,Mass,1,1,0,0.4708,Month-to-month,DSL,29.45
0608-JDVEC,Male,55,50,17820.0,Mass,0,0,0,0.088,Two year,No,19.8
9780-FKVVF,Male,31,6,53235.0,Affluent,1,1,0,0.5083,Month-to-month,DSL,59.15
1919-RTPQD,Male,31,7,40275.0,Mass,1,0,0,0.4873,Month-to-month,DSL,44.75
5214-NLTIT,Male,65,72,81720.0,HNI,0,1,0,0.1174,Two year,Fiber optic,90.8
3345-PBBFH,Male,32,8,44595.0,Mass,1,1,0,0.4907,Month-to-month,DSL,49.55
5055-BRMNE,Female,64,67,96030.0,HNI,0,1,0,0.1512,Two year,Fiber optic,106.7
9189-JWSHV,Female,68,24,84195.0,HNI,1,0,1,0.9024,Month-to-month,Fiber optic,93.55
2190-PHBHR,Female,65,72,85005.0,HNI,0,1,0,0.122,Two year,Fiber optic,94.45
2650-GYRYL,Male,46,33,17505.0,Mass,0,1,0,0.1342,One year,No,19.45
0746-JTRFU,Male,29,2,22545.0,Mass,1,0,1,0.8762,Month-to-month,DSL,25.05
5208-FVQKB,Male,65,70,61155.0,Affluent,0,0,0,0.0941,Two year,DSL,67.95
7184-LRUUR,Female,40,22,58725.0,Affluent,0,1,0,0.2221,One year,DSL,65.25
6627-CFOSN,Female,60,59,89505.0,HNI,1,1,0,0.414,Month-to-month,Fiber optic,99.45
3982-JGSFD,Male,47,36,18315.0,Mass,0,1,0,0.1271,One year,No,20.35
1574-DYCWE,Female,56,51,17955.0,Mass,0,0,0,0.0855,Two year,No,19.95
7247-XOZPB,Male,57,53,69660.0,Affluent,0,1,0,0.1526,One year,DSL,77.4
2466-FCCPT,Female,39,20,17730.0,Mass,0,1,0,0.1701,One year,No,19.7
6211-WWLTF,Male,62,63,89730.0,HNI,0,1,0,0.1533,Two year,Fiber optic,99.7
4826-TZEVA,Female,50,40,67320.0,Affluent,1,1,0,0.4349,Month-to-month,Fiber optic,74.8
6016-NXBNJ,Male,47,35,17235.0,Mass,0,0,0,0.1283,One year,No,19.15
9138-EFSMO,Male,42,26,71055.0,Affluent,0,1,0,0.2285,One year,Fiber optic,78.95
0576-WNXXC,Male,68,27,85995.0,HNI,1,0,1,0.8967,Month-to-month,Fiber optic,95.55
4632-XJMEX,Male,57,53,56565.0,Affluent,0,1,0,0.1342,One year,DSL,62.85
8910-LEDAG,Male,68,34,64395.0,Affluent,1,1,0,0.4472,Month-to-month,Fiber optic,71.55
3452-GWUIN,Female,68,19,85455.0,HNI,1,0,0,0.5179,Month-to-month,Fiber optic,94.95
2716-GFZOR,Male,51,43,77490.0,HNI,1,1,0,0.4409,Month-to-month,Fiber optic,86.1
3724-UCSHY,Male,31,6,17595.0,Mass,1,0,0,0.4583,Month-to-month,No,19.55
8626-XHBIE,Male,58,56,22320.0,Mass,0,0,0,0.0779,Two year,No,24.8
4628-CTTLA,Male,59,57,35370.0,Mass,1,0,1,0.7435,Month-to-month,DSL,39.3
3192-LNKRK,Male,46,34,75645.0,HNI,1,0,0,0.463,Month-to-month,Fiber optic,84.05
4439-YRNVD,Female,33,10,32625.0,Mass,1,0,0,0.4684,Month-to-month,DSL,36.25
2876-VBBBL,Female,28,1,18225.0,Mass,1,0,1,0.8728,Month-to-month,No,20.25
6834-NXDCA,Female,35,13,21510.0,Mass,1,0,1,0.8446,Month-to-month,DSL,23.9
2208-UGTGR,Male,58,56,88740.0,HNI,1,0,0,0.4211,Month-to-month,Fiber optic,98.6
3005-TYFRD,Female,58,55,93285.0,HNI,1,1,0,0.4302,Month-to-month,Fiber optic,103.65
8670-MEFCP,Female,47,36,83610.0,HNI,0,1,0,0.2187,Two year,DSL,92.9
3079-BCHLN,Male,53,47,17910.0,Mass,0,1,0,0.0964,One year,No,19.9
7777-UNYHB,Female,34,12,18090.0,Mass,1,1,0,0.4425,Month-to-month,No,20.1
5597-GLBUC,Female,28,1,76905.0,HNI,1,0,1,0.9552,Month-to-month,Fiber optic,85.45
7278-CKDNC,Male,68,24,72450.0,HNI,1,0,0,0.4859,Month-to-month,Fiber optic,80.5
2748-MYRVK,Female,62,63,89910.0,HNI,0,1,1,0.5536,One year,Fiber optic,99.9
8450-UYIBU,Female,68,35,35865.0,Mass,1,0,0,0.4044,Month-to-month,DSL,39.85
2969-VAPYH,Female,64,67,54450.0,Affluent,0,1,0,0.0929,One year,DSL,60.5
4822-YCXMX,Male,41,25,76320.0,HNI,1,0,1,0.8886,Month-to-month,Fiber optic,84.8
7181-OQCUT,Male,39,21,93465.0,HNI,1,0,0,0.5236,Month-to-month,Fiber optic,103.85
8474-UMLNT,Female,35,13,61020.0,Affluent,1,1,0,0.5,Month-to-month,DSL,67.8
9821-POOTN,Male,47,35,67680.0,Affluent,1,0,1,0.8491,Month-to-month,Fiber optic,75.2
3836-FZSDJ,Male,68,71,22365.0,Mass,0,1,0,0.0369,Two year,No,24.85
9142-XMYJH,Female,43,29,17415.0,Mass,1,1,0,0.395,Month-to-month,No,19.35
6559-ILWKJ,Male,65,71,44415.0,Mass,0,0,1,0.4678,Two year,DSL,49.35
0187-QSXOE,Male,68,7,80100.0,HNI,1,0,0,0.5432,Month-to-month,Fiber optic,89.0
7733-UDMTP,Female,68,57,49500.0,Affluent,1,0,0,0.3633,Month-to-month,DSL,55.0
2649-HWLYB,Male,63,65,68535.0,Affluent,0,1,0,0.1181,Two year,DSL,76.15
5214-CHIWJ,Male,42,27,18270.0,Mass,0,0,0,0.1517,One year,No,20.3
4229-CZMLL,Male,31,6,67410.0,Affluent,1,0,1,0.9282,Month-to-month,Fiber optic,74.9
6904-JLBGY,Female,68,72,105615.0,HNI,0,1,0,0.151,Two year,Fiber optic,117.35
2465-BLLEU,Male,28,1,17775.0,Mass,1,0,0,0.4722,Month-to-month,No,19.75
1685-VAYJF,Male,34,11,40680.0,Mass,1,1,0,0.477,Month-to-month,DSL,45.2
8874-EJNSR,Male,49,39,22680.0,Mass,0,0,0,0.125,Two year,No,25.2
6917-YACBP,Female,68,59,80775.0,HNI,1,0,0,0.4017,Month-to-month,Fiber optic,89.75
5049-MUBWG,Male,42,26,67500.0,Affluent,0,1,0,0.2235,One year,DSL,75.0
4223-WOZCM,Male,68,2,44955.0,Mass,1,0,0,0.5076,Month-to-month,DSL,49.95
0769-MURVM,Female,65,72,59130.0,Affluent,0,1,0,0.0857,Two year,DSL,65.7
9253-VIFJQ,Male,63,65,60345.0,Affluent,0,1,0,0.1066,One year,DSL,67.05
7030-FZTFM,Male,65,72,99810.0,HNI,0,1,0,0.1428,Two year,Fiber optic,110.9
9741-YLNTD,Male,31,6,79155.0,HNI,1,1,0,0.5447,Month-to-month,Fiber optic,87.95
5917-RYRMG,Male,68,32,17820.0,Mass,0,1,0,0.1373,One year,No,19.8
5120-ZBLAI,Female,55,50,68130.0,Affluent,0,1,0,0.1586,One year,DSL,75.7
1194-BHJYC,Male,61,61,55935.0,Affluent,0,0,0,0.1114,Two year,DSL,62.15
3663-MITLP,Female,36,15,91125.0,HNI,1,0,1,0.9368,Month-to-month,Fiber optic,101.25
0906-QVPMS,Male,65,72,103635.0,HNI,0,1,0,0.1482,Two year,Fiber optic,115.15
9025-ZRPVR,Male,32,9,17055.0,Mass,1,0,1,0.8493,Month-to-month,No,18.95
1905-OEILC,Female,28,1,17550.0,Mass,1,0,0,0.4719,Month-to-month,No,19.5
7858-GTZSP,Female,34,12,77895.0,HNI,1,0,0,0.5264,Month-to-month,Fiber optic,86.55
3285-UCQVC,Female,48,37,25740.0,Mass,1,1,1,0.7848,Month-to-month,DSL,28.6
6248-BSHKG,Male,61,61,18360.0,Mass,0,0,0,0.0586,One year,No,20.4
4685-TFLLS,Male,37,18,17820.0,Mass,0,1,0,0.1757,One year,No,19.8
3470-BTGQO,Male,39,21,41085.0,Mass,1,0,0,0.4501,Month-to-month,DSL,45.65
1209-VFFOC,Male,65,68,50760.0,Affluent,0,0,0,0.0849,Two year,DSL,56.4
8224-DWCKX,Male,68,12,65970.0,Affluent,1,1,0,0.5097,Month-to-month,Fiber optic,73.3
5482-PLVPE,Female,68,2,21915.0,Mass,1,0,1,0.8753,Month-to-month,DSL,24.35
4553-DVPZG,Female,62,62,91215.0,HNI,1,0,0,0.4082,Month-to-month,Fiber optic,101.35
4902-OHLSK,Female,68,29,88785.0,HNI,1,0,1,0.8952,Month-to-month,Fiber optic,98.65
6917-IAYHD,Male,28,1,30240.0,Mass,1,0,0,0.4897,Month-to-month,DSL,33.6
0495-ZBNGW,Male,68,5,71910.0,Affluent,1,1,1,0.9372,Month-to-month,Fiber optic,79.9
8620-RJPZN,Female,28,1,18630.0,Mass,1,0,0,0.4734,Month-to-month,No,20.7
7572-KPVKK,Male,62,62,93645.0,HNI,0,0,0,0.1616,Two year,Fiber optic,104.05
2642-MAWLJ,Female,47,36,18225.0,Mass,0,1,0,0.1269,Two year,No,20.25
2357-COQEK,Female,68,28,92970.0,HNI,1,0,1,0.9038,Month-to-month,Fiber optic,103.3
7103-ZGVNT,Female,65,69,66330.0,Affluent,0,1,0,0.1041,One year,DSL,73.7
3737-GCSPV,Female,34,11,86580.0,HNI,1,1,1,0.9414,Month-to-month,Fiber optic,96.2
2027-WKXMW,Female,62,63,97875.0,HNI,1,0,0,0.4148,Month-to-month,Fiber optic,108.75
7137-NAXML,Male,40,23,18135.0,Mass,0,1,0,0.1624,One year,No,20.15
2428-ZMCTB,Male,33,10,17775.0,Mass,1,1,0,0.4476,Month-to-month,No,19.75
2961-VNFKL,Female,65,71,23355.0,Mass,0,1,0,0.0383,Two year,No,25.95
1768-HNVGJ,Female,68,45,63045.0,Affluent,1,0,0,0.4152,Month-to-month,DSL,70.05
6963-KQYQB,Female,65,70,21645.0,Mass,0,0,0,0.0386,Two year,No,24.05
5934-RMPOV,Female,40,22,76275.0,HNI,1,0,0,0.4968,Month-to-month,Fiber optic,84.75
1207-BLKSA,Female,56,52,20745.0,Mass,0,0,0,0.0867,Two year,No,23.05
4088-YLDSU,Male,58,55,93735.0,HNI,0,0,1,0.5809,One year,Fiber optic,104.15
8316-BBQAY,Female,63,65,53955.0,Affluent,0,1,0,0.0976,Two year,DSL,59.95
1166-PQLGG,Female,65,72,17595.0,Mass,0,1,0,0.0274,Two year,No,19.55
3146-JTQHR,Male,33,10,17640.0,Mass,0,1,0,0.1974,One year,No,19.6
4291-YZODP,Female,31,7,18045.0,Mass,0,0,0,0.2061,One year,No,20.05
4395-PZMSN,Male,68,5,76995.0,HNI,1,0,0,0.5444,Month-to-month,Fiber optic,85.55
6427-FEFIG,Female,41,24,70740.0,Affluent,0,1,0,0.2335,Two year,DSL,78.6
0017-IUDMW,Female,65,72,105120.0,HNI,0,1,0,0.1503,Two year,Fiber optic,116.8
8706-HRADD,Male,39,21,39195.0,Mass,1,0,0,0.4475,Month-to-month,DSL,43.55
9955-QOPOY,Male,65,69,54720.0,Affluent,0,1,0,0.0878,One year,DSL,60.8
4385-ZKVNW,Male,52,44,49410.0,Affluent,1,1,0,0.3988,Month-to-month,DSL,54.9
5446-DKWYW,Female,68,61,58680.0,Affluent,0,0,0,0.1152,One year,DSL,65.2
2034-CGRHZ,Male,68,24,92655.0,HNI,1,1,1,0.9143,Month-to-month,Fiber optic,102.95
5797-APWZC,Female,28,1,81540.0,HNI,1,0,1,0.9617,Month-to-month,Fiber optic,90.6
3683-QKIUE,Female,31,6,45720.0,Affluent,1,1,1,0.8977,Month-to-month,DSL,50.8
4228-ZGYUW,Male,30,4,81045.0,HNI,1,0,1,0.9528,Month-to-month,Fiber optic,90.05
9031-ZVQPT,Male,65,72,97380.0,HNI,0,0,0,0.1394,Two year,Fiber optic,108.2
2990-IAJSV,Male,65,72,82800.0,HNI,0,1,0,0.119,Two year,DSL,92.0
8107-KNCIM,Male,68,14,67590.0,Affluent,1,0,0,0.5065,Month-to-month,Fiber optic,75.1
9027-YFHQJ,Male,31,7,22545.0,Mass,1,1,0,0.4625,Month-to-month,No,25.05
5176-LDKUH,Female,54,48,67635.0,Affluent,0,0,0,0.1634,One year,Fiber optic,75.15
4644-OBGFZ,Male,58,55,17550.0,Mass,0,0,0,0.0739,One year,No,19.5
7926-IJOOU,Male,28,1,17370.0,Mass,1,1,0,0.4716,Month-to-month,No,19.3
6480-YAGIY,Male,52,45,100980.0,HNI,0,1,0,0.2184,One year,Fiber optic,112.2
4029-HPFVY,Male,29,3,63270.0,Affluent,1,0,0,0.5306,Month-to-month,Fiber optic,70.3
7602-DBTOU,Female,65,71,17640.0,Mass,0,0,0,0.0302,Two year,No,19.6
5345-BMKWB,Male,32,8,18225.0,Mass,1,0,0,0.4537,Month-to-month,No,20.25
3519-ZKXGG,Female,29,3,68265.0,Affluent,1,0,1,0.9376,Month-to-month,Fiber optic,75.85
5457-COLHT,Male,65,69,72585.0,HNI,0,1,0,0.1128,Two year,DSL,80.65
6416-TVAIH,Male,28,1,61650.0,Affluent,1,0,1,0.9338,Month-to-month,Fiber optic,68.5
5451-YHYPW,Female,68,72,104175.0,HNI,0,1,0,0.149,Two year,Fiber optic,115.75
5108-ADXWO,Male,34,11,66150.0,Affluent,1,0,1,0.9127,Month-to-month,Fiber optic,73.5
7998-WNZEM,Male,65,71,72540.0,HNI,0,1,0,0.1073,Two year,DSL,80.6
3066-RRJIO,Female,28,1,62955.0,Affluent,1,0,1,0.9356,Month-to-month,Fiber optic,69.95
4664-NJCMS,Female,46,33,53595.0,Affluent,0,1,0,0.1848,Two year,DSL,59.55
0307-BCOPK,Female,36,16,17145.0,Mass,0,0,0,0.1802,One year,No,19.05
7629-WFGLW,Female,68,56,86085.0,HNI,0,0,0,0.1674,One year,Fiber optic,95.65
2542-HYGIQ,Female,28,1,17955.0,Mass,1,1,0,0.4725,Month-to-month,No,19.95
6715-OFDBP,Male,30,5,63045.0,Affluent,1,0,1,0.9248,Month-to-month,DSL,70.05
5016-LIPDW,Male,59,57,17460.0,Mass,0,0,0,0.0683,One year,No,19.4
6481-LXPWL,Male,58,56,32490.0,Mass,0,1,0,0.0922,One year,DSL,36.1
1567-DSCIC,Male,32,8,84600.0,HNI,1,0,1,0.9468,Month-to-month,Fiber optic,94.0
2150-UWTFY,Female,40,22,55035.0,Affluent,1,0,1,0.867,Month-to-month,DSL,61.15
6124-ACRHJ,Female,28,1,17775.0,Mass,1,0,0,0.4722,Month-to-month,No,19.75
9362-MWODR,Female,50,40,57690.0,Affluent,1,1,0,0.4214,Month-to-month,DSL,64.1
9975-GPKZU,Male,53,46,17775.0,Mass,0,1,0,0.0989,Two year,No,19.75
9625-RZFUK,Male,62,63,17730.0,Mass,0,0,0,0.0523,Two year,No,19.7
5153-LXKDT,Male,65,68,99180.0,HNI,0,0,0,0.1529,Two year,Fiber optic,110.2
5161-UBZXI,Male,65,69,95715.0,HNI,0,1,0,0.1453,Two year,Fiber optic,106.35
1020-JPQOW,Female,58,56,81495.0,HNI,1,0,0,0.411,Month-to-month,Fiber optic,90.55
7919-ZODZZ,Female,33,10,59310.0,Affluent,0,0,0,0.2558,One year,DSL,65.9
0565-JUPYD,Male,62,63,94050.0,HNI,0,1,0,0.1594,One year,Fiber optic,104.5
6867-ACCZI,Female,41,24,47250.0,Affluent,0,0,0,0.2006,Two year,DSL,52.5
5939-XAIXZ,Female,38,19,50490.0,Affluent,1,0,0,0.4688,Month-to-month,DSL,56.1
9054-FOWNV,Male,40,22,79875.0,HNI,1,0,0,0.5018,Month-to-month,Fiber optic,88.75
2683-BPJSO,Male,43,29,76005.0,HNI,1,0,1,0.8772,Month-to-month,Fiber optic,84.45
2157-MXBJS,Male,35,13,67770.0,Affluent,0,0,1,0.6595,One year,DSL,75.3
8207-VVMYB,Female,65,70,23400.0,Mass,0,1,0,0.0411,Two year,No,26.0
9732-EQMWY,Female,54,49,89460.0,HNI,1,0,0,0.4413,Month-to-month,Fiber optic,99.4
9360-AHGNL,Female,68,43,98595.0,HNI,0,0,1,0.6206,One year,Fiber optic,109.55
1087-UDSIH,Female,29,3,17640.0,Mass,1,0,1,0.8665,Month-to-month,No,19.6
5269-NRGDP,Male,51,42,65835.0,Affluent,0,0,0,0.1773,One year,DSL,73.15
6195-MELTI,Male,59,57,49185.0,Affluent,0,0,0,0.1129,One year,DSL,54.65
5485-WUYWF,Male,68,2,59760.0,Affluent,1,1,1,0.9284,Month-to-month,DSL,66.4
2121-JAFOM,Female,65,72,103995.0,HNI,0,1,0,0.1487,Two year,Fiber optic,115.55
8818-DOPVL,Female,68,46,94005.0,HNI,1,0,0,0.4559,Month-to-month,Fiber optic,104.45
2632-UCGVD,Male,68,66,90045.0,HNI,1,1,1,0.7956,Month-to-month,Fiber optic,100.05
5445-PZWGX,Male,62,62,91800.0,HNI,0,0,1,0.559,One year,Fiber optic,102.0
1227-UDMZR,Female,65,72,82035.0,HNI,0,1,0,0.1179,Two year,DSL,91.15
5198-HQAEN,Male,47,35,80730.0,HNI,0,0,0,0.2174,One year,Fiber optic,89.7
9170-CCKOU,Male,37,17,81180.0,HNI,1,1,1,0.9174,Month-to-month,Fiber optic,90.2
2167-FQSTQ,Female,65,72,83160.0,HNI,0,0,0,0.1195,Two year,DSL,92.4
2819-GWENI,Female,43,28,17910.0,Mass,0,0,0,0.1484,One year,No,19.9
1043-YCUTE,Male,58,56,22635.0,Mass,0,1,1,0.4783,Two year,No,25.15
3814-MLAXC,Female,45,31,71865.0,Affluent,1,1,1,0.8659,Month-to-month,Fiber optic,79.85
3572-UUHRS,Male,52,45,16965.0,Mass,0,1,0,0.1005,One year,No,18.85
2692-PFYTJ,Female,28,1,23175.0,Mass,1,0,0,0.4798,Month-to-month,No,25.75
1226-UDFZR,Female,29,2,44640.0,Mass,1,0,1,0.9072,Month-to-month,DSL,49.6
5955-EPOAZ,Female,31,6,18855.0,Mass,1,0,0,0.46,Month-to-month,No,20.95
6821-JPCDC,Female,54,48,87345.0,HNI,0,0,0,0.1911,One year,Fiber optic,97.05
8815-LMFLX,Male,41,25,22860.0,Mass,1,1,0,0.4136,Month-to-month,No,25.4
9135-HSWOC,Male,63,64,17730.0,Mass,0,1,0,0.0495,Two year,No,19.7
8582-KRHPJ,Male,55,50,31500.0,Mass,1,0,0,0.3572,Month-to-month,DSL,35.0
5811-IWXYM,Female,56,52,91125.0,HNI,0,1,0,0.1854,One year,Fiber optic,101.25
7044-YAACC,Male,68,4,63180.0,Affluent,1,0,0,0.5277,Month-to-month,Fiber optic,70.2
8189-XRIKE,Female,68,32,81855.0,HNI,1,0,0,0.4772,Month-to-month,Fiber optic,90.95
1506-YJTYT,Male,52,45,66465.0,Affluent,0,1,0,0.17,Two year,DSL,73.85
4123-DVHPH,Male,32,9,79245.0,HNI,1,0,0,0.5366,Month-to-month,Fiber optic,88.05
6425-YQLLO,Female,68,66,95355.0,HNI,0,1,1,0.553,One year,Fiber optic,105.95
5442-UTCVD,Male,29,3,82665.0,HNI,1,0,1,0.9578,Month-to-month,Fiber optic,91.85
2228-BZDEE,Female,57,54,18090.0,Mass,0,0,0,0.0774,Two year,No,20.1
7734-DBOAI,Female,28,1,36090.0,Mass,1,0,1,0.8979,Month-to-month,DSL,40.1
2789-CZANW,Female,63,64,99270.0,HNI,0,1,0,0.164,Two year,Fiber optic,110.3
2091-RFFBA,Female,68,31,66510.0,Affluent,1,0,1,0.8584,Month-to-month,Fiber optic,73.9
2114-MGINA,Female,35,14,80820.0,HNI,1,0,1,0.9251,Month-to-month,Fiber optic,89.8
7596-LDUXP,Female,34,12,76635.0,HNI,0,1,0,0.2747,One year,Fiber optic,85.15
3740-RLMVT,Male,68,67,54855.0,Affluent,0,1,0,0.0934,One year,DSL,60.95
4489-SNOJF,Female,47,35,65025.0,Affluent,1,0,1,0.8454,Month-to-month,DSL,72.25
2192-OZITF,Female,52,45,66195.0,Affluent,0,0,0,0.1696,Two year,DSL,73.55
5651-CPDND,Male,33,10,41400.0,Mass,1,0,0,0.4807,Month-to-month,DSL,46.0
2186-QZEYA,Female,68,29,52695.0,Affluent,1,1,0,0.4445,Month-to-month,DSL,58.55
1131-ALZWV,Female,41,24,22140.0,Mass,0,1,0,0.1653,One year,No,24.6
7729-XBTWX,Male,64,66,17775.0,Mass,0,0,0,0.0441,Two year,No,19.75
9134-WYRVP,Male,56,51,77715.0,HNI,0,0,0,0.1693,One year,Fiber optic,86.35
3284-SVCRO,Female,52,45,22950.0,Mass,0,0,0,0.1089,Two year,No,25.5
9732-OUYRN,Female,54,49,17100.0,Mass,0,1,0,0.0898,One year,No,19.0
0559-CKHUS,Female,43,29,17595.0,Mass,0,0,0,0.1452,Two year,No,19.55
2931-SVLTV,Male,50,40,99090.0,HNI,1,1,0,0.4795,Month-to-month,Fiber optic,110.1
6899-PPEEA,Female,68,37,86895.0,HNI,1,0,1,0.8706,Month-to-month,Fiber optic,96.55
7504-UWHNB,Male,41,25,62775.0,Affluent,1,0,0,0.4696,Month-to-month,Fiber optic,69.75
2582-FFFZR,Female,40,22,45540.0,Affluent,1,0,0,0.4536,Month-to-month,DSL,50.6
8908-NMQTX,Male,65,72,59040.0,Affluent,0,1,0,0.0856,Two year,DSL,65.6
2187-LZGPL,Female,31,7,36090.0,Mass,1,1,1,0.8815,Month-to-month,DSL,40.1
1431-AIDJQ,Male,46,33,73890.0,HNI,0,1,0,0.2133,Two year,DSL,82.1
6288-LBEAR,Female,40,23,71190.0,Affluent,1,0,0,0.4869,Month-to-month,Fiber optic,79.1
4597-NUCQV,Male,68,24,91125.0,HNI,1,0,1,0.9121,Month-to-month,Fiber optic,101.25
9019-QVLZD,Female,28,1,71595.0,Affluent,1,0,1,0.9477,Month-to-month,Fiber optic,79.55
8413-YNHNV,Male,65,69,81585.0,HNI,0,0,0,0.1255,Two year,DSL,90.65
5808-TOTXO,Female,29,3,18495.0,Mass,0,1,0,0.2177,One year,No,20.55
4369-NYSCF,Male,58,56,68175.0,Affluent,0,1,0,0.1423,One year,DSL,75.75
6333-YDVLT,Male,63,65,99000.0,HNI,0,1,0,0.1609,One year,Fiber optic,110.0
5324-KTGCG,Male,65,71,18765.0,Mass,0,0,0,0.0318,One year,No,20.85
5599-HVLTW,Female,68,14,72315.0,HNI,1,1,0,0.5131,Month-to-month,Fiber optic,80.35
7394-LWLYN,Female,29,2,63135.0,Affluent,1,0,0,0.5331,Month-to-month,Fiber optic,70.15
3707-LRWZD,Female,45,32,75645.0,HNI,0,0,1,0.6185,One year,Fiber optic,84.05
6873-UDNLD,Male,50,40,60705.0,Affluent,1,0,0,0.4256,Month-to-month,DSL,67.45
2700-LUEVA,Male,28,1,18675.0,Mass,1,1,0,0.4735,Month-to-month,No,20.75
1455-ESIQH,Male,28,1,80190.0,HNI,1,0,1,0.9598,Month-to-month,Fiber optic,89.1
0958-YHXGP,Female,31,7,62910.0,Affluent,1,0,0,0.5191,Month-to-month,Fiber optic,69.9
1101-SSWAG,Female,36,15,45990.0,Affluent,1,0,0,0.4735,Month-to-month,DSL,51.1
2979-SXESE,Female,37,17,84960.0,HNI,1,0,1,0.9227,Month-to-month,Fiber optic,94.4
4013-TLDHQ,Male,38,19,70425.0,Affluent,1,0,1,0.8968,Month-to-month,Fiber optic,78.25
5743-KHMNA,Male,65,71,22995.0,Mass,0,1,0,0.0378,Two year,No,25.55
4194-FJARJ,Female,57,54,54000.0,Affluent,0,1,0,0.1278,Two year,DSL,60.0
5325-UWTWJ,Male,45,31,81495.0,HNI,1,1,0,0.4794,Month-to-month,Fiber optic,90.55
3969-GYXEL,Female,34,11,68760.0,Affluent,1,0,0,0.5164,Month-to-month,Fiber optic,76.4
9208-OLGAQ,Female,68,18,76455.0,HNI,1,0,0,0.508,Month-to-month,Fiber optic,84.95
3244-CQPHU,Female,68,72,99090.0,HNI,0,1,0,0.1418,Two year,Fiber optic,110.1
2674-MLXMN,Female,68,71,89685.0,HNI,1,1,0,0.3814,Month-to-month,Fiber optic,99.65
9708-HPXWZ,Male,68,5,40860.0,Mass,1,1,0,0.4936,Month-to-month,DSL,45.4
6992-TKNYO,Male,48,38,62100.0,Affluent,0,1,0,0.183,One year,DSL,69.0
4468-YDOVK,Male,30,5,43785.0,Mass,1,1,0,0.4978,Month-to-month,DSL,48.65
3754-DXMRT,Male,68,2,39735.0,Mass,1,0,1,0.9003,Month-to-month,DSL,44.15
5792-JALQC,Female,68,52,53865.0,Affluent,0,1,0,0.1331,Two year,DSL,59.85
7130-VTEWQ,Female,68,8,68175.0,Affluent,1,0,1,0.9238,Month-to-month,Fiber optic,75.75
2200-DSAAL,Female,65,68,72585.0,HNI,0,0,0,0.1156,Two year,DSL,80.65
4302-ZYFEL,Male,65,69,18495.0,Mass,0,1,0,0.0369,One year,No,20.55
9351-LZYGF,Female,51,42,59760.0,Affluent,1,1,0,0.4188,Month-to-month,DSL,66.4
4366-CTOUZ,Female,55,50,90180.0,HNI,0,0,0,0.1896,Two year,Fiber optic,100.2
6121-VZNQB,Female,28,1,17190.0,Mass,1,0,1,0.8714,Month-to-month,No,19.1
7903-CMPEY,Male,68,1,72270.0,HNI,1,0,1,0.9487,Month-to-month,Fiber optic,80.3
1518-OMDIK,Male,46,33,40095.0,Mass,1,1,0,0.4159,Month-to-month,DSL,44.55
6671-NGWON,Female,31,7,18315.0,Mass,1,0,0,0.4565,Month-to-month,No,20.35
0595-ITUDF,Male,63,64,82620.0,HNI,1,0,0,0.3906,Month-to-month,Fiber optic,91.8
6996-KNSML,Female,28,1,67410.0,Affluent,1,0,1,0.9419,Month-to-month,Fiber optic,74.9
1955-IBMMB,Male,60,59,18180.0,Mass,0,1,0,0.0639,Two year,No,20.2
0096-BXERS,Female,31,6,45315.0,Affluent,1,0,0,0.4972,Month-to-month,DSL,50.35
3806-YAZOV,Female,29,3,16920.0,Mass,1,0,0,0.4655,Month-to-month,No,18.8
7998-ZLXWN,Female,36,15,18405.0,Mass,1,1,0,0.4347,Month-to-month,No,20.45
6253-WRFHY,Male,35,13,58275.0,Affluent,0,0,0,0.2462,One year,DSL,64.75
9133-AYJZG,Female,40,23,88830.0,HNI,1,1,0,0.5117,Month-to-month,Fiber optic,98.7
2675-OTVVJ,Male,68,31,80505.0,HNI,1,0,0,0.4781,Month-to-month,Fiber optic,89.45
8680-CGLTP,Male,43,29,52875.0,Affluent,0,0,0,0.1948,One year,DSL,58.75
8430-TWCBX,Female,54,49,18630.0,Mass,0,1,0,0.0919,One year,No,20.7
5018-GWURO,Female,58,56,77040.0,HNI,1,1,0,0.4047,Month-to-month,Fiber optic,85.6
6741-QRLUP,Female,62,63,72270.0,HNI,0,1,0,0.1288,Two year,DSL,80.3
4737-HOBAX,Male,62,63,71820.0,Affluent,0,1,0,0.1282,Two year,DSL,79.8
0537-QYZZN,Male,68,24,71865.0,Affluent,1,0,0,0.4851,Month-to-month,Fiber optic,79.85
3340-QBBFM,Male,68,36,48690.0,Affluent,0,1,0,0.1697,One year,DSL,54.1
1704-NRWYE,Female,68,9,72765.0,HNI,1,0,1,0.9275,Month-to-month,Fiber optic,80.85
2592-SEIFQ,Male,29,3,22275.0,Mass,1,0,1,0.873,Month-to-month,DSL,24.75
8200-KLNYW,Female,39,21,72810.0,HNI,0,0,0,0.2447,One year,DSL,80.9
3372-CDXFJ,Male,35,13,22050.0,Mass,0,1,0,0.1953,One year,No,24.5
4781-ZXYGU,Male,28,1,18135.0,Mass,1,1,0,0.4727,Month-to-month,No,20.15
7632-YUTXB,Female,41,25,18045.0,Mass,0,0,0,0.1568,One year,No,20.05
2718-YSKCS,Male,65,71,17640.0,Mass,0,1,0,0.0302,Two year,No,19.6
9896-UYMIE,Male,64,66,102870.0,HNI,0,1,0,0.1636,One year,Fiber optic,114.3
0853-NWIFK,Female,52,45,90270.0,HNI,0,0,0,0.2034,One year,Fiber optic,100.3
8212-CRQXP,Female,40,22,72000.0,HNI,1,1,0,0.4908,Month-to-month,Fiber optic,80.0
6980-CDGFC,Female,64,67,18765.0,Mass,0,1,0,0.0428,One year,No,20.85
7691-XVTZH,Female,65,68,80955.0,HNI,0,1,0,0.1273,Two year,Fiber optic,89.95
2520-SGTTA,Female,28,0,18000.0,Mass,0,0,0,0.2253,Two year,No,20.0
7481-ATQQS,Female,68,49,81765.0,HNI,1,1,1,0.8305,Month-to-month,Fiber optic,90.85
2277-VWCNI,Female,68,4,43875.0,Mass,1,0,0,0.5006,Month-to-month,DSL,48.75
1088-CNNKB,Male,62,63,72000.0,HNI,0,1,0,0.1284,One year,DSL,80.0
8642-GVWRF,Female,29,2,71730.0,Affluent,1,1,1,0.9452,Month-to-month,Fiber optic,79.7
1930-BZLHI,Male,39,21,18315.0,Mass,0,0,0,0.1682,One year,No,20.35
3400-ESFUW,Male,58,55,51795.0,Affluent,0,1,1,0.522,Two year,DSL,57.55
5868-YTYKS,Male,28,1,18225.0,Mass,1,0,0,0.4728,Month-to-month,No,20.25
3525-DVKFN,Female,37,17,17460.0,Mass,0,0,0,0.1779,Two year,No,19.4
1482-OXZSY,Male,44,30,90360.0,HNI,1,1,0,0.4946,Month-to-month,Fiber optic,100.4
0377-JBKKT,Male,40,22,52155.0,Affluent,1,0,0,0.4629,Month-to-month,DSL,57.95
5778-BVOFB,Female,32,9,53550.0,Affluent,1,1,0,0.5005,Month-to-month,DSL,59.5
3373-YZZYM,Male,28,1,17280.0,Mass,1,0,0,0.4715,Month-to-month,No,19.2
2057-ZBLPD,Female,39,21,77850.0,HNI,1,0,1,0.9017,Month-to-month,Fiber optic,86.5
0228-MAUWC,Male,38,19,53595.0,Affluent,1,0,0,0.4732,Month-to-month,DSL,59.55
5502-RLUYV,Female,65,69,93555.0,HNI,1,0,1,0.7923,Month-to-month,Fiber optic,103.95
0023-HGHWL,Male,68,1,22590.0,Mass,1,0,1,0.879,Month-to-month,DSL,25.1
7663-YJHSN,Female,65,72,93555.0,HNI,0,1,0,0.134,Two year,Fiber optic,103.95
4915-BFSXL,Male,65,70,62055.0,Affluent,0,1,0,0.0953,Two year,DSL,68.95
3086-RUCRN,Female,64,66,92790.0,HNI,1,1,0,0.3994,Month-to-month,Fiber optic,103.1
5215-LNLDJ,Female,31,7,22230.0,Mass,1,0,0,0.462,Month-to-month,DSL,24.7
7576-JMYWV,Female,68,46,99180.0,HNI,1,0,0,0.4632,Month-to-month,Fiber optic,110.2
9039-RBEEE,Male,49,39,44055.0,Mass,1,1,1,0.805,Month-to-month,DSL,48.95
0257-KXZGU,Female,45,32,56205.0,Affluent,1,1,0,0.4412,Month-to-month,DSL,62.45
1307-ATKGB,Male,41,24,80595.0,HNI,1,0,0,0.4974,Month-to-month,Fiber optic,89.55
8417-FMLZI,Male,31,6,75195.0,HNI,1,1,1,0.9391,Month-to-month,Fiber optic,83.55
3714-XPXBW,Female,48,37,71010.0,Affluent,1,1,0,0.4483,Month-to-month,DSL,78.9
1850-AKQEP,Male,32,8,18315.0,Mass,1,0,0,0.4538,Month-to-month,No,20.35
2824-DXNKN,Female,65,72,64305.0,Affluent,0,1,0,0.093,Two year,DSL,71.45
5227-JSCFE,Male,68,71,41715.0,Mass,0,1,0,0.064,Two year,DSL,46.35
0848-ZGQIJ,Female,36,16,85185.0,HNI,1,1,0,0.5257,Month-to-month,Fiber optic,94.65
3621-CHYVB,Female,59,57,44910.0,Mass,1,1,0,0.3569,Month-to-month,DSL,49.9
8042-RNLKO,Male,64,66,22905.0,Mass,0,1,0,0.0513,One year,No,25.45
1792-UXAFY,Female,68,17,80235.0,HNI,1,0,1,0.916,Month-to-month,Fiber optic,89.15
5372-FBKBN,Female,39,21,18675.0,Mass,1,0,0,0.4187,Month-to-month,No,20.75
0420-TXVSG,Male,64,66,59490.0,Affluent,0,1,0,0.1027,Two year,DSL,66.1
6217-TOWGS,Female,37,17,67860.0,Affluent,1,1,0,0.4987,Month-to-month,DSL,75.4
0515-YPMCW,Male,28,1,63405.0,Affluent,1,0,1,0.9362,Month-to-month,Fiber optic,70.45
0378-XSZPU,Male,59,58,54270.0,Affluent,0,1,1,0.5173,One year,DSL,60.3
1045-LTCYT,Female,32,8,18945.0,Mass,1,1,0,0.4547,Month-to-month,No,21.05
1544-JJMYL,Male,42,27,62415.0,Affluent,0,1,0,0.2136,One year,DSL,69.35
4636-JGAAI,Male,46,34,79965.0,HNI,1,0,0,0.4691,Month-to-month,Fiber optic,88.85
6874-SGLHU,Male,44,30,87300.0,HNI,0,1,0,0.2403,One year,Fiber optic,97.0
5951-AOFIH,Male,46,33,59760.0,Affluent,1,1,0,0.4435,Month-to-month,DSL,66.4
4729-XKASR,Male,28,1,22275.0,Mass,1,0,1,0.8785,Month-to-month,DSL,24.75
3059-NGMXB,Male,35,14,62280.0,Affluent,1,0,0,0.4991,Month-to-month,DSL,69.2
8652-YHIYU,Female,36,16,71550.0,Affluent,0,1,0,0.2566,One year,Fiber optic,79.5
5278-PNYOX,Female,54,49,90585.0,HNI,0,1,0,0.1929,Two year,Fiber optic,100.65
5449-FIBXJ,Male,38,19,92970.0,HNI,1,0,1,0.9284,Month-to-month,Fiber optic,103.3
3486-HOOGQ,Female,65,70,71730.0,Affluent,0,1,0,0.1089,Two year,DSL,79.7
5061-PBXFW,Female,45,32,55260.0,Affluent,1,1,0,0.4399,Month-to-month,DSL,61.4
8630-FJLIB,Female,37,18,62820.0,Affluent,1,0,0,0.4889,Month-to-month,Fiber optic,69.8
3891-NLXJB,Male,48,37,36495.0,Mass,0,0,0,0.1499,Two year,DSL,40.55
4749-OJKQU,Female,30,4,68085.0,Affluent,1,0,0,0.5346,Month-to-month,Fiber optic,75.65
0577-WHMEV,Female,36,16,81630.0,HNI,1,0,0,0.5207,Month-to-month,Fiber optic,90.7
5453-AXEPF,Male,37,17,72450.0,HNI,1,1,0,0.5051,Month-to-month,Fiber optic,80.5
3639-XJHKQ,Female,38,19,54540.0,Affluent,1,0,0,0.4745,Month-to-month,DSL,60.6
3716-LRGXK,Male,61,60,91035.0,HNI,0,1,0,0.1634,Two year,Fiber optic,101.15
2263-SFSQZ,Male,56,51,22455.0,Mass,0,0,0,0.0918,Two year,No,24.95
9950-MTGYX,Male,43,28,18270.0,Mass,0,1,0,0.1489,Two year,No,20.3
3397-AVTKU,Male,51,43,54000.0,Affluent,0,0,0,0.158,Two year,DSL,60.0
4825-FUREZ,Male,51,42,18225.0,Mass,0,0,0,0.1105,Two year,No,20.25
9837-BMCLM,Male,29,3,70650.0,Affluent,1,0,1,0.9409,Month-to-month,Fiber optic,78.5
2672-OJQZP,Female,28,1,40275.0,Mass,1,0,0,0.5038,Month-to-month,DSL,44.75
0137-UDEUO,Female,29,3,17865.0,Mass,1,0,1,0.8669,Month-to-month,No,19.85
3134-DSHVC,Female,62,63,88200.0,HNI,0,1,0,0.1512,Two year,Fiber optic,98.0
6161-UUUTA,Male,68,3,71910.0,Affluent,1,0,1,0.9427,Month-to-month,Fiber optic,79.9
7821-DPRQE,Male,65,68,96930.0,HNI,1,0,0,0.3997,Month-to-month,Fiber optic,107.7
6543-XRMYR,Female,68,30,89730.0,HNI,1,0,1,0.8937,Month-to-month,Fiber optic,99.7
2001-EWBQU,Female,61,60,94230.0,HNI,0,0,0,0.1679,Two year,Fiber optic,104.7
4925-LMHOK,Male,36,15,52740.0,Affluent,1,1,1,0.8829,Month-to-month,DSL,58.6
1608-GMEWB,Male,68,45,84510.0,HNI,1,1,0,0.4453,Month-to-month,Fiber optic,93.9
6695-AMZUF,Female,65,70,77805.0,HNI,0,1,0,0.1174,Two year,DSL,86.45
1455-UGQVH,Male,33,10,88650.0,HNI,1,0,1,0.947,Month-to-month,Fiber optic,98.5
8410-BGQXN,Male,30,4,17460.0,Mass,1,0,0,0.4635,Month-to-month,No,19.4
8280-MQRQN,Female,28,1,45405.0,Affluent,1,0,1,0.911,Month-to-month,DSL,50.45
1619-YWUBB,Female,65,68,22455.0,Mass,0,1,0,0.0452,Two year,No,24.95
7611-YKYTC,Male,40,22,67500.0,Affluent,1,1,0,0.4845,Month-to-month,Fiber optic,75.0
2037-SGXHH,Male,48,38,85185.0,HNI,1,0,1,0.8654,Month-to-month,Fiber optic,94.65
3178-FESZO,Female,28,1,90225.0,HNI,1,1,1,0.9739,Month-to-month,Fiber optic,100.25
0365-GXEZS,Male,37,18,70380.0,Affluent,1,0,0,0.4995,Month-to-month,Fiber optic,78.2
0082-OQIQY,Male,43,29,84780.0,HNI,1,0,0,0.4895,Month-to-month,Fiber optic,94.2
6087-MVHJH,Female,36,16,79605.0,HNI,1,0,1,0.9179,Month-to-month,Fiber optic,88.45
4603-JANFB,Male,28,1,62865.0,Affluent,1,0,1,0.9355,Month-to-month,Fiber optic,69.85
3018-TFTSU,Male,34,12,73530.0,HNI,1,1,1,0.9203,Month-to-month,Fiber optic,81.7
3606-SBKRY,Male,45,31,45045.0,Affluent,0,0,0,0.1783,One year,DSL,50.05
4806-KEXQR,Male,30,4,71910.0,Affluent,1,0,1,0.94,Month-to-month,Fiber optic,79.9
0667-NSRGI,Female,54,48,62595.0,Affluent,0,0,0,0.1563,One year,DSL,69.55
7083-YNSKY,Female,36,15,22860.0,Mass,1,1,1,0.841,Month-to-month,No,25.4
6893-ODYYE,Male,55,50,81090.0,HNI,0,1,0,0.1768,One year,Fiber optic,90.1
8242-JSVBO,Male,31,7,40185.0,Mass,1,1,0,0.4872,Month-to-month,DSL,44.65
2479-BRAMR,Male,68,41,75375.0,HNI,1,1,1,0.8435,Month-to-month,Fiber optic,83.75
9541-ZPSEA,Male,65,68,72315.0,HNI,0,1,0,0.1152,Two year,Fiber optic,80.35
2665-NPTGL,Female,68,26,88290.0,HNI,1,1,0,0.5027,Month-to-month,Fiber optic,98.1
1139-WUOAH,Male,59,57,48015.0,Affluent,0,1,0,0.1112,Two year,DSL,53.35
4693-VWVBO,Female,29,3,17595.0,Mass,1,0,0,0.4665,Month-to-month,No,19.55
7434-SHXLS,Female,28,1,18810.0,Mass,1,0,1,0.8737,Month-to-month,No,20.9
6937-GCDGQ,Male,38,19,44055.0,Mass,0,1,0,0.2098,One year,DSL,48.95
0988-JRWWP,Female,29,3,48780.0,Affluent,1,0,0,0.5102,Month-to-month,DSL,54.2
5075-JSDKI,Female,60,59,22005.0,Mass,0,0,0,0.0692,Two year,No,24.45
7908-QCBCA,Female,28,1,62460.0,Affluent,1,0,1,0.9349,Month-to-month,Fiber optic,69.4
8644-XYTSV,Male,51,42,36135.0,Mass,1,1,0,0.3856,Month-to-month,DSL,40.15
6711-FLDFB,Female,31,7,67410.0,Affluent,1,0,1,0.9254,Month-to-month,Fiber optic,74.9
3873-WOSBC,Male,64,67,23040.0,Mass,0,1,0,0.0488,Two year,No,25.6
7465-ZZRVX,Male,28,1,63315.0,Affluent,1,0,0,0.5361,Month-to-month,Fiber optic,70.35
7975-JMZNT,Male,64,66,82530.0,HNI,0,1,0,0.135,Two year,DSL,91.7
7251-XFOIL,Female,61,61,80280.0,HNI,1,0,0,0.3956,Month-to-month,Fiber optic,89.2
4116-IQRFR,Male,30,4,21690.0,Mass,0,1,0,0.2195,One year,No,24.1
3714-JTVOV,Female,68,42,66735.0,Affluent,1,1,1,0.8286,Month-to-month,Fiber optic,74.15
8259-DZLIZ,Female,63,64,48465.0,Affluent,0,1,0,0.0927,One year,DSL,53.85
0442-ZXKVS,Female,68,54,104040.0,HNI,0,1,0,0.1981,One year,Fiber optic,115.6
7853-WNZSY,Male,28,1,17775.0,Mass,1,1,0,0.4722,Month-to-month,No,19.75
3120-FAZKD,Male,57,54,21645.0,Mass,0,1,0,0.0824,Two year,No,24.05
8606-OEGQZ,Female,37,18,22770.0,Mass,0,1,0,0.1826,Two year,No,25.3
0225-ZORZP,Male,29,3,75870.0,HNI,1,0,0,0.5483,Month-to-month,Fiber optic,84.3
4702-IOQDC,Female,28,1,63090.0,Affluent,1,0,1,0.9358,Month-to-month,Fiber optic,70.1
9489-JMTTN,Female,65,72,80775.0,HNI,0,1,0,0.1161,Two year,DSL,89.75
0575-CUQOV,Male,68,60,88155.0,HNI,0,0,0,0.1593,One year,Fiber optic,97.95
0967-BMLBD,Female,34,11,18000.0,Mass,0,0,0,0.1951,One year,No,20.0
6178-KFNHS,Female,34,12,70470.0,Affluent,1,0,1,0.916,Month-to-month,Fiber optic,78.3
2830-LEWOA,Male,61,61,93510.0,HNI,0,1,0,0.1641,One year,Fiber optic,103.9
5006-MXVRN,Female,49,39,18630.0,Mass,0,1,0,0.1193,Two year,No,20.7
1264-BYWMS,Male,58,55,87120.0,HNI,1,0,1,0.8216,Month-to-month,Fiber optic,96.8
9658-WYUFB,Female,37,17,84960.0,HNI,1,0,1,0.9227,Month-to-month,Fiber optic,94.4
8327-WKMIE,Male,48,37,18135.0,Mass,0,1,0,0.1241,One year,No,20.15
6917-FIJHC,Female,65,72,23400.0,Mass,0,0,0,0.0356,Two year,No,26.0
5329-KRDTM,Male,68,72,69615.0,Affluent,0,1,0,0.1004,Two year,DSL,77.35
7797-EJMDP,Female,32,8,59445.0,Affluent,1,1,0,0.5115,Month-to-month,DSL,66.05
3530-VWVGU,Female,40,22,17910.0,Mass,1,0,0,0.4149,Month-to-month,No,19.9
2013-SGDXK,Female,28,1,75870.0,HNI,1,0,1,0.9537,Month-to-month,Fiber optic,84.3
6368-NWMCE,Female,48,38,61335.0,Affluent,1,1,0,0.432,Month-to-month,DSL,68.15
3633-CDBUW,Male,37,17,72765.0,HNI,0,0,0,0.2556,One year,DSL,80.85
0707-HOVVN,Female,68,70,67950.0,Affluent,0,1,0,0.1036,Two year,DSL,75.5
8580-QVLOC,Female,68,72,83205.0,HNI,0,1,1,0.5195,Two year,DSL,92.45
3956-MGXOG,Female,43,28,72540.0,HNI,1,0,0,0.4751,Month-to-month,Fiber optic,80.6
9274-UARKJ,Female,36,15,74880.0,HNI,1,1,0,0.514,Month-to-month,Fiber optic,83.2
4077-HWUYD,Male,65,72,78795.0,HNI,0,1,0,0.1133,Two year,DSL,87.55
2012-NWRPA,Female,68,11,89595.0,HNI,1,0,1,0.9456,Month-to-month,Fiber optic,99.55
8808-ELEHO,Male,68,8,73125.0,HNI,1,0,1,0.9307,Month-to-month,Fiber optic,81.25
0103-CSITQ,Female,59,57,98460.0,HNI,0,1,0,0.182,One year,Fiber optic,109.4
3506-LCJDC,Male,28,1,17955.0,Mass,1,1,1,0.8725,Month-to-month,No,19.95
8671-KKKOS,Female,53,46,40995.0,Mass,1,0,0,0.3815,Month-to-month,DSL,45.55
7305-ZWMAJ,Male,44,30,18630.0,Mass,0,1,0,0.144,One year,No,20.7
9518-XXBXE,Male,68,10,67770.0,Affluent,1,0,0,0.5177,Month-to-month,Fiber optic,75.3
3934-HXCFZ,Male,40,23,89325.0,HNI,1,0,1,0.9124,Month-to-month,Fiber optic,99.25
6578-KRMAW,Male,45,32,84060.0,HNI,1,1,0,0.4803,Month-to-month,Fiber optic,93.4
4860-IJUDE,Male,35,13,66375.0,Affluent,1,1,0,0.5075,Month-to-month,Fiber optic,73.75
7666-WKRON,Female,49,39,72405.0,HNI,0,0,1,0.5948,Two year,Fiber optic,80.45
9688-YGXVR,Female,52,44,79335.0,HNI,1,1,0,0.4408,Month-to-month,Fiber optic,88.15
0423-UDIJQ,Male,68,9,44280.0,Mass,1,0,0,0.4875,Month-to-month,DSL,49.2
1945-XISKS,Female,64,67,17685.0,Mass,0,0,0,0.0413,Two year,No,19.65
4910-AQFFX,Male,32,9,71415.0,Affluent,1,1,1,0.9256,Month-to-month,Fiber optic,79.35
2154-KVJFF,Female,36,15,71775.0,Affluent,1,0,1,0.9096,Month-to-month,Fiber optic,79.75
5360-LJCNJ,Female,65,71,94635.0,HNI,0,1,0,0.1383,Two year,Fiber optic,105.15
2607-FBDFF,Male,28,1,44100.0,Mass,1,1,0,0.5092,Month-to-month,DSL,49.0
9647-ERGBE,Female,44,30,90045.0,HNI,1,0,1,0.8942,Month-to-month,Fiber optic,100.05
3428-XZMAZ,Male,28,1,62415.0,Affluent,1,0,1,0.9349,Month-to-month,Fiber optic,69.35
1100-DDVRV,Male,37,17,44820.0,Mass,1,0,0,0.4663,Month-to-month,DSL,49.8
0378-TOVMS,Female,29,3,77220.0,HNI,1,0,1,0.9502,Month-to-month,Fiber optic,85.8
4355-HBJHH,Male,64,67,71730.0,Affluent,0,0,1,0.5171,Two year,DSL,79.7
6728-WYQBC,Male,28,1,18855.0,Mass,1,1,0,0.4737,Month-to-month,No,20.95
9058-CBREO,Female,68,1,45495.0,Affluent,1,0,1,0.9111,Month-to-month,DSL,50.55
9029-FEGVJ,Female,68,32,71370.0,Affluent,1,0,0,0.4625,Month-to-month,Fiber optic,79.3
7216-KAOID,Male,50,41,17550.0,Mass,0,1,0,0.1123,One year,No,19.5
0318-QUUOB,Male,28,1,72495.0,HNI,1,0,1,0.949,Month-to-month,Fiber optic,80.55
6145-NNPNO,Female,28,1,39735.0,Mass,1,1,0,0.503,Month-to-month,DSL,44.15
5520-FVEWJ,Female,34,12,76050.0,HNI,1,0,1,0.9239,Month-to-month,Fiber optic,84.5
5339-TJFEK,Male,62,62,94950.0,HNI,1,0,0,0.4134,Month-to-month,Fiber optic,105.5
5572-ZDXHY,Female,40,22,75870.0,HNI,1,0,1,0.8962,Month-to-month,Fiber optic,84.3
2074-GUHPQ,Female,37,17,83430.0,HNI,1,1,0,0.5205,Month-to-month,Fiber optic,92.7
4625-XMOYM,Female,65,72,23625.0,Mass,0,1,0,0.0359,Two year,No,26.25
5827-MWCZK,Male,58,56,87255.0,HNI,1,1,0,0.419,Month-to-month,Fiber optic,96.95
1385-TQOZW,Female,32,9,18405.0,Mass,1,1,0,0.4512,Month-to-month,No,20.45
5914-XRFQB,Male,65,72,104220.0,HNI,0,1,0,0.149,Two year,Fiber optic,115.8
4329-YPDDQ,Male,39,20,97380.0,HNI,1,1,0,0.5319,Month-to-month,Fiber optic,108.2
4804-NCPET,Male,38,19,18180.0,Mass,0,0,0,0.1735,Two year,No,20.2
3750-CKVKH,Male,29,2,60975.0,Affluent,1,0,1,0.9301,Month-to-month,Fiber optic,67.75
5944-UGLLK,Male,57,53,49410.0,Affluent,0,1,0,0.1241,One year,DSL,54.9
8063-GBATB,Female,68,27,76725.0,HNI,1,0,1,0.8837,Month-to-month,Fiber optic,85.25
7787-BNTZM,Male,31,6,18135.0,Mass,1,1,0,0.459,Month-to-month,No,20.15
2252-ISRNH,Male,32,9,81315.0,HNI,0,0,0,0.2895,One year,Fiber optic,90.35
9415-TPKRV,Female,32,8,50175.0,Affluent,1,0,0,0.4985,Month-to-month,DSL,55.75
5322-TEUJK,Female,65,71,103140.0,HNI,0,1,0,0.1502,Two year,Fiber optic,114.6
4547-KQRTM,Female,33,10,72045.0,HNI,1,1,1,0.9237,Month-to-month,Fiber optic,80.05
4877-EVATK,Male,28,1,18000.0,Mass,1,0,1,0.8725,Month-to-month,No,20.0
1866-DIOQZ,Female,65,71,60120.0,Affluent,0,1,0,0.0899,One year,DSL,66.8
8375-KVTHK,Male,65,68,90270.0,HNI,0,0,0,0.1404,One year,Fiber optic,100.3
2697-NQBPF,Male,46,34,94815.0,HNI,1,0,0,0.4899,Month-to-month,Fiber optic,105.35
3709-OIJEA,Male,42,26,76680.0,HNI,0,0,0,0.2364,One year,Fiber optic,85.2
7639-SUPCW,Female,40,22,43920.0,Mass,1,1,1,0.8514,Month-to-month,DSL,48.8
1386-ZIKUV,Male,31,7,17055.0,Mass,1,0,0,0.4548,Month-to-month,No,18.95
0599-XNYDO,Female,39,20,62820.0,Affluent,1,1,0,0.4834,Month-to-month,Fiber optic,69.8
6377-WHAOX,Female,61,60,95535.0,HNI,1,0,0,0.4197,Month-to-month,Fiber optic,106.15
6855-VLGOS,Male,65,72,18495.0,Mass,0,0,0,0.0287,Two year,No,20.55
8999-XXGNS,Female,68,72,95175.0,HNI,0,1,0,0.1363,One year,Fiber optic,105.75
8746-OQQRW,Male,30,4,22725.0,Mass,1,0,0,0.4709,Month-to-month,No,25.25
3181-MIZBN,Male,36,16,17775.0,Mass,1,0,0,0.4311,Month-to-month,No,19.75
0471-ARVMX,Female,68,62,94365.0,HNI,0,0,0,0.1626,One year,Fiber optic,104.85
7766-CLTIC,Female,33,10,54855.0,Affluent,1,0,0,0.4996,Month-to-month,DSL,60.95
5650-YLIBA,Male,45,31,73035.0,HNI,1,0,0,0.4676,Month-to-month,Fiber optic,81.15
0825-CPPQH,Female,65,71,17190.0,Mass,0,1,0,0.0296,Two year,No,19.1
9084-OAYKL,Male,59,58,18720.0,Mass,0,0,0,0.0674,Two year,No,20.8
6122-LJADA,Male,65,70,81135.0,HNI,0,1,0,0.1221,Two year,DSL,90.15
2400-XIWIO,Female,65,71,81090.0,HNI,0,0,0,0.1193,Two year,DSL,90.1
7524-VRLPL,Male,68,69,66690.0,Affluent,0,1,0,0.1046,Two year,DSL,74.1
1069-XAIEM,Female,68,1,76545.0,HNI,1,0,1,0.9547,Month-to-month,Fiber optic,85.05
7569-NMZYQ,Female,65,72,106875.0,HNI,0,1,0,0.1527,Two year,Fiber optic,118.75
5201-USSQZ,Female,42,26,77310.0,HNI,1,1,0,0.4873,Month-to-month,Fiber optic,85.9
2105-PHWON,Female,46,33,85500.0,HNI,1,1,0,0.4796,Month-to-month,Fiber optic,95.0
1494-EJZDW,Female,33,10,18135.0,Mass,0,0,0,0.1981,Two year,No,20.15
4884-TVUQF,Female,68,57,91170.0,HNI,0,1,0,0.1718,Two year,Fiber optic,101.3
8003-EWNDZ,Female,33,10,19080.0,Mass,1,0,0,0.4494,Month-to-month,No,21.2
1897-RCFUM,Female,49,39,21780.0,Mass,0,0,0,0.1237,One year,No,24.2
9256-JTBNZ,Female,34,11,18270.0,Mass,1,1,0,0.4455,Month-to-month,No,20.3
4658-HCOHW,Female,39,21,92520.0,HNI,1,0,1,0.9223,Month-to-month,Fiber optic,102.8
2211-RMNHO,Female,65,68,76770.0,HNI,0,1,0,0.1214,Two year,DSL,85.3
2432-TFSMK,Male,37,18,80640.0,HNI,0,1,0,0.2639,One year,Fiber optic,89.6
3440-JPSCL,Female,31,6,89955.0,HNI,1,0,1,0.9598,Month-to-month,Fiber optic,99.95
4929-ROART,Male,37,18,50625.0,Affluent,1,0,0,0.4717,Month-to-month,DSL,56.25
1834-ABKHQ,Female,56,52,45855.0,Affluent,0,1,0,0.1219,One year,DSL,50.95
1741-WTPON,Male,58,56,104265.0,HNI,0,0,0,0.1929,Two year,Fiber optic,115.85
3932-IJWDZ,Male,52,45,93285.0,HNI,1,1,0,0.4576,Month-to-month,Fiber optic,103.65
1240-HCBOH,Female,64,67,23490.0,Mass,0,0,0,0.0494,Two year,No,26.1
3594-KADLU,Male,29,3,31590.0,Mass,1,0,0,0.4861,Month-to-month,DSL,35.1
8065-BVEPF,Male,68,65,89190.0,HNI,1,1,0,0.3971,Month-to-month,Fiber optic,99.1
3796-ENZGF,Male,62,63,60525.0,Affluent,0,0,0,0.1123,Two year,DSL,67.25
1734-ZMNTZ,Female,34,11,22500.0,Mass,0,0,0,0.2014,Two year,No,25.0
2853-CWQFQ,Male,28,1,53595.0,Affluent,1,0,0,0.5225,Month-to-month,DSL,59.55
0813-TAXXS,Male,58,55,70020.0,Affluent,0,1,0,0.1476,Two year,DSL,77.8
2519-TWKFS,Male,41,25,49590.0,Affluent,0,0,0,0.2011,One year,DSL,55.1
2889-FPWRM,Male,65,72,106020.0,HNI,0,1,1,0.5515,One year,Fiber optic,117.8
0626-QXNGV,Female,65,72,21735.0,Mass,0,1,0,0.0332,Two year,No,24.15
6723-CEGQI,Female,63,65,40725.0,Mass,0,0,0,0.0791,Two year,DSL,45.25
6987-XQSJT,Female,68,54,71550.0,Affluent,1,0,1,0.8025,Month-to-month,Fiber optic,79.5
4732-RRJZC,Male,31,7,18225.0,Mass,1,0,0,0.4564,Month-to-month,No,20.25
9499-XPZXM,Female,65,72,58275.0,Affluent,0,1,0,0.0845,Two year,DSL,64.75
4338-EYCER,Male,39,21,49140.0,Affluent,1,1,0,0.4614,Month-to-month,DSL,54.6
3007-FDPEA,Female,29,2,18630.0,Mass,1,1,0,0.4707,Month-to-month,No,20.7
6350-XFYGW,Male,68,4,85275.0,HNI,1,0,0,0.5587,Month-to-month,Fiber optic,94.75
4290-BSXUX,Male,29,3,71685.0,Affluent,1,1,1,0.9424,Month-to-month,Fiber optic,79.65
8513-OLYGY,Male,65,72,104220.0,HNI,0,1,0,0.149,Two year,Fiber optic,115.8
0311-QYWSS,Female,31,6,44505.0,Mass,1,0,0,0.496,Month-to-month,DSL,49.45
8705-DWKTI,Male,56,52,75420.0,HNI,1,1,0,0.4134,Month-to-month,Fiber optic,83.8
8755-IWJHN,Male,68,69,85815.0,HNI,1,1,0,0.3814,Month-to-month,Fiber optic,95.35
0325-XBFAC,Male,32,8,85230.0,HNI,1,0,1,0.9477,Month-to-month,Fiber optic,94.7
4480-QQRHC,Female,68,8,66645.0,Affluent,1,1,0,0.5216,Month-to-month,Fiber optic,74.05
0929-PECLO,Female,68,63,80640.0,HNI,1,1,0,0.3906,Month-to-month,Fiber optic,89.6
3680-CTHUH,Male,61,60,104940.0,HNI,0,1,0,0.1829,One year,Fiber optic,116.6
1202-KKGFU,Female,34,12,48780.0,Affluent,1,1,0,0.4856,Month-to-month,DSL,54.2
6112-KTHFQ,Female,35,13,17370.0,Mass,1,0,0,0.4388,Month-to-month,No,19.3
1852-XEMDW,Male,40,22,58545.0,Affluent,1,0,0,0.4719,Month-to-month,DSL,65.05
2462-XIIJB,Male,30,5,83250.0,HNI,1,0,1,0.9531,Month-to-month,Fiber optic,92.5
4760-XOHVN,Female,28,1,17505.0,Mass,1,0,1,0.8718,Month-to-month,No,19.45
1820-DJFPH,Female,65,72,21645.0,Mass,0,1,0,0.0331,Two year,No,24.05
9426-SXNHE,Female,29,2,16875.0,Mass,1,1,0,0.4682,Month-to-month,No,18.75
9068-FHQHD,Female,50,40,18135.0,Mass,0,1,0,0.1159,Two year,No,20.15
1269-FOYWN,Male,52,44,18000.0,Mass,0,1,0,0.1047,One year,No,20.0
9470-YFUYI,Male,68,71,63900.0,Affluent,0,1,0,0.0952,One year,DSL,71.0
7817-BOQPW,Female,29,2,67995.0,Affluent,1,0,1,0.94,Month-to-month,Fiber optic,75.55
7402-EYFXX,Male,68,26,84240.0,HNI,1,0,0,0.497,Month-to-month,Fiber optic,93.6
1853-UDXBW,Male,28,1,63000.0,Affluent,1,0,1,0.9357,Month-to-month,Fiber optic,70.0
9895-VFOXH,Female,28,1,21960.0,Mass,1,0,0,0.4781,Month-to-month,DSL,24.4
5458-CQJTA,Male,63,65,67320.0,Affluent,0,1,1,0.5164,Two year,DSL,74.8
1230-QAJDW,Male,29,3,58725.0,Affluent,1,0,0,0.5242,Month-to-month,DSL,65.25
5701-ZIKJE,Male,35,13,45495.0,Affluent,1,0,0,0.4782,Month-to-month,DSL,50.55
5219-YIPTK,Female,46,33,93960.0,HNI,1,0,1,0.8915,Month-to-month,Fiber optic,104.4
5032-MIYKT,Female,28,1,63630.0,Affluent,1,0,0,0.5366,Month-to-month,Fiber optic,70.7
7396-VJUZB,Male,30,4,40725.0,Mass,1,0,0,0.4962,Month-to-month,DSL,45.25
9717-QEBGU,Male,29,2,63270.0,Affluent,1,0,0,0.5333,Month-to-month,Fiber optic,70.3
5172-RKOCB,Male,65,72,98055.0,HNI,0,1,0,0.1404,Two year,Fiber optic,108.95
6509-TSGWN,Female,48,37,23805.0,Mass,1,0,0,0.382,Month-to-month,No,26.45
3540-RZJYU,Female,36,15,77580.0,HNI,1,0,1,0.9178,Month-to-month,Fiber optic,86.2
3178-CIFOT,Female,40,23,17685.0,Mass,0,1,0,0.1618,One year,No,19.65
2091-MJTFX,Female,44,30,46080.0,Affluent,1,1,1,0.8325,Month-to-month,DSL,51.2
4530-NDRKU,Female,51,42,17145.0,Mass,0,0,0,0.109,One year,No,19.05
5985-TBABQ,Female,45,32,67275.0,Affluent,0,0,0,0.2067,One year,DSL,74.75
9800-ONTFE,Female,40,22,68220.0,Affluent,1,1,0,0.4855,Month-to-month,Fiber optic,75.8
6743-HHQPF,Male,51,42,22590.0,Mass,1,1,0,0.3666,Month-to-month,DSL,25.1
8455-HIRAQ,Female,32,8,40005.0,Mass,1,0,0,0.4842,Month-to-month,DSL,44.45
6616-AALSR,Female,63,65,93870.0,HNI,0,1,0,0.1537,Two year,Fiber optic,104.3
0883-EIBTI,Female,29,2,17550.0,Mass,1,0,1,0.8692,Month-to-month,No,19.5
9415-ZNBSX,Female,65,70,80100.0,HNI,0,1,0,0.1206,Two year,DSL,89.0
4018-KJYUY,Male,40,22,18135.0,Mass,1,1,0,0.4152,Month-to-month,No,20.15
0722-TROQR,Female,68,4,67410.0,Affluent,1,0,1,0.9337,Month-to-month,Fiber optic,74.9
7571-YXDAD,Female,29,2,67410.0,Affluent,1,1,1,0.9391,Month-to-month,Fiber optic,74.9
3884-UEBXB,Female,64,67,32535.0,Mass,0,1,0,0.0621,Two year,DSL,36.15
8780-RSYYU,Female,41,25,17280.0,Mass,1,1,0,0.4058,Month-to-month,No,19.2
5537-UXXVS,Female,39,20,17325.0,Mass,1,1,0,0.4195,Month-to-month,No,19.25
1791-PQHBB,Female,29,2,55080.0,Affluent,1,1,0,0.5218,Month-to-month,DSL,61.2
8701-DGLVH,Male,56,51,18405.0,Mass,0,0,0,0.0861,Two year,No,20.45
8741-LQOBK,Female,53,46,31545.0,Mass,1,1,0,0.3682,Month-to-month,DSL,35.05
3393-FMZPV,Female,41,25,90225.0,HNI,1,0,1,0.9081,Month-to-month,Fiber optic,100.25
8082-GHXOP,Male,35,13,39600.0,Mass,1,0,0,0.47,Month-to-month,DSL,44.0
6402-ZFPPI,Female,68,25,92520.0,HNI,1,0,1,0.9114,Month-to-month,Fiber optic,102.8
0980-FEXWF,Male,42,26,45315.0,Affluent,0,0,0,0.1924,One year,DSL,50.35
7486-KSRVI,Male,51,43,90000.0,HNI,0,0,1,0.6085,One year,Fiber optic,100.0
3011-WQKSZ,Male,38,19,18000.0,Mass,1,0,0,0.4232,Month-to-month,No,20.0
8443-WVPSS,Male,33,10,89865.0,HNI,1,0,1,0.9487,Month-to-month,Fiber optic,99.85
3006-XIMLN,Female,29,2,84780.0,HNI,1,1,1,0.9635,Month-to-month,Fiber optic,94.2
8218-FFJDS,Female,65,72,77760.0,HNI,0,1,0,0.1119,Two year,DSL,86.4
1986-PHGZF,Male,68,18,52560.0,Affluent,1,1,0,0.4745,Month-to-month,DSL,58.4
9965-YOKZB,Male,68,9,75465.0,HNI,1,0,1,0.9313,Month-to-month,Fiber optic,83.85
0504-HHAPI,Female,68,27,79470.0,HNI,1,1,1,0.8876,Month-to-month,Fiber optic,88.3
9360-OMDZZ,Male,41,24,84690.0,HNI,1,0,0,0.5031,Month-to-month,Fiber optic,94.1
6305-YLBMM,Male,65,69,93645.0,HNI,0,1,1,0.5424,One year,Fiber optic,104.05
0345-XMMUG,Female,53,46,98010.0,HNI,0,1,0,0.2115,Two year,Fiber optic,108.9
8024-XNAFQ,Female,68,72,96660.0,HNI,0,1,0,0.1384,Two year,Fiber optic,107.4
3647-GMGDH,Male,40,22,85230.0,HNI,1,1,1,0.9093,Month-to-month,Fiber optic,94.7
2988-GBIVW,Female,68,70,81765.0,HNI,1,0,0,0.373,Month-to-month,Fiber optic,90.85
2832-SCUCO,Female,29,2,17910.0,Mass,1,0,0,0.4697,Month-to-month,No,19.9
7036-ZZKBD,Male,45,31,59760.0,Affluent,1,1,0,0.4489,Month-to-month,DSL,66.4
3791-LGQCY,Female,68,56,90585.0,HNI,1,1,1,0.8237,Month-to-month,Fiber optic,100.65
0265-PSUAE,Female,36,16,90630.0,HNI,1,1,0,0.5334,Month-to-month,Fiber optic,100.7
0463-TXOAK,Male,56,52,23040.0,Mass,0,1,0,0.0899,Two year,No,25.6
0594-UFTUL,Male,35,13,17865.0,Mass,1,0,0,0.4395,Month-to-month,No,19.85
9509-MPYOD,Female,47,35,18675.0,Mass,0,0,0,0.1303,One year,No,20.75
9128-CPXKI,Female,60,59,86220.0,HNI,0,0,0,0.1594,Two year,Fiber optic,95.8
0129-KPTWJ,Male,65,72,85185.0,HNI,1,0,0,0.3723,Month-to-month,Fiber optic,94.65
8166-ZZTFS,Female,68,66,72495.0,HNI,0,1,1,0.5209,Two year,DSL,80.55
5855-EIBDE,Female,54,49,95985.0,HNI,0,1,0,0.2005,Two year,Fiber optic,106.65
5365-LLFYV,Female,29,2,41265.0,Mass,1,0,0,0.5024,Month-to-month,DSL,45.85
5956-YHHRX,Male,68,21,93915.0,HNI,1,0,0,0.5243,Month-to-month,Fiber optic,104.35
6008-NAIXK,Male,68,54,49905.0,Affluent,0,0,0,0.1221,One year,DSL,55.45
2956-GGUCQ,Male,68,24,70965.0,Affluent,1,0,1,0.8838,Month-to-month,Fiber optic,78.85
1928-BXYIV,Male,28,1,55035.0,Affluent,1,0,0,0.5245,Month-to-month,DSL,61.15
5760-FXFVO,Male,31,6,71055.0,Affluent,1,0,0,0.5333,Month-to-month,Fiber optic,78.95
6595-COKXZ,Female,28,1,40005.0,Mass,1,0,1,0.9034,Month-to-month,DSL,44.45
0961-ZWLVI,Male,54,49,98280.0,HNI,0,1,0,0.2037,One year,Fiber optic,109.2
5181-OABFK,Female,58,56,55170.0,Affluent,0,1,0,0.124,Two year,DSL,61.3
4007-NHVHI,Female,68,56,87165.0,HNI,1,0,0,0.4189,Month-to-month,Fiber optic,96.85
7816-VGHTO,Female,31,6,36495.0,Mass,0,0,0,0.2348,Two year,DSL,40.55
5871-DGTXZ,Male,45,32,17820.0,Mass,0,0,0,0.1373,One year,No,19.8
7550-WIQVA,Male,55,50,97425.0,HNI,0,0,0,0.1998,One year,Fiber optic,108.25
7544-ZVIKX,Male,59,58,94545.0,HNI,0,1,0,0.1738,One year,Fiber optic,105.05
0016-QLJIS,Female,63,65,81405.0,HNI,0,0,0,0.1362,Two year,DSL,90.45
7508-DQAKK,Female,63,64,77760.0,HNI,0,1,0,0.1338,Two year,DSL,86.4
5176-OLSKT,Female,64,66,60210.0,Affluent,0,1,0,0.1037,Two year,DSL,66.9
9356-AXGMP,Male,48,38,99630.0,HNI,0,0,0,0.2357,One year,Fiber optic,110.7
3556-BVQGL,Female,39,20,18000.0,Mass,0,0,0,0.1705,One year,No,20.0
0362-ZBZWJ,Male,47,36,76410.0,HNI,1,0,1,0.8586,Month-to-month,Fiber optic,84.9
8979-CAMGB,Male,68,64,91890.0,HNI,0,0,0,0.1536,One year,Fiber optic,102.1
4211-MMAZN,Male,28,1,18225.0,Mass,1,0,1,0.8728,Month-to-month,No,20.25
7581-EBBOU,Female,61,60,63135.0,Affluent,0,1,0,0.1242,One year,DSL,70.15
4274-OWWYO,Male,28,1,66915.0,Affluent,1,0,1,0.9412,Month-to-month,Fiber optic,74.35
5073-RZGBK,Female,55,50,72045.0,HNI,0,1,0,0.1641,One year,DSL,80.05
1541-ETJZO,Male,28,1,55845.0,Affluent,1,0,1,0.9256,Month-to-month,DSL,62.05
2192-CKRLV,Female,65,72,44280.0,Mass,0,0,0,0.0649,Two year,DSL,49.2
3154-HMWUU,Male,61,60,18450.0,Mass,0,1,0,0.0615,Two year,No,20.5
6119-SPUDB,Male,53,46,34425.0,Mass,0,0,0,0.1223,Two year,DSL,38.25
6522-OIQSX,Female,65,69,49455.0,Affluent,0,1,0,0.0804,Two year,DSL,54.95
7813-ZGGAW,Male,68,31,86940.0,HNI,1,1,0,0.4871,Month-to-month,Fiber optic,96.6
8748-HFWBO,Male,38,19,17910.0,Mass,0,0,0,0.1731,One year,No,19.9
1052-QJIBV,Female,65,71,17910.0,Mass,0,1,0,0.0306,Two year,No,19.9
1319-YLZJG,Male,34,12,76140.0,HNI,1,0,0,0.524,Month-to-month,Fiber optic,84.6
4106-HADHQ,Male,49,39,72000.0,HNI,0,1,1,0.5942,One year,DSL,80.0
0723-FDLAY,Male,52,44,76725.0,HNI,0,1,0,0.1871,One year,DSL,85.25
3050-RLLXC,Female,58,56,73125.0,HNI,0,1,0,0.1492,Two year,DSL,81.25
9298-WGMRW,Female,65,72,103950.0,HNI,0,1,0,0.1486,Two year,Fiber optic,115.5
2369-UAPKZ,Male,30,5,93690.0,HNI,1,0,1,0.9678,Month-to-month,Fiber optic,104.1
3088-LHEFH,Female,34,11,71100.0,Affluent,1,1,0,0.5197,Month-to-month,Fiber optic,79.0
2778-OCLGR,Male,68,24,35190.0,Mass,1,1,1,0.8336,Month-to-month,DSL,39.1
6583-KQJLK,Female,68,15,85185.0,HNI,1,0,0,0.5285,Month-to-month,Fiber optic,94.65
8544-JNBOX,Male,65,72,18720.0,Mass,0,0,0,0.029,Two year,No,20.8
6681-ZSEXG,Male,58,56,53550.0,Affluent,0,1,0,0.1217,Two year,DSL,59.5
6139-ZZRBQ,Male,68,64,18045.0,Mass,0,1,0,0.05,Two year,No,20.05
6116-RFVHN,Female,46,34,90405.0,HNI,1,0,0,0.4837,Month-to-month,Fiber optic,100.45
0637-KVDLV,Male,29,2,68850.0,Affluent,1,0,1,0.9412,Month-to-month,Fiber optic,76.5
8884-FEEWR,Male,47,35,18540.0,Mass,0,1,0,0.1301,One year,No,20.6
3125-RAHBV,Male,40,22,18270.0,Mass,0,1,0,0.1654,One year,No,20.3
6633-MPWBS,Male,30,5,44280.0,Mass,1,0,1,0.8984,Month-to-month,DSL,49.2
0373-AIVNJ,Male,32,9,35595.0,Mass,0,0,0,0.2253,One year,DSL,39.55
8785-EPNCG,Male,34,11,20835.0,Mass,1,1,1,0.8491,Month-to-month,No,23.15
1682-VCOIO,Male,40,23,18405.0,Mass,0,0,0,0.1628,One year,No,20.45
5729-KLZAR,Female,30,4,72765.0,HNI,1,0,1,0.9412,Month-to-month,Fiber optic,80.85
2072-ZVJJX,Male,65,68,22725.0,Mass,0,1,0,0.0456,Two year,No,25.25
8849-AYPTR,Male,46,33,82125.0,HNI,1,0,0,0.4749,Month-to-month,Fiber optic,91.25
9518-IMLHK,Male,45,31,65205.0,Affluent,1,1,0,0.4566,Month-to-month,DSL,72.45
1582-RAFML,Male,28,1,54090.0,Affluent,1,0,1,0.9232,Month-to-month,DSL,60.1
3646-ITDGM,Female,58,56,17730.0,Mass,0,1,0,0.0715,Two year,No,19.7
8740-CRYFY,Male,28,1,71055.0,Affluent,1,0,1,0.947,Month-to-month,Fiber optic,78.95
3569-VLDHH,Male,64,66,67590.0,Affluent,0,0,0,0.114,One year,DSL,75.1
8224-KDLKN,Male,65,72,22500.0,Mass,0,1,0,0.0343,Two year,No,25.0
7594-LZNWR,Male,68,34,62235.0,Affluent,1,1,0,0.4442,Month-to-month,Fiber optic,69.15
4001-TSBTV,Female,59,58,82395.0,HNI,1,0,0,0.4067,Month-to-month,Fiber optic,91.55
2962-XPMCQ,Male,29,2,40635.0,Mass,1,0,1,0.9016,Month-to-month,DSL,45.15
8727-XDPUD,Male,48,37,32220.0,Mass,0,1,0,0.1439,Two year,DSL,35.8
1043-UXOVO,Female,65,71,101835.0,HNI,0,1,0,0.1484,Two year,Fiber optic,113.15
1064-FBXNK,Male,28,1,17865.0,Mass,0,1,0,0.2223,One year,No,19.85
3996-ZNWYK,Male,68,71,17820.0,Mass,0,1,0,0.0305,Two year,No,19.8
2878-DHMIN,Male,47,35,17910.0,Mass,0,0,0,0.1292,One year,No,19.9
7762-ONLJY,Female,31,6,17730.0,Mass,0,0,0,0.2084,One year,No,19.7
1678-FYZOW,Female,29,3,71460.0,Affluent,1,0,1,0.9421,Month-to-month,Fiber optic,79.4
5795-BKOYE,Female,65,69,53190.0,Affluent,0,1,0,0.0856,One year,DSL,59.1
8627-EHGIP,Male,52,44,48555.0,Affluent,0,0,1,0.5476,One year,DSL,53.95
7402-PWYJJ,Female,57,53,82035.0,HNI,0,0,0,0.1699,One year,Fiber optic,91.15
5480-TBGPH,Female,41,24,89370.0,HNI,1,1,1,0.9097,Month-to-month,Fiber optic,99.3
0018-NYROU,Female,30,5,62055.0,Affluent,1,0,0,0.5234,Month-to-month,Fiber optic,68.95
7501-VTYLJ,Female,29,2,46395.0,Affluent,1,0,0,0.5096,Month-to-month,DSL,51.55
7608-RGIRO,Male,62,62,21960.0,Mass,0,0,0,0.061,Two year,No,24.4
0480-BIXDE,Female,38,19,87120.0,HNI,1,0,0,0.5202,Month-to-month,Fiber optic,96.8
5895-QSXOD,Male,32,9,63045.0,Affluent,1,0,0,0.5138,Month-to-month,Fiber optic,70.05
9814-AOUDH,Male,57,53,17550.0,Mass,0,1,0,0.0794,Two year,No,19.5
6175-IRFIT,Male,30,5,70875.0,Affluent,1,0,0,0.5358,Month-to-month,Fiber optic,78.75
8760-ZRHKE,Female,68,71,62280.0,Affluent,0,0,0,0.0929,One year,DSL,69.2
1622-HSHSF,Female,28,1,17595.0,Mass,1,0,0,0.472,Month-to-month,No,19.55
8854-CCVSQ,Male,37,18,72585.0,HNI,1,0,1,0.9026,Month-to-month,Fiber optic,80.65
6749-UTDVX,Male,65,72,93285.0,HNI,0,0,0,0.1337,Two year,Fiber optic,103.65
5542-DHSXL,Female,30,4,49230.0,Affluent,1,0,0,0.5081,Month-to-month,DSL,54.7
9102-OXKFY,Male,60,59,48735.0,Affluent,0,1,0,0.1068,Two year,DSL,54.15
0511-JTEOY,Female,28,1,63990.0,Affluent,1,0,1,0.9371,Month-to-month,Fiber optic,71.1
5216-WASFJ,Female,68,31,76365.0,HNI,1,0,0,0.4722,Month-to-month,Fiber optic,84.85
7808-DVWEP,Male,29,3,18000.0,Mass,1,1,0,0.467,Month-to-month,No,20.0
7067-KSAZT,Female,68,65,95625.0,HNI,0,0,1,0.5561,One year,Fiber optic,106.25
2284-VFLKH,Male,54,49,89325.0,HNI,0,1,0,0.1911,One year,Fiber optic,99.25
0366-NQSHS,Male,29,2,17415.0,Mass,1,0,0,0.469,Month-to-month,No,19.35
6532-YLWSI,Female,57,53,18720.0,Mass,0,1,1,0.4811,One year,No,20.8
3807-BPOMJ,Female,58,55,85275.0,HNI,0,0,0,0.169,One year,Fiber optic,94.75
3892-NXAZG,Male,65,72,102645.0,HNI,0,1,0,0.1468,Two year,Fiber optic,114.05
4948-WBBKL,Female,68,36,67410.0,Affluent,1,1,0,0.446,Month-to-month,Fiber optic,74.9
4182-BGSIQ,Female,33,10,17820.0,Mass,1,1,0,0.4476,Month-to-month,No,19.8
9300-AGZNL,Male,68,1,84600.0,HNI,1,0,1,0.966,Month-to-month,Fiber optic,94.0
0988-AADSA,Female,65,72,72765.0,HNI,0,1,0,0.1049,Two year,DSL,80.85
9972-NKTFD,Female,43,28,49185.0,Affluent,1,1,0,0.4423,Month-to-month,DSL,54.65
3717-LNXKW,Male,48,38,82530.0,HNI,1,1,0,0.4617,Month-to-month,Fiber optic,91.7
5734-EJKXG,Female,61,61,106740.0,HNI,0,0,0,0.1827,One year,Fiber optic,118.6
2207-RYYRL,Male,56,52,22095.0,Mass,0,0,0,0.0885,Two year,No,24.55
6729-FZWSY,Male,64,67,17505.0,Mass,0,0,0,0.041,One year,No,19.45
9695-IDRZR,Female,46,34,104535.0,HNI,0,1,0,0.2536,Two year,Fiber optic,116.15
8144-DGHXP,Female,57,54,72540.0,HNI,0,0,0,0.1539,Two year,DSL,80.6
7814-LEEVE,Female,28,1,18270.0,Mass,1,1,0,0.4729,Month-to-month,No,20.3
1112-CUNAO,Female,68,15,80865.0,HNI,1,0,1,0.9224,Month-to-month,Fiber optic,89.85
5175-AOBHI,Female,30,4,41400.0,Mass,1,0,1,0.8971,Month-to-month,DSL,46.0
5174-RNGBH,Female,32,9,59625.0,Affluent,1,0,1,0.909,Month-to-month,DSL,66.25
8631-WUXGY,Female,53,46,89820.0,HNI,1,0,0,0.45,Month-to-month,Fiber optic,99.8
7270-BDIOA,Female,40,22,81000.0,HNI,1,0,1,0.9034,Month-to-month,Fiber optic,90.0
9565-JSNFM,Male,48,38,63405.0,Affluent,0,1,1,0.5849,One year,Fiber optic,70.45
5906-DVAPM,Female,58,55,67500.0,Affluent,0,1,0,0.1441,One year,DSL,75.0
6654-QGBZZ,Female,28,1,17910.0,Mass,1,0,0,0.4724,Month-to-month,No,19.9
8348-JLBUG,Male,68,64,72270.0,HNI,0,1,0,0.1261,One year,Fiber optic,80.3
0607-DAAHE,Male,57,53,17775.0,Mass,0,1,1,0.4797,Two year,No,19.75
5641-DMBFJ,Female,59,58,75870.0,HNI,0,0,0,0.1476,Two year,DSL,84.3
9200-NLNPD,Male,58,56,48645.0,Affluent,0,1,0,0.1148,One year,DSL,54.05
2664-XJZNO,Male,65,72,94410.0,HNI,0,1,0,0.1352,Two year,Fiber optic,104.9
9732-KPKBW,Male,28,1,48555.0,Affluent,1,0,1,0.9154,Month-to-month,DSL,53.95
3339-EAQNV,Male,68,72,87525.0,HNI,0,1,0,0.1256,One year,Fiber optic,97.25
0921-OHLVP,Male,40,22,74745.0,HNI,1,0,0,0.4946,Month-to-month,Fiber optic,83.05
3389-YGYAI,Female,68,8,94950.0,HNI,1,0,1,0.9613,Month-to-month,Fiber optic,105.5
9560-ARGQJ,Female,36,16,72900.0,HNI,1,0,1,0.9085,Month-to-month,Fiber optic,81.0
8350-NYMVI,Female,49,39,36990.0,Mass,1,1,0,0.3951,Month-to-month,DSL,41.1
1600-DILPE,Female,34,12,40500.0,Mass,1,1,0,0.474,Month-to-month,DSL,45.0
0536-ESJEP,Male,57,54,67095.0,Affluent,0,1,0,0.1462,Two year,DSL,74.55
4654-GGUII,Female,37,18,36180.0,Mass,0,0,0,0.2015,One year,DSL,40.2
6478-HRRCZ,Male,45,32,63450.0,Affluent,0,0,0,0.2014,One year,DSL,70.5
8510-BBWMU,Female,50,41,17775.0,Mass,0,0,0,0.1126,One year,No,19.75
6857-TKDJV,Male,64,67,22185.0,Mass,0,1,0,0.0476,Two year,No,24.65
2360-RDGRO,Male,63,65,93825.0,HNI,1,0,0,0.4036,Month-to-month,Fiber optic,104.25
0584-BJQGZ,Female,41,25,70515.0,Affluent,1,1,0,0.4805,Month-to-month,DSL,78.35
5134-IKDAY,Female,28,1,62820.0,Affluent,1,0,1,0.9354,Month-to-month,Fiber optic,69.8
1360-XFJMR,Female,64,67,98730.0,HNI,0,1,0,0.155,One year,Fiber optic,109.7
3070-DVEYC,Male,68,7,66375.0,Affluent,1,0,1,0.924,Month-to-month,Fiber optic,73.75
5730-RIITO,Female,68,43,30105.0,Mass,1,1,0,0.3744,Month-to-month,DSL,33.45
9058-MJLZC,Female,41,24,85140.0,HNI,1,0,0,0.5037,Month-to-month,Fiber optic,94.6
5707-ORNDZ,Male,68,9,49095.0,Affluent,1,0,1,0.8942,Month-to-month,DSL,54.55
0902-XKXPN,Male,65,69,18180.0,Mass,0,1,0,0.0365,Two year,No,20.2
5177-RVZNU,Female,48,37,18270.0,Mass,0,1,0,0.1243,One year,No,20.3
0056-EPFBG,Male,39,20,35460.0,Mass,0,1,0,0.195,Two year,DSL,39.4
8993-IZEUX,Male,31,7,62235.0,Affluent,1,1,0,0.5182,Month-to-month,Fiber optic,69.15
8696-JKZNU,Female,68,37,68625.0,Affluent,1,0,1,0.8449,Month-to-month,Fiber optic,76.25
5380-AFSSK,Female,30,5,84510.0,HNI,1,0,1,0.9549,Month-to-month,Fiber optic,93.9
8190-ZTQFB,Male,50,41,46215.0,Affluent,0,0,0,0.1525,One year,DSL,51.35
0931-MHTEM,Female,57,54,90045.0,HNI,0,1,0,0.1784,One year,Fiber optic,100.05
2055-PDADH,Female,68,3,63360.0,Affluent,1,0,1,0.9307,Month-to-month,Fiber optic,70.4
7515-LODFU,Male,68,69,18270.0,Mass,0,1,0,0.0366,Two year,No,20.3
0440-UEDAI,Female,57,53,85005.0,HNI,0,1,0,0.1741,One year,Fiber optic,94.45
1337-BOZWO,Male,37,18,41760.0,Mass,0,1,0,0.2093,One year,DSL,46.4
0868-VJRDR,Male,63,64,93645.0,HNI,0,1,0,0.1561,Two year,Fiber optic,104.05
8714-EUHJO,Female,45,31,82035.0,HNI,1,0,1,0.8802,Month-to-month,Fiber optic,91.15
6344-SFJVH,Female,39,20,22410.0,Mass,1,1,0,0.4267,Month-to-month,DSL,24.9
3950-VPYJB,Male,59,57,53640.0,Affluent,0,0,0,0.1191,One year,DSL,59.6
8041-TMEID,Male,68,63,97650.0,HNI,0,1,0,0.1644,Two year,Fiber optic,108.5
7321-ZNSLA,Male,35,13,36495.0,Mass,0,0,0,0.2156,Two year,DSL,40.55
6941-KXRRV,Female,68,48,53055.0,Affluent,0,1,0,0.143,One year,DSL,58.95
3721-CNEYS,Female,29,2,63855.0,Affluent,1,0,1,0.9341,Month-to-month,Fiber optic,70.95
8727-JQFHV,Male,59,57,18675.0,Mass,0,0,0,0.07,Two year,No,20.75
9475-NNDGC,Male,65,71,101835.0,HNI,0,1,0,0.1484,One year,Fiber optic,113.15
1355-KUSBG,Female,31,7,43920.0,Mass,1,0,0,0.4925,Month-to-month,DSL,48.8
3688-FTHLT,Female,36,16,56745.0,Affluent,1,1,0,0.4858,Month-to-month,DSL,63.05
0899-LIIBW,Male,46,34,90765.0,HNI,1,0,0,0.4842,Month-to-month,Fiber optic,100.85
2568-OIADY,Female,48,37,89550.0,HNI,1,0,1,0.8743,Month-to-month,Fiber optic,99.5
1384-RCUXW,Male,36,16,72495.0,HNI,1,0,0,0.5079,Month-to-month,Fiber optic,80.55
5825-XJOCM,Male,54,48,57960.0,Affluent,0,1,0,0.1498,One year,DSL,64.4
6848-YLDFR,Male,59,58,67680.0,Affluent,0,1,0,0.1361,One year,DSL,75.2
8125-QPFJD,Female,65,72,76410.0,HNI,0,1,0,0.11,Two year,DSL,84.9
2320-YKQBO,Female,31,7,17370.0,Mass,1,0,0,0.4552,Month-to-month,No,19.3
1193-RTSLK,Female,48,38,75510.0,HNI,1,1,1,0.8519,Month-to-month,Fiber optic,83.9
2302-ANTDP,Female,68,48,105705.0,HNI,1,0,1,0.8669,Month-to-month,Fiber optic,117.45
5923-GXUOC,Male,33,10,93960.0,HNI,1,0,1,0.9545,Month-to-month,Fiber optic,104.4
4973-RLZVI,Female,44,30,67185.0,Affluent,0,1,0,0.2121,One year,DSL,74.65
7869-ZYDST,Male,45,31,53145.0,Affluent,1,1,0,0.4397,Month-to-month,DSL,59.05
4501-UYKBC,Female,68,46,62190.0,Affluent,0,1,0,0.1613,One year,DSL,69.1
1215-EXRMO,Male,55,50,18495.0,Mass,0,0,0,0.089,Two year,No,20.55
2305-MRGLV,Male,43,28,68895.0,Affluent,1,1,0,0.47,Month-to-month,Fiber optic,76.55
8404-VIOMB,Female,64,66,56250.0,Affluent,0,1,0,0.0981,Two year,DSL,62.5
5233-GEEAX,Male,68,8,26460.0,Mass,1,0,1,0.8652,Month-to-month,DSL,29.4
2359-KLTEK,Female,50,41,85410.0,HNI,1,1,0,0.4575,Month-to-month,Fiber optic,94.9
5304-EFJLP,Male,68,72,100485.0,HNI,0,1,0,0.1438,Two year,Fiber optic,111.65
2673-ZALNP,Female,31,7,17910.0,Mass,0,0,0,0.206,One year,No,19.9
9184-GALIL,Female,48,38,18405.0,Mass,1,0,0,0.3717,Month-to-month,No,20.45
4393-RYCRE,Male,52,44,95445.0,HNI,0,0,0,0.2134,One year,Fiber optic,106.05
9746-MDMBK,Male,53,47,102105.0,HNI,0,1,0,0.2145,One year,Fiber optic,113.45
3162-ZJZFU,Male,57,53,83295.0,HNI,1,0,0,0.4217,Month-to-month,Fiber optic,92.55
8404-GFGCZ,Male,30,4,59040.0,Affluent,1,0,0,0.5219,Month-to-month,DSL,65.6
8875-AKBYH,Male,68,20,75915.0,HNI,1,0,0,0.5018,Month-to-month,Fiber optic,84.35
4432-ADRLB,Male,29,2,40185.0,Mass,1,0,1,0.9009,Month-to-month,DSL,44.65
0533-UCAAU,Male,68,57,63990.0,Affluent,0,1,0,0.1336,One year,DSL,71.1
1394-SUIUH,Female,68,44,76635.0,HNI,1,0,0,0.437,Month-to-month,Fiber optic,85.15
3521-MNKLV,Male,41,24,44730.0,Mass,1,0,0,0.447,Month-to-month,DSL,49.7
2533-TIBIX,Male,36,15,27180.0,Mass,1,1,0,0.4471,Month-to-month,DSL,30.2
8993-PHFWD,Female,29,3,22725.0,Mass,1,0,1,0.8737,Month-to-month,DSL,25.25
1565-RHDJD,Female,30,4,75645.0,HNI,1,1,1,0.9452,Month-to-month,Fiber optic,84.05
7137-RYLPP,Male,68,37,77130.0,HNI,1,0,1,0.8569,Month-to-month,Fiber optic,85.7
3765-JXVKY,Female,28,1,67230.0,Affluent,1,0,1,0.9416,Month-to-month,Fiber optic,74.7
5092-STPKP,Female,41,24,50715.0,Affluent,1,1,0,0.4554,Month-to-month,DSL,56.35
7330-WZLNC,Female,30,5,81720.0,HNI,1,0,1,0.951,Month-to-month,Fiber optic,90.8
0114-PEGZZ,Female,46,33,96795.0,HNI,1,0,0,0.4954,Month-to-month,Fiber optic,107.55
3359-DSRKA,Female,59,58,17865.0,Mass,0,0,0,0.0662,Two year,No,19.85
8639-NHQEI,Female,65,72,86310.0,HNI,0,1,0,0.1239,Two year,Fiber optic,95.9
7161-DFHUF,Female,65,71,21465.0,Mass,0,0,0,0.0356,Two year,No,23.85
3957-LXOLK,Female,68,28,95535.0,HNI,1,0,1,0.9074,Month-to-month,Fiber optic,106.15
3720-DBRWL,Male,56,51,75465.0,HNI,0,1,0,0.1662,Two year,DSL,83.85
6635-MYYYZ,Female,44,30,76815.0,HNI,0,1,1,0.6256,One year,DSL,85.35
8565-WUXZU,Male,68,72,76320.0,HNI,0,1,0,0.1099,Two year,Fiber optic,84.8
5281-BUZGT,Male,68,36,81765.0,HNI,1,0,1,0.8661,Month-to-month,Fiber optic,90.85
4994-OBRSZ,Male,35,14,68490.0,Affluent,0,1,0,0.2578,Two year,DSL,76.1
0562-FGDCR,Female,65,72,67095.0,Affluent,0,0,0,0.0969,Two year,DSL,74.55
2436-QBZFP,Female,40,22,35280.0,Mass,1,0,0,0.4392,Month-to-month,DSL,39.2
3420-YJLQT,Female,29,2,71595.0,Affluent,1,0,0,0.545,Month-to-month,Fiber optic,79.55
6040-CGACY,Female,36,15,17640.0,Mass,1,0,0,0.4337,Month-to-month,No,19.6
6582-PLFUU,Male,56,51,17595.0,Mass,0,1,0,0.085,Two year,No,19.55
8242-PDSGJ,Male,65,70,35235.0,Mass,0,1,0,0.0577,Two year,DSL,39.15
0264-CNITK,Female,65,71,18090.0,Mass,0,1,0,0.0309,Two year,No,20.1
0089-IIQKO,Female,49,39,89955.0,HNI,1,1,0,0.4694,Month-to-month,Fiber optic,99.95
7839-NUIAA,Female,61,61,53820.0,Affluent,1,0,0,0.3584,Month-to-month,DSL,59.8
6075-QMNRR,Female,56,52,44775.0,Mass,1,1,0,0.3704,Month-to-month,DSL,49.75
5378-IKEEG,Female,28,1,32175.0,Mass,1,0,1,0.8924,Month-to-month,DSL,35.75
5966-EMAZU,Male,63,64,97650.0,HNI,0,0,0,0.1617,One year,Fiber optic,108.5
0440-EKDCF,Male,62,62,54135.0,Affluent,0,1,0,0.1061,Two year,DSL,60.15
4774-HHGGS,Male,44,30,17145.0,Mass,0,0,0,0.1419,Two year,No,19.05
2718-GAXQD,Female,68,4,41400.0,Mass,1,0,1,0.8971,Month-to-month,DSL,46.0
2055-BFOCC,Male,68,63,75600.0,HNI,0,1,0,0.1335,One year,DSL,84.0
8180-AKMJV,Female,28,1,40095.0,Mass,1,1,0,0.5035,Month-to-month,DSL,44.55
4298-OYIFC,Male,36,15,93105.0,HNI,1,0,0,0.5396,Month-to-month,Fiber optic,103.45
5566-SOEZD,Male,42,27,72585.0,HNI,0,1,0,0.2279,One year,Fiber optic,80.65
9842-EFSYY,Female,30,4,51480.0,Affluent,1,0,0,0.5113,Month-to-month,DSL,57.2
2272-WUSPA,Female,65,72,99675.0,HNI,0,0,0,0.1426,Two year,Fiber optic,110.75
4584-LBNMK,Male,68,45,22230.0,Mass,0,1,0,0.1079,One year,No,24.7
3898-GUYTS,Female,68,45,87345.0,HNI,1,0,0,0.4493,Month-to-month,Fiber optic,97.05
0930-EHUZA,Female,47,36,68715.0,Affluent,0,0,0,0.1978,One year,DSL,76.35
6413-XKKPU,Male,37,17,80460.0,HNI,1,0,1,0.9164,Month-to-month,Fiber optic,89.4
9975-SKRNR,Male,28,1,17010.0,Mass,1,0,0,0.4711,Month-to-month,No,18.9
3703-KBKZP,Male,68,16,67005.0,Affluent,1,1,0,0.5002,Month-to-month,Fiber optic,74.45
1449-XQEMT,Male,29,3,17820.0,Mass,1,0,1,0.8668,Month-to-month,No,19.8
2626-URJFX,Male,30,4,45810.0,Affluent,1,0,1,0.9033,Month-to-month,DSL,50.9
4973-MGTON,Female,65,71,75960.0,HNI,0,1,0,0.1121,Two year,DSL,84.4
3682-YEUWS,Male,33,10,21960.0,Mass,1,0,0,0.4534,Month-to-month,No,24.4
1223-UNPKS,Male,39,20,18045.0,Mass,0,0,0,0.1705,Two year,No,20.05
2612-RRIDN,Male,30,4,72900.0,HNI,1,0,1,0.9414,Month-to-month,Fiber optic,81.0
4735-ASGMA,Male,42,26,88515.0,HNI,1,0,1,0.903,Month-to-month,Fiber optic,98.35
3446-QDSZF,Female,30,4,49950.0,Affluent,1,1,0,0.5091,Month-to-month,DSL,55.5
3669-LVWZB,Male,30,5,45900.0,Affluent,1,0,1,0.9007,Month-to-month,DSL,51.0
6892-EZDTG,Female,30,4,82485.0,HNI,1,0,1,0.9548,Month-to-month,Fiber optic,91.65
5117-IFGPS,Male,68,29,75870.0,HNI,1,0,0,0.477,Month-to-month,Fiber optic,84.3
7379-FNIUJ,Male,29,2,90180.0,HNI,1,0,0,0.5711,Month-to-month,Fiber optic,100.2
1627-AFWVJ,Female,43,29,17460.0,Mass,0,0,0,0.1451,Two year,No,19.4
9725-SCPZG,Male,28,1,81765.0,HNI,1,0,1,0.962,Month-to-month,Fiber optic,90.85
5884-GCYMI,Male,28,1,62460.0,Affluent,1,0,1,0.9349,Month-to-month,Fiber optic,69.4
3217-FZDMN,Female,68,8,85005.0,HNI,1,1,1,0.9474,Month-to-month,Fiber optic,94.45
4486-EFAEB,Male,35,13,18360.0,Mass,1,0,0,0.4402,Month-to-month,No,20.4
0060-FUALY,Female,60,59,85275.0,HNI,1,0,0,0.408,Month-to-month,Fiber optic,94.75
7853-GVUDZ,Female,28,1,18135.0,Mass,1,1,1,0.8727,Month-to-month,No,20.15
7480-QNVZJ,Male,68,50,86130.0,HNI,1,0,1,0.8339,Month-to-month,Fiber optic,95.7
6954-OOYZZ,Male,37,18,39915.0,Mass,1,1,0,0.4567,Month-to-month,DSL,44.35
7088-FBAWU,Female,37,17,67095.0,Affluent,1,0,0,0.4976,Month-to-month,DSL,74.55
8313-AFGBW,Male,53,47,66240.0,Affluent,0,0,0,0.1642,Two year,DSL,73.6
3943-KDREE,Female,42,26,67455.0,Affluent,1,1,1,0.8734,Month-to-month,Fiber optic,74.95
9239-ZBZZV,Female,31,6,43155.0,Mass,1,0,1,0.8941,Month-to-month,DSL,47.95
3097-IDVPU,Male,38,19,45090.0,Affluent,1,1,0,0.4612,Month-to-month,DSL,50.1
4398-HSCJH,Female,29,3,57240.0,Affluent,1,0,1,0.9221,Month-to-month,DSL,63.6
2197-OMWGI,Female,68,68,47700.0,Affluent,0,0,0,0.0806,Two year,DSL,53.0
2303-PJYHN,Female,29,2,17865.0,Mass,1,1,0,0.4696,Month-to-month,No,19.85
9795-VOWON,Male,31,7,21915.0,Mass,0,1,0,0.2116,One year,DSL,24.35
1237-WIYYZ,Female,37,18,17595.0,Mass,1,0,0,0.4254,Month-to-month,No,19.55
1987-AUELQ,Female,65,71,22545.0,Mass,0,1,0,0.0371,Two year,No,25.05
7852-LECYP,Male,68,13,84420.0,HNI,1,1,0,0.5329,Month-to-month,Fiber optic,93.8
4430-UZIPO,Male,29,3,33165.0,Mass,1,0,1,0.8883,Month-to-month,DSL,36.85
4822-LPTYJ,Male,65,72,93375.0,HNI,0,1,0,0.1338,Two year,Fiber optic,103.75
8165-CBKXO,Male,64,66,51075.0,Affluent,0,1,0,0.0909,Two year,DSL,56.75
6527-PZFPV,Male,41,24,18720.0,Mass,0,1,0,0.1605,One year,No,20.8
4855-SNKMY,Female,28,1,39690.0,Mass,1,0,1,0.903,Month-to-month,DSL,44.1
9593-CVZKR,Female,58,56,22005.0,Mass,0,0,0,0.0775,Two year,No,24.45
8595-SIZNC,Female,68,22,23040.0,Mass,0,1,0,0.1721,One year,No,25.6
8008-HAWED,Male,35,14,45675.0,Affluent,1,0,1,0.8757,Month-to-month,DSL,50.75
7124-UGSUR,Female,68,61,93960.0,HNI,0,1,1,0.5648,One year,Fiber optic,104.4
1862-SKORY,Female,68,40,35370.0,Mass,1,0,1,0.7901,Month-to-month,DSL,39.3
5236-XMZJY,Female,51,42,53685.0,Affluent,1,1,0,0.4103,Month-to-month,DSL,59.65
4827-DPADN,Female,65,72,74970.0,HNI,0,1,0,0.108,Two year,DSL,83.3
2694-CIUMO,Female,34,12,71595.0,Affluent,1,1,0,0.5176,Month-to-month,Fiber optic,79.55
5846-ABOBJ,Male,65,71,22005.0,Mass,0,1,0,0.0364,Two year,No,24.45
1439-LCGVL,Female,42,26,17280.0,Mass,0,0,0,0.153,One year,No,19.2
0909-SDHNU,Female,31,7,26820.0,Mass,1,0,0,0.4685,Month-to-month,DSL,29.8
4647-XXZAM,Female,31,6,40950.0,Mass,1,0,0,0.491,Month-to-month,DSL,45.5
1502-XFCVR,Female,59,58,95805.0,HNI,0,0,1,0.5756,One year,Fiber optic,106.45
7740-KKCXF,Male,56,51,27045.0,Mass,1,1,0,0.3482,Month-to-month,DSL,30.05
5360-XGYAZ,Male,65,72,59085.0,Affluent,0,1,0,0.0857,Two year,DSL,65.65
9692-TUSXH,Female,37,18,86445.0,HNI,1,0,1,0.922,Month-to-month,Fiber optic,96.05
7912-SYRQT,Female,31,7,67590.0,Affluent,1,1,1,0.9257,Month-to-month,Fiber optic,75.1
3557-HTYWR,Female,53,47,66645.0,Affluent,0,0,0,0.1648,Two year,DSL,74.05
4816-JBHOV,Male,68,2,40230.0,Mass,1,0,1,0.901,Month-to-month,DSL,44.7
8920-NAVAY,Male,68,62,99675.0,HNI,0,1,0,0.17,One year,Fiber optic,110.75
1699-TLDLZ,Female,36,16,17730.0,Mass,0,0,0,0.181,Two year,No,19.7
5600-PDUJF,Male,31,6,44550.0,Mass,1,1,0,0.4961,Month-to-month,DSL,49.5
8292-TYSPY,Male,38,19,49500.0,Affluent,1,1,1,0.8674,Month-to-month,DSL,55.0
0567-XRHCU,Female,65,69,39555.0,Mass,0,1,0,0.0665,Two year,DSL,43.95
1867-BDVFH,Male,34,11,66915.0,Affluent,1,0,1,0.9138,Month-to-month,Fiber optic,74.35
2067-QYTCF,Female,63,64,100035.0,HNI,1,0,0,0.4151,Month-to-month,Fiber optic,111.15
2359-QWQUL,Female,49,39,94230.0,HNI,0,1,1,0.6254,One year,Fiber optic,104.7
9103-TCIHJ,Female,36,15,50130.0,Affluent,1,0,1,0.8793,Month-to-month,DSL,55.7
7407-SUJIZ,Male,41,25,18540.0,Mass,1,0,0,0.4075,Month-to-month,No,20.6
9150-KPBJQ,Female,31,6,17685.0,Mass,0,1,0,0.2084,Two year,No,19.65
0052-DCKON,Male,64,66,104220.0,HNI,0,1,0,0.1655,One year,Fiber optic,115.8
3654-ARMGP,Female,61,61,79785.0,HNI,0,1,0,0.1449,Two year,DSL,88.65
9699-UBQFS,Female,68,43,85050.0,HNI,1,0,0,0.4516,Month-to-month,Fiber optic,94.5
9367-TCUYN,Female,34,12,18090.0,Mass,1,0,0,0.4425,Month-to-month,No,20.1
1261-FWTTE,Male,68,23,31185.0,Mass,1,1,0,0.4308,Month-to-month,DSL,34.65
3528-HFRIQ,Male,68,71,47070.0,Affluent,1,1,0,0.3215,Month-to-month,DSL,52.3
0708-SJDIS,Female,46,34,58500.0,Affluent,1,0,0,0.439,Month-to-month,DSL,65.0
4140-WJAWW,Female,30,5,17865.0,Mass,1,1,1,0.8614,Month-to-month,No,19.85
2073-QBVBI,Female,50,41,31905.0,Mass,0,0,0,0.1325,One year,DSL,35.45
6928-ONTRW,Female,65,72,17730.0,Mass,0,1,0,0.0276,Two year,No,19.7
3320-VEOYC,Male,68,14,86040.0,HNI,1,0,0,0.5324,Month-to-month,Fiber optic,95.6
5231-FIQPA,Female,50,41,17865.0,Mass,0,0,0,0.1127,Two year,No,19.85
6617-WLBQC,Female,40,23,73665.0,HNI,0,1,0,0.2404,One year,Fiber optic,81.85
2599-CIPQE,Male,65,71,98370.0,HNI,0,1,0,0.1435,Two year,Fiber optic,109.3
6653-CBBOM,Female,28,1,63270.0,Affluent,1,0,1,0.9361,Month-to-month,Fiber optic,70.3
8774-GSBUN,Male,65,72,22860.0,Mass,0,0,0,0.0348,Two year,No,25.4
7326-RIGQZ,Male,31,6,62820.0,Affluent,1,0,0,0.5217,Month-to-month,Fiber optic,69.8
1401-FTHFQ,Male,40,23,18000.0,Mass,0,1,0,0.1622,One year,No,20.0
3247-ZVOUO,Male,68,10,76995.0,HNI,1,0,1,0.9307,Month-to-month,Fiber optic,85.55
0254-FNMCI,Female,65,72,98910.0,HNI,0,0,0,0.1416,Two year,Fiber optic,109.9
1848-LBZHY,Female,31,7,45270.0,Affluent,1,1,0,0.4944,Month-to-month,DSL,50.3
6101-IMRMM,Male,31,6,85050.0,HNI,1,0,1,0.9529,Month-to-month,Fiber optic,94.5
8118-TJAFG,Male,32,9,91350.0,HNI,1,0,0,0.5536,Month-to-month,Fiber optic,101.5
5429-LWCMV,Female,34,12,80235.0,HNI,1,0,0,0.5297,Month-to-month,Fiber optic,89.15
7298-IZWLY,Female,28,1,17460.0,Mass,1,0,0,0.4718,Month-to-month,No,19.4
9758-MFWGD,Female,68,48,26910.0,Mass,0,1,0,0.1063,One year,DSL,29.9
3955-JBZZM,Male,39,20,70920.0,Affluent,1,0,0,0.4947,Month-to-month,Fiber optic,78.8
1268-ASBGA,Female,68,16,76815.0,HNI,1,1,1,0.914,Month-to-month,Fiber optic,85.35
8943-URTMR,Female,29,2,71685.0,Affluent,1,0,1,0.9451,Month-to-month,Fiber optic,79.65
4815-TUMEQ,Female,33,10,17370.0,Mass,0,0,0,0.197,One year,No,19.3
4713-LZDRV,Female,68,2,71640.0,Affluent,1,0,1,0.9451,Month-to-month,Fiber optic,79.6
9909-IDLEK,Male,39,20,87120.0,HNI,1,0,0,0.5175,Month-to-month,Fiber optic,96.8
4092-OFQZS,Male,39,20,18585.0,Mass,0,0,0,0.1713,One year,No,20.65
1561-BWHIN,Male,38,19,17820.0,Mass,0,0,0,0.173,One year,No,19.8
4325-NFSKC,Male,68,19,81540.0,HNI,1,0,1,0.9124,Month-to-month,Fiber optic,90.6
9927-DSWDF,Male,40,22,94140.0,HNI,1,0,0,0.5219,Month-to-month,Fiber optic,104.6
9500-LTVBP,Female,47,35,72045.0,HNI,1,1,0,0.4552,Month-to-month,Fiber optic,80.05
7252-NTGSS,Female,28,1,40635.0,Mass,1,0,0,0.5043,Month-to-month,DSL,45.15
8149-AIQCG,Male,49,39,65835.0,Affluent,1,1,0,0.4356,Month-to-month,Fiber optic,73.15
1360-JYXKQ,Female,68,54,89190.0,HNI,0,0,0,0.1772,One year,Fiber optic,99.1
2955-PSXOE,Female,28,1,18180.0,Mass,1,1,1,0.8728,Month-to-month,No,20.2
7762-URZQH,Male,64,66,95445.0,HNI,0,1,1,0.5531,Two year,Fiber optic,106.05
0899-WZRSD,Male,58,56,94815.0,HNI,1,0,0,0.4296,Month-to-month,Fiber optic,105.35
3255-GRXMG,Male,37,18,41085.0,Mass,1,1,0,0.4583,Month-to-month,DSL,45.65
4828-FAZPK,Female,36,16,71955.0,Affluent,1,1,0,0.5072,Month-to-month,Fiber optic,79.95
6094-ZIVKX,Female,65,68,49005.0,Affluent,0,1,0,0.0825,One year,DSL,54.45
6925-BAYGL,Female,68,53,22590.0,Mass,0,1,0,0.0865,Two year,No,25.1
3262-EIDHV,Female,65,72,76230.0,HNI,0,1,0,0.1097,Two year,DSL,84.7
7354-OIJLX,Male,32,9,68265.0,Affluent,1,0,0,0.5212,Month-to-month,Fiber optic,75.85
1376-HHBDV,Female,44,30,43920.0,Mass,1,0,0,0.4295,Month-to-month,DSL,48.8
6907-NZZIJ,Female,47,36,89235.0,HNI,1,0,1,0.8766,Month-to-month,Fiber optic,99.15
6133-OZILE,Female,37,18,31680.0,Mass,1,0,0,0.4451,Month-to-month,DSL,35.2
4135-FRWKJ,Female,68,55,68625.0,Affluent,0,0,0,0.1456,One year,DSL,76.25
2911-UREFD,Female,49,39,50310.0,Affluent,1,0,1,0.8138,Month-to-month,DSL,55.9
3744-ZRRDZ,Male,39,21,74115.0,HNI,1,0,1,0.8965,Month-to-month,Fiber optic,82.35
5673-TIYIB,Male,29,2,36360.0,Mass,1,1,1,0.8956,Month-to-month,DSL,40.4
6551-ZCOTS,Male,68,33,22410.0,Mass,0,1,0,0.141,One year,No,24.9
7191-ADRGF,Male,52,44,48870.0,Affluent,0,1,0,0.148,Two year,DSL,54.3
5018-LXQQG,Female,44,30,59670.0,Affluent,1,1,0,0.4516,Month-to-month,DSL,66.3
6892-BOGQE,Female,65,71,18810.0,Mass,0,1,0,0.0319,Two year,No,20.9
1602-IJQQE,Female,30,4,67815.0,Affluent,1,0,1,0.9342,Month-to-month,Fiber optic,75.35
4628-WQCQQ,Male,47,35,76635.0,HNI,0,0,1,0.6117,One year,Fiber optic,85.15
1746-TGTWV,Male,28,1,67815.0,Affluent,1,1,0,0.5424,Month-to-month,Fiber optic,75.35
5995-SNNEW,Male,68,23,94005.0,HNI,1,0,0,0.5189,Month-to-month,Fiber optic,104.45
8050-WYBND,Female,40,22,44505.0,Mass,0,1,0,0.2022,One year,DSL,49.45
2821-WARNZ,Female,54,49,17505.0,Mass,0,1,0,0.0903,One year,No,19.45
4879-GZLFH,Female,51,42,82935.0,HNI,1,0,0,0.4513,Month-to-month,Fiber optic,92.15
1644-IRKSF,Female,46,33,84420.0,HNI,0,0,1,0.6281,One year,Fiber optic,93.8
8314-HTWVE,Female,31,7,17865.0,Mass,0,0,0,0.2059,Two year,No,19.85
9402-ROUMJ,Female,64,67,90225.0,HNI,0,1,0,0.1431,One year,Fiber optic,100.25
2507-QZPQS,Male,36,15,86130.0,HNI,1,0,0,0.5298,Month-to-month,Fiber optic,95.7
7159-NOKYQ,Male,64,67,83835.0,HNI,0,0,0,0.1341,Two year,Fiber optic,93.15
5707-ZMDJP,Male,57,53,62730.0,Affluent,0,0,0,0.1428,Two year,DSL,69.7
8779-YIQQA,Male,39,21,17820.0,Mass,0,0,0,0.1675,One year,No,19.8
7136-IHZJA,Female,50,40,64215.0,Affluent,1,0,0,0.4305,Month-to-month,DSL,71.35
8966-OIQHG,Female,40,22,18675.0,Mass,0,1,0,0.1659,One year,No,20.75
7074-STDCN,Male,49,39,36540.0,Mass,1,0,0,0.3944,Month-to-month,DSL,40.6
3705-PSNGL,Male,52,45,18360.0,Mass,0,0,1,0.5025,One year,No,20.4
8739-QOTTN,Female,29,2,18315.0,Mass,1,0,0,0.4702,Month-to-month,No,20.35
1399-OUPJN,Female,59,57,17775.0,Mass,0,1,0,0.0688,Two year,No,19.75
0277-BKSQP,Male,32,8,48960.0,Affluent,1,0,0,0.4968,Month-to-month,DSL,54.4
6502-HCJTI,Male,68,7,85230.0,HNI,1,1,1,0.9504,Month-to-month,Fiber optic,94.7
2606-RMDHZ,Male,31,6,27450.0,Mass,1,1,1,0.8721,Month-to-month,DSL,30.5
5774-XZTQC,Female,31,7,18405.0,Mass,1,0,0,0.4567,Month-to-month,No,20.45
2676-SSLTO,Male,54,49,59535.0,Affluent,0,1,0,0.1493,Two year,DSL,66.15
6266-QHOJZ,Female,63,65,80865.0,HNI,0,0,0,0.1354,One year,Fiber optic,89.85
7269-JISCY,Female,58,55,40545.0,Mass,0,1,0,0.1062,One year,DSL,45.05
0363-SVHYR,Male,65,71,78165.0,HNI,0,1,0,0.1152,Two year,DSL,86.85
8547-NSBBO,Male,47,35,87075.0,HNI,1,0,0,0.4763,Month-to-month,Fiber optic,96.75
8258-GSTJK,Male,68,3,69300.0,Affluent,1,0,1,0.939,Month-to-month,Fiber optic,77.0
6861-OKBCE,Female,34,11,18090.0,Mass,1,1,1,0.8453,Month-to-month,No,20.1
9940-RHLFB,Female,28,1,67770.0,Affluent,1,0,1,0.9424,Month-to-month,Fiber optic,75.3
6591-QGOYB,Male,37,17,95985.0,HNI,1,1,0,0.5381,Month-to-month,Fiber optic,106.65
9070-BCKQP,Female,65,72,99135.0,HNI,0,1,0,0.1419,Two year,Fiber optic,110.15
6421-SZVEM,Female,43,28,74565.0,HNI,0,1,0,0.2279,One year,Fiber optic,82.85
1328-EUZHC,Female,37,18,18090.0,Mass,0,0,0,0.1761,Two year,No,20.1
2995-UPRYS,Female,68,40,89280.0,HNI,0,1,1,0.6157,One year,Fiber optic,99.2
8878-RYUKI,Female,56,52,53505.0,Affluent,1,0,0,0.3826,Month-to-month,DSL,59.45
9633-DENPU,Female,53,47,52740.0,Affluent,1,1,0,0.3953,Month-to-month,DSL,58.6
7811-JIVPF,Female,40,23,44730.0,Mass,1,1,0,0.4498,Month-to-month,DSL,49.7
7113-HIPFI,Male,64,66,59265.0,Affluent,0,0,0,0.1024,Two year,DSL,65.85
8541-QVFKM,Female,32,8,66150.0,Affluent,1,0,0,0.5209,Month-to-month,Fiber optic,73.5
6686-YPGHK,Male,68,47,76950.0,HNI,1,0,1,0.8292,Month-to-month,Fiber optic,85.5
1383-EZRWL,Female,31,7,18045.0,Mass,1,0,1,0.8561,Month-to-month,No,20.05
9258-CNWAC,Female,65,71,102285.0,HNI,0,1,0,0.149,Two year,Fiber optic,113.65
5371-VYLSX,Female,68,50,75060.0,HNI,1,0,0,0.4184,Month-to-month,Fiber optic,83.4
6374-AFWOX,Male,53,46,59085.0,Affluent,0,0,0,0.1569,Two year,DSL,65.65
4759-TRPLW,Male,28,1,63360.0,Affluent,1,0,1,0.9362,Month-to-month,Fiber optic,70.4
5317-FLPJF,Female,64,66,55215.0,Affluent,0,1,0,0.0967,Two year,DSL,61.35
7621-VPNET,Female,51,42,77310.0,HNI,1,1,0,0.4434,Month-to-month,Fiber optic,85.9
6034-YMTOB,Female,30,5,68085.0,Affluent,1,0,0,0.5319,Month-to-month,Fiber optic,75.65
8563-IIOXK,Male,31,7,44775.0,Mass,0,0,1,0.6437,One year,DSL,49.75
4903-CNOZC,Male,43,29,63810.0,Affluent,0,1,0,0.2101,One year,DSL,70.9
4353-HYOJD,Female,42,27,44865.0,Mass,1,0,0,0.439,Month-to-month,DSL,49.85
8020-BWHYL,Female,68,15,67770.0,Affluent,1,1,1,0.904,Month-to-month,Fiber optic,75.3
7267-FRMJW,Female,41,25,18090.0,Mass,0,0,0,0.1569,Two year,No,20.1
2982-VPSGI,Female,34,11,84600.0,HNI,1,0,1,0.9386,Month-to-month,Fiber optic,94.0
4188-FRABG,Male,59,57,92745.0,HNI,1,0,0,0.424,Month-to-month,Fiber optic,103.05
8199-ZLLSA,Male,64,67,106515.0,HNI,0,1,1,0.5659,One year,Fiber optic,118.35
4128-ETESU,Female,68,47,89730.0,HNI,1,0,0,0.4472,Month-to-month,Fiber optic,99.7
0620-DLSLK,Female,35,13,73710.0,HNI,1,0,0,0.5178,Month-to-month,Fiber optic,81.9
4625-EWPTF,Male,32,8,27405.0,Mass,1,0,1,0.8665,Month-to-month,DSL,30.45
5980-NOPLP,Female,52,44,86490.0,HNI,1,0,1,0.8508,Month-to-month,Fiber optic,96.1
3850-OKINF,Male,65,71,59580.0,Affluent,0,0,0,0.0891,One year,DSL,66.2
6892-XPFPU,Male,68,24,93825.0,HNI,1,0,1,0.9159,Month-to-month,Fiber optic,104.25
8010-EZLOU,Male,68,15,72180.0,HNI,1,0,1,0.9102,Month-to-month,Fiber optic,80.2
1156-ZFYDO,Female,28,1,17775.0,Mass,1,0,0,0.4722,Month-to-month,No,19.75
3295-YVUSR,Male,68,2,65340.0,Affluent,1,0,0,0.5362,Month-to-month,Fiber optic,72.6
8016-NCFVO,Male,68,55,104850.0,HNI,1,0,0,0.4465,Month-to-month,Fiber optic,116.5
4119-ZYPZY,Male,68,71,96120.0,HNI,0,0,0,0.1404,Two year,Fiber optic,106.8
5549-ZGHFB,Male,55,50,22455.0,Mass,0,0,0,0.0945,Two year,No,24.95
7577-SWIFR,Male,28,1,80325.0,HNI,1,0,0,0.56,Month-to-month,Fiber optic,89.25
0303-WMMRN,Male,30,5,17325.0,Mass,1,0,0,0.4606,Month-to-month,No,19.25
6408-OTUBZ,Female,64,66,94095.0,HNI,0,1,0,0.1512,One year,Fiber optic,104.55
5204-HMGYF,Female,54,49,78480.0,HNI,0,0,0,0.1759,One year,DSL,87.2
1078-TDCRN,Female,68,3,27675.0,Mass,1,0,0,0.4806,Month-to-month,DSL,30.75
3727-OVPRY,Male,64,66,23130.0,Mass,0,1,0,0.0516,One year,No,25.7
3797-FKOGQ,Male,34,11,77580.0,HNI,1,0,0,0.5287,Month-to-month,Fiber optic,86.2
7622-NXQZR,Male,43,28,27090.0,Mass,1,1,0,0.4113,Month-to-month,DSL,30.1
6196-HBOBZ,Male,63,65,89415.0,HNI,0,0,0,0.1474,Two year,Fiber optic,99.35
3970-XGJDU,Female,62,62,17280.0,Mass,0,1,0,0.0544,Two year,No,19.2
7017-VFULY,Female,29,2,18090.0,Mass,1,1,0,0.4699,Month-to-month,No,20.1
5562-YJQGT,Female,29,2,18315.0,Mass,1,1,0,0.4702,Month-to-month,No,20.35
8807-OPMBM,Female,58,55,23085.0,Mass,0,1,0,0.0817,Two year,No,25.65
5439-WIKXB,Male,68,41,85095.0,HNI,1,0,0,0.4571,Month-to-month,Fiber optic,94.55
9874-QLCLH,Female,37,17,93780.0,HNI,1,0,1,0.935,Month-to-month,Fiber optic,104.2
8294-UIMBA,Female,44,30,84960.0,HNI,0,1,0,0.2371,One year,Fiber optic,94.4
8109-YUOHE,Male,37,17,50490.0,Affluent,0,0,0,0.2243,One year,DSL,56.1
5840-NVDCG,Female,36,16,61425.0,Affluent,0,1,0,0.2424,Two year,DSL,68.25
8092-NLTGF,Male,65,72,22275.0,Mass,0,1,0,0.034,Two year,No,24.75
5928-QLDHB,Male,32,9,68625.0,Affluent,1,0,0,0.5217,Month-to-month,Fiber optic,76.25
9840-EFJQB,Female,28,1,66915.0,Affluent,1,0,0,0.5412,Month-to-month,Fiber optic,74.35
0696-UKTOX,Male,40,23,48735.0,Affluent,1,0,0,0.4554,Month-to-month,DSL,54.15
4801-KFYKL,Male,32,8,17505.0,Mass,1,1,0,0.4527,Month-to-month,No,19.45
3472-OAOOR,Male,38,19,31455.0,Mass,1,0,0,0.4421,Month-to-month,DSL,34.95
6135-OZQVA,Female,31,7,48285.0,Affluent,1,0,0,0.4986,Month-to-month,DSL,53.65
8062-YBDOE,Male,68,1,62685.0,Affluent,1,0,1,0.9352,Month-to-month,Fiber optic,69.65
2252-JHJGE,Male,61,61,93600.0,HNI,0,0,0,0.1642,One year,Fiber optic,104.0
4188-PCPIG,Female,59,57,63315.0,Affluent,0,1,0,0.1327,Two year,DSL,70.35
6000-APYLU,Male,32,9,72720.0,HNI,1,0,1,0.9274,Month-to-month,Fiber optic,80.8
7105-BENQF,Male,36,15,58365.0,Affluent,0,0,0,0.2408,One year,DSL,64.85
7721-DVEKZ,Female,28,1,17685.0,Mass,1,0,0,0.4721,Month-to-month,No,19.65
3566-VVORZ,Female,34,12,41310.0,Mass,1,1,0,0.4751,Month-to-month,DSL,45.9
9507-HSMMZ,Male,57,54,18000.0,Mass,0,0,0,0.0773,Two year,No,20.0
2480-SQIOB,Male,30,4,40320.0,Mass,1,0,0,0.4956,Month-to-month,DSL,44.8
0947-IDHRQ,Female,31,7,72270.0,HNI,1,0,1,0.9323,Month-to-month,Fiber optic,80.3
7813-TKCVO,Female,39,20,18315.0,Mass,0,0,0,0.1709,One year,No,20.35
0128-MKWSG,Female,42,26,41220.0,Mass,1,0,0,0.4366,Month-to-month,DSL,45.8
3672-YITQD,Male,68,36,75690.0,HNI,1,0,1,0.8576,Month-to-month,Fiber optic,84.1
4350-ZTLPI,Female,57,53,98055.0,HNI,0,1,0,0.1924,One year,Fiber optic,108.95
9048-JVYVF,Male,29,3,62415.0,Affluent,1,0,1,0.9294,Month-to-month,DSL,69.35
0361-HJRDX,Female,65,68,57915.0,Affluent,0,1,0,0.095,Two year,DSL,64.35
5727-MYATE,Male,65,72,81720.0,HNI,0,1,0,0.1174,Two year,DSL,90.8
3823-KYNQY,Male,34,12,22455.0,Mass,0,1,0,0.1986,One year,No,24.95
8988-ECPJR,Female,68,34,71640.0,Affluent,1,0,1,0.8574,Month-to-month,Fiber optic,79.6
7570-WELNY,Female,65,68,76230.0,HNI,0,1,0,0.1207,Two year,Fiber optic,84.7
3021-VLNRJ,Female,55,50,63720.0,Affluent,0,1,0,0.1524,One year,DSL,70.8
3776-EKTKM,Female,68,1,32805.0,Mass,1,0,1,0.8933,Month-to-month,DSL,36.45
2080-CAZNM,Female,68,41,93960.0,HNI,1,0,0,0.4695,Month-to-month,Fiber optic,104.4
1028-FFNJK,Male,68,30,91350.0,HNI,1,0,0,0.496,Month-to-month,Fiber optic,101.5
6907-FLBER,Male,28,1,48870.0,Affluent,1,0,0,0.5158,Month-to-month,DSL,54.3
3001-UNBTL,Male,68,29,93555.0,HNI,1,0,0,0.5019,Month-to-month,Fiber optic,103.95
5982-PSMKW,Female,40,23,81990.0,HNI,0,1,0,0.2521,Two year,DSL,91.1
3507-GASNP,Male,61,60,17955.0,Mass,0,0,0,0.0608,Two year,No,19.95
7096-ZNBZI,Female,65,72,23805.0,Mass,0,1,0,0.0362,Two year,No,26.45
1902-XBTFB,Male,40,22,80460.0,HNI,1,0,1,0.9027,Month-to-month,Fiber optic,89.4
1676-MQAOA,Male,65,72,67590.0,Affluent,0,1,0,0.0976,Two year,DSL,75.1
0786-IVLAW,Female,68,66,97290.0,HNI,0,1,0,0.1557,One year,Fiber optic,108.1
7566-DSRLQ,Female,65,72,99135.0,HNI,0,0,0,0.1419,Two year,Fiber optic,110.15
0643-OKLRP,Female,68,47,72315.0,HNI,1,0,1,0.8227,Month-to-month,Fiber optic,80.35
7245-JMTTQ,Female,56,51,100350.0,HNI,0,0,0,0.2011,One year,Fiber optic,111.5
6050-IJRHS,Female,65,70,95850.0,HNI,0,0,0,0.1427,One year,Fiber optic,106.5
6202-JVYEU,Male,32,9,17910.0,Mass,0,0,0,0.2005,One year,No,19.9
8591-TKMZH,Male,60,59,99990.0,HNI,0,0,0,0.1787,Two year,Fiber optic,111.1
0734-OXWBT,Male,29,3,63630.0,Affluent,1,0,0,0.5311,Month-to-month,DSL,70.7
4282-ACRXS,Male,68,38,22365.0,Mass,1,0,0,0.3773,Month-to-month,DSL,24.85
0365-TRTPY,Female,48,37,82080.0,HNI,1,1,0,0.4638,Month-to-month,Fiber optic,91.2
7349-ALMUX,Male,48,37,59040.0,Affluent,0,1,0,0.1815,Two year,DSL,65.6
9381-NDKME,Female,68,24,36585.0,Mass,1,1,1,0.8356,Month-to-month,DSL,40.65
6502-KUGLL,Female,35,14,53505.0,Affluent,1,1,0,0.4867,Month-to-month,DSL,59.45
1841-YSJGV,Male,65,72,98955.0,HNI,0,1,0,0.1416,Two year,Fiber optic,109.95
2794-XIMMO,Male,57,53,54405.0,Affluent,0,0,1,0.5312,One year,DSL,60.45
8382-SHQEH,Female,32,8,76410.0,HNI,1,0,1,0.9353,Month-to-month,Fiber optic,84.9
3511-BFTJW,Male,65,72,34650.0,Mass,0,1,0,0.0514,Two year,DSL,38.5
7668-XCFYV,Female,68,17,83295.0,HNI,1,0,0,0.5203,Month-to-month,Fiber optic,92.55
2983-ZANRP,Female,29,2,66195.0,Affluent,1,1,1,0.9374,Month-to-month,Fiber optic,73.55
7845-URHJN,Female,32,8,18135.0,Mass,1,1,1,0.8535,Month-to-month,No,20.15
3034-ZBEQN,Female,54,48,31230.0,Mass,0,0,1,0.5123,One year,DSL,34.7
5018-HEKFO,Female,33,10,22050.0,Mass,1,0,0,0.4536,Month-to-month,No,24.5
2923-ARZLG,Male,28,0,17730.0,Mass,0,0,0,0.2249,One year,No,19.7
3976-NLDEZ,Male,28,1,18540.0,Mass,1,0,0,0.4733,Month-to-month,No,20.6
2282-YGNOR,Female,43,29,52200.0,Affluent,0,1,0,0.1938,One year,DSL,58.0
5336-UFNZP,Female,68,65,96705.0,HNI,0,0,0,0.1576,One year,Fiber optic,107.45
6854-EXGSF,Female,32,8,58950.0,Affluent,1,1,0,0.5108,Month-to-month,DSL,65.5
1241-EZFMJ,Male,61,61,22905.0,Mass,0,1,0,0.065,Two year,No,25.45
9233-PSYHO,Female,68,45,90135.0,HNI,0,1,0,0.2032,One year,Fiber optic,100.15
5376-PCKNB,Male,65,72,94005.0,HNI,0,1,0,0.1347,One year,Fiber optic,104.45
8044-BGWPI,Male,34,12,19035.0,Mass,1,0,0,0.4438,Month-to-month,No,21.15
4060-LDNLU,Male,31,7,86580.0,HNI,1,0,0,0.5523,Month-to-month,Fiber optic,96.2
3589-PPVKW,Male,32,9,39960.0,Mass,1,0,0,0.4814,Month-to-month,DSL,44.4
8327-LZKAS,Female,68,43,96795.0,HNI,0,0,1,0.618,One year,Fiber optic,107.55
5887-IKKYO,Male,59,58,84915.0,HNI,0,1,0,0.1603,Two year,Fiber optic,94.35
1075-BGWOH,Male,68,16,88875.0,HNI,1,0,1,0.9309,Month-to-month,Fiber optic,98.75
1755-RMCXH,Male,29,2,18270.0,Mass,1,0,0,0.4702,Month-to-month,No,20.3
0302-JOIVN,Female,32,8,91035.0,HNI,1,0,1,0.9559,Month-to-month,Fiber optic,101.15
3858-XHYJO,Female,50,40,95175.0,HNI,0,1,0,0.224,One year,Fiber optic,105.75
4299-SIMNS,Male,32,9,73035.0,HNI,1,0,0,0.5278,Month-to-month,Fiber optic,81.15
7025-IWFHT,Male,50,41,80595.0,HNI,0,0,0,0.2008,One year,Fiber optic,89.55
6261-LHRTG,Female,42,26,49275.0,Affluent,1,1,0,0.4479,Month-to-month,DSL,54.75
7841-FCRQD,Female,46,33,48375.0,Affluent,0,1,0,0.1775,One year,DSL,53.75
2056-EVGZL,Male,65,68,95175.0,HNI,0,1,0,0.1473,One year,Fiber optic,105.75
8777-MBMTS,Female,68,65,95265.0,HNI,0,1,0,0.1556,Two year,Fiber optic,105.85
7753-USQYQ,Male,58,55,57780.0,Affluent,0,0,0,0.1304,One year,DSL,64.2
5366-IJEQJ,Male,39,20,79830.0,HNI,1,0,1,0.9072,Month-to-month,Fiber optic,88.7
7661-CPURM,Male,38,19,78930.0,HNI,0,1,0,0.2587,One year,Fiber optic,87.7
6233-HXJMX,Female,52,45,80370.0,HNI,1,1,0,0.4395,Month-to-month,Fiber optic,89.3
5902-WBLSE,Female,65,70,18135.0,Mass,0,1,0,0.0337,Two year,No,20.15
1981-INRFU,Female,29,2,71775.0,Affluent,1,0,1,0.9453,Month-to-month,Fiber optic,79.75
4971-PUYQO,Female,42,27,85095.0,HNI,1,0,1,0.8955,Month-to-month,Fiber optic,94.55
3239-TPHPZ,Female,34,12,18045.0,Mass,0,0,0,0.1924,Two year,No,20.05
5115-GZDEL,Male,65,72,60480.0,Affluent,0,1,0,0.0876,Two year,DSL,67.2
3338-CVVEH,Male,34,12,85095.0,HNI,1,0,0,0.5366,Month-to-month,Fiber optic,94.55
8485-GJCDN,Female,68,5,62145.0,Affluent,1,0,1,0.9235,Month-to-month,Fiber optic,69.05
2615-YVMYX,Male,68,71,96750.0,HNI,1,0,0,0.3913,Month-to-month,Fiber optic,107.5
2851-STERV,Male,68,35,65700.0,Affluent,0,0,0,0.1963,One year,DSL,73.0
4393-GEADV,Male,65,70,103275.0,HNI,0,1,0,0.1532,Two year,Fiber optic,114.75
8486-AYEQH,Female,45,31,68445.0,Affluent,1,0,0,0.4611,Month-to-month,Fiber optic,76.05
1527-SXDPN,Male,56,52,86625.0,HNI,0,1,1,0.5791,Two year,Fiber optic,96.25
6029-WTIPC,Male,68,37,90990.0,HNI,1,0,1,0.8763,Month-to-month,Fiber optic,101.1
8634-CILSZ,Male,65,69,94230.0,HNI,0,1,1,0.5432,One year,Fiber optic,104.7
5419-JKZNQ,Male,68,30,70110.0,Affluent,1,0,0,0.4662,Month-to-month,Fiber optic,77.9
2495-KZNFB,Female,46,33,81585.0,HNI,1,0,0,0.4741,Month-to-month,Fiber optic,90.65
1409-PHXTF,Male,68,54,99405.0,HNI,0,0,0,0.1916,Two year,Fiber optic,110.45
4560-WQAQW,Female,60,59,61830.0,Affluent,0,1,0,0.1251,One year,DSL,68.7
9591-YVTEB,Male,68,55,40365.0,Mass,1,0,0,0.356,Month-to-month,DSL,44.85
9309-BZGNT,Male,68,69,26820.0,Mass,0,1,0,0.0486,One year,DSL,29.8
4274-DRSQT,Female,64,66,80010.0,HNI,0,1,0,0.1315,One year,Fiber optic,88.9
2027-DNKIV,Male,48,37,52875.0,Affluent,0,0,0,0.1728,One year,DSL,58.75
8075-GXIUB,Male,68,9,17865.0,Mass,0,1,0,0.2004,One year,No,19.85
2885-HIJDH,Male,65,69,78210.0,HNI,0,1,0,0.1207,Two year,DSL,86.9
5424-RLQLC,Male,33,10,53685.0,Affluent,1,0,0,0.498,Month-to-month,DSL,59.65
6682-QJDGB,Male,50,40,49725.0,Affluent,1,0,1,0.8102,Month-to-month,DSL,55.25
6507-DTJZV,Male,35,13,59760.0,Affluent,1,1,0,0.4983,Month-to-month,DSL,66.4
8780-IXSTS,Female,31,6,81090.0,HNI,1,0,1,0.9474,Month-to-month,Fiber optic,90.1
7673-BQGKU,Female,65,69,18135.0,Mass,0,1,0,0.0364,Two year,No,20.15
6723-WSNTY,Female,68,66,97290.0,HNI,0,1,0,0.1557,One year,Fiber optic,108.1
9530-EHPOH,Male,34,11,48375.0,Affluent,1,0,1,0.8878,Month-to-month,DSL,53.75
2725-IWWBA,Male,53,46,51210.0,Affluent,0,0,0,0.1458,One year,DSL,56.9
0345-HKJVM,Female,31,6,80370.0,HNI,1,0,1,0.9464,Month-to-month,Fiber optic,89.3
1061-PNTHC,Female,58,56,98640.0,HNI,1,0,0,0.435,Month-to-month,Fiber optic,109.6
0394-YONDK,Male,65,70,22635.0,Mass,0,1,0,0.04,Two year,No,25.15
6574-MCOEH,Female,46,33,71235.0,Affluent,0,0,0,0.2096,One year,DSL,79.15
7399-QHBJS,Female,65,72,60075.0,Affluent,0,1,0,0.0871,Two year,DSL,66.75
3049-SOLAY,Female,29,3,85680.0,HNI,1,0,1,0.962,Month-to-month,Fiber optic,95.2
0997-YTLNY,Female,38,19,43920.0,Mass,1,0,0,0.4596,Month-to-month,DSL,48.8
3317-HRTNN,Female,68,5,41130.0,Mass,1,0,1,0.894,Month-to-month,DSL,45.7
9479-HYNYL,Female,65,71,72630.0,HNI,0,1,0,0.1074,Two year,DSL,80.7
3235-ETOOB,Male,32,8,67050.0,Affluent,1,0,1,0.9222,Month-to-month,Fiber optic,74.5
9708-KFDBY,Male,28,1,18495.0,Mass,1,1,0,0.4732,Month-to-month,No,20.55
8058-INTPH,Female,28,1,71685.0,Affluent,1,0,1,0.9479,Month-to-month,Fiber optic,79.65
3642-GKTCT,Female,61,61,103590.0,HNI,0,0,0,0.1783,One year,Fiber optic,115.1
0774-RMNUW,Female,65,71,53730.0,Affluent,0,1,0,0.0809,Two year,DSL,59.7
1334-PDUKM,Female,65,68,77805.0,HNI,0,1,0,0.1229,One year,Fiber optic,86.45
0756-MPZRL,Male,53,46,30330.0,Mass,0,1,0,0.1165,One year,DSL,33.7
2242-MFOTG,Male,46,33,72090.0,HNI,0,1,0,0.2108,One year,Fiber optic,80.1
2927-CVULT,Female,57,53,93645.0,HNI,0,1,0,0.1862,Two year,Fiber optic,104.05
2144-BFDSO,Female,68,50,97875.0,HNI,1,1,0,0.4504,Month-to-month,Fiber optic,108.75
8745-PVESG,Female,59,57,36990.0,Mass,0,1,0,0.0958,One year,DSL,41.1
7647-GYYKX,Female,57,54,18315.0,Mass,0,1,0,0.0778,Two year,No,20.35
5647-FXOTP,Female,68,60,95310.0,HNI,1,0,0,0.4194,Month-to-month,Fiber optic,105.9
5569-OUICF,Female,68,28,91170.0,HNI,1,1,1,0.9012,Month-to-month,Fiber optic,101.3
8821-XNHVZ,Female,28,1,72045.0,HNI,1,0,1,0.9484,Month-to-month,Fiber optic,80.05
2082-OJVTK,Male,43,29,80280.0,HNI,1,0,1,0.8832,Month-to-month,Fiber optic,89.2
9700-ISPUP,Female,33,10,58950.0,Affluent,1,0,0,0.5053,Month-to-month,DSL,65.5
9839-ETQOE,Male,51,43,36405.0,Mass,1,0,0,0.3833,Month-to-month,DSL,40.45
6078-VESFR,Male,68,13,63405.0,Affluent,1,1,0,0.5034,Month-to-month,Fiber optic,70.45
9027-TMATR,Female,51,43,70920.0,Affluent,0,0,0,0.1817,Two year,DSL,78.8
5940-NFXKV,Male,38,19,75285.0,HNI,1,0,1,0.9036,Month-to-month,Fiber optic,83.65
1941-HOSAM,Male,28,1,81090.0,HNI,1,0,0,0.5611,Month-to-month,Fiber optic,90.1
9110-HSGTV,Female,65,69,74205.0,HNI,0,1,0,0.1151,Two year,DSL,82.45
0704-VCUMB,Female,61,61,18225.0,Mass,0,1,0,0.0585,Two year,No,20.25
6171-ZTVYB,Male,51,43,59625.0,Affluent,1,1,0,0.4159,Month-to-month,DSL,66.25
8053-WWDRO,Female,31,6,17550.0,Mass,1,1,1,0.8582,Month-to-month,No,19.5
9564-KCLHR,Male,28,1,46125.0,Affluent,1,0,1,0.912,Month-to-month,DSL,51.25
1935-IMVBB,Male,58,56,80730.0,HNI,1,0,0,0.4099,Month-to-month,Fiber optic,89.7
2535-PBCGC,Female,65,70,58095.0,Affluent,0,1,0,0.0898,Two year,DSL,64.55
2082-CEFLT,Male,28,1,41040.0,Mass,1,0,1,0.9049,Month-to-month,DSL,45.6
1470-PSXNM,Male,54,49,84285.0,HNI,0,0,0,0.184,One year,Fiber optic,93.65
1213-NGCUN,Female,31,6,44685.0,Mass,1,1,1,0.8963,Month-to-month,DSL,49.65
2498-XLDZR,Female,45,32,66240.0,Affluent,0,0,0,0.2053,Two year,DSL,73.6
9866-OCCKE,Female,68,72,98775.0,HNI,0,0,0,0.1414,Two year,Fiber optic,109.75
5338-YHWYT,Male,48,37,55305.0,Affluent,0,1,0,0.1763,Two year,DSL,61.45
7718-UPSKJ,Female,65,69,95760.0,HNI,0,1,0,0.1454,One year,Fiber optic,106.4
8731-WBBMB,Female,42,26,73710.0,HNI,1,1,0,0.4822,Month-to-month,DSL,81.9
1448-CYWKC,Female,59,58,94680.0,HNI,0,1,0,0.174,One year,Fiber optic,105.2
7901-IIDQV,Male,41,24,49140.0,Affluent,0,1,0,0.2032,One year,DSL,54.6
2690-DVRVK,Male,30,5,18495.0,Mass,0,0,0,0.2123,One year,No,20.55
5688-KZTSN,Male,36,15,18000.0,Mass,1,0,1,0.8342,Month-to-month,No,20.0
1270-XKUCC,Female,44,30,17730.0,Mass,0,0,0,0.1427,Two year,No,19.7
0334-ZFJSR,Female,58,55,59445.0,Affluent,0,1,0,0.1327,One year,DSL,66.05
2894-QOJRX,Female,41,25,30600.0,Mass,1,1,1,0.8245,Month-to-month,DSL,34.0
5747-PMBSQ,Male,68,10,83250.0,HNI,1,0,1,0.9394,Month-to-month,Fiber optic,92.5
5583-EJXRD,Male,52,44,48645.0,Affluent,0,1,0,0.1477,Two year,DSL,54.05
4565-EVZMJ,Female,53,47,53010.0,Affluent,0,0,0,0.1456,One year,DSL,58.9
3143-JQEGI,Female,35,13,79515.0,HNI,1,0,1,0.926,Month-to-month,Fiber optic,88.35
6386-SZZKH,Female,54,49,97155.0,HNI,0,1,1,0.6021,Two year,Fiber optic,107.95
3327-YBAKM,Female,63,64,87210.0,HNI,0,0,0,0.1471,One year,Fiber optic,96.9
9441-QHEVC,Male,28,1,17190.0,Mass,1,0,0,0.4714,Month-to-month,No,19.1
6705-LNMDD,Male,39,20,45000.0,Affluent,1,0,0,0.4584,Month-to-month,DSL,50.0
2580-ASVVY,Female,48,37,40860.0,Mass,0,0,0,0.156,Two year,DSL,45.4
3370-GQEAL,Male,44,30,76905.0,HNI,1,0,0,0.4757,Month-to-month,Fiber optic,85.45
5032-USPKF,Female,48,38,75690.0,HNI,0,1,0,0.2021,One year,DSL,84.1
2982-IHMFT,Female,68,1,67005.0,Affluent,1,0,1,0.9413,Month-to-month,Fiber optic,74.45
3521-SYVOR,Female,48,37,58275.0,Affluent,1,0,1,0.8304,Month-to-month,DSL,64.75
4254-QPEDE,Female,56,52,59625.0,Affluent,0,1,0,0.1412,Two year,DSL,66.25
6283-GITPX,Male,65,71,69210.0,Affluent,0,1,0,0.1026,Two year,DSL,76.9
9526-JAWYF,Male,42,26,80820.0,HNI,1,0,1,0.8922,Month-to-month,Fiber optic,89.8
0771-CHWSK,Male,64,66,67140.0,Affluent,0,1,0,0.1134,Two year,DSL,74.6
9788-HNGUT,Male,65,72,105255.0,HNI,0,1,0,0.1505,Two year,Fiber optic,116.95
9495-REDIY,Male,41,25,36585.0,Mass,0,1,0,0.1829,One year,DSL,40.65
5375-XLDOF,Male,65,69,102915.0,HNI,0,1,0,0.1554,Two year,Fiber optic,114.35
1172-VIYBP,Male,57,53,62730.0,Affluent,0,1,0,0.1428,Two year,DSL,69.7
5649-VUKMC,Female,34,12,85950.0,HNI,0,0,1,0.6878,One year,Fiber optic,95.5
6559-PDZLR,Male,42,26,88785.0,HNI,1,0,0,0.5034,Month-to-month,Fiber optic,98.65
8992-OBVDG,Male,39,21,55485.0,Affluent,1,0,0,0.4703,Month-to-month,DSL,61.65
4273-MBHYA,Female,28,1,80415.0,HNI,1,0,0,0.5601,Month-to-month,Fiber optic,89.35
4724-WXVWF,Male,54,48,85860.0,HNI,1,0,0,0.439,Month-to-month,Fiber optic,95.4
5701-GUXDC,Female,42,26,31860.0,Mass,0,1,0,0.1735,One year,DSL,35.4
1460-UZPRJ,Male,61,60,17955.0,Mass,0,0,0,0.0608,Two year,No,19.95
6082-GLJIX,Male,37,18,17325.0,Mass,1,0,0,0.425,Month-to-month,No,19.25
5143-EGQFK,Female,68,10,26685.0,Mass,1,0,1,0.8601,Month-to-month,DSL,29.65
4919-IKATY,Male,30,5,76050.0,HNI,1,0,1,0.943,Month-to-month,Fiber optic,84.5
2495-TTHBQ,Female,30,4,18360.0,Mass,0,0,0,0.2148,One year,No,20.4
0485-ZBSLN,Male,63,65,22275.0,Mass,0,1,0,0.0532,Two year,No,24.75
3810-PJUHR,Male,65,70,22815.0,Mass,0,0,0,0.0402,Two year,No,25.35
9050-QLROH,Male,37,18,81630.0,HNI,1,1,1,0.9153,Month-to-month,Fiber optic,90.7
0847-HGRML,Male,62,62,18000.0,Mass,0,1,0,0.0554,Two year,No,20.0
8232-CTLKO,Female,64,66,53775.0,Affluent,0,0,0,0.0947,Two year,DSL,59.75
9227-YBAXE,Female,63,65,74250.0,HNI,0,1,0,0.1261,Two year,DSL,82.5
6168-WFVVF,Female,68,3,63270.0,Affluent,1,0,1,0.9306,Month-to-month,Fiber optic,70.3
9860-LISIZ,Female,46,34,18315.0,Mass,1,0,0,0.3826,Month-to-month,No,20.35
0112-QAWRZ,Male,36,16,81720.0,HNI,1,1,0,0.5209,Month-to-month,Fiber optic,90.8
0877-SDMBN,Female,57,54,93555.0,HNI,0,1,1,0.5834,One year,Fiber optic,103.95
2786-GCDPI,Female,68,50,94455.0,HNI,1,0,0,0.4456,Month-to-month,Fiber optic,104.95
4043-MKDTV,Male,65,71,94725.0,HNI,0,0,0,0.1384,Two year,Fiber optic,105.25
8065-YKXKD,Female,33,10,67275.0,Affluent,1,0,1,0.917,Month-to-month,Fiber optic,74.75
9637-EIHEQ,Female,28,1,45720.0,Affluent,1,0,1,0.9114,Month-to-month,DSL,50.8
9229-RQABD,Male,37,18,21375.0,Mass,0,0,0,0.1807,One year,No,23.75
8313-KTIHG,Male,30,4,55170.0,Affluent,1,0,0,0.5165,Month-to-month,DSL,61.3
5320-BRKGK,Female,59,58,68220.0,Affluent,0,0,0,0.1368,Two year,DSL,75.8
6284-KMNUF,Female,58,56,88200.0,HNI,0,0,0,0.1704,One year,Fiber optic,98.0
9689-PTNPG,Male,29,2,72225.0,HNI,1,0,1,0.9459,Month-to-month,Fiber optic,80.25
9465-RWMXL,Male,45,32,71010.0,Affluent,1,0,1,0.862,Month-to-month,Fiber optic,78.9
6229-UOLQL,Male,58,56,46800.0,Affluent,0,0,0,0.1123,One year,DSL,52.0
2362-IBOOY,Male,47,36,76275.0,HNI,1,0,1,0.8584,Month-to-month,Fiber optic,84.75
3137-LUPIX,Female,30,4,57960.0,Affluent,1,0,0,0.5204,Month-to-month,DSL,64.4
0843-WTBXE,Male,57,53,76905.0,HNI,1,1,1,0.8127,Month-to-month,Fiber optic,85.45
6143-JQKEA,Male,33,10,41220.0,Mass,1,1,0,0.4805,Month-to-month,DSL,45.8
8676-OOQEJ,Male,30,4,27450.0,Mass,1,0,0,0.4776,Month-to-month,DSL,30.5
5515-IDEJJ,Male,28,1,17910.0,Mass,1,0,1,0.8724,Month-to-month,No,19.9
9701-CDXHR,Female,56,51,62235.0,Affluent,1,0,0,0.3976,Month-to-month,Fiber optic,69.15
7450-NWRTR,Male,68,12,89505.0,HNI,1,0,1,0.9427,Month-to-month,Fiber optic,99.45
8124-NZVGJ,Female,31,6,44325.0,Mass,0,0,0,0.2458,One year,DSL,49.25
2162-FRZAA,Male,62,63,35415.0,Mass,0,1,0,0.0771,Two year,DSL,39.35
5376-DEQCP,Female,28,1,63540.0,Affluent,1,0,1,0.9364,Month-to-month,Fiber optic,70.6
5118-MUEYH,Female,54,48,94590.0,HNI,1,1,0,0.4513,Month-to-month,Fiber optic,105.1
9095-HFAFX,Female,30,5,72900.0,HNI,1,1,1,0.9386,Month-to-month,Fiber optic,81.0
5627-TVBPP,Female,47,35,18090.0,Mass,0,1,0,0.1295,One year,No,20.1
2379-ENZGV,Male,31,6,76365.0,HNI,1,0,1,0.9407,Month-to-month,Fiber optic,84.85
3936-QQFLL,Male,29,2,17775.0,Mass,1,0,0,0.4695,Month-to-month,No,19.75
2589-AYCRP,Female,55,50,17775.0,Mass,0,1,0,0.088,One year,No,19.75
4067-HLYQI,Female,46,33,63360.0,Affluent,1,1,0,0.4485,Month-to-month,Fiber optic,70.4
5124-EOGYE,Male,45,31,18405.0,Mass,0,0,0,0.1409,Two year,No,20.45
5057-RKGLH,Female,32,9,18315.0,Mass,0,0,0,0.201,Two year,No,20.35
0292-WEGCH,Female,57,54,77580.0,HNI,1,0,0,0.4109,Month-to-month,DSL,86.2
8910-ICHIU,Female,53,46,86085.0,HNI,0,1,0,0.1948,One year,Fiber optic,95.65
4097-YODCF,Male,46,34,93420.0,HNI,0,0,0,0.238,One year,Fiber optic,103.8
9715-WZCLW,Male,65,71,87480.0,HNI,0,0,0,0.1283,Two year,Fiber optic,97.2
9786-YWNHU,Female,62,63,57195.0,Affluent,0,0,0,0.1077,Two year,DSL,63.55
6407-GSJNL,Female,56,51,22455.0,Mass,0,1,0,0.0918,Two year,No,24.95
6005-OBZPH,Female,68,26,80235.0,HNI,1,0,1,0.8914,Month-to-month,Fiber optic,89.15
4049-ZPALD,Female,63,64,89100.0,HNI,0,1,0,0.1497,Two year,Fiber optic,99.0
7932-WPTDS,Female,68,1,22320.0,Mass,1,0,1,0.8786,Month-to-month,DSL,24.8
3733-UOCWF,Male,68,61,76995.0,HNI,0,1,0,0.1409,One year,Fiber optic,85.55
6833-JMZYP,Female,36,15,84600.0,HNI,1,1,0,0.5276,Month-to-month,Fiber optic,94.0
2722-VOJQL,Male,63,64,95085.0,HNI,0,1,1,0.5581,One year,Fiber optic,105.65
1310-QRITU,Female,37,18,45270.0,Affluent,1,0,0,0.4642,Month-to-month,DSL,50.3
8961-QDZZJ,Female,59,57,85500.0,HNI,0,0,0,0.1638,One year,Fiber optic,95.0
9715-SBVSU,Male,35,14,55260.0,Affluent,0,1,0,0.2392,Two year,DSL,61.4
8490-BXHEO,Male,68,18,72495.0,HNI,1,1,0,0.5024,Month-to-month,Fiber optic,80.55
7173-TETGO,Female,68,72,70650.0,Affluent,0,1,0,0.1019,Two year,Fiber optic,78.5
7929-SKFGK,Male,65,70,102870.0,HNI,0,1,0,0.1526,Two year,Fiber optic,114.3
2300-RQGOI,Female,48,38,18045.0,Mass,0,0,0,0.1212,Two year,No,20.05
3563-SVYLG,Male,65,68,56385.0,Affluent,0,1,0,0.0928,Two year,DSL,62.65
5228-EXCET,Male,35,13,72765.0,HNI,1,0,1,0.9165,Month-to-month,Fiber optic,80.85
6435-VWCCY,Male,68,65,83430.0,HNI,0,1,0,0.139,Two year,Fiber optic,92.7
4998-IKFSE,Female,44,30,90405.0,HNI,1,0,0,0.4947,Month-to-month,Fiber optic,100.45
8630-QSGXK,Male,56,51,67680.0,Affluent,0,1,0,0.1553,Two year,DSL,75.2
2455-USLMV,Female,45,31,76275.0,HNI,1,1,0,0.4721,Month-to-month,Fiber optic,84.75
7394-FKDNK,Female,32,9,80505.0,HNI,1,0,1,0.9383,Month-to-month,Fiber optic,89.45
9488-FVZCC,Female,65,72,71550.0,Affluent,0,1,0,0.1032,Two year,DSL,79.5
6331-LWDTQ,Male,33,10,64935.0,Affluent,1,1,1,0.9137,Month-to-month,DSL,72.15
5995-WWKKG,Female,48,37,17820.0,Mass,0,0,0,0.1236,One year,No,19.8
1597-FZREH,Female,29,2,68760.0,Affluent,1,0,1,0.941,Month-to-month,DSL,76.4
7879-CGSFV,Male,58,55,90810.0,HNI,0,0,0,0.1768,One year,Fiber optic,100.9
9921-EZKBY,Male,46,33,85770.0,HNI,1,1,0,0.48,Month-to-month,Fiber optic,95.3
7432-FFVAR,Female,53,46,81855.0,HNI,0,1,0,0.1889,One year,Fiber optic,90.95
7246-ZGQDF,Female,28,1,49050.0,Affluent,1,0,0,0.5161,Month-to-month,DSL,54.5
7000-WCEVQ,Female,68,20,55440.0,Affluent,1,0,1,0.873,Month-to-month,DSL,61.6
0727-IWKVK,Male,32,9,71910.0,Affluent,1,0,1,0.9263,Month-to-month,Fiber optic,79.9
5959-BELXA,Male,68,32,86535.0,HNI,1,1,1,0.8838,Month-to-month,Fiber optic,96.15
4456-RHSNB,Female,38,19,44640.0,Mass,1,1,0,0.4606,Month-to-month,DSL,49.6
3512-IZIKN,Female,65,70,58770.0,Affluent,0,1,1,0.4907,Two year,DSL,65.3
2481-SBOYW,Female,61,61,22500.0,Mass,0,1,0,0.0645,Two year,No,25.0
7109-MFBYV,Male,42,26,40905.0,Mass,1,0,0,0.4362,Month-to-month,DSL,45.45
1833-TCXKK,Male,52,45,96975.0,HNI,1,1,0,0.4628,Month-to-month,Fiber optic,107.75
1832-PEUTS,Male,62,62,80190.0,HNI,0,1,0,0.1427,Two year,Fiber optic,89.1
6141-OOXUQ,Male,28,1,17685.0,Mass,1,0,1,0.8721,Month-to-month,No,19.65
8660-BUETV,Female,29,3,40275.0,Mass,1,0,0,0.4983,Month-to-month,DSL,44.75
0580-PIQHM,Female,50,41,91440.0,HNI,0,1,0,0.216,One year,Fiber optic,101.6
5696-CEIQJ,Male,64,67,92835.0,HNI,0,1,0,0.1467,Two year,Fiber optic,103.15
7503-ZGUZJ,Male,28,1,76185.0,HNI,1,0,1,0.9542,Month-to-month,Fiber optic,84.65
1696-HXOWK,Female,65,71,86085.0,HNI,0,0,0,0.1263,One year,Fiber optic,95.65
3026-ATZYV,Female,48,37,67590.0,Affluent,0,1,0,0.1935,One year,DSL,75.1
4012-YCFAI,Male,61,60,55215.0,Affluent,0,0,0,0.1131,Two year,DSL,61.35
2506-TNFCO,Female,68,1,62595.0,Affluent,1,0,1,0.9351,Month-to-month,Fiber optic,69.55
9970-QBCDA,Female,31,6,17730.0,Mass,1,1,0,0.4584,Month-to-month,No,19.7
8718-PTMEZ,Female,35,13,27945.0,Mass,1,0,1,0.8536,Month-to-month,DSL,31.05
9496-IVVRP,Female,34,11,45900.0,Affluent,1,1,0,0.4843,Month-to-month,DSL,51.0
2207-OBZNX,Male,31,7,45900.0,Affluent,1,0,1,0.8952,Month-to-month,DSL,51.0
2657-VPXTA,Female,33,10,79965.0,HNI,1,0,0,0.5348,Month-to-month,Fiber optic,88.85
6551-VLJMV,Male,46,34,18045.0,Mass,0,1,0,0.1322,Two year,No,20.05
1221-GHZEP,Female,62,62,58590.0,Affluent,0,0,0,0.1124,Two year,DSL,65.1
9289-LBQVU,Male,63,64,63135.0,Affluent,0,0,0,0.1133,One year,DSL,70.15
6142-VSJQO,Female,28,1,39915.0,Mass,1,1,1,0.9033,Month-to-month,DSL,44.35
3458-IDMFK,Male,41,25,18675.0,Mass,0,0,0,0.1577,Two year,No,20.75
6933-FHBZC,Female,42,26,50445.0,Affluent,0,0,0,0.1996,One year,DSL,56.05
0221-NAUXK,Male,33,10,17955.0,Mass,0,1,0,0.1978,One year,No,19.95
9770-KXGQU,Female,57,53,88740.0,HNI,0,0,0,0.1793,One year,Fiber optic,98.6
6437-UKHMV,Female,31,7,71730.0,Affluent,1,0,1,0.9315,Month-to-month,Fiber optic,79.7
6538-POCHL,Male,46,33,71100.0,Affluent,1,1,0,0.4594,Month-to-month,Fiber optic,79.0
6726-NNFWD,Female,68,71,80505.0,HNI,0,1,0,0.1185,Two year,Fiber optic,89.45
3002-WQZWT,Female,43,29,66780.0,Affluent,1,0,0,0.4643,Month-to-month,Fiber optic,74.2
4277-UDIEF,Male,41,24,72900.0,HNI,1,1,0,0.4866,Month-to-month,DSL,81.0
1208-NBVFH,Male,39,20,44640.0,Mass,1,0,0,0.4579,Month-to-month,DSL,49.6
4912-PIGUY,Female,28,1,76140.0,HNI,1,0,0,0.5541,Month-to-month,Fiber optic,84.6
1114-CENIM,Male,57,54,49500.0,Affluent,1,1,1,0.7715,Month-to-month,DSL,55.0
6060-DRTNL,Female,68,5,76365.0,HNI,1,0,1,0.9435,Month-to-month,Fiber optic,84.85
2725-TTRIQ,Female,65,72,75780.0,HNI,0,1,0,0.1091,Two year,DSL,84.2
3374-TTZTK,Male,56,52,95670.0,HNI,0,0,0,0.1918,Two year,Fiber optic,106.3
8990-ZXLSU,Female,32,9,62145.0,Affluent,1,0,0,0.5126,Month-to-month,Fiber optic,69.05
2275-RBYQS,Female,28,1,40860.0,Mass,1,0,0,0.5046,Month-to-month,DSL,45.4
8473-VUVJN,Male,68,1,66285.0,Affluent,1,0,1,0.9403,Month-to-month,Fiber optic,73.65
6289-CPNLD,Male,46,33,66510.0,Affluent,0,0,1,0.6029,One year,DSL,73.9
5536-SLHPM,Female,58,55,69975.0,Affluent,1,0,1,0.7975,Month-to-month,Fiber optic,77.75
4419-UJMUS,Male,65,69,89415.0,HNI,0,0,0,0.1365,Two year,Fiber optic,99.35
7794-JASDG,Male,28,1,45675.0,Affluent,1,0,0,0.5114,Month-to-month,DSL,50.75
7609-YBPXG,Male,57,54,78390.0,HNI,0,1,0,0.1621,Two year,DSL,87.1
5519-TEEUH,Male,46,33,18135.0,Mass,0,0,0,0.135,One year,No,20.15
7856-GANIL,Male,68,45,88830.0,HNI,0,1,0,0.2014,One year,Fiber optic,98.7
0804-XBFBV,Female,34,11,22680.0,Mass,1,0,0,0.4517,Month-to-month,DSL,25.2
2676-OXPPQ,Male,31,6,50130.0,Affluent,1,1,0,0.5039,Month-to-month,DSL,55.7
3703-TTEPD,Male,39,21,58815.0,Affluent,1,1,0,0.475,Month-to-month,DSL,65.35
2799-TSLAG,Female,63,65,22770.0,Mass,0,1,0,0.0539,Two year,No,25.3
0196-VULGZ,Female,68,6,75915.0,HNI,1,0,1,0.9401,Month-to-month,Fiber optic,84.35
8837-VVWLQ,Female,32,8,76455.0,HNI,1,0,1,0.9354,Month-to-month,Fiber optic,84.95
2696-NARTR,Male,34,11,66465.0,Affluent,1,0,1,0.9131,Month-to-month,Fiber optic,73.85
2208-NKVVH,Male,51,43,21825.0,Mass,0,0,0,0.1128,Two year,No,24.25
7614-QVWQL,Male,54,49,46620.0,Affluent,0,1,1,0.5312,One year,DSL,51.8
1976-CFOCS,Female,68,1,41400.0,Mass,1,0,1,0.9054,Month-to-month,DSL,46.0
4631-OACRM,Male,68,15,71460.0,Affluent,1,0,1,0.9092,Month-to-month,Fiber optic,79.4
7139-JZFVG,Male,61,60,54450.0,Affluent,0,1,0,0.112,Two year,DSL,60.5
4987-GQWPO,Male,37,17,22590.0,Mass,1,1,0,0.4351,Month-to-month,DSL,25.1
3755-JBMNH,Male,68,16,64620.0,Affluent,1,1,1,0.8969,Month-to-month,Fiber optic,71.8
1757-TCATG,Male,47,35,18045.0,Mass,0,1,0,0.1294,One year,No,20.05
6345-ULYRW,Male,68,44,79560.0,HNI,0,0,1,0.5911,One year,Fiber optic,88.4
4776-XSKYQ,Female,34,12,27225.0,Mass,0,1,0,0.2053,One year,DSL,30.25
8048-DSDFQ,Male,28,1,18180.0,Mass,1,0,0,0.4728,Month-to-month,No,20.2
5753-QQWPW,Female,43,28,53910.0,Affluent,0,0,0,0.199,One year,DSL,59.9
6010-DDPPW,Male,65,70,22635.0,Mass,0,1,0,0.04,Two year,No,25.15
1809-DMJHQ,Female,30,5,41400.0,Mass,1,0,1,0.8944,Month-to-month,DSL,46.0
6693-FRIRW,Male,37,18,91170.0,HNI,1,1,0,0.5286,Month-to-month,Fiber optic,101.3
6586-MYGKD,Male,65,70,69255.0,Affluent,0,1,0,0.1054,Two year,DSL,76.95
3173-NVMPX,Female,32,9,49770.0,Affluent,1,0,0,0.4952,Month-to-month,DSL,55.3
0248-PGHBZ,Female,68,67,83205.0,HNI,0,1,0,0.1332,Two year,Fiber optic,92.45
0623-GDISB,Female,28,1,43605.0,Mass,1,1,0,0.5085,Month-to-month,DSL,48.45
2892-GESUL,Female,37,18,17415.0,Mass,0,0,0,0.1751,Two year,No,19.35
6923-EFPNL,Male,30,4,46575.0,Affluent,1,1,1,0.9044,Month-to-month,DSL,51.75
7472-EQOAV,Male,68,71,78030.0,HNI,0,1,0,0.115,One year,Fiber optic,86.7
9574-RKJIF,Male,44,30,84960.0,HNI,1,0,1,0.8871,Month-to-month,Fiber optic,94.4
2043-WVTQJ,Male,28,1,50130.0,Affluent,1,0,0,0.5176,Month-to-month,DSL,55.7
8034-RYTVV,Female,58,55,75825.0,HNI,0,1,0,0.1557,One year,Fiber optic,84.25
3863-QSTYI,Male,60,59,58185.0,Affluent,1,0,0,0.37,Month-to-month,DSL,64.65
2619-WFQWU,Female,28,1,63135.0,Affluent,1,0,1,0.9359,Month-to-month,Fiber optic,70.15
5044-LRQAQ,Female,31,7,62280.0,Affluent,1,1,0,0.5182,Month-to-month,Fiber optic,69.2
1716-LSAMB,Male,52,45,49185.0,Affluent,0,1,0,0.1457,Two year,DSL,54.65
1333-PBMXB,Female,57,54,22275.0,Mass,0,1,0,0.0833,One year,No,24.75
6546-OPBBH,Male,56,51,21555.0,Mass,0,0,0,0.0905,One year,No,23.95
5985-BEHZK,Female,68,72,94500.0,HNI,0,1,0,0.1354,One year,Fiber optic,105.0
9127-QRZMH,Male,52,44,53865.0,Affluent,0,1,0,0.1551,One year,DSL,59.85
5919-VCZYM,Male,29,2,18045.0,Mass,1,0,0,0.4698,Month-to-month,No,20.05
9644-KVCNC,Female,64,66,82935.0,HNI,0,1,0,0.1356,One year,Fiber optic,92.15
2137-DQMEV,Male,65,68,40320.0,Mass,0,0,0,0.0703,One year,DSL,44.8
8174-LNWMW,Female,45,31,18810.0,Mass,0,1,0,0.1415,Two year,No,20.9
9279-CJEOJ,Female,68,21,85860.0,HNI,1,1,0,0.513,Month-to-month,Fiber optic,95.4
7964-VEXDG,Male,39,21,72315.0,HNI,1,0,0,0.494,Month-to-month,Fiber optic,80.35
2404-JIBFC,Female,58,55,76590.0,HNI,0,1,0,0.1568,Two year,DSL,85.1
0778-NELLA,Male,32,9,31230.0,Mass,1,1,1,0.8692,Month-to-month,DSL,34.7
8029-XYPWT,Male,68,71,103545.0,HNI,0,1,0,0.1508,Two year,Fiber optic,115.05
4614-NUVZD,Female,28,1,72990.0,HNI,1,0,1,0.9497,Month-to-month,Fiber optic,81.1
4632-PAOYU,Male,40,22,17955.0,Mass,0,0,0,0.1649,One year,No,19.95
3803-KMQFW,Female,28,1,18495.0,Mass,1,0,1,0.8732,Month-to-month,No,20.55
6804-GDMOI,Female,61,61,95940.0,HNI,0,0,1,0.5675,Two year,Fiber optic,106.6
2990-OGYTD,Female,64,67,77535.0,HNI,0,1,0,0.1253,Two year,DSL,86.15
6646-JPPHA,Female,68,14,70965.0,Affluent,1,0,0,0.5112,Month-to-month,Fiber optic,78.85
9572-MTILT,Male,60,59,96075.0,HNI,1,0,1,0.8232,Month-to-month,Fiber optic,106.75
7658-UYUQS,Male,68,21,77895.0,HNI,1,1,0,0.5018,Month-to-month,Fiber optic,86.55
7880-XSOJX,Male,30,4,38160.0,Mass,1,0,0,0.4926,Month-to-month,DSL,42.4
9611-CTWIH,Female,29,3,80505.0,HNI,1,0,1,0.9548,Month-to-month,Fiber optic,89.45
4589-IUAJB,Male,65,70,21825.0,Mass,0,1,0,0.0389,Two year,No,24.25
0329-GTIAJ,Female,29,3,88110.0,HNI,1,0,1,0.9654,Month-to-month,Fiber optic,97.9
8746-BFOAJ,Male,68,21,18450.0,Mass,0,1,0,0.1684,One year,No,20.5
8457-XIGKN,Male,39,20,17640.0,Mass,1,1,0,0.42,Month-to-month,No,19.6
6072-NUQCB,Male,40,22,18225.0,Mass,0,1,0,0.1653,One year,No,20.25
6629-CZTTH,Male,28,1,50130.0,Affluent,1,0,1,0.9176,Month-to-month,DSL,55.7
8838-GPHZP,Female,62,63,18540.0,Mass,0,0,0,0.0534,Two year,No,20.6
8750-QWZAJ,Female,65,70,17820.0,Mass,0,1,0,0.0332,Two year,No,19.8
5364-EVNIB,Male,35,13,71820.0,Affluent,1,0,1,0.9152,Month-to-month,Fiber optic,79.8
6918-UMQCG,Female,30,5,72180.0,HNI,1,0,0,0.5376,Month-to-month,Fiber optic,80.2
0675-NCDYU,Female,65,72,104760.0,HNI,0,1,0,0.1498,Two year,Fiber optic,116.4
6339-DKLMK,Female,35,13,28485.0,Mass,1,0,0,0.4544,Month-to-month,DSL,31.65
1346-PJWTK,Male,61,61,84735.0,HNI,1,1,0,0.4018,Month-to-month,Fiber optic,94.15
5088-QZLRL,Male,28,1,18585.0,Mass,1,0,0,0.4733,Month-to-month,No,20.65
8023-QHAIO,Female,68,56,69165.0,Affluent,1,1,0,0.3936,Month-to-month,Fiber optic,76.85
4397-FRLTA,Female,30,4,18135.0,Mass,1,0,0,0.4645,Month-to-month,No,20.15
3057-VJJQE,Male,47,35,49725.0,Affluent,0,0,0,0.1739,Two year,DSL,55.25
5087-SUURX,Female,37,18,35145.0,Mass,1,0,1,0.85,Month-to-month,DSL,39.05
2302-OUZXB,Male,65,72,73935.0,HNI,0,1,0,0.1065,Two year,DSL,82.15
8133-ANHHJ,Female,68,49,92700.0,HNI,0,1,0,0.1959,One year,Fiber optic,103.0
2270-CHBFN,Female,52,44,85590.0,HNI,1,1,0,0.4496,Month-to-month,Fiber optic,95.1
0013-EXCHZ,Female,68,3,75510.0,HNI,1,0,1,0.9478,Month-to-month,Fiber optic,83.9
5982-FPVQN,Female,48,37,85635.0,HNI,1,0,0,0.4688,Month-to-month,Fiber optic,95.15
9107-UKCKY,Male,61,61,71820.0,Affluent,0,0,0,0.1337,One year,DSL,79.8
4654-ULTTN,Male,65,70,67320.0,Affluent,0,1,0,0.1027,Two year,DSL,74.8
5550-VFRLC,Female,68,1,62865.0,Affluent,1,0,1,0.9355,Month-to-month,Fiber optic,69.85
5546-BYZSM,Female,50,41,18405.0,Mass,1,0,0,0.3635,Month-to-month,No,20.45
1492-KGETH,Male,65,70,70515.0,Affluent,0,1,0,0.1072,One year,DSL,78.35
4929-BSTRX,Female,28,1,48195.0,Affluent,1,0,1,0.9149,Month-to-month,DSL,53.55
4163-HFTUK,Male,56,51,17190.0,Mass,0,0,0,0.0844,One year,No,19.1
8215-NGSPE,Female,51,42,18000.0,Mass,0,0,0,0.1102,Two year,No,20.0
2225-ZRGSG,Female,65,70,84510.0,HNI,0,1,1,0.5268,Two year,Fiber optic,93.9
8859-YSTWS,Male,54,48,17955.0,Mass,0,1,0,0.0937,One year,No,19.95
5271-YNWVR,Male,65,68,101835.0,HNI,0,0,1,0.5566,Two year,Fiber optic,113.15
7601-DHFWZ,Female,54,48,21600.0,Mass,0,1,0,0.0988,Two year,No,24.0
2657-ALMWY,Female,68,26,76455.0,HNI,1,0,1,0.8861,Month-to-month,Fiber optic,84.95
6330-JKLPC,Male,34,11,72450.0,HNI,1,1,1,0.9215,Month-to-month,Fiber optic,80.5
4667-OHGKG,Male,28,1,17370.0,Mass,1,0,1,0.8716,Month-to-month,No,19.3
1998-VHJHK,Female,42,27,17235.0,Mass,0,0,0,0.1502,One year,No,19.15
1707-HABPF,Female,68,46,82170.0,HNI,0,1,0,0.1893,One year,Fiber optic,91.3
1660-HSOOQ,Male,28,1,44685.0,Mass,1,0,1,0.91,Month-to-month,DSL,49.65
7253-UVNDW,Female,53,46,48915.0,Affluent,0,1,1,0.5426,Two year,DSL,54.35
0487-VVUVK,Male,41,25,17235.0,Mass,1,0,0,0.4057,Month-to-month,No,19.15
7228-OMTPN,Male,30,4,79605.0,HNI,1,0,1,0.9508,Month-to-month,Fiber optic,88.45
5063-IUOKK,Male,35,13,17775.0,Mass,0,0,0,0.1893,Two year,No,19.75
4508-OEBEY,Male,45,31,67950.0,Affluent,0,1,0,0.2104,One year,DSL,75.5
0027-KWYKW,Female,40,23,75375.0,HNI,1,0,0,0.4928,Month-to-month,Fiber optic,83.75
2308-STERM,Female,29,2,17460.0,Mass,1,0,0,0.469,Month-to-month,No,19.4
5982-XMDEX,Female,63,65,23850.0,Mass,0,1,0,0.0554,Two year,No,26.5
6284-AHOOQ,Male,68,22,81450.0,HNI,1,1,1,0.904,Month-to-month,Fiber optic,90.5
6051-PTVNS,Female,58,55,17235.0,Mass,0,1,0,0.0735,One year,No,19.15
2344-JMOGN,Male,32,9,85365.0,HNI,1,0,1,0.9452,Month-to-month,Fiber optic,94.85
3799-ISUZQ,Male,31,7,62955.0,Affluent,1,1,1,0.9192,Month-to-month,Fiber optic,69.95
2877-VDUER,Female,47,35,36810.0,Mass,0,0,0,0.1558,One year,DSL,40.9
9152-AMKAK,Male,31,6,72225.0,HNI,0,0,0,0.2849,Two year,DSL,80.25
1794-HBQTJ,Female,28,1,43740.0,Mass,1,1,1,0.9086,Month-to-month,DSL,48.6
9432-VOFYX,Male,37,17,63720.0,Affluent,1,0,0,0.4929,Month-to-month,Fiber optic,70.8
8049-WJCLQ,Male,33,10,54180.0,Affluent,1,0,0,0.4986,Month-to-month,DSL,60.2
6586-PSJOX,Male,36,15,49680.0,Affluent,0,1,0,0.2286,One year,DSL,55.2
2460-FPSYH,Female,68,40,50220.0,Affluent,1,0,1,0.8109,Month-to-month,DSL,55.8
9705-ZJBCG,Female,35,13,48735.0,Affluent,0,1,0,0.2328,One year,DSL,54.15
4818-DRBQT,Male,43,29,72135.0,HNI,1,1,1,0.8718,Month-to-month,Fiber optic,80.15
1320-HTRDR,Female,29,3,67950.0,Affluent,1,0,1,0.9371,Month-to-month,Fiber optic,75.5
6847-KJLTS,Female,68,58,90360.0,HNI,1,1,0,0.4179,Month-to-month,Fiber optic,100.4
9670-BPNXF,Female,52,45,56295.0,Affluent,0,1,0,0.1557,One year,DSL,62.55
3913-FCUUW,Female,65,72,63405.0,Affluent,0,1,0,0.0917,Two year,DSL,70.45
3301-VKTGC,Male,65,68,76950.0,HNI,0,1,0,0.1217,One year,Fiber optic,85.5
1493-AMTIE,Male,28,1,18180.0,Mass,1,1,1,0.8728,Month-to-month,No,20.2
9555-SAHUZ,Female,48,38,49050.0,Affluent,1,0,0,0.4147,Month-to-month,DSL,54.5
0816-TSPHQ,Male,29,2,18675.0,Mass,1,0,0,0.4707,Month-to-month,No,20.75
9932-WBWIK,Male,34,11,18315.0,Mass,1,0,0,0.4456,Month-to-month,No,20.35
4619-EVPHY,Female,68,20,81900.0,HNI,0,1,0,0.2602,One year,Fiber optic,91.0
5286-YHCVC,Male,65,72,94320.0,HNI,0,1,0,0.1351,Two year,Fiber optic,104.8
6424-ELEYH,Female,29,3,67275.0,Affluent,1,1,1,0.9362,Month-to-month,Fiber optic,74.75
4391-RESHN,Male,40,23,93645.0,HNI,1,0,1,0.9184,Month-to-month,Fiber optic,104.05
9115-YQHGA,Male,50,40,45990.0,Affluent,1,0,0,0.405,Month-to-month,DSL,51.1
4462-CYWMH,Male,68,62,80820.0,HNI,1,1,0,0.3936,Month-to-month,Fiber optic,89.8
8963-MQVYN,Female,40,22,18495.0,Mass,1,0,0,0.4157,Month-to-month,No,20.55
2458-EOMRE,Female,34,11,57645.0,Affluent,1,1,0,0.5008,Month-to-month,DSL,64.05
9334-GWGOW,Male,68,7,67365.0,Affluent,1,0,0,0.5254,Month-to-month,Fiber optic,74.85
6821-BUXUX,Female,35,13,86985.0,HNI,1,0,1,0.9365,Month-to-month,Fiber optic,96.65
5028-HTLJB,Male,68,1,18045.0,Mass,1,0,1,0.8726,Month-to-month,No,20.05
9801-GDWGV,Female,49,39,93105.0,HNI,1,0,1,0.8738,Month-to-month,Fiber optic,103.45
6542-LWGXJ,Male,29,3,22500.0,Mass,1,0,0,0.4734,Month-to-month,DSL,25.0
5567-GZKQY,Male,59,58,18270.0,Mass,0,1,0,0.0667,Two year,No,20.3
1222-LRYKO,Male,31,6,23715.0,Mass,1,0,0,0.4668,Month-to-month,No,26.35
2320-JRSDE,Female,28,1,17910.0,Mass,1,0,1,0.8724,Month-to-month,No,19.9
2087-QAREY,Female,40,22,49230.0,Affluent,1,0,0,0.4588,Month-to-month,DSL,54.7
0601-WZHJF,Male,35,14,41715.0,Mass,1,0,1,0.8702,Month-to-month,DSL,46.35
4423-JWZJN,Male,63,64,81225.0,HNI,0,1,0,0.1387,One year,Fiber optic,90.25
5143-WMWOG,Male,28,1,17955.0,Mass,1,0,1,0.8725,Month-to-month,No,19.95
6490-FGZAT,Male,31,6,18585.0,Mass,1,0,0,0.4596,Month-to-month,No,20.65
5393-RXQSZ,Male,28,1,71640.0,Affluent,1,0,1,0.9478,Month-to-month,Fiber optic,79.6
7452-FOLON,Male,49,39,22905.0,Mass,0,1,0,0.1253,One year,No,25.45
2320-TZRRH,Female,39,20,17550.0,Mass,0,0,0,0.1698,One year,No,19.5
0231-LXVAP,Male,28,1,68310.0,Affluent,1,0,1,0.9431,Month-to-month,Fiber optic,75.9
9444-JTXHZ,Male,28,1,68580.0,Affluent,1,0,1,0.9435,Month-to-month,Fiber optic,76.2
4942-VZZOM,Male,63,64,59535.0,Affluent,0,1,0,0.1082,One year,DSL,66.15
5510-BOIUJ,Male,28,1,17325.0,Mass,1,0,1,0.8716,Month-to-month,No,19.25
7502-BNYGS,Female,53,46,62190.0,Affluent,1,1,0,0.4113,Month-to-month,DSL,69.1
4291-HYEBC,Female,68,28,35190.0,Mass,0,0,0,0.1727,One year,DSL,39.1
6147-CBCRA,Female,46,33,18045.0,Mass,1,0,0,0.3849,Month-to-month,No,20.05
6047-SUHPR,Male,49,39,53820.0,Affluent,0,0,0,0.1687,One year,DSL,59.8
4471-KXAUH,Female,51,42,75870.0,HNI,1,0,1,0.8414,Month-to-month,Fiber optic,84.3
9752-ZNQUT,Female,28,1,43740.0,Mass,1,0,0,0.5086,Month-to-month,DSL,48.6
7638-QVMVY,Female,31,7,71100.0,Affluent,1,0,1,0.9306,Month-to-month,Fiber optic,79.0
1576-PFZIW,Male,68,70,94815.0,HNI,0,1,0,0.1413,Two year,Fiber optic,105.35
5666-MBJPT,Male,63,65,22590.0,Mass,0,1,0,0.0536,Two year,No,25.1
7312-XSBAT,Male,28,1,44775.0,Mass,1,0,0,0.5101,Month-to-month,DSL,49.75
3096-GKWEB,Male,37,18,85275.0,HNI,1,0,0,0.5204,Month-to-month,Fiber optic,94.75
2371-JQHZZ,Male,41,24,83700.0,HNI,1,0,0,0.5017,Month-to-month,Fiber optic,93.0
0674-GCDXG,Male,62,63,64710.0,Affluent,0,1,0,0.1182,Two year,DSL,71.9
1121-QSIVB,Female,52,44,69795.0,Affluent,0,0,0,0.1774,One year,DSL,77.55
4396-KLSEH,Male,30,4,17865.0,Mass,1,0,0,0.4641,Month-to-month,No,19.85
3244-DCJWY,Female,28,1,63225.0,Affluent,1,0,1,0.936,Month-to-month,Fiber optic,70.25
2824-MYYBN,Female,48,37,85725.0,HNI,1,0,0,0.4689,Month-to-month,Fiber optic,95.25
0875-CABNR,Female,68,10,76140.0,HNI,1,1,1,0.9295,Month-to-month,Fiber optic,84.6
6345-HOVES,Male,46,34,22545.0,Mass,1,1,0,0.3885,Month-to-month,DSL,25.05
8318-LCNBW,Male,47,35,47835.0,Affluent,0,1,0,0.1712,One year,DSL,53.15
6469-QJKZW,Female,30,4,18135.0,Mass,1,0,0,0.4645,Month-to-month,No,20.15
0147-ESWWR,Female,68,39,91125.0,HNI,1,0,0,0.471,Month-to-month,Fiber optic,101.25
1217-VASWC,Male,68,43,90495.0,HNI,0,1,0,0.2092,One year,Fiber optic,100.55
7812-FZHPE,Female,37,17,21690.0,Mass,1,0,1,0.8339,Month-to-month,No,24.1
6370-ZVHDV,Female,61,61,22770.0,Mass,0,1,0,0.0648,Two year,No,25.3
5915-DGNVC,Female,54,49,64620.0,Affluent,0,0,0,0.1564,One year,DSL,71.8
6260-XLACS,Male,30,4,17730.0,Mass,0,0,0,0.2139,One year,No,19.7
3566-CAAYU,Female,63,64,44865.0,Mass,0,0,0,0.0876,Two year,DSL,49.85
4983-CCWMC,Male,29,3,62640.0,Affluent,1,0,0,0.5297,Month-to-month,Fiber optic,69.6
9103-CXVOK,Male,28,1,17775.0,Mass,1,0,0,0.4722,Month-to-month,No,19.75
2896-TBNBE,Male,50,40,72720.0,HNI,0,0,0,0.1925,One year,Fiber optic,80.8
4797-AXPXK,Female,28,1,54000.0,Affluent,1,0,1,0.923,Month-to-month,DSL,60.0
5229-PRWKT,Male,32,8,77895.0,HNI,1,0,1,0.9374,Month-to-month,Fiber optic,86.55
6982-UQZLY,Female,68,1,18765.0,Mass,1,0,1,0.8736,Month-to-month,No,20.85
2522-WLNSF,Female,68,34,57780.0,Affluent,0,1,0,0.1879,One year,DSL,64.2
3841-CONLJ,Female,28,1,31500.0,Mass,1,0,0,0.4915,Month-to-month,DSL,35.0
5057-LCOUI,Female,49,39,45675.0,Affluent,1,0,1,0.8073,Month-to-month,DSL,50.75
0193-ESZXP,Female,68,58,94950.0,HNI,0,1,1,0.5744,One year,Fiber optic,105.5
4475-NVTLU,Male,52,45,17280.0,Mass,0,0,0,0.101,Two year,No,19.2
4369-HTUIF,Male,68,6,76635.0,HNI,1,1,1,0.9411,Month-to-month,Fiber optic,85.15
9386-LDCZR,Male,51,43,81585.0,HNI,0,1,0,0.1967,One year,Fiber optic,90.65
9585-KKMFD,Male,50,41,18000.0,Mass,0,0,0,0.1129,Two year,No,20.0
5399-ZIMKF,Male,30,5,67185.0,Affluent,1,0,0,0.5306,Month-to-month,Fiber optic,74.65
0336-KXKFK,Male,65,72,55080.0,Affluent,0,1,0,0.08,Two year,DSL,61.2
5619-XZZKR,Male,30,4,17955.0,Mass,0,0,0,0.2142,One year,No,19.95
3948-FVVRP,Male,32,9,49320.0,Affluent,1,0,0,0.4946,Month-to-month,DSL,54.8
5327-XOKKY,Male,68,72,66105.0,Affluent,0,1,0,0.0955,Two year,DSL,73.45
0983-TATYJ,Female,46,33,46305.0,Affluent,0,0,0,0.1746,One year,DSL,51.45
1813-JYWTO,Female,65,72,72405.0,HNI,0,1,0,0.1044,Two year,Fiber optic,80.45
0156-FVPTA,Male,40,22,48780.0,Affluent,1,0,1,0.8582,Month-to-month,DSL,54.2
1984-FCOWB,Female,65,70,98550.0,HNI,0,0,1,0.5465,One year,Fiber optic,109.5
0654-HMSHN,Male,39,21,93960.0,HNI,1,0,1,0.9243,Month-to-month,Fiber optic,104.4
6719-OXYBR,Male,36,15,76770.0,HNI,1,0,0,0.5167,Month-to-month,Fiber optic,85.3
3312-ZWLGF,Male,68,29,71370.0,Affluent,1,0,0,0.4707,Month-to-month,Fiber optic,79.3
6476-YHMGA,Female,36,15,68850.0,Affluent,1,1,0,0.5055,Month-to-month,DSL,76.5
5287-QWLKY,Male,68,71,94590.0,HNI,1,1,1,0.7882,Month-to-month,Fiber optic,105.1
0795-XCCTE,Male,68,72,22860.0,Mass,0,1,0,0.0348,Two year,No,25.4
0168-XZKBB,Female,38,19,78165.0,HNI,1,0,0,0.5077,Month-to-month,Fiber optic,86.85
3785-NRHYR,Male,28,1,17685.0,Mass,1,0,0,0.4721,Month-to-month,No,19.65
5196-SGOAK,Female,28,1,68130.0,Affluent,1,0,1,0.9429,Month-to-month,Fiber optic,75.7
4537-DKTAL,Female,29,2,40995.0,Mass,1,0,0,0.5021,Month-to-month,DSL,45.55
7072-MBHEV,Female,68,11,70290.0,Affluent,1,1,0,0.5185,Month-to-month,Fiber optic,78.1
5602-BVFMK,Female,34,12,17370.0,Mass,0,0,0,0.1915,One year,No,19.3
6297-NOOPG,Female,65,70,99450.0,HNI,0,0,0,0.1478,Two year,Fiber optic,110.5
1891-UAWWU,Female,68,20,81720.0,HNI,1,0,1,0.9099,Month-to-month,Fiber optic,90.8
8204-TIFGJ,Female,40,23,18270.0,Mass,1,1,0,0.4126,Month-to-month,No,20.3
8050-DVOJX,Male,68,49,73215.0,HNI,0,1,0,0.1685,Two year,DSL,81.35
6108-OQZDQ,Female,30,4,88155.0,HNI,1,0,1,0.9628,Month-to-month,Fiber optic,97.95
0363-QJVFX,Male,45,32,97335.0,HNI,1,1,1,0.8989,Month-to-month,Fiber optic,108.15
8903-XEBGX,Male,29,2,49770.0,Affluent,1,0,0,0.5144,Month-to-month,DSL,55.3
8169-SAEJD,Male,68,69,50895.0,Affluent,0,1,0,0.0824,Two year,DSL,56.55
9840-DVNDC,Male,31,6,72450.0,HNI,1,1,1,0.9352,Month-to-month,Fiber optic,80.5
1089-XZWHH,Female,41,24,17730.0,Mass,0,0,0,0.1591,Two year,No,19.7
2325-WINES,Female,45,32,93645.0,HNI,0,1,0,0.2438,One year,Fiber optic,104.05
6064-ZATLR,Female,42,27,47565.0,Affluent,0,1,0,0.1928,Two year,DSL,52.85
3096-JRDSO,Female,68,27,93870.0,HNI,1,1,1,0.9078,Month-to-month,Fiber optic,104.3
7824-PANSQ,Male,59,58,72585.0,HNI,1,1,0,0.393,Month-to-month,Fiber optic,80.65
8042-JVNFH,Male,28,1,64215.0,Affluent,1,0,1,0.9374,Month-to-month,Fiber optic,71.35
9648-BCHKM,Female,37,18,22185.0,Mass,0,1,0,0.1818,Two year,No,24.65
2888-ADFAO,Female,53,47,19170.0,Mass,0,1,0,0.0981,Two year,No,21.3
8707-HOEDG,Female,65,70,99180.0,HNI,0,0,0,0.1474,Two year,Fiber optic,110.2
3374-LXDEV,Female,35,13,80460.0,HNI,1,0,1,0.9273,Month-to-month,Fiber optic,89.4
4072-IPYLT,Female,47,36,45945.0,Affluent,1,1,0,0.4159,Month-to-month,DSL,51.05
7167-PCEYD,Male,64,67,17820.0,Mass,0,0,0,0.0414,Two year,No,19.8
4936-YPJNK,Female,33,10,17910.0,Mass,1,0,0,0.4477,Month-to-month,No,19.9
1580-BMCMR,Male,68,19,78570.0,HNI,1,0,0,0.5082,Month-to-month,Fiber optic,87.3
4817-KEQSP,Female,65,71,17865.0,Mass,0,1,0,0.0306,Two year,No,19.85
6408-WHTEF,Male,65,72,80460.0,HNI,0,0,0,0.1157,Two year,DSL,89.4
9251-AWQGT,Female,54,48,18000.0,Mass,0,0,0,0.0938,Two year,No,20.0
8749-CLJXC,Male,28,1,18045.0,Mass,1,0,0,0.4726,Month-to-month,No,20.05
7989-VCQOH,Male,37,18,74925.0,HNI,1,0,0,0.5058,Month-to-month,DSL,83.25
5049-GLYVG,Male,28,1,18540.0,Mass,1,0,1,0.8733,Month-to-month,No,20.6
4199-QHJNM,Male,68,67,92610.0,HNI,0,1,0,0.1464,Two year,Fiber optic,102.9
8882-TLVRW,Male,65,69,35190.0,Mass,0,0,0,0.0603,Two year,DSL,39.1
5883-GTGVD,Male,38,19,89955.0,HNI,1,0,1,0.9242,Month-to-month,Fiber optic,99.95
5135-GRQJV,Male,68,72,103050.0,HNI,0,0,0,0.1474,Two year,Fiber optic,114.5
2384-OVPSA,Female,68,38,18180.0,Mass,0,0,0,0.1214,Two year,No,20.2
1371-WEPDS,Male,68,40,50220.0,Affluent,0,0,0,0.1609,One year,DSL,55.8
3580-GICBM,Female,61,61,21780.0,Mass,0,0,0,0.0634,Two year,No,24.2
4817-QRJSX,Female,33,10,72900.0,HNI,1,1,1,0.9249,Month-to-month,Fiber optic,81.0
9730-DRTMJ,Male,45,32,65520.0,Affluent,0,1,0,0.2043,One year,DSL,72.8
4686-UXDML,Female,39,21,89865.0,HNI,1,1,0,0.5186,Month-to-month,Fiber optic,99.85
3349-ANQNH,Female,68,59,89550.0,HNI,0,0,0,0.164,One year,Fiber optic,99.5
2398-YPMUR,Female,68,13,63135.0,Affluent,1,0,1,0.903,Month-to-month,Fiber optic,70.15
0932-YIXYU,Female,53,47,18225.0,Mass,0,1,0,0.0968,Two year,No,20.25
7480-SPLEF,Male,65,69,23400.0,Mass,0,1,0,0.0438,Two year,No,26.0
7636-XUHWW,Male,29,2,17910.0,Mass,1,1,0,0.4697,Month-to-month,No,19.9
1431-CYWMH,Female,40,22,17145.0,Mass,1,1,0,0.4138,Month-to-month,No,19.05
5937-EORGB,Male,68,15,86850.0,HNI,1,0,0,0.5308,Month-to-month,Fiber optic,96.5
6349-JDHQP,Female,57,53,17865.0,Mass,0,1,0,0.0799,Two year,No,19.85
5539-HIVAK,Female,68,28,23130.0,Mass,1,0,0,0.4058,Month-to-month,No,25.7
5847-MXBEO,Male,40,22,18270.0,Mass,0,0,0,0.1654,One year,No,20.3
9985-MWVIX,Female,28,1,63135.0,Affluent,1,0,1,0.9359,Month-to-month,Fiber optic,70.15
4583-PARNH,Male,68,16,82395.0,HNI,1,0,0,0.5218,Month-to-month,Fiber optic,91.55
1116-FRYVH,Female,54,48,35460.0,Mass,0,0,0,0.1183,Two year,DSL,39.4
1421-HCERK,Male,68,30,95130.0,HNI,1,1,0,0.5013,Month-to-month,Fiber optic,105.7
9633-XQABV,Female,29,3,63225.0,Affluent,1,0,0,0.5305,Month-to-month,Fiber optic,70.25
0716-BQNDX,Male,68,57,84375.0,HNI,0,0,0,0.1623,Two year,Fiber optic,93.75
1265-XTECC,Female,68,68,86895.0,HNI,0,1,1,0.5357,One year,Fiber optic,96.55
1183-CANVH,Female,40,23,54000.0,Affluent,0,1,0,0.2128,One year,DSL,60.0
1972-XMUWV,Female,63,65,53820.0,Affluent,0,1,0,0.0975,Two year,DSL,59.8
8679-LZBMD,Male,52,44,81585.0,HNI,0,1,0,0.194,One year,Fiber optic,90.65
3407-JMJQQ,Female,65,71,98100.0,HNI,0,1,0,0.1432,Two year,Fiber optic,109.0
6252-DFGTK,Female,48,37,61290.0,Affluent,0,1,0,0.1847,One year,DSL,68.1
1539-LNKHM,Female,34,12,18360.0,Mass,1,0,0,0.4429,Month-to-month,No,20.4
8645-KOMJQ,Male,65,69,73755.0,HNI,0,1,0,0.1145,Two year,DSL,81.95
0289-IVARM,Female,47,35,54495.0,Affluent,1,0,0,0.4306,Month-to-month,DSL,60.55
9761-XUJWD,Male,30,5,59040.0,Affluent,1,1,0,0.5192,Month-to-month,DSL,65.6
4057-FKCZK,Male,59,58,74250.0,HNI,0,1,0,0.1453,Two year,Fiber optic,82.5
4291-TPNFG,Male,65,72,74070.0,HNI,0,1,0,0.1067,Two year,DSL,82.3
6087-YPWHO,Male,65,72,61335.0,Affluent,0,0,0,0.0888,Two year,DSL,68.15
3090-QFUVD,Female,28,1,18270.0,Mass,1,1,0,0.4729,Month-to-month,No,20.3
2237-ZFSMY,Female,49,39,85995.0,HNI,0,0,1,0.6138,One year,Fiber optic,95.55
1722-LDZJS,Male,57,53,18180.0,Mass,0,1,0,0.0803,One year,No,20.2
1818-ESQMW,Female,42,27,80280.0,HNI,1,0,0,0.4887,Month-to-month,Fiber optic,89.2
4871-JTKJF,Female,68,1,62685.0,Affluent,1,0,1,0.9352,Month-to-month,Fiber optic,69.65
1415-YFWLT,Female,68,1,80370.0,HNI,1,0,1,0.9601,Month-to-month,Fiber optic,89.3
7401-RUBNK,Female,37,18,67320.0,Affluent,1,0,0,0.4952,Month-to-month,Fiber optic,74.8
0506-YLVKJ,Male,53,46,18180.0,Mass,0,0,0,0.0995,Two year,No,20.2
8661-BOYNW,Female,65,72,75960.0,HNI,0,1,0,0.1094,Two year,DSL,84.4
6711-VTNRE,Female,47,36,78795.0,HNI,1,0,1,0.862,Month-to-month,Fiber optic,87.55
4815-GBTCD,Female,30,4,22635.0,Mass,1,0,0,0.4708,Month-to-month,DSL,25.15
2805-AUFQN,Female,41,25,17820.0,Mass,0,1,0,0.1565,Two year,No,19.8
0980-PVMRC,Female,50,40,45765.0,Affluent,1,0,0,0.4046,Month-to-month,DSL,50.85
7233-DRTRF,Male,62,63,92160.0,HNI,1,0,0,0.4067,Month-to-month,Fiber optic,102.4
3500-RMZLT,Female,68,15,86670.0,HNI,1,0,1,0.9305,Month-to-month,Fiber optic,96.3
3873-NFTGI,Male,35,14,49950.0,Affluent,1,1,0,0.4817,Month-to-month,DSL,55.5
1162-ECVII,Male,68,72,98775.0,HNI,0,1,0,0.1414,Two year,Fiber optic,109.75
7048-GXDAY,Male,49,39,95760.0,HNI,1,0,0,0.4776,Month-to-month,Fiber optic,106.4
8571-ZCMCX,Female,53,47,54000.0,Affluent,0,1,0,0.147,Two year,DSL,60.0
1169-WCVAK,Male,38,19,79920.0,HNI,1,1,0,0.5101,Month-to-month,Fiber optic,88.8
4548-SDBKE,Female,30,5,76680.0,HNI,1,0,1,0.9439,Month-to-month,Fiber optic,85.2
8066-POXGX,Female,35,13,31590.0,Mass,1,0,1,0.8587,Month-to-month,DSL,35.1
7129-CAKJW,Female,37,17,72045.0,HNI,1,1,0,0.5045,Month-to-month,Fiber optic,80.05
8695-ARGXZ,Male,68,34,67995.0,Affluent,1,0,0,0.4523,Month-to-month,Fiber optic,75.55
3570-YUEKJ,Female,51,42,44595.0,Mass,1,0,0,0.3975,Month-to-month,DSL,49.55
4143-OOBWZ,Male,30,5,73170.0,HNI,1,0,1,0.939,Month-to-month,Fiber optic,81.3
1555-HAPSU,Female,65,71,21510.0,Mass,0,1,0,0.0357,Two year,No,23.9
1697-NVVGY,Male,68,19,59760.0,Affluent,1,1,0,0.4818,Month-to-month,DSL,66.4
7854-EKTJL,Female,29,2,17640.0,Mass,1,0,1,0.8693,Month-to-month,No,19.6
8464-EETCQ,Male,59,57,16920.0,Mass,0,1,0,0.0676,Two year,No,18.8
2419-FSORS,Male,65,72,97560.0,HNI,0,0,0,0.1397,Two year,Fiber optic,108.4
8132-YPVBX,Female,31,6,77355.0,HNI,1,0,0,0.5421,Month-to-month,Fiber optic,85.95
9102-IAYHT,Female,37,17,76905.0,HNI,1,0,1,0.9114,Month-to-month,Fiber optic,85.45
6754-LZUKA,Male,61,61,72810.0,HNI,0,1,0,0.1351,Two year,DSL,80.9
3422-LYEPQ,Male,28,1,63900.0,Affluent,1,0,1,0.9369,Month-to-month,Fiber optic,71.0
8099-MZPUJ,Male,54,48,100620.0,HNI,0,1,0,0.2097,Two year,Fiber optic,111.8
0787-LHDYT,Male,36,16,18540.0,Mass,1,1,0,0.4322,Month-to-month,No,20.6
2642-DTVCO,Male,68,9,76545.0,HNI,1,0,1,0.9328,Month-to-month,Fiber optic,85.05
0374-IOEGQ,Female,29,3,40140.0,Mass,1,0,0,0.4981,Month-to-month,DSL,44.6
4361-JEIVL,Male,28,1,39960.0,Mass,1,0,1,0.9033,Month-to-month,DSL,44.4
3197-NNYNB,Male,63,65,94590.0,HNI,0,1,0,0.1547,Two year,Fiber optic,105.1
3396-DKDEL,Female,65,70,103635.0,HNI,0,1,0,0.1537,Two year,Fiber optic,115.15
1752-OZXFY,Male,61,60,53820.0,Affluent,0,0,0,0.1112,One year,DSL,59.8
9066-QRSDU,Female,65,69,23670.0,Mass,0,0,0,0.0442,One year,No,26.3
9112-WSNPU,Female,68,35,63495.0,Affluent,1,0,0,0.4432,Month-to-month,Fiber optic,70.55
9867-NNXLC,Female,40,22,18045.0,Mass,1,0,0,0.4151,Month-to-month,No,20.05
5321-NTRKC,Male,64,66,71865.0,Affluent,0,1,0,0.12,Two year,DSL,79.85
1363-TXLSL,Male,68,1,63270.0,Affluent,1,0,1,0.9361,Month-to-month,Fiber optic,70.3
9507-EXLTT,Female,28,1,71415.0,Affluent,1,1,1,0.9475,Month-to-month,Fiber optic,79.35
3161-GETRM,Male,46,34,81045.0,HNI,1,1,0,0.4706,Month-to-month,Fiber optic,90.05
0402-OAMEN,Female,65,72,22005.0,Mass,0,1,0,0.0336,Two year,No,24.45
6933-VLYFX,Male,45,31,53955.0,Affluent,0,0,0,0.1908,One year,DSL,59.95
6754-WKSHP,Male,44,30,22815.0,Mass,0,1,0,0.1498,One year,No,25.35
9846-GKXAS,Female,32,9,81720.0,HNI,1,1,1,0.94,Month-to-month,Fiber optic,90.8
6017-PPLPX,Male,39,20,63405.0,Affluent,1,0,1,0.8842,Month-to-month,Fiber optic,70.45
4976-LNFVV,Male,68,19,30870.0,Mass,1,1,0,0.4413,Month-to-month,DSL,34.3
5055-MGMGF,Female,63,65,94545.0,HNI,1,0,0,0.4046,Month-to-month,Fiber optic,105.05
4641-FROLU,Female,44,30,17370.0,Mass,0,0,0,0.1422,Two year,No,19.3
2862-JVEOY,Male,31,6,17235.0,Mass,0,0,0,0.2078,One year,No,19.15
2969-QWUBZ,Female,29,2,46260.0,Affluent,1,0,0,0.5094,Month-to-month,DSL,51.4
9822-BIIGN,Male,57,53,64665.0,Affluent,1,0,0,0.3956,Month-to-month,DSL,71.85
2077-MPJQO,Male,68,7,67860.0,Affluent,1,0,0,0.5261,Month-to-month,Fiber optic,75.4
1534-OULXE,Female,61,61,44730.0,Mass,0,1,0,0.0957,One year,DSL,49.7
7136-RVDTZ,Male,68,70,40725.0,Mass,0,0,1,0.4654,One year,DSL,45.25
2971-SGAFL,Female,35,13,70875.0,Affluent,1,0,0,0.5139,Month-to-month,DSL,78.75
1480-IVEVR,Male,68,35,73440.0,HNI,0,1,0,0.2072,One year,Fiber optic,81.6
2905-KFQUV,Female,29,2,63360.0,Affluent,1,1,0,0.5334,Month-to-month,Fiber optic,70.4
4581-SSPWD,Female,29,3,68220.0,Affluent,1,0,1,0.9375,Month-to-month,Fiber optic,75.8
3370-HXOPH,Female,29,3,68490.0,Affluent,1,0,0,0.5379,Month-to-month,Fiber optic,76.1
9391-YZEJW,Female,62,62,84600.0,HNI,0,1,0,0.1489,One year,Fiber optic,94.0
9958-MEKUC,Male,65,72,93555.0,HNI,0,1,0,0.134,Two year,Fiber optic,103.95
0281-CNTZX,Male,62,63,17955.0,Mass,0,1,0,0.0526,Two year,No,19.95
6927-WTFIV,Male,68,20,64170.0,Affluent,1,1,1,0.8853,Month-to-month,Fiber optic,71.3
4118-CEVPF,Female,68,35,99720.0,HNI,0,1,0,0.2441,One year,Fiber optic,110.8
3398-ZOUAA,Male,68,21,62190.0,Affluent,1,0,1,0.8797,Month-to-month,Fiber optic,69.1
9114-VEPUF,Male,62,62,86490.0,HNI,0,0,0,0.1515,One year,Fiber optic,96.1
7876-BEUTG,Female,36,15,43920.0,Mass,1,0,0,0.4705,Month-to-month,DSL,48.8
2338-BQEZT,Female,58,55,45495.0,Affluent,1,1,0,0.3632,Month-to-month,DSL,50.55
9873-MNDKV,Female,34,11,40185.0,Mass,1,0,0,0.4763,Month-to-month,DSL,44.65
0378-NHQXU,Female,37,17,79425.0,HNI,1,0,1,0.9149,Month-to-month,Fiber optic,88.25
8241-JUIQO,Female,61,61,17505.0,Mass,0,1,0,0.0574,One year,No,19.45
2194-IIQOF,Female,65,71,80370.0,HNI,0,1,0,0.1183,Two year,DSL,89.3
4512-ZUIYL,Female,29,2,63000.0,Affluent,1,1,1,0.9329,Month-to-month,Fiber optic,70.0
9631-RXVJM,Male,47,35,17325.0,Mass,0,0,0,0.1284,Two year,No,19.25
9584-EXCDZ,Female,37,17,63450.0,Affluent,1,1,0,0.4925,Month-to-month,Fiber optic,70.5
7969-AULMZ,Female,39,21,87615.0,HNI,1,0,1,0.9154,Month-to-month,Fiber optic,97.35
5093-FEGLU,Female,53,47,17685.0,Mass,0,1,0,0.0961,Two year,No,19.65
2621-UDNLU,Female,29,3,18765.0,Mass,1,0,0,0.4681,Month-to-month,No,20.85
7526-IVLYU,Male,29,3,17685.0,Mass,1,0,0,0.4666,Month-to-month,No,19.65
2428-HYUNX,Male,68,44,17415.0,Mass,0,1,0,0.1039,Two year,No,19.35
9214-EKVXR,Female,28,1,39600.0,Mass,1,0,0,0.5028,Month-to-month,DSL,44.0
3410-MHHUM,Female,52,44,84960.0,HNI,0,0,0,0.1987,One year,Fiber optic,94.4
0568-ONFPC,Male,30,5,23310.0,Mass,1,1,1,0.869,Month-to-month,No,25.9
0733-VUNUW,Male,41,24,50085.0,Affluent,1,1,1,0.8545,Month-to-month,DSL,55.65
4550-EVXNY,Female,28,1,62685.0,Affluent,1,0,1,0.9352,Month-to-month,Fiber optic,69.65
2122-YWVYA,Female,37,18,67860.0,Affluent,1,0,0,0.4959,Month-to-month,Fiber optic,75.4
2968-SSGAA,Female,33,10,90540.0,HNI,1,0,1,0.9497,Month-to-month,Fiber optic,100.6
2296-DKZFP,Female,63,65,63900.0,Affluent,0,1,0,0.1116,Two year,DSL,71.0
4844-JJWUY,Female,68,1,77400.0,HNI,1,0,1,0.9559,Month-to-month,Fiber optic,86.0
6777-TGHTM,Female,57,53,96255.0,HNI,0,1,1,0.5899,One year,Fiber optic,106.95
8909-BOLNL,Male,29,3,19080.0,Mass,0,0,0,0.2186,One year,No,21.2
6603-YRDCJ,Male,46,33,54945.0,Affluent,0,0,0,0.1867,Two year,DSL,61.05
3538-WZPHD,Male,29,3,26640.0,Mass,1,0,1,0.8792,Month-to-month,DSL,29.6
3229-USWAR,Female,46,34,71955.0,Affluent,0,1,0,0.2078,One year,DSL,79.95
2138-VFAPZ,Female,35,14,17730.0,Mass,0,0,0,0.1865,Two year,No,19.7
6131-JLWZM,Female,35,13,18270.0,Mass,1,0,0,0.44,Month-to-month,No,20.3
4785-QRJHC,Male,68,46,53910.0,Affluent,0,1,1,0.5496,One year,DSL,59.9
0269-XFESX,Male,40,23,21915.0,Mass,0,0,0,0.1677,One year,No,24.35
1709-EJDOX,Female,53,47,17775.0,Mass,0,0,0,0.0962,Two year,No,19.75
4316-XCSLJ,Male,37,17,45270.0,Affluent,1,0,0,0.467,Month-to-month,DSL,50.3
8610-WFCJF,Female,54,49,86040.0,HNI,1,0,1,0.8365,Month-to-month,Fiber optic,95.6
9693-XMUOB,Male,68,59,45225.0,Affluent,1,0,0,0.3518,Month-to-month,DSL,50.25
0383-CLDDA,Female,65,69,76815.0,HNI,0,1,0,0.1188,Two year,DSL,85.35
4905-JEFDW,Male,34,11,37440.0,Mass,0,0,1,0.6224,One year,DSL,41.6
2709-UQGNP,Male,33,10,46485.0,Affluent,1,0,0,0.4878,Month-to-month,DSL,51.65
3549-ZTMNH,Male,34,12,21600.0,Mass,0,1,0,0.1974,Two year,No,24.0
7881-INRLC,Male,52,45,90765.0,HNI,1,1,1,0.8541,Month-to-month,Fiber optic,100.85
8033-ATFAS,Female,49,39,53865.0,Affluent,1,0,0,0.4188,Month-to-month,DSL,59.85
1635-NZATJ,Male,68,71,22905.0,Mass,0,1,0,0.0376,Two year,No,25.45
0562-HKHML,Male,65,71,21510.0,Mass,0,1,0,0.0357,Two year,No,23.9
8277-RVRSV,Female,46,33,21735.0,Mass,0,1,0,0.1401,One year,No,24.15
9943-VSZUV,Male,68,67,68130.0,Affluent,1,0,0,0.3621,Month-to-month,Fiber optic,75.7
0117-LFRMW,Male,48,37,36180.0,Mass,1,1,1,0.7994,Month-to-month,DSL,40.2
6172-FECYY,Male,54,49,76050.0,HNI,1,0,1,0.8225,Month-to-month,Fiber optic,84.5
7054-ENNGU,Female,32,9,45765.0,Affluent,1,0,0,0.4896,Month-to-month,DSL,50.85
1455-HFBXA,Male,56,52,82440.0,HNI,0,1,0,0.1732,Two year,Fiber optic,91.6
9402-CXWPL,Female,65,70,89010.0,HNI,0,0,0,0.1331,One year,Fiber optic,98.9
1628-BIZYP,Male,28,1,76500.0,HNI,1,0,0,0.5546,Month-to-month,Fiber optic,85.0
1965-AKTSX,Female,68,14,71055.0,Affluent,1,0,1,0.9114,Month-to-month,Fiber optic,78.95
0082-LDZUE,Male,28,1,39870.0,Mass,1,0,0,0.5032,Month-to-month,DSL,44.3
4786-UKSNZ,Male,28,1,18180.0,Mass,1,0,1,0.8728,Month-to-month,No,20.2
5343-SGUBI,Female,56,52,72180.0,HNI,0,0,0,0.1588,One year,Fiber optic,80.2
0856-NAOES,Male,31,6,54810.0,Affluent,1,0,0,0.5105,Month-to-month,DSL,60.9
1976-AZZPJ,Male,31,7,30780.0,Mass,1,0,0,0.474,Month-to-month,DSL,34.2
7248-VZQLC,Female,68,47,76680.0,HNI,1,1,1,0.8289,Month-to-month,Fiber optic,85.2
6156-UZDLF,Female,42,26,78435.0,HNI,0,1,0,0.2389,One year,Fiber optic,87.15
3099-OONVS,Male,41,25,48870.0,Affluent,1,0,0,0.4501,Month-to-month,DSL,54.3
9500-WBGRP,Male,65,69,17190.0,Mass,0,0,0,0.0351,Two year,No,19.1
5183-KLYEM,Female,65,72,101475.0,HNI,0,1,0,0.1452,Two year,Fiber optic,112.75
5144-PQCDZ,Male,30,4,17955.0,Mass,1,0,0,0.4642,Month-to-month,No,19.95
8514-VZHEB,Male,60,59,17550.0,Mass,0,0,0,0.063,Two year,No,19.5
6625-IUTTT,Male,64,67,58995.0,Affluent,0,1,0,0.0992,Two year,DSL,65.55
9355-NPPFS,Female,68,26,70920.0,Affluent,1,0,0,0.4783,Month-to-month,Fiber optic,78.8
0068-FIGTF,Female,42,27,70380.0,Affluent,0,0,0,0.2248,One year,DSL,78.2
5965-GGPRW,Male,65,72,94725.0,HNI,0,1,0,0.1357,Two year,Fiber optic,105.25
8035-PWSEV,Female,31,6,80325.0,HNI,1,0,0,0.5463,Month-to-month,Fiber optic,89.25
2236-HILPA,Male,62,62,18585.0,Mass,0,1,0,0.0562,Two year,No,20.65
1840-BIUOG,Male,39,20,61830.0,Affluent,0,0,0,0.232,One year,DSL,68.7
1356-MKYSK,Male,31,6,70785.0,Affluent,1,1,0,0.5329,Month-to-month,DSL,78.65
6080-LNESI,Male,56,51,22275.0,Mass,0,0,0,0.0915,Two year,No,24.75
1830-IPXVJ,Female,61,61,17775.0,Mass,0,1,0,0.0578,Two year,No,19.75
5828-DWPIL,Male,68,62,80190.0,HNI,1,0,0,0.3927,Month-to-month,Fiber optic,89.1
8398-TBIYD,Female,65,72,76230.0,HNI,0,1,0,0.1097,Two year,Fiber optic,84.7
0011-IGKFF,Male,68,13,88200.0,HNI,1,0,1,0.9382,Month-to-month,Fiber optic,98.0
4192-GORJT,Male,30,5,85005.0,HNI,1,0,1,0.9556,Month-to-month,Fiber optic,94.45
6496-SLWHQ,Male,68,3,94500.0,HNI,1,0,1,0.9744,Month-to-month,Fiber optic,105.0
9912-GVSEQ,Female,68,26,84465.0,HNI,1,0,1,0.8973,Month-to-month,Fiber optic,93.85
2931-FSOHN,Male,68,13,53910.0,Affluent,1,0,0,0.49,Month-to-month,DSL,59.9
9418-RUKPH,Female,48,38,17955.0,Mass,0,0,0,0.1211,Two year,No,19.95
5383-MMTWC,Female,68,8,75600.0,HNI,1,0,1,0.9342,Month-to-month,Fiber optic,84.0
9971-ZWPBF,Male,68,34,98010.0,HNI,1,0,0,0.4944,Month-to-month,Fiber optic,108.9
4712-AUQZO,Male,37,18,30240.0,Mass,1,0,0,0.4431,Month-to-month,DSL,33.6
9711-FJTBX,Male,58,56,77265.0,HNI,0,0,0,0.155,One year,Fiber optic,85.85
2908-ZTPNF,Female,47,36,31365.0,Mass,1,1,0,0.3954,Month-to-month,DSL,34.85
7240-ETPTR,Female,32,9,43875.0,Mass,1,0,1,0.8869,Month-to-month,DSL,48.75
2202-CUYXZ,Male,28,1,76365.0,HNI,1,0,1,0.9544,Month-to-month,Fiber optic,84.85
5995-OIGLP,Male,34,12,50985.0,Affluent,1,0,1,0.8887,Month-to-month,DSL,56.65
8421-WZOOW,Female,68,57,85770.0,HNI,1,1,0,0.4142,Month-to-month,Fiber optic,95.3
6261-RCVNS,Female,51,42,66510.0,Affluent,0,1,1,0.5783,One year,DSL,73.9
7951-QKZPL,Female,46,33,22050.0,Mass,0,0,1,0.5405,Two year,No,24.5
1414-YADCW,Male,65,70,76140.0,HNI,0,1,0,0.1151,Two year,Fiber optic,84.6
8756-RDDLT,Female,65,68,40455.0,Mass,1,0,0,0.3205,Month-to-month,DSL,44.95
2862-PFNIK,Male,28,1,22230.0,Mass,1,0,0,0.4785,Month-to-month,DSL,24.7
5816-QVHRX,Female,48,37,90270.0,HNI,1,1,0,0.4753,Month-to-month,Fiber optic,100.3
4430-YHXGG,Female,30,4,22905.0,Mass,1,0,0,0.4712,Month-to-month,No,25.45
6888-SBYAI,Male,28,1,45630.0,Affluent,1,0,0,0.5113,Month-to-month,DSL,50.7
7395-XWZOY,Male,39,20,49500.0,Affluent,1,1,0,0.4647,Month-to-month,DSL,55.0
7169-YWAMK,Male,65,72,61560.0,Affluent,0,1,0,0.0891,Two year,DSL,68.4
3640-PHQXK,Female,45,31,80910.0,HNI,1,0,1,0.8786,Month-to-month,Fiber optic,89.9
6877-LGWXO,Male,68,18,70695.0,Affluent,1,0,1,0.8999,Month-to-month,Fiber optic,78.55
6859-RKMZJ,Male,34,11,49545.0,Affluent,1,1,0,0.4894,Month-to-month,DSL,55.05
2729-VNVAP,Female,46,33,17820.0,Mass,0,1,0,0.1346,Two year,No,19.8
2957-JIRMN,Female,68,62,76005.0,HNI,0,0,0,0.1368,One year,Fiber optic,84.45
2049-BAFNW,Female,28,1,32310.0,Mass,1,0,0,0.4926,Month-to-month,DSL,35.9
3842-QTGDL,Male,36,16,72675.0,HNI,1,1,0,0.5082,Month-to-month,Fiber optic,80.75
7163-OCEQI,Male,40,22,70785.0,Affluent,0,0,0,0.2391,One year,DSL,78.65
9782-LGXMC,Female,54,49,55575.0,Affluent,1,1,0,0.3938,Month-to-month,DSL,61.75
5975-BAICR,Male,47,36,57330.0,Affluent,0,1,0,0.1818,One year,DSL,63.7
8019-ENHXU,Male,51,42,89505.0,HNI,1,0,1,0.8606,Month-to-month,Fiber optic,99.45
5167-GBFRE,Male,68,4,22680.0,Mass,1,1,1,0.8709,Month-to-month,DSL,25.2
9033-EOXWV,Female,34,12,66645.0,Affluent,0,0,1,0.6607,One year,DSL,74.05
4673-KKSLS,Female,45,31,78840.0,HNI,1,0,0,0.4757,Month-to-month,Fiber optic,87.6
4853-OITSN,Male,30,5,80235.0,HNI,1,0,0,0.5489,Month-to-month,Fiber optic,89.15
9800-OUIGR,Male,64,66,18000.0,Mass,0,1,0,0.0444,Two year,No,20.0
1324-NLTJE,Female,68,15,49500.0,Affluent,1,1,1,0.8784,Month-to-month,DSL,55.0
2324-EFHVG,Male,63,64,93960.0,HNI,0,1,0,0.1565,Two year,Fiber optic,104.4
7094-MSZAO,Male,33,10,18045.0,Mass,1,1,0,0.4479,Month-to-month,No,20.05
1522-VVDMG,Male,31,7,80775.0,HNI,1,0,1,0.9442,Month-to-month,Fiber optic,89.75
6907-CQGPN,Male,43,29,30870.0,Mass,1,0,0,0.4139,Month-to-month,DSL,34.3
0780-XNZFN,Male,59,57,18585.0,Mass,0,1,0,0.0699,Two year,No,20.65
0239-OXEXL,Female,53,46,75825.0,HNI,1,0,0,0.4304,Month-to-month,Fiber optic,84.25
2675-IJRGJ,Male,57,53,17685.0,Mass,0,1,0,0.0796,Two year,No,19.65
7049-GKVZY,Female,37,17,71865.0,Affluent,0,1,0,0.2543,One year,DSL,79.85
8577-QSOCG,Female,48,38,18180.0,Mass,0,0,0,0.1214,Two year,No,20.2
3721-CNZHX,Male,36,15,17820.0,Mass,0,0,0,0.1839,One year,No,19.8
0212-ISBBF,Female,40,22,45315.0,Affluent,1,0,0,0.4533,Month-to-month,DSL,50.35
9185-TQCVP,Male,35,14,76635.0,HNI,1,0,1,0.9192,Month-to-month,Fiber optic,85.15
3585-YNADK,Female,59,57,67140.0,Affluent,0,1,0,0.1381,One year,DSL,74.6
5271-DBYSJ,Male,68,11,71235.0,Affluent,1,1,0,0.5198,Month-to-month,Fiber optic,79.15
1099-GODLO,Female,28,1,18315.0,Mass,0,0,0,0.223,Two year,No,20.35
6828-HMKWP,Male,34,12,18945.0,Mass,0,1,0,0.1937,Two year,No,21.05
5567-WSELE,Male,68,3,85140.0,HNI,1,0,1,0.9613,Month-to-month,Fiber optic,94.6
1472-TNCWL,Male,47,36,85230.0,HNI,1,0,0,0.471,Month-to-month,Fiber optic,94.7
8063-RJYNF,Male,36,16,84825.0,HNI,1,0,1,0.9252,Month-to-month,Fiber optic,94.25
0687-ZVTHB,Male,63,65,65205.0,Affluent,0,1,1,0.5134,One year,DSL,72.45
2080-GKCWQ,Male,29,2,67455.0,Affluent,1,0,0,0.5392,Month-to-month,Fiber optic,74.95
9661-ACXBS,Female,51,42,94680.0,HNI,1,0,1,0.8678,Month-to-month,Fiber optic,105.2
2193-SFWQW,Male,65,72,100755.0,HNI,0,1,0,0.1442,Two year,Fiber optic,111.95
5656-JAMLX,Male,62,62,17865.0,Mass,0,1,0,0.0552,Two year,No,19.85
3462-BJQQA,Female,31,6,80775.0,HNI,1,0,0,0.5469,Month-to-month,Fiber optic,89.75
0442-TDYUO,Male,54,48,18045.0,Mass,0,0,0,0.0938,Two year,No,20.05
6733-LRIZX,Male,47,35,98055.0,HNI,0,0,0,0.2417,Two year,Fiber optic,108.95
9503-XJUME,Male,56,52,17685.0,Mass,0,1,0,0.0824,One year,No,19.65
4367-NHWMM,Female,28,1,22410.0,Mass,1,0,0,0.4787,Month-to-month,DSL,24.9
3727-RJMEO,Male,31,6,74565.0,HNI,1,0,1,0.9382,Month-to-month,Fiber optic,82.85
3779-OSWCF,Female,65,71,83880.0,HNI,0,1,0,0.1232,Two year,DSL,93.2
6736-DHUQI,Female,64,67,76320.0,HNI,0,1,0,0.1236,One year,Fiber optic,84.8
3915-ODIYG,Male,68,60,64575.0,Affluent,0,0,0,0.1262,One year,DSL,71.75
1360-RCYRT,Male,40,23,27315.0,Mass,1,1,0,0.4253,Month-to-month,DSL,30.35
2724-FJDYW,Male,49,39,49365.0,Affluent,0,1,0,0.1624,One year,DSL,54.85
4451-RWASJ,Male,36,15,17550.0,Mass,0,0,0,0.1835,One year,No,19.5
6646-VRFOL,Male,68,53,93465.0,HNI,1,0,1,0.836,Month-to-month,Fiber optic,103.85
3460-TJBWI,Male,41,24,21780.0,Mass,0,0,0,0.1648,Two year,No,24.2
5917-HBSDW,Female,48,37,17415.0,Mass,1,0,0,0.3731,Month-to-month,No,19.35
5685-IIXLY,Female,30,5,75240.0,HNI,1,0,1,0.9419,Month-to-month,Fiber optic,83.6
5671-UUNXD,Female,68,50,90585.0,HNI,0,0,0,0.1902,One year,Fiber optic,100.65
0956-ACVZC,Female,57,54,84690.0,HNI,0,1,0,0.1709,One year,Fiber optic,94.1
2325-NBPZG,Female,29,3,67095.0,Affluent,1,0,0,0.5359,Month-to-month,Fiber optic,74.55
4250-ZBWLV,Male,65,68,97605.0,HNI,0,0,1,0.5507,One year,Fiber optic,108.45
4482-FTFFX,Male,30,5,50535.0,Affluent,1,0,0,0.5072,Month-to-month,DSL,56.15
8859-DZTGQ,Male,46,33,18315.0,Mass,0,0,0,0.1353,Two year,No,20.35
0440-MOGPM,Female,50,41,72495.0,HNI,0,0,0,0.1894,One year,DSL,80.55
0020-JDNXP,Female,46,34,55125.0,Affluent,0,0,0,0.1842,One year,DSL,61.25
3752-CQSJI,Female,35,13,18405.0,Mass,1,0,0,0.4402,Month-to-month,No,20.45
5025-GOOKI,Female,39,20,17010.0,Mass,1,1,0,0.4191,Month-to-month,No,18.9
4698-KVLLG,Female,68,51,17640.0,Mass,0,1,0,0.085,Two year,No,19.6
5095-AESKG,Female,29,3,82350.0,HNI,1,1,1,0.9574,Month-to-month,Fiber optic,91.5
2887-JPYLU,Female,50,41,40680.0,Mass,1,1,0,0.3948,Month-to-month,DSL,45.2
4770-QAZXN,Female,35,13,17505.0,Mass,1,1,0,0.439,Month-to-month,No,19.45
4896-CPRPF,Male,47,35,22905.0,Mass,0,1,0,0.1363,Two year,No,25.45
1871-MOWRM,Male,34,12,72765.0,HNI,1,1,1,0.9192,Month-to-month,Fiber optic,80.85
9714-EDSUC,Male,30,4,85410.0,HNI,1,0,0,0.5589,Month-to-month,Fiber optic,94.9
2027-OAQQC,Female,51,43,44145.0,Mass,1,1,1,0.7941,Month-to-month,DSL,49.05
0282-NVSJS,Female,68,12,26370.0,Mass,1,0,0,0.4541,Month-to-month,DSL,29.3
9090-SGQXL,Male,68,68,94770.0,HNI,1,0,1,0.7967,Month-to-month,Fiber optic,105.3
6595-YGXIT,Male,68,25,80055.0,HNI,1,0,1,0.8939,Month-to-month,Fiber optic,88.95
7353-YOWFP,Female,31,7,18225.0,Mass,0,0,0,0.2064,One year,No,20.25
9835-ZIITK,Male,68,66,99765.0,HNI,0,0,1,0.5592,One year,Fiber optic,110.85
8008-ESFLK,Female,57,53,99450.0,HNI,0,0,0,0.1944,One year,Fiber optic,110.5
7537-CBQUZ,Male,68,63,98460.0,HNI,1,1,0,0.4156,Month-to-month,Fiber optic,109.4
1555-DJEQW,Female,65,70,102780.0,HNI,0,1,1,0.5525,Two year,Fiber optic,114.2
5649-TJHOV,Male,68,27,32850.0,Mass,1,1,1,0.8221,Month-to-month,DSL,36.5
0519-XUZJU,Female,28,1,63675.0,Affluent,1,0,1,0.9366,Month-to-month,Fiber optic,70.75
3363-EWLGO,Female,30,5,17955.0,Mass,1,0,0,0.4615,Month-to-month,No,19.95
4750-UKWJK,Female,68,37,17640.0,Mass,0,0,0,0.1234,One year,No,19.6
6338-AVWCY,Male,29,3,36135.0,Mass,1,0,1,0.8925,Month-to-month,DSL,40.15
1689-YQBYY,Female,34,12,68940.0,Affluent,1,0,0,0.5139,Month-to-month,Fiber optic,76.6
4487-ZYJZK,Female,48,38,17640.0,Mass,0,1,0,0.1206,One year,No,19.6
2959-FENLU,Female,32,9,76770.0,HNI,1,1,0,0.5331,Month-to-month,Fiber optic,85.3
0708-LGSMF,Male,35,13,59265.0,Affluent,1,0,0,0.4976,Month-to-month,DSL,65.85
9253-QXKBE,Male,68,29,85005.0,HNI,1,0,1,0.8899,Month-to-month,Fiber optic,94.45
7634-HLQJR,Female,53,47,18045.0,Mass,0,1,0,0.0966,Two year,No,20.05
0487-RPVUM,Male,61,61,89460.0,HNI,1,1,0,0.4084,Month-to-month,Fiber optic,99.4
4079-ULGFR,Male,36,16,18000.0,Mass,1,0,0,0.4314,Month-to-month,No,20.0
2516-XSJKX,Female,50,41,70605.0,Affluent,0,0,0,0.1868,Two year,DSL,78.45
0057-QBUQH,Female,51,43,22590.0,Mass,0,0,0,0.1139,Two year,No,25.1
9445-SZLCH,Female,47,36,87615.0,HNI,1,1,1,0.8743,Month-to-month,Fiber optic,97.35
6599-SFQVE,Female,31,6,49500.0,Affluent,1,0,0,0.503,Month-to-month,DSL,55.0
8331-ZXFOE,Female,59,58,63990.0,Affluent,0,1,0,0.1309,One year,DSL,71.1
4003-FUSHP,Male,38,19,55395.0,Affluent,1,1,0,0.4757,Month-to-month,DSL,61.55
0356-ERHVT,Male,34,11,41310.0,Mass,1,1,0,0.4778,Month-to-month,DSL,45.9
7325-ENZFI,Female,49,39,36270.0,Mass,0,1,0,0.1441,One year,DSL,40.3
4884-ZTHVF,Female,68,8,78390.0,HNI,1,0,0,0.5381,Month-to-month,Fiber optic,87.1
3920-HIHMQ,Female,42,26,44550.0,Mass,1,0,0,0.4413,Month-to-month,DSL,49.5
3055-OYMSE,Female,68,53,66420.0,Affluent,1,1,0,0.398,Month-to-month,Fiber optic,73.8
0613-WUXUM,Female,65,70,17280.0,Mass,0,0,0,0.0325,Two year,No,19.2
7568-PODML,Male,28,1,40770.0,Mass,1,0,1,0.9045,Month-to-month,DSL,45.3
4458-KVRBJ,Male,60,59,22500.0,Mass,0,0,0,0.0699,Two year,No,25.0
5349-IECLD,Male,29,2,85455.0,HNI,1,0,1,0.9645,Month-to-month,Fiber optic,94.95
1397-XKKWR,Male,31,7,31770.0,Mass,0,0,0,0.2254,One year,DSL,35.3
3945-GFWQL,Female,34,12,40095.0,Mass,1,0,1,0.8734,Month-to-month,DSL,44.55
8097-OMULG,Male,60,59,69075.0,Affluent,0,1,0,0.1353,One year,DSL,76.75
6013-BHCAW,Male,61,61,72900.0,HNI,0,1,0,0.1352,Two year,DSL,81.0
0401-WDBXM,Male,65,72,94995.0,HNI,0,1,0,0.1361,Two year,Fiber optic,105.55
3387-PLKUI,Female,35,13,16920.0,Mass,1,0,0,0.4381,Month-to-month,No,18.8
6096-EGVTU,Female,63,64,22410.0,Mass,0,0,0,0.0561,One year,No,24.9
3797-VTIDR,Male,28,1,21105.0,Mass,1,0,1,0.8769,Month-to-month,DSL,23.45
5081-NWSUP,Female,33,10,58410.0,Affluent,0,0,0,0.2546,One year,DSL,64.9
2580-ATZSQ,Female,63,65,55215.0,Affluent,0,1,0,0.0994,One year,DSL,61.35
8085-MSNLK,Female,62,62,102555.0,HNI,0,0,0,0.1741,Two year,Fiber optic,113.95
9691-HKOVS,Female,58,55,81135.0,HNI,0,0,0,0.1632,One year,DSL,90.15
9881-VCZEP,Female,41,25,48690.0,Affluent,1,0,0,0.4498,Month-to-month,DSL,54.1
9526-BIHHD,Male,28,1,26730.0,Mass,1,0,1,0.8848,Month-to-month,DSL,29.7
8757-TFHHJ,Male,28,1,44820.0,Mass,1,1,0,0.5102,Month-to-month,DSL,49.8
4523-WXCEF,Female,60,59,90990.0,HNI,1,0,1,0.8161,Month-to-month,Fiber optic,101.1
1468-DEFNC,Male,68,64,21960.0,Mass,0,1,0,0.0555,Two year,No,24.4
5119-KEPFY,Male,47,36,85500.0,HNI,1,1,0,0.4714,Month-to-month,Fiber optic,95.0
8364-TRMMK,Female,29,3,45585.0,Affluent,1,0,1,0.9058,Month-to-month,DSL,50.65
0916-KNFAJ,Male,61,61,62910.0,Affluent,0,0,0,0.1212,Two year,DSL,69.9
8319-QBEHW,Male,42,26,35955.0,Mass,0,1,0,0.1792,One year,DSL,39.95
3063-QFSZL,Female,28,1,49860.0,Affluent,1,0,1,0.9172,Month-to-month,DSL,55.4
8775-LHDJH,Female,68,1,81540.0,HNI,1,0,1,0.9617,Month-to-month,Fiber optic,90.6
9625-QNLUX,Male,65,68,92925.0,HNI,0,1,0,0.1441,Two year,Fiber optic,103.25
3097-NQYSN,Male,68,2,78165.0,HNI,1,0,1,0.9542,Month-to-month,Fiber optic,86.85
4024-CSNBY,Female,65,72,84825.0,HNI,0,1,0,0.1218,Two year,Fiber optic,94.25
7110-BDTWG,Female,65,71,42345.0,Mass,0,0,0,0.0649,Two year,DSL,47.05
7493-GVFIO,Male,59,57,18495.0,Mass,0,1,0,0.0698,Two year,No,20.55
0690-SRQID,Male,30,4,17685.0,Mass,1,0,0,0.4639,Month-to-month,No,19.65
9605-WGJVW,Female,68,1,63180.0,Affluent,1,0,0,0.5359,Month-to-month,Fiber optic,70.2
9114-DPSIA,Male,65,72,72900.0,HNI,0,1,0,0.1051,Two year,DSL,81.0
4700-UBQMV,Male,39,21,68310.0,Affluent,0,1,0,0.2383,One year,DSL,75.9
7711-GQBZC,Female,65,71,22230.0,Mass,0,1,0,0.0367,Two year,No,24.7
3565-UNOCC,Female,68,29,89145.0,HNI,1,1,1,0.8957,Month-to-month,Fiber optic,99.05
4627-MIHJH,Female,68,69,99225.0,HNI,0,1,0,0.1502,Two year,Fiber optic,110.25
9795-NREXC,Female,63,64,76500.0,HNI,0,1,0,0.132,Two year,DSL,85.0
8573-CGOCC,Male,36,16,17775.0,Mass,1,1,0,0.4311,Month-to-month,No,19.75
7356-AYNJP,Female,30,4,21510.0,Mass,0,0,0,0.2192,One year,No,23.9
9249-FXSCK,Female,56,52,100125.0,HNI,0,1,1,0.5981,One year,Fiber optic,111.25
5493-SDRDQ,Male,29,2,49590.0,Affluent,1,0,1,0.9141,Month-to-month,DSL,55.1
6286-SUUWT,Male,28,1,17955.0,Mass,1,0,0,0.4725,Month-to-month,No,19.95
4819-HJPIW,Male,37,18,22635.0,Mass,1,0,0,0.4325,Month-to-month,DSL,25.15
8654-DHAOW,Female,29,2,48735.0,Affluent,1,0,0,0.5129,Month-to-month,DSL,54.15
5438-QMDDL,Female,38,19,53820.0,Affluent,1,0,0,0.4735,Month-to-month,DSL,59.8
9812-GHVRI,Female,50,40,75465.0,HNI,1,1,0,0.4463,Month-to-month,Fiber optic,83.85
5553-AOINX,Female,68,66,94410.0,HNI,0,0,0,0.1517,One year,Fiber optic,104.9
1228-ZLNBX,Male,39,21,67770.0,Affluent,1,0,0,0.4876,Month-to-month,Fiber optic,75.3
4226-KKDON,Male,32,8,59985.0,Affluent,1,0,0,0.5123,Month-to-month,DSL,66.65
3831-YCPUO,Female,65,72,98550.0,HNI,0,1,0,0.1411,Two year,Fiber optic,109.5
7445-WMRBW,Female,54,48,66465.0,Affluent,0,1,0,0.1618,One year,DSL,73.85
3308-DGHKL,Male,65,69,17370.0,Mass,0,1,0,0.0353,Two year,No,19.3
9924-JPRMC,Male,65,72,106380.0,HNI,0,0,0,0.152,Two year,Fiber optic,118.2
0080-EMYVY,Female,35,14,46305.0,Affluent,0,1,0,0.2266,One year,DSL,51.45
6218-KNUBD,Male,31,6,53505.0,Affluent,1,0,0,0.5087,Month-to-month,DSL,59.45
7337-CINUD,Female,32,8,17550.0,Mass,0,1,0,0.2027,Two year,No,19.5
7609-NRNCA,Female,37,17,17595.0,Mass,0,0,0,0.1781,One year,No,19.55
0623-EJQEG,Male,63,65,84195.0,HNI,0,0,0,0.1401,One year,Fiber optic,93.55
7153-CHRBV,Female,59,57,53370.0,Affluent,0,0,0,0.1187,One year,DSL,59.3
0871-URUWO,Male,35,13,92025.0,HNI,1,1,1,0.9435,Month-to-month,Fiber optic,102.25
9190-MFJLN,Male,68,19,86310.0,HNI,1,1,1,0.9191,Month-to-month,Fiber optic,95.9
6198-PNNSZ,Female,58,56,98820.0,HNI,0,1,0,0.1853,One year,Fiber optic,109.8
3317-VLGQT,Female,35,14,70290.0,Affluent,1,0,0,0.5103,Month-to-month,Fiber optic,78.1
4132-POCZS,Male,56,52,35910.0,Mass,1,0,0,0.3579,Month-to-month,DSL,39.9
5614-DNZCE,Female,59,58,58410.0,Affluent,0,1,0,0.1231,Two year,DSL,64.9
1095-JUDTC,Female,68,47,85545.0,HNI,1,0,1,0.8413,Month-to-month,Fiber optic,95.05
3896-RCYYE,Female,64,67,48060.0,Affluent,1,1,0,0.3339,Month-to-month,DSL,53.4
9638-JIQYA,Male,29,2,22410.0,Mass,1,1,0,0.476,Month-to-month,DSL,24.9
3258-SANFR,Male,68,6,40230.0,Mass,1,1,0,0.49,Month-to-month,DSL,44.7
3726-TBHQT,Male,65,71,102600.0,HNI,0,1,0,0.1495,Two year,Fiber optic,114.0
3190-ITQXP,Female,53,46,18225.0,Mass,0,1,0,0.0996,Two year,No,20.25
0870-VEMYL,Female,30,5,48465.0,Affluent,1,1,1,0.9043,Month-to-month,DSL,53.85
4833-QTJNO,Male,68,67,75465.0,HNI,1,1,0,0.3724,Month-to-month,Fiber optic,83.85
3039-MJSLN,Male,29,3,18180.0,Mass,1,1,0,0.4673,Month-to-month,No,20.2
0178-CIIKR,Female,29,3,17955.0,Mass,1,0,0,0.467,Month-to-month,No,19.95
5385-SUIRI,Male,68,52,93780.0,HNI,1,0,1,0.8392,Month-to-month,Fiber optic,104.2
3982-XWFZQ,Female,51,42,45225.0,Affluent,1,0,1,0.7984,Month-to-month,DSL,50.25
5774-QPLTF,Male,55,50,18315.0,Mass,0,0,0,0.0887,One year,No,20.35
2322-VCZHZ,Male,68,23,81000.0,HNI,1,0,0,0.5007,Month-to-month,Fiber optic,90.0
5010-IPEAQ,Female,64,67,48780.0,Affluent,0,1,0,0.0849,Two year,DSL,54.2
4009-ALQFH,Female,41,25,89550.0,HNI,1,0,1,0.9072,Month-to-month,Fiber optic,99.5
6383-ZTSIW,Female,68,39,89190.0,HNI,0,0,0,0.2183,One year,Fiber optic,99.1
8990-YOZLV,Female,65,69,60210.0,Affluent,0,0,0,0.0955,Two year,DSL,66.9
3069-SSVSN,Female,28,1,23265.0,Mass,0,0,0,0.2299,One year,DSL,25.85
5222-IMUKT,Male,45,32,81945.0,HNI,1,0,0,0.4773,Month-to-month,Fiber optic,91.05
3627-FCRDW,Female,32,9,63900.0,Affluent,1,0,1,0.915,Month-to-month,Fiber optic,71.0
7562-GSUHK,Female,36,16,83880.0,HNI,1,1,1,0.9239,Month-to-month,Fiber optic,93.2
6685-XSHHU,Male,61,60,18855.0,Mass,0,1,0,0.0621,Two year,No,20.95
8901-UPRHR,Female,65,72,98280.0,HNI,0,1,0,0.1407,Two year,Fiber optic,109.2
4903-UYAVB,Male,30,5,17415.0,Mass,1,0,1,0.8607,Month-to-month,No,19.35
0118-JPNOY,Female,68,26,77220.0,HNI,1,1,0,0.4871,Month-to-month,Fiber optic,85.8
6776-TLWOI,Male,29,3,17865.0,Mass,1,0,1,0.8669,Month-to-month,No,19.85
3845-FXCYS,Male,29,2,17685.0,Mass,1,0,0,0.4693,Month-to-month,No,19.65
5857-XRECV,Female,29,2,18450.0,Mass,0,1,0,0.2204,One year,No,20.5
0725-CXOTM,Female,47,36,80685.0,HNI,0,1,0,0.2146,One year,DSL,89.65
4343-EJVQB,Male,31,7,66915.0,Affluent,1,0,0,0.5247,Month-to-month,Fiber optic,74.35
9000-PLFUZ,Female,68,60,44505.0,Mass,0,1,0,0.0981,Two year,DSL,49.45
3427-GGZZI,Female,38,19,80190.0,HNI,1,0,0,0.5105,Month-to-month,Fiber optic,89.1
7779-ORAEL,Male,68,45,67635.0,Affluent,0,1,0,0.1716,Two year,DSL,75.15
0644-OQMDK,Male,68,4,63585.0,Affluent,1,0,0,0.5283,Month-to-month,Fiber optic,70.65
4077-CROMM,Female,45,31,93780.0,HNI,1,0,1,0.8967,Month-to-month,Fiber optic,104.2
3154-CFSZG,Male,53,47,81045.0,HNI,1,0,0,0.435,Month-to-month,Fiber optic,90.05
2868-MZAGQ,Male,28,1,71325.0,Affluent,1,0,1,0.9474,Month-to-month,Fiber optic,79.25
4847-QNOKA,Female,28,1,40410.0,Mass,1,1,1,0.904,Month-to-month,DSL,44.9
2220-IAHLS,Female,28,1,17460.0,Mass,1,1,0,0.4718,Month-to-month,No,19.4
1658-XUHBX,Female,68,59,79875.0,HNI,1,1,0,0.4005,Month-to-month,Fiber optic,88.75
6379-RXJRQ,Male,33,10,63090.0,Affluent,1,0,1,0.9112,Month-to-month,Fiber optic,70.1
2378-HTWFW,Male,68,35,81900.0,HNI,1,1,0,0.4691,Month-to-month,Fiber optic,91.0
8650-RHRKE,Male,30,4,26685.0,Mass,1,0,1,0.8765,Month-to-month,DSL,29.65
4377-VDHYI,Male,45,32,81720.0,HNI,0,0,0,0.227,One year,Fiber optic,90.8
0475-RIJEP,Male,51,43,70065.0,Affluent,1,0,1,0.8305,Month-to-month,Fiber optic,77.85
1260-TTRXI,Male,30,4,48870.0,Affluent,1,0,1,0.9076,Month-to-month,DSL,54.3
3719-TDVQB,Female,68,54,17055.0,Mass,0,0,0,0.076,Two year,No,18.95
6328-ZPBGN,Female,68,11,85635.0,HNI,1,1,1,0.9401,Month-to-month,Fiber optic,95.15
0201-MIBOL,Female,68,66,92160.0,HNI,0,1,0,0.1485,Two year,Fiber optic,102.4
4937-QPZPO,Male,61,61,89910.0,HNI,0,0,0,0.1591,One year,Fiber optic,99.9
2925-VDZHY,Male,65,72,79830.0,HNI,0,1,0,0.1148,Two year,DSL,88.7
6981-TDRFT,Male,52,44,48870.0,Affluent,0,0,0,0.148,One year,DSL,54.3
3413-CSSTH,Male,50,41,50130.0,Affluent,1,1,0,0.408,Month-to-month,DSL,55.7
8033-VCZGH,Male,55,50,93555.0,HNI,0,0,0,0.1943,One year,Fiber optic,103.95
4789-KWMXN,Male,53,47,99765.0,HNI,0,1,1,0.6113,One year,Fiber optic,110.85
0224-NIJLP,Male,32,8,18135.0,Mass,0,0,0,0.2035,Two year,No,20.15
7542-CYDDM,Male,37,18,18045.0,Mass,1,0,0,0.426,Month-to-month,No,20.05
4718-WXBGI,Male,65,72,82755.0,HNI,0,1,0,0.1189,Two year,DSL,91.95
2867-UIMSS,Male,28,1,72450.0,HNI,1,0,1,0.9489,Month-to-month,Fiber optic,80.5
8495-PRWFH,Female,68,42,50085.0,Affluent,1,0,0,0.4052,Month-to-month,DSL,55.65
0439-IFYUN,Female,68,18,67230.0,Affluent,1,0,0,0.495,Month-to-month,Fiber optic,74.7
5716-LIBJC,Female,35,13,93735.0,HNI,0,1,0,0.2959,One year,Fiber optic,104.15
2868-LLSKM,Female,65,68,75285.0,HNI,0,1,0,0.1194,One year,Fiber optic,83.65
8111-RKSPX,Male,30,4,64980.0,Affluent,1,1,1,0.9302,Month-to-month,Fiber optic,72.2
2988-QRAJY,Male,65,69,99045.0,HNI,0,1,0,0.15,Two year,Fiber optic,110.05
1585-MQSSU,Male,37,17,46350.0,Affluent,1,0,1,0.8685,Month-to-month,DSL,51.5
0071-NDAFP,Male,41,25,22950.0,Mass,0,1,0,0.1637,Two year,No,25.5
2856-NNASM,Male,68,43,80595.0,HNI,1,0,1,0.8453,Month-to-month,Fiber optic,89.55
7328-ZJAJO,Female,60,59,17550.0,Mass,0,1,0,0.063,Two year,No,19.5
6458-CYIDZ,Female,68,5,72630.0,HNI,1,0,0,0.5382,Month-to-month,Fiber optic,80.7
8559-CIZFV,Male,39,21,69750.0,Affluent,0,0,1,0.6404,One year,DSL,77.5
1090-PYKCI,Female,65,69,94590.0,HNI,0,1,0,0.1437,One year,Fiber optic,105.1
3058-WQDRE,Male,35,13,22635.0,Mass,1,1,0,0.4462,Month-to-month,DSL,25.15
7547-EKNFS,Male,51,42,85725.0,HNI,1,1,1,0.8552,Month-to-month,Fiber optic,95.25
2279-AXJJK,Male,56,52,86085.0,HNI,1,1,0,0.4284,Month-to-month,Fiber optic,95.65
6769-DYBQN,Male,68,46,76500.0,HNI,1,0,1,0.8313,Month-to-month,Fiber optic,85.0
0909-SELIE,Male,61,61,72720.0,HNI,0,1,0,0.1349,Two year,DSL,80.8
3417-TSCIC,Male,43,29,22365.0,Mass,0,0,0,0.1519,One year,DSL,24.85
1042-HFUCW,Female,41,25,49275.0,Affluent,0,1,0,0.2007,One year,DSL,54.75
4439-JMPMT,Female,30,5,77175.0,HNI,1,0,1,0.9446,Month-to-month,Fiber optic,85.75
6537-OTKMY,Male,36,15,45675.0,Affluent,0,0,0,0.223,One year,DSL,50.75
8999-EXMNO,Female,38,19,18135.0,Mass,0,0,0,0.1734,Two year,No,20.15
6725-TPKJO,Male,52,44,18045.0,Mass,0,0,0,0.1048,Two year,No,20.05
2446-BEGGB,Female,68,6,88425.0,HNI,1,0,1,0.9577,Month-to-month,Fiber optic,98.25
7162-WPHPM,Male,59,58,64440.0,Affluent,0,1,0,0.1315,Two year,DSL,71.6
1599-MMYRQ,Male,62,62,73305.0,HNI,0,1,0,0.133,One year,Fiber optic,81.45
8821-KVZKQ,Female,65,70,52560.0,Affluent,0,1,0,0.082,One year,DSL,58.4
1496-GGSUK,Female,68,1,23130.0,Mass,1,0,1,0.8797,Month-to-month,DSL,25.7
6434-TTGJP,Male,33,10,48330.0,Affluent,0,1,0,0.2404,Two year,DSL,53.7
0042-JVWOJ,Male,42,26,17640.0,Mass,0,1,0,0.1535,One year,No,19.6
0130-SXOUN,Male,64,66,80460.0,HNI,1,1,0,0.3821,Month-to-month,Fiber optic,89.4
2575-GFSOE,Female,31,7,62100.0,Affluent,1,0,1,0.918,Month-to-month,Fiber optic,69.0
2330-PQGDQ,Male,56,51,75780.0,HNI,0,1,0,0.1666,One year,Fiber optic,84.2
1452-UZOSF,Male,65,72,95490.0,HNI,0,1,0,0.1368,Two year,Fiber optic,106.1
2097-YVPKN,Male,63,65,23175.0,Mass,0,0,0,0.0544,Two year,No,25.75
2842-JTCCU,Male,29,2,41445.0,Mass,1,1,1,0.9027,Month-to-month,DSL,46.05
8597-CTXVJ,Male,65,70,58455.0,Affluent,0,1,0,0.0903,One year,DSL,64.95
6631-HMANX,Male,65,72,76905.0,HNI,0,1,0,0.1107,Two year,DSL,85.45
9962-BFPDU,Female,28,1,18045.0,Mass,1,0,0,0.4726,Month-to-month,No,20.05
3296-SILRA,Female,68,1,68760.0,Affluent,1,0,1,0.9438,Month-to-month,Fiber optic,76.4
9681-OXGVC,Female,30,5,90450.0,HNI,1,0,1,0.9632,Month-to-month,Fiber optic,100.5
6394-HHHZM,Male,29,3,18630.0,Mass,1,0,0,0.4679,Month-to-month,No,20.7
5995-LFTLE,Male,59,58,22770.0,Mass,0,1,0,0.0731,Two year,No,25.3
5180-UCIIQ,Male,68,22,36045.0,Mass,1,0,1,0.8403,Month-to-month,DSL,40.05
1932-UEDCX,Male,68,33,90540.0,HNI,1,1,0,0.4867,Month-to-month,Fiber optic,100.6
7153-OANIO,Male,28,1,62955.0,Affluent,1,0,1,0.9356,Month-to-month,Fiber optic,69.95
5188-HGMLP,Male,68,54,66600.0,Affluent,1,1,0,0.3955,Month-to-month,Fiber optic,74.0
0665-XHDJU,Male,65,72,89460.0,HNI,0,0,0,0.1283,Two year,Fiber optic,99.4
6521-YYTYI,Male,28,1,83970.0,HNI,1,0,1,0.9651,Month-to-month,Fiber optic,93.3
8878-HMWBV,Male,29,3,44235.0,Mass,1,0,1,0.9039,Month-to-month,DSL,49.15
8265-HKSOW,Female,65,72,96705.0,HNI,0,1,0,0.1385,Two year,Fiber optic,107.45
3544-FBCAS,Female,65,72,75240.0,HNI,0,1,0,0.1083,Two year,DSL,83.6
5331-RGMTT,Male,68,54,89145.0,HNI,1,1,0,0.4272,Month-to-month,Fiber optic,99.05
4759-PXTAN,Female,60,59,72090.0,HNI,0,0,0,0.1395,One year,DSL,80.1
7054-DMVAS,Male,57,54,58770.0,Affluent,0,1,0,0.1345,Two year,DSL,65.3
3428-MMGUB,Male,61,60,80595.0,HNI,0,0,0,0.1487,Two year,Fiber optic,89.55
6549-BTYPG,Female,61,60,54720.0,Affluent,0,1,0,0.1124,Two year,DSL,60.8
7823-JSOAG,Male,29,3,67050.0,Affluent,1,0,0,0.5359,Month-to-month,Fiber optic,74.5
3705-RHRFR,Female,65,69,89235.0,HNI,0,1,0,0.1362,Two year,Fiber optic,99.15
9374-YOLBJ,Female,28,1,17325.0,Mass,1,0,0,0.4716,Month-to-month,No,19.25
9074-KGVOX,Male,55,50,35505.0,Mass,1,1,0,0.3628,Month-to-month,DSL,39.45
6128-DAFVY,Female,58,56,40365.0,Mass,1,1,0,0.3532,Month-to-month,DSL,44.85
9933-QRGTX,Female,61,60,87480.0,HNI,0,0,0,0.1584,Two year,Fiber optic,97.2
4476-OSWTN,Male,68,69,99495.0,HNI,0,0,0,0.1506,One year,Fiber optic,110.55
3751-KTZEL,Female,28,1,31545.0,Mass,1,0,1,0.8915,Month-to-month,DSL,35.05
1977-STDKI,Female,68,1,65700.0,Affluent,1,0,1,0.9395,Month-to-month,Fiber optic,73.0
5066-GFJMM,Female,29,3,17910.0,Mass,1,0,0,0.4669,Month-to-month,No,19.9
2661-GKBTK,Male,61,60,69255.0,Affluent,0,1,0,0.1328,Two year,DSL,76.95
0458-HEUZG,Female,35,13,31860.0,Mass,0,0,0,0.2091,Two year,DSL,35.4
7268-WNTCP,Male,62,62,18405.0,Mass,0,1,0,0.056,Two year,No,20.45
0824-VWDPO,Female,52,45,87075.0,HNI,0,1,0,0.1989,One year,Fiber optic,96.75
8409-WQJUX,Female,41,25,48780.0,Affluent,0,0,0,0.2,One year,DSL,54.2
2578-JQPHZ,Male,52,44,90090.0,HNI,0,1,0,0.2059,Two year,Fiber optic,100.1
3278-FSIXX,Female,29,2,40725.0,Mass,1,0,0,0.5017,Month-to-month,DSL,45.25
5813-UECBU,Male,68,33,75465.0,HNI,1,1,1,0.8655,Month-to-month,Fiber optic,83.85
0328-GRPMV,Female,28,1,63090.0,Affluent,1,0,1,0.9358,Month-to-month,Fiber optic,70.1
9746-UGFAC,Female,40,22,18765.0,Mass,0,1,0,0.1661,One year,No,20.85
2946-KIQSP,Female,47,35,30105.0,Mass,1,0,0,0.3964,Month-to-month,DSL,33.45
0625-AFOHS,Female,43,29,18180.0,Mass,0,0,0,0.1461,Two year,No,20.2
6726-WEXXK,Male,68,27,77310.0,HNI,0,0,0,0.2345,One year,Fiber optic,85.9
4636-OLWOE,Male,57,54,54900.0,Affluent,0,0,0,0.1291,One year,DSL,61.0
4342-HENTK,Female,68,2,63585.0,Affluent,1,0,1,0.9338,Month-to-month,Fiber optic,70.65
4685-ERGHK,Male,59,57,78210.0,HNI,0,0,0,0.1536,One year,Fiber optic,86.9
0885-HMGPY,Male,62,62,62460.0,Affluent,0,1,0,0.1178,Two year,DSL,69.4
5003-OKNNK,Female,36,15,18315.0,Mass,0,1,0,0.1846,One year,No,20.35
4195-SMMNX,Male,29,2,18315.0,Mass,1,0,1,0.8702,Month-to-month,No,20.35
7208-PSIHR,Female,65,70,93870.0,HNI,0,1,0,0.14,Two year,Fiber optic,104.3
4012-ZTHBR,Female,39,21,40455.0,Mass,1,0,0,0.4492,Month-to-month,DSL,44.95
0489-WMEMG,Female,40,23,44505.0,Mass,0,0,0,0.1994,One year,DSL,49.45
7435-ZNUYY,Male,31,6,18540.0,Mass,0,0,0,0.2096,One year,No,20.6
1354-YZFNB,Male,30,4,17595.0,Mass,0,1,0,0.2137,Two year,No,19.55
6956-SMUCM,Female,29,3,89100.0,HNI,1,1,1,0.9668,Month-to-month,Fiber optic,99.0
2985-FMWYF,Female,40,23,84150.0,HNI,1,0,0,0.5051,Month-to-month,Fiber optic,93.5
2812-ENYMO,Male,42,26,49095.0,Affluent,0,1,0,0.1977,One year,DSL,54.55
2717-HVIZY,Female,32,8,18045.0,Mass,1,0,0,0.4534,Month-to-month,No,20.05
3223-WZWJM,Male,42,26,75555.0,HNI,1,0,1,0.8848,Month-to-month,Fiber optic,83.95
3422-GALYP,Male,29,2,71505.0,Affluent,1,0,0,0.5449,Month-to-month,Fiber optic,79.45
9053-JZFKV,Male,64,67,104580.0,HNI,0,1,1,0.5632,Two year,Fiber optic,116.2
2530-ENDWQ,Female,65,71,84330.0,HNI,0,1,1,0.5238,Two year,Fiber optic,93.7
2890-WFBHU,Female,60,59,71865.0,Affluent,0,1,0,0.1392,One year,DSL,79.85
0327-WFZSY,Male,49,39,90000.0,HNI,0,0,0,0.2195,One year,Fiber optic,100.0
7977-HXJKU,Male,39,21,17640.0,Mass,0,0,0,0.1672,Two year,No,19.6
6615-ZGEDR,Male,28,1,17730.0,Mass,1,0,1,0.8721,Month-to-month,No,19.7
7033-CLAMM,Female,54,48,18180.0,Mass,0,1,0,0.094,Two year,No,20.2
4023-RTIQM,Female,68,31,45360.0,Affluent,0,1,0,0.1787,One year,DSL,50.4
0864-FVJNJ,Female,63,64,102015.0,HNI,0,0,0,0.1678,One year,Fiber optic,113.35
7356-IWLFW,Male,53,46,72000.0,HNI,1,1,0,0.425,Month-to-month,Fiber optic,80.0
9541-PWTWO,Female,56,52,72855.0,HNI,0,1,0,0.1598,Two year,DSL,80.95
3967-VQOGC,Female,64,67,22410.0,Mass,0,0,0,0.0479,Two year,No,24.9
7872-RDDLZ,Female,68,67,49410.0,Affluent,1,0,0,0.3358,Month-to-month,DSL,54.9
9250-WYPLL,Female,30,5,67995.0,Affluent,1,0,1,0.9317,Month-to-month,Fiber optic,75.55
6308-CQRBU,Female,65,71,98325.0,HNI,0,0,0,0.1435,Two year,Fiber optic,109.25
2754-XBHTB,Female,32,9,69885.0,Affluent,1,1,1,0.9234,Month-to-month,Fiber optic,77.65
1597-LHYNC,Female,68,26,85500.0,HNI,1,0,1,0.8988,Month-to-month,Fiber optic,95.0
0186-CAERR,Male,65,71,104670.0,HNI,0,1,0,0.1524,One year,Fiber optic,116.3
3043-SUDUA,Female,45,32,17910.0,Mass,1,1,0,0.3875,Month-to-month,No,19.9
5442-BHQNG,Female,29,2,63315.0,Affluent,1,0,0,0.5334,Month-to-month,Fiber optic,70.35
2169-RRLFW,Female,65,71,23040.0,Mass,0,1,0,0.0378,Two year,No,25.6
5872-OEQNH,Female,61,60,40005.0,Mass,0,0,0,0.0918,One year,DSL,44.45
3162-KKZXO,Female,68,55,90135.0,HNI,0,0,0,0.1758,One year,Fiber optic,100.15
7055-VKGDA,Male,57,54,94860.0,HNI,0,1,1,0.5852,One year,Fiber optic,105.4
0754-UKWQP,Male,29,2,86265.0,HNI,1,0,1,0.9656,Month-to-month,Fiber optic,95.85
8873-GLDMH,Female,31,6,66465.0,Affluent,1,0,0,0.5268,Month-to-month,Fiber optic,73.85
5696-JVVQY,Female,54,48,63090.0,Affluent,0,1,0,0.157,Two year,DSL,70.1
8946-BFWSG,Male,62,63,22725.0,Mass,0,0,0,0.0593,Two year,No,25.25
7493-TPUWZ,Male,28,1,71235.0,Affluent,1,0,1,0.9472,Month-to-month,Fiber optic,79.15
0547-HURJB,Male,34,12,18945.0,Mass,1,1,0,0.4437,Month-to-month,No,21.05
8904-OPDCK,Male,68,54,22455.0,Mass,1,1,0,0.3336,Month-to-month,DSL,24.95
8845-LWKGE,Female,44,30,58050.0,Affluent,0,0,0,0.1993,One year,DSL,64.5
1577-HKTFG,Female,44,30,17685.0,Mass,1,1,1,0.7926,Month-to-month,No,19.65
8752-STIVR,Female,30,4,71100.0,Affluent,1,0,1,0.9388,Month-to-month,Fiber optic,79.0
0691-NIKRI,Female,50,40,95355.0,HNI,0,1,0,0.2242,One year,Fiber optic,105.95
5022-JNQEQ,Female,32,9,68265.0,Affluent,1,0,0,0.5212,Month-to-month,Fiber optic,75.85
4558-FANTW,Female,37,17,82665.0,HNI,1,0,1,0.9194,Month-to-month,Fiber optic,91.85
3249-VHRIP,Female,62,62,39240.0,Mass,0,1,0,0.0852,Two year,DSL,43.6
3736-BLEPA,Male,43,28,82125.0,HNI,0,1,0,0.2386,One year,Fiber optic,91.25
4701-LKOZD,Female,65,70,80775.0,HNI,0,1,0,0.1216,Two year,DSL,89.75
6603-QWSPR,Female,53,46,93960.0,HNI,0,1,0,0.2058,Two year,Fiber optic,104.4
9921-QFQUL,Female,40,23,81135.0,HNI,1,0,0,0.5009,Month-to-month,Fiber optic,90.15
1929-ZCBHE,Male,53,47,36270.0,Mass,0,0,0,0.1221,One year,DSL,40.3
4378-MYPGO,Male,65,68,94725.0,HNI,0,1,0,0.1466,Two year,Fiber optic,105.25
8651-ENBZX,Female,68,60,95400.0,HNI,0,0,1,0.5695,One year,Fiber optic,106.0
4129-LYCOI,Female,64,67,93600.0,HNI,0,0,0,0.1478,Two year,Fiber optic,104.0
7798-JVXYM,Female,35,14,62685.0,Affluent,1,0,0,0.4996,Month-to-month,DSL,69.65
8647-SDTWQ,Male,59,57,66870.0,Affluent,1,0,0,0.3877,Month-to-month,Fiber optic,74.3
2696-ECXKC,Female,58,55,90810.0,HNI,0,0,0,0.1768,One year,Fiber optic,100.9
2081-KJSQF,Male,28,1,18225.0,Mass,1,0,0,0.4728,Month-to-month,No,20.25
7623-TRNQN,Male,28,1,44910.0,Mass,1,0,1,0.9103,Month-to-month,DSL,49.9
3323-CPBWR,Male,40,23,87210.0,HNI,1,1,0,0.5094,Month-to-month,Fiber optic,96.9
9330-IJWIO,Female,35,13,90315.0,HNI,1,0,1,0.9411,Month-to-month,Fiber optic,100.35
3384-CTMSF,Male,53,47,93690.0,HNI,1,0,0,0.4527,Month-to-month,Fiber optic,104.1
0902-RFHOF,Male,48,38,18090.0,Mass,0,0,0,0.1213,One year,No,20.1
9286-DOJGF,Female,68,38,67455.0,Affluent,1,1,1,0.8406,Month-to-month,Fiber optic,74.95
6048-QBXKL,Female,68,2,50895.0,Affluent,1,1,0,0.516,Month-to-month,DSL,56.55
9661-MHUMO,Male,68,1,44325.0,Mass,1,1,1,0.9095,Month-to-month,DSL,49.25
7718-RXDGG,Male,36,15,61740.0,Affluent,1,1,0,0.4956,Month-to-month,Fiber optic,68.6
1025-FALIX,Female,42,26,62145.0,Affluent,1,1,0,0.466,Month-to-month,Fiber optic,69.05
3451-VAWLI,Female,47,35,17730.0,Mass,0,1,0,0.129,Two year,No,19.7
3407-QGWLG,Male,29,3,18045.0,Mass,1,0,0,0.4671,Month-to-month,No,20.05
1842-EZJMK,Male,55,50,93330.0,HNI,1,0,1,0.844,Month-to-month,Fiber optic,103.7
2347-WKKAE,Male,51,42,84960.0,HNI,1,0,0,0.4542,Month-to-month,Fiber optic,94.4
8735-DCXNF,Male,33,10,49455.0,Affluent,1,1,0,0.492,Month-to-month,DSL,54.95
3214-IYUUQ,Female,61,61,84330.0,HNI,0,1,0,0.1512,One year,Fiber optic,93.7
1936-UAFEH,Female,65,68,99225.0,HNI,0,1,0,0.153,Two year,Fiber optic,110.25
3587-PMCOY,Male,33,10,89010.0,HNI,0,0,0,0.2975,One year,Fiber optic,98.9
8079-XRJRS,Male,63,65,80775.0,HNI,0,0,1,0.5353,One year,Fiber optic,89.75
1027-LKKQQ,Female,65,72,72405.0,HNI,0,1,0,0.1044,Two year,DSL,80.45
7148-XZPHA,Male,58,55,71460.0,Affluent,1,0,0,0.3996,Month-to-month,Fiber optic,79.4
8073-IJDCM,Female,28,1,18270.0,Mass,1,0,1,0.8729,Month-to-month,No,20.3
5309-TAIKL,Female,31,7,56520.0,Affluent,1,1,0,0.5101,Month-to-month,DSL,62.8
6856-RAURS,Female,29,2,67410.0,Affluent,1,0,0,0.5391,Month-to-month,Fiber optic,74.9
8778-LMWTJ,Female,32,9,67365.0,Affluent,1,0,0,0.5199,Month-to-month,Fiber optic,74.85
9717-IOAAF,Male,42,27,23265.0,Mass,0,1,0,0.1587,Two year,No,25.85
8884-ADFVN,Male,68,7,91755.0,HNI,1,0,1,0.9596,Month-to-month,Fiber optic,101.95
2845-KDHVX,Female,63,64,61470.0,Affluent,0,0,0,0.1109,Two year,DSL,68.3
0848-SOMKO,Male,65,70,43560.0,Mass,0,1,0,0.0694,Two year,DSL,48.4
2720-WGKHP,Male,68,2,84600.0,HNI,1,0,1,0.9633,Month-to-month,Fiber optic,94.0
6734-FQAJX,Male,68,67,94545.0,HNI,0,0,0,0.1491,Two year,Fiber optic,105.05
2869-ADAWR,Female,52,45,80370.0,HNI,1,1,1,0.8395,Month-to-month,Fiber optic,89.3
1535-VTJOQ,Female,41,24,22635.0,Mass,0,1,0,0.166,Two year,No,25.15
6368-TZZDT,Male,30,4,17550.0,Mass,0,1,0,0.2137,Two year,No,19.5
0943-ZQPXH,Male,52,44,83655.0,HNI,1,1,0,0.4469,Month-to-month,Fiber optic,92.95
1293-BSEUN,Female,65,72,18630.0,Mass,0,0,0,0.0289,Two year,No,20.7
9894-EZEWG,Female,28,1,66870.0,Affluent,1,1,1,0.9411,Month-to-month,Fiber optic,74.3
1302-TPUBN,Male,64,66,17415.0,Mass,0,1,0,0.0436,Two year,No,19.35
7851-FLGGQ,Male,28,1,40185.0,Mass,1,0,1,0.9037,Month-to-month,DSL,44.65
0637-UBJRP,Male,35,13,75645.0,HNI,1,0,1,0.9206,Month-to-month,Fiber optic,84.05
0940-OUQEC,Male,33,10,72630.0,HNI,1,1,1,0.9245,Month-to-month,Fiber optic,80.7
2378-VTKDH,Male,68,65,93915.0,HNI,1,0,0,0.4037,Month-to-month,Fiber optic,104.35
0927-CNGRH,Male,28,1,17595.0,Mass,1,0,0,0.472,Month-to-month,No,19.55
8608-OZTLB,Male,48,38,66645.0,Affluent,0,0,0,0.1894,One year,DSL,74.05
2335-GSODA,Male,40,23,36090.0,Mass,0,0,0,0.1876,Two year,DSL,40.1
1952-DVVSW,Female,33,10,18090.0,Mass,0,0,0,0.198,One year,No,20.1
0702-PGIBZ,Male,30,4,91530.0,HNI,1,0,1,0.9675,Month-to-month,Fiber optic,101.7
6656-GULJQ,Male,65,72,75195.0,HNI,0,1,0,0.1083,Two year,DSL,83.55
9853-JFZDU,Female,47,35,51165.0,Affluent,1,0,0,0.4259,Month-to-month,DSL,56.85
1963-VAUKV,Female,28,1,18360.0,Mass,1,0,1,0.873,Month-to-month,No,20.4
3777-XROBG,Female,59,58,17595.0,Mass,0,1,0,0.0658,Two year,No,19.55
6994-FGRHH,Male,65,70,95535.0,HNI,0,0,0,0.1423,One year,Fiber optic,106.15
4000-VGMQP,Male,48,38,71055.0,Affluent,0,1,0,0.1956,One year,DSL,78.95
3999-WRNGR,Female,61,60,44775.0,Mass,1,0,0,0.3485,Month-to-month,DSL,49.75
3466-RITXD,Male,42,26,83160.0,HNI,1,1,0,0.4955,Month-to-month,Fiber optic,92.4
2680-XKKNJ,Female,32,8,52380.0,Affluent,0,1,0,0.2516,One year,DSL,58.2
3058-HJCUY,Male,50,41,92340.0,HNI,0,0,1,0.6173,One year,Fiber optic,102.6
2974-GGUXS,Female,68,36,82755.0,HNI,1,1,0,0.4675,Month-to-month,Fiber optic,91.95
7994-XIRTR,Male,68,54,58725.0,Affluent,0,1,0,0.1345,One year,DSL,65.25
3259-FDWOY,Male,65,71,95400.0,HNI,0,1,1,0.5394,Two year,Fiber optic,106.0
2101-RANCD,Female,58,55,65790.0,Affluent,1,0,0,0.3917,Month-to-month,Fiber optic,73.1
7921-BEPCI,Female,65,72,53775.0,Affluent,0,1,0,0.0782,Two year,DSL,59.75
0807-ZABDG,Female,29,3,49590.0,Affluent,1,0,1,0.9114,Month-to-month,DSL,55.1
8510-TMWYB,Female,57,54,53820.0,Affluent,0,1,0,0.1276,Two year,DSL,59.8
3258-ZKPAI,Male,65,72,104940.0,HNI,0,1,0,0.15,Two year,Fiber optic,116.6
1428-IEDPR,Male,56,52,98370.0,HNI,0,0,0,0.1956,Two year,Fiber optic,109.3
5298-GSTLM,Female,68,60,91260.0,HNI,0,1,0,0.1637,One year,Fiber optic,101.4
4450-YOOHP,Female,49,39,45585.0,Affluent,1,1,0,0.4071,Month-to-month,DSL,50.65
6728-CZFEI,Female,36,15,50535.0,Affluent,0,0,0,0.2298,One year,DSL,56.15
5748-RNCJT,Male,65,69,95850.0,HNI,0,1,1,0.5455,Two year,Fiber optic,106.5
3653-NCRDJ,Male,51,43,17280.0,Mass,0,0,0,0.1064,One year,No,19.2
6121-TNHBO,Female,68,63,74700.0,HNI,0,1,0,0.1322,One year,DSL,83.0
5119-NZPTV,Male,68,2,63090.0,Affluent,1,0,0,0.5331,Month-to-month,Fiber optic,70.1
6519-ZHPXP,Female,65,72,97470.0,HNI,0,1,0,0.1395,Two year,Fiber optic,108.3
7739-LAXOG,Female,45,32,81945.0,HNI,1,1,1,0.8773,Month-to-month,Fiber optic,91.05
3472-QPRCH,Male,50,40,22725.0,Mass,0,1,0,0.1223,Two year,No,25.25
8224-UAXBZ,Female,59,58,40815.0,Mass,0,0,0,0.0984,One year,DSL,45.35
9610-WCESF,Male,64,67,39510.0,Mass,0,0,0,0.0719,Two year,DSL,43.9
9776-CLUJA,Female,68,51,69750.0,Affluent,1,0,1,0.8082,Month-to-month,Fiber optic,77.5
2486-WYVVE,Male,45,31,71370.0,Affluent,0,0,0,0.2152,One year,DSL,79.3
3865-ZYKAD,Male,68,69,76410.0,HNI,1,1,0,0.3682,Month-to-month,Fiber optic,84.9
1422-DGUBX,Male,45,32,71325.0,Affluent,0,0,0,0.2124,One year,Fiber optic,79.25
2999-AANRQ,Female,39,21,63945.0,Affluent,0,1,0,0.2322,Two year,DSL,71.05
8668-KNZTI,Male,56,52,48375.0,Affluent,0,0,0,0.1254,One year,DSL,53.75
0480-KYJVA,Female,65,72,21825.0,Mass,0,1,0,0.0334,Two year,No,24.25
6034-ZRYCV,Female,65,72,48780.0,Affluent,0,0,1,0.4712,Two year,DSL,54.2
9746-YKGXB,Male,56,52,39825.0,Mass,0,1,0,0.1134,One year,DSL,44.25
3926-YZVVX,Female,50,41,45045.0,Affluent,0,1,0,0.1509,One year,DSL,50.05
6000-UKLWI,Male,50,41,18135.0,Mass,0,0,0,0.1131,Two year,No,20.15
2079-FBMZK,Female,31,6,62325.0,Affluent,1,0,1,0.921,Month-to-month,Fiber optic,69.25
6332-FBZRI,Male,64,67,62415.0,Affluent,0,1,0,0.104,One year,DSL,69.35
2096-XOTMO,Female,36,16,17415.0,Mass,1,0,0,0.4306,Month-to-month,No,19.35
3266-FTKHB,Male,37,17,17235.0,Mass,0,0,0,0.1776,Two year,No,19.15
8221-EQDGL,Male,47,35,54900.0,Affluent,1,0,0,0.4312,Month-to-month,DSL,61.0
2346-LOCWC,Female,59,58,18450.0,Mass,0,1,0,0.067,Two year,No,20.5
6608-QQLVK,Male,28,1,45450.0,Affluent,1,0,1,0.911,Month-to-month,DSL,50.5
0298-XACET,Male,56,52,45180.0,Affluent,0,0,0,0.1209,Two year,DSL,50.2
7560-QJAVJ,Female,65,70,71640.0,Affluent,0,1,0,0.1088,Two year,DSL,79.6
2995-YWTCD,Female,38,19,22410.0,Mass,0,1,0,0.1794,Two year,No,24.9
3551-HUAZH,Male,68,1,66960.0,Affluent,1,0,1,0.9412,Month-to-month,Fiber optic,74.4
9137-UIYPG,Female,47,35,96210.0,HNI,1,0,0,0.4891,Month-to-month,Fiber optic,106.9
2809-ZMYOQ,Female,45,32,91215.0,HNI,1,0,0,0.4903,Month-to-month,Fiber optic,101.35
5084-OOVCJ,Female,37,17,49815.0,Affluent,1,1,0,0.4733,Month-to-month,DSL,55.35
0254-WWRKD,Female,64,67,45495.0,Affluent,0,1,0,0.0803,One year,DSL,50.55
7727-SHVZV,Female,32,9,17550.0,Mass,1,1,0,0.45,Month-to-month,No,19.5
6302-JGYRJ,Male,45,31,71505.0,Affluent,0,0,1,0.6154,One year,DSL,79.45
5339-PXDVH,Male,30,4,81585.0,HNI,1,0,0,0.5535,Month-to-month,Fiber optic,90.65
2205-LPVGL,Male,68,58,80865.0,HNI,0,1,0,0.1546,One year,Fiber optic,89.85
8782-NUUOL,Male,61,60,71100.0,Affluent,0,0,0,0.1354,One year,DSL,79.0
3685-YLCMQ,Male,59,58,94185.0,HNI,0,0,1,0.5733,One year,Fiber optic,104.65
7601-WFVZV,Male,28,1,17595.0,Mass,1,0,0,0.472,Month-to-month,No,19.55
4609-KNNWG,Female,42,27,17910.0,Mass,0,0,0,0.1512,Two year,No,19.9
4868-AADLV,Male,68,66,104625.0,HNI,0,0,0,0.166,One year,Fiber optic,116.25
9529-OFXHY,Male,36,15,78975.0,HNI,1,1,0,0.5197,Month-to-month,Fiber optic,87.75
8634-MPHTR,Male,68,47,90045.0,HNI,1,0,1,0.8476,Month-to-month,Fiber optic,100.05
2669-QVCRG,Female,50,41,73170.0,HNI,1,1,0,0.4404,Month-to-month,Fiber optic,81.3
2478-EEWWM,Male,60,59,39870.0,Mass,1,0,0,0.3443,Month-to-month,DSL,44.3
9174-IHETN,Female,55,50,63315.0,Affluent,0,1,0,0.1519,Two year,Fiber optic,70.35
2233-TXSIU,Male,37,17,40005.0,Mass,0,1,0,0.2096,One year,DSL,44.45
9644-UMGQA,Male,31,6,44235.0,Mass,1,0,0,0.4956,Month-to-month,DSL,49.15
3256-EZDBI,Male,68,51,26505.0,Mass,1,1,0,0.3475,Month-to-month,DSL,29.45
8761-NSOBC,Male,52,44,90495.0,HNI,1,0,1,0.8565,Month-to-month,Fiber optic,100.55
0419-YAAPX,Male,54,49,76770.0,HNI,1,1,0,0.4235,Month-to-month,Fiber optic,85.3
8413-VONUO,Male,29,2,86085.0,HNI,1,0,1,0.9653,Month-to-month,Fiber optic,95.65
0872-CASZJ,Male,60,59,62190.0,Affluent,0,0,0,0.1256,One year,DSL,69.1
4726-DLWQN,Male,68,50,63315.0,Affluent,1,1,0,0.4019,Month-to-month,DSL,70.35
8164-OCKUJ,Female,60,59,18540.0,Mass,0,0,0,0.0644,Two year,No,20.6
3094-JOJAI,Male,37,18,66735.0,Affluent,1,0,0,0.4943,Month-to-month,Fiber optic,74.15
9494-MRNYX,Male,33,10,67545.0,Affluent,1,0,0,0.5174,Month-to-month,Fiber optic,75.05
2599-CZABP,Male,35,14,40140.0,Mass,0,0,0,0.218,One year,DSL,44.6
7945-PRBVF,Male,47,35,19305.0,Mass,0,1,0,0.1312,Two year,No,21.45
4544-RXFMG,Male,32,8,39105.0,Mass,0,0,0,0.233,One year,DSL,43.45
0859-YGKFW,Male,37,18,18045.0,Mass,0,1,0,0.176,One year,No,20.05
1150-FTQGN,Female,61,60,84735.0,HNI,0,1,0,0.1545,One year,Fiber optic,94.15
9223-UCPVT,Female,28,1,84960.0,HNI,1,0,1,0.9665,Month-to-month,Fiber optic,94.4
7196-LIWRH,Female,31,6,17595.0,Mass,0,0,0,0.2083,Two year,No,19.55
5448-VWNAM,Female,38,19,68310.0,Affluent,1,0,0,0.4938,Month-to-month,DSL,75.9
1177-XZBJL,Male,57,53,57735.0,Affluent,0,1,0,0.1358,One year,DSL,64.15
3518-FSTWG,Male,68,72,98595.0,HNI,0,1,0,0.1411,Two year,Fiber optic,109.55
9330-VOFSZ,Female,61,60,99720.0,HNI,0,1,0,0.1756,Two year,Fiber optic,110.8
4351-QLCSU,Female,28,1,49500.0,Affluent,1,1,1,0.9167,Month-to-month,DSL,55.0
0939-EREMR,Female,35,13,48105.0,Affluent,1,0,0,0.4819,Month-to-month,DSL,53.45
9389-ACWBI,Female,30,5,62955.0,Affluent,1,1,0,0.5247,Month-to-month,Fiber optic,69.95
5419-JPRRN,Male,28,1,91305.0,HNI,1,0,1,0.9754,Month-to-month,Fiber optic,101.45
3644-QXEHN,Male,35,13,87300.0,HNI,1,0,0,0.5369,Month-to-month,Fiber optic,97.0
2911-IJORQ,Male,48,37,81540.0,HNI,0,1,0,0.2131,One year,DSL,90.6
5921-NGYRH,Male,63,64,66195.0,Affluent,1,0,0,0.3676,Month-to-month,Fiber optic,73.55
2100-BDNSN,Female,30,5,61155.0,Affluent,1,1,1,0.9221,Month-to-month,DSL,67.95
5998-DZLYR,Female,61,61,84915.0,HNI,0,1,0,0.1521,Two year,Fiber optic,94.35
0488-GSLFR,Female,28,1,62550.0,Affluent,1,0,1,0.935,Month-to-month,Fiber optic,69.5
9318-NKNFC,Male,28,1,16965.0,Mass,1,0,1,0.8711,Month-to-month,No,18.85
3985-HOYPM,Male,42,26,17460.0,Mass,0,0,0,0.1533,One year,No,19.4
9728-FTTVZ,Female,28,1,62280.0,Affluent,1,0,1,0.9347,Month-to-month,Fiber optic,69.2
9548-LERKT,Male,41,24,17775.0,Mass,0,0,0,0.1592,Two year,No,19.75
6576-FBXOJ,Male,37,17,49140.0,Affluent,0,0,0,0.2224,One year,DSL,54.6
4310-KEDTB,Female,42,26,26820.0,Mass,1,0,0,0.4164,Month-to-month,DSL,29.8
7254-IQWOZ,Male,28,1,62685.0,Affluent,1,0,1,0.9352,Month-to-month,Fiber optic,69.65
2474-BRUCM,Male,68,40,91665.0,HNI,1,0,1,0.8691,Month-to-month,Fiber optic,101.85
4062-HBMOS,Male,56,52,92745.0,HNI,1,0,0,0.4377,Month-to-month,Fiber optic,103.05
0742-NXBGR,Female,28,1,74070.0,HNI,1,0,1,0.9512,Month-to-month,Fiber optic,82.3
2676-ISHSF,Male,28,1,18270.0,Mass,1,0,0,0.4729,Month-to-month,No,20.3
9236-NDUCW,Female,39,21,31590.0,Mass,0,0,0,0.1868,Two year,DSL,35.1
4753-PADAS,Female,64,67,95130.0,HNI,0,1,0,0.15,One year,Fiber optic,105.7
6103-QCKFX,Female,52,44,50625.0,Affluent,1,1,0,0.4005,Month-to-month,DSL,56.25
7781-EWARA,Male,65,70,54315.0,Affluent,0,0,0,0.0845,One year,DSL,60.35
6110-OHIHY,Male,29,3,71325.0,Affluent,1,0,1,0.9419,Month-to-month,Fiber optic,79.25
7018-FPXHH,Male,58,56,53820.0,Affluent,0,1,0,0.1221,Two year,DSL,59.8
5889-LFOLL,Female,35,13,76140.0,HNI,1,0,1,0.9212,Month-to-month,Fiber optic,84.6
5708-EVONK,Female,59,58,84060.0,HNI,1,1,1,0.8091,Month-to-month,Fiber optic,93.4
8708-XPXHZ,Female,51,42,84780.0,HNI,1,0,1,0.8539,Month-to-month,Fiber optic,94.2
0616-ATFGB,Male,68,1,22545.0,Mass,1,0,1,0.8789,Month-to-month,DSL,25.05
0572-ZJKLT,Female,53,46,89685.0,HNI,0,0,0,0.1998,Two year,Fiber optic,99.65
5135-RDDQL,Female,62,63,45585.0,Affluent,0,1,0,0.0914,Two year,DSL,50.65
1353-LJWEM,Male,34,11,54810.0,Affluent,1,0,0,0.4968,Month-to-month,DSL,60.9
1794-SWWKL,Male,36,15,53685.0,Affluent,1,1,0,0.4843,Month-to-month,DSL,59.65
6166-YIPFO,Male,65,72,58230.0,Affluent,0,0,0,0.0845,Two year,DSL,64.7
7016-BPGEU,Female,43,29,22590.0,Mass,1,1,1,0.8023,Month-to-month,DSL,25.1
6876-ADESB,Male,28,1,44055.0,Mass,1,0,1,0.9091,Month-to-month,DSL,48.95
9332-GYWLO,Female,31,6,49365.0,Affluent,1,0,0,0.5028,Month-to-month,DSL,54.85
1963-SVUCV,Male,28,1,40770.0,Mass,1,0,1,0.9045,Month-to-month,DSL,45.3
4184-VODJZ,Male,62,63,82215.0,HNI,0,0,0,0.1428,One year,Fiber optic,91.35
0220-EBGCE,Male,29,2,77265.0,HNI,1,0,1,0.953,Month-to-month,Fiber optic,85.85
1092-WPIVQ,Female,37,18,22590.0,Mass,0,0,0,0.1824,Two year,No,25.1
7233-IOQNP,Female,51,43,30600.0,Mass,1,1,0,0.3751,Month-to-month,DSL,34.0
2834-JKOOW,Female,36,15,41310.0,Mass,0,0,0,0.2169,One year,DSL,45.9
2754-VDLTR,Male,33,10,85680.0,HNI,1,0,1,0.9429,Month-to-month,Fiber optic,95.2
2400-FEQME,Male,58,55,18450.0,Mass,0,0,0,0.0752,Two year,No,20.5
3190-XFANI,Male,54,49,90540.0,HNI,0,1,1,0.5928,One year,Fiber optic,100.6
7551-DACSP,Male,31,6,49770.0,Affluent,1,0,1,0.9034,Month-to-month,DSL,55.3
4957-SREEC,Male,65,70,18315.0,Mass,0,1,0,0.0339,Two year,No,20.35
7235-NXZCP,Male,68,2,67365.0,Affluent,1,0,1,0.9391,Month-to-month,Fiber optic,74.85
0230-UBYPQ,Male,68,63,32490.0,Mass,0,1,0,0.073,One year,DSL,36.1
4923-ADWXJ,Female,41,25,59220.0,Affluent,1,1,0,0.4646,Month-to-month,DSL,65.8
1763-KUAAW,Female,68,18,18315.0,Mass,0,1,0,0.1764,One year,No,20.35
1104-TNLZA,Male,68,28,95220.0,HNI,1,0,0,0.5069,Month-to-month,Fiber optic,105.8
5195-KPUNQ,Female,68,53,87075.0,HNI,0,0,0,0.177,One year,Fiber optic,96.75
0520-FDVVT,Male,47,35,92115.0,HNI,0,1,1,0.6334,One year,Fiber optic,102.35
3439-GVUSX,Male,28,1,21960.0,Mass,1,0,0,0.4781,Month-to-month,DSL,24.4
1444-VVSGW,Male,65,70,104085.0,HNI,0,1,1,0.5543,One year,Fiber optic,115.65
5712-PTIWW,Male,29,2,71865.0,Affluent,1,0,1,0.9454,Month-to-month,Fiber optic,79.85
5949-HGVJL,Female,42,26,65745.0,Affluent,1,0,0,0.471,Month-to-month,DSL,73.05
5203-XEHAX,Female,46,34,57915.0,Affluent,0,0,0,0.1881,One year,DSL,64.35
1635-HDGFT,Female,38,19,18450.0,Mass,0,0,0,0.1738,Two year,No,20.5
3315-TOTBP,Male,36,15,68400.0,Affluent,1,0,1,0.9049,Month-to-month,Fiber optic,76.0
8050-XGRVL,Female,62,62,49275.0,Affluent,0,1,0,0.0993,One year,DSL,54.75
6661-HBGWL,Female,68,42,94275.0,HNI,1,1,1,0.8672,Month-to-month,Fiber optic,104.75
1518-VOWAV,Female,32,9,67185.0,Affluent,1,0,1,0.9196,Month-to-month,DSL,74.65
9828-QHFBK,Male,41,24,46035.0,Affluent,1,0,0,0.4489,Month-to-month,DSL,51.15
3908-MKIMJ,Male,68,68,37755.0,Mass,0,0,0,0.0667,Two year,DSL,41.95
5012-YSPJJ,Male,45,31,48915.0,Affluent,1,0,0,0.4337,Month-to-month,DSL,54.35
5909-ECHUI,Female,28,1,50625.0,Affluent,1,0,1,0.9183,Month-to-month,DSL,56.25
1309-BXVOQ,Male,39,21,95490.0,HNI,1,0,1,0.9265,Month-to-month,Fiber optic,106.1
6728-VOIFY,Female,62,63,86400.0,HNI,0,0,0,0.1487,One year,Fiber optic,96.0
9317-WZPGV,Female,68,2,71775.0,Affluent,1,1,1,0.9453,Month-to-month,Fiber optic,79.75
4891-NLUBA,Female,61,61,55305.0,Affluent,0,1,0,0.1105,Two year,DSL,61.45
2856-HYAPG,Female,28,1,61785.0,Affluent,1,0,1,0.934,Month-to-month,Fiber optic,68.65
8969-PRHFK,Male,37,18,17685.0,Mass,0,0,0,0.1755,One year,No,19.65
0661-KQHNK,Female,31,6,17100.0,Mass,0,1,0,0.2076,One year,No,19.0
8709-KRDVL,Female,46,33,90000.0,HNI,1,0,0,0.4859,Month-to-month,Fiber optic,100.0
4488-PSYCG,Male,36,16,18225.0,Mass,1,1,1,0.8317,Month-to-month,No,20.25
1427-VERSM,Female,58,56,88830.0,HNI,1,0,0,0.4212,Month-to-month,Fiber optic,98.7
9801-NOSHQ,Male,40,23,17820.0,Mass,0,0,0,0.162,One year,No,19.8
6339-YPSAH,Male,32,9,66420.0,Affluent,1,0,0,0.5186,Month-to-month,Fiber optic,73.8
3621-CEOVK,Female,68,14,90180.0,HNI,1,0,1,0.9382,Month-to-month,Fiber optic,100.2
6906-ANDWJ,Male,36,15,67410.0,Affluent,1,1,1,0.9035,Month-to-month,Fiber optic,74.9
2159-TURXX,Male,30,5,18045.0,Mass,1,1,0,0.4616,Month-to-month,No,20.05
1548-FEHVL,Male,61,61,95580.0,HNI,1,0,0,0.417,Month-to-month,Fiber optic,106.2
3795-CAWEX,Male,65,70,104895.0,HNI,0,1,0,0.1554,Two year,Fiber optic,116.55
6215-NQCPY,Male,36,15,89730.0,HNI,1,0,0,0.5348,Month-to-month,Fiber optic,99.7
5647-URDKA,Male,32,8,17730.0,Mass,0,0,0,0.203,Two year,No,19.7
2229-DPMBI,Female,32,8,17550.0,Mass,0,0,0,0.2027,Two year,No,19.5
9626-WEQRM,Female,30,4,26235.0,Mass,1,0,0,0.4759,Month-to-month,DSL,29.15
2188-SXWVT,Female,46,34,49500.0,Affluent,0,0,0,0.1763,One year,DSL,55.0
6258-PVZWJ,Male,65,68,81720.0,HNI,0,1,0,0.1284,Two year,DSL,90.8
1094-BKOSX,Female,52,45,45900.0,Affluent,0,1,0,0.1411,One year,DSL,51.0
6969-MVBAI,Female,68,9,81090.0,HNI,1,0,0,0.5392,Month-to-month,Fiber optic,90.1
2978-XXSOG,Female,40,22,53145.0,Affluent,1,0,0,0.4643,Month-to-month,DSL,59.05
2342-CKIAO,Female,29,2,18270.0,Mass,1,0,0,0.4702,Month-to-month,No,20.3
6953-PBDIN,Male,65,70,65655.0,Affluent,0,1,0,0.1004,Two year,DSL,72.95
3898-BSJYF,Female,33,10,66195.0,Affluent,0,1,0,0.2655,One year,DSL,73.55
3938-YFPXD,Male,65,72,75870.0,HNI,0,1,0,0.1092,Two year,DSL,84.3
7696-AMHOD,Female,54,49,70200.0,Affluent,0,1,0,0.1643,One year,DSL,78.0
2453-SAFNS,Female,68,54,64890.0,Affluent,0,0,0,0.1431,One year,DSL,72.1
9558-IHEZX,Female,65,71,96075.0,HNI,0,1,0,0.1403,Two year,Fiber optic,106.75
9617-UDPEU,Female,40,22,17325.0,Mass,0,0,0,0.164,One year,No,19.25
6340-DACFT,Female,55,50,18495.0,Mass,0,1,0,0.089,Two year,No,20.55
4955-VCWBI,Female,51,43,18000.0,Mass,0,0,0,0.1075,One year,No,20.0
6813-GZQCG,Female,52,45,22185.0,Mass,0,1,0,0.1078,Two year,No,24.65
7426-GSWPO,Male,68,64,93150.0,HNI,1,1,0,0.4054,Month-to-month,Fiber optic,103.5
3389-KTRXV,Female,40,23,21465.0,Mass,0,0,0,0.1671,Two year,No,23.85
3118-UHVVQ,Female,65,68,23220.0,Mass,0,1,0,0.0463,Two year,No,25.8
1031-IIDEO,Female,28,1,63765.0,Affluent,1,0,1,0.9368,Month-to-month,Fiber optic,70.85
5832-XKAES,Male,29,2,62820.0,Affluent,1,1,1,0.9327,Month-to-month,Fiber optic,69.8
3205-MXZRA,Male,42,26,53505.0,Affluent,0,1,0,0.2039,One year,DSL,59.45
4701-AHWMW,Male,58,55,49095.0,Affluent,1,1,1,0.7682,Month-to-month,DSL,54.55
8317-BVKSO,Male,35,14,18045.0,Mass,1,0,0,0.437,Month-to-month,No,20.05
5702-KVQRD,Male,65,71,74295.0,HNI,0,0,0,0.1098,Two year,DSL,82.55
0083-PIVIK,Male,63,64,73125.0,HNI,0,0,0,0.1273,One year,DSL,81.25
9210-IAHGH,Female,31,7,63675.0,Affluent,1,1,1,0.9202,Month-to-month,DSL,70.75
6169-PGNCD,Female,59,57,66870.0,Affluent,0,1,0,0.1377,Two year,DSL,74.3
0023-XUOPT,Female,35,13,84690.0,HNI,1,0,1,0.9332,Month-to-month,Fiber optic,94.1
4592-IWTJI,Female,29,3,26730.0,Mass,1,1,1,0.8793,Month-to-month,DSL,29.7
4909-JOUPP,Male,68,72,98730.0,HNI,0,1,0,0.1413,Two year,Fiber optic,109.7
4657-FWVFY,Female,50,40,86715.0,HNI,1,1,0,0.4621,Month-to-month,Fiber optic,96.35
2257-BOVXD,Male,35,14,59940.0,Affluent,1,1,0,0.4958,Month-to-month,DSL,66.6
7729-JTEEC,Male,29,2,40050.0,Mass,1,0,0,0.5007,Month-to-month,DSL,44.5
7632-MNYOY,Male,68,66,99810.0,HNI,0,1,1,0.5593,One year,Fiber optic,110.9
6518-LGAOV,Female,48,38,94500.0,HNI,1,0,1,0.8785,Month-to-month,Fiber optic,105.0
7242-QZLXF,Male,28,1,22770.0,Mass,1,0,1,0.8792,Month-to-month,DSL,25.3
4576-CSAJH,Male,40,22,49635.0,Affluent,0,1,1,0.6094,One year,DSL,55.15
1000-AJSLD,Male,28,1,18090.0,Mass,1,0,1,0.8726,Month-to-month,No,20.1
9696-RMYBA,Male,30,5,72090.0,HNI,1,0,0,0.5375,Month-to-month,Fiber optic,80.1
8690-UPCZI,Male,43,29,62145.0,Affluent,0,1,0,0.2078,One year,DSL,69.05
1062-LHZOD,Male,28,1,62910.0,Affluent,1,0,1,0.9356,Month-to-month,Fiber optic,69.9
9770-LXDBK,Female,29,3,18360.0,Mass,1,0,0,0.4675,Month-to-month,No,20.4
4086-WITJG,Male,65,71,17730.0,Mass,0,1,0,0.0304,Two year,No,19.7
8344-WFMFH,Male,32,9,45090.0,Affluent,1,0,0,0.4886,Month-to-month,DSL,50.1
9600-NAXZN,Male,51,43,91260.0,HNI,1,0,1,0.8603,Month-to-month,Fiber optic,101.4
8822-KNBHV,Female,54,48,75105.0,HNI,0,1,0,0.1739,One year,DSL,83.45
8404-FYDIB,Male,42,26,77985.0,HNI,1,1,0,0.4882,Month-to-month,Fiber optic,86.65
2791-SFVEW,Female,32,9,18135.0,Mass,1,1,0,0.4508,Month-to-month,No,20.15
6457-USBER,Male,28,1,72720.0,HNI,1,0,1,0.9493,Month-to-month,Fiber optic,80.8
6762-NSODU,Female,53,46,17460.0,Mass,0,1,0,0.0985,Two year,No,19.4
4662-EKDPQ,Male,29,2,55845.0,Affluent,1,1,1,0.9229,Month-to-month,DSL,62.05
9248-OJYKK,Male,68,1,68805.0,Affluent,1,0,1,0.9438,Month-to-month,Fiber optic,76.45
9888-ZCUMM,Male,63,64,54045.0,Affluent,0,1,0,0.1005,Two year,DSL,60.05
3398-FSHON,Female,68,12,82170.0,HNI,1,0,1,0.9324,Month-to-month,Fiber optic,91.3
3319-DWOEP,Male,68,6,86175.0,HNI,1,0,1,0.9545,Month-to-month,Fiber optic,95.75
1074-WVEVG,Female,60,59,18315.0,Mass,0,0,0,0.0641,One year,No,20.35
9979-RGMZT,Female,31,7,84645.0,HNI,0,0,0,0.2996,One year,Fiber optic,94.05
6437-UDQJM,Female,68,72,75690.0,HNI,0,1,0,0.109,Two year,DSL,84.1
1226-IENZN,Male,68,16,70875.0,Affluent,1,0,0,0.5056,Month-to-month,Fiber optic,78.75
2108-GLPQB,Male,41,25,49995.0,Affluent,1,1,0,0.4517,Month-to-month,DSL,55.55
9259-PACGQ,Female,46,34,56385.0,Affluent,1,0,1,0.836,Month-to-month,DSL,62.65
4415-IJZTP,Female,28,1,67050.0,Affluent,1,0,1,0.9414,Month-to-month,Fiber optic,74.5
1465-VINDH,Female,33,10,91890.0,HNI,1,1,1,0.9516,Month-to-month,Fiber optic,102.1
5474-LAMUQ,Male,41,24,18090.0,Mass,0,0,0,0.1596,One year,No,20.1
3468-DRVQJ,Female,33,10,63270.0,Affluent,0,0,0,0.2614,One year,DSL,70.3
1122-YJBCS,Male,65,69,48285.0,Affluent,0,1,0,0.0787,One year,DSL,53.65
4990-ALDGW,Male,59,57,18675.0,Mass,0,0,0,0.07,Two year,No,20.75
4816-OKWNX,Male,55,50,93060.0,HNI,0,1,0,0.1936,One year,Fiber optic,103.4
3315-IKYZQ,Male,43,28,45720.0,Affluent,0,0,0,0.1875,One year,DSL,50.8
2810-FTLEM,Female,36,16,45135.0,Affluent,1,0,1,0.8695,Month-to-month,DSL,50.15
4747-LCAQL,Male,41,25,71100.0,Affluent,1,0,0,0.4813,Month-to-month,DSL,79.0
3411-WLRSQ,Female,68,3,67140.0,Affluent,1,1,0,0.536,Month-to-month,Fiber optic,74.6
0898-XCGTF,Male,61,61,86850.0,HNI,0,1,0,0.1548,One year,Fiber optic,96.5
8006-PYCSW,Female,29,2,18090.0,Mass,1,0,0,0.4699,Month-to-month,No,20.1
8249-THVEC,Male,56,51,17460.0,Mass,0,0,0,0.0848,One year,No,19.4
8722-PRFDV,Female,65,71,69795.0,Affluent,0,1,0,0.1034,Two year,DSL,77.55
2164-SOQXL,Female,39,20,18045.0,Mass,1,0,0,0.4205,Month-to-month,No,20.05
4020-KIUDI,Male,31,6,17865.0,Mass,1,1,0,0.4586,Month-to-month,No,19.85
5850-BDWCY,Female,31,6,18180.0,Mass,1,0,0,0.4591,Month-to-month,No,20.2
2038-YSEZE,Female,43,29,60705.0,Affluent,1,0,0,0.4557,Month-to-month,DSL,67.45
0827-ITJPH,Male,47,36,16695.0,Mass,0,1,0,0.1248,Two year,No,18.55
8799-OXZMD,Female,43,28,26775.0,Mass,1,0,0,0.4109,Month-to-month,DSL,29.75
1925-TIBLE,Female,31,7,77850.0,HNI,1,0,1,0.9401,Month-to-month,Fiber optic,86.5
1705-GUHPV,Female,62,63,21780.0,Mass,0,0,0,0.058,Two year,No,24.2
4779-ZGICK,Male,54,48,21195.0,Mass,0,0,0,0.0982,Two year,No,23.55
0048-PIHNL,Female,54,49,18405.0,Mass,0,1,0,0.0916,One year,No,20.45
0818-OCPZO,Male,68,27,73305.0,HNI,1,0,1,0.8789,Month-to-month,Fiber optic,81.45
3967-KXAPS,Male,65,72,83070.0,HNI,0,1,0,0.1193,Two year,DSL,92.3
1447-GIQMR,Male,28,1,62235.0,Affluent,1,0,1,0.9346,Month-to-month,Fiber optic,69.15
3704-IEAXF,Female,65,72,48285.0,Affluent,0,1,0,0.0705,Two year,DSL,53.65
6810-VCAEX,Female,53,47,35685.0,Mass,0,1,0,0.1213,One year,DSL,39.65
0674-EYYZV,Female,28,1,49185.0,Affluent,1,0,0,0.5163,Month-to-month,DSL,54.65
4480-MBMLB,Female,47,36,94320.0,HNI,0,1,0,0.2337,One year,Fiber optic,104.8
1395-OFUWC,Male,51,43,26370.0,Mass,1,1,0,0.3692,Month-to-month,DSL,29.3
0822-QGCXA,Female,68,27,75465.0,HNI,1,0,0,0.4819,Month-to-month,DSL,83.85
0872-NXJYS,Female,32,9,71595.0,Affluent,1,0,1,0.9258,Month-to-month,Fiber optic,79.55
2832-KJCRD,Female,48,38,93285.0,HNI,1,0,0,0.4768,Month-to-month,Fiber optic,103.65
3588-WSTTJ,Female,68,35,89145.0,HNI,1,0,0,0.4792,Month-to-month,Fiber optic,99.05
4075-WKNIU,Female,28,0,66015.0,Affluent,0,0,0,0.2927,Two year,DSL,73.35
5090-EMGTC,Female,60,59,90045.0,HNI,0,0,0,0.1647,Two year,Fiber optic,100.05
2346-CZYIL,Male,42,27,18315.0,Mass,0,1,0,0.1517,Two year,No,20.35
3798-EPWRR,Female,68,2,39555.0,Mass,1,0,0,0.5,Month-to-month,DSL,43.95
6258-NGCNG,Male,31,7,21150.0,Mass,1,0,0,0.4605,Month-to-month,No,23.5
4186-ZBUEW,Female,47,36,63630.0,Affluent,0,0,0,0.1907,One year,DSL,70.7
5274-XHAKY,Female,50,41,84870.0,HNI,1,1,0,0.4568,Month-to-month,Fiber optic,94.3
1442-BQPVU,Female,35,13,26235.0,Mass,1,0,0,0.4512,Month-to-month,DSL,29.15
3978-YNKDD,Male,38,19,18765.0,Mass,0,1,0,0.1743,Two year,No,20.85
4940-KHCWD,Female,61,60,33930.0,Mass,0,1,0,0.0832,Two year,DSL,37.7
9412-ARGBX,Female,54,48,85950.0,HNI,0,0,1,0.5891,Two year,Fiber optic,95.5
1389-CXMLU,Male,68,3,81945.0,HNI,1,0,1,0.9568,Month-to-month,Fiber optic,91.05
9589-ABEPT,Male,65,69,83205.0,HNI,0,0,0,0.1277,Two year,Fiber optic,92.45
9388-ZEYVT,Male,51,43,39735.0,Mass,0,0,0,0.138,One year,DSL,44.15
0305-SQECB,Female,34,11,32445.0,Mass,0,0,0,0.2154,One year,DSL,36.05
7605-SNLQG,Female,52,45,45225.0,Affluent,1,1,0,0.3902,Month-to-month,DSL,50.25
4670-TABXH,Male,65,72,98775.0,HNI,0,1,0,0.1414,Two year,Fiber optic,109.75
5561-NWEVX,Female,68,2,71280.0,Affluent,1,0,1,0.9446,Month-to-month,Fiber optic,79.2
0064-SUDOG,Female,34,12,18270.0,Mass,0,1,0,0.1928,Two year,No,20.3
8561-NMTBD,Female,64,67,101115.0,HNI,0,1,0,0.1584,One year,Fiber optic,112.35
5161-XEUVX,Male,48,37,84870.0,HNI,0,0,0,0.2177,Two year,Fiber optic,94.3
8292-FRFZQ,Female,49,39,37035.0,Mass,0,1,0,0.1451,One year,DSL,41.15
8591-NXRCV,Female,50,41,67185.0,Affluent,1,1,0,0.432,Month-to-month,DSL,74.65
7895-VONWT,Female,41,25,43425.0,Mass,1,0,0,0.4425,Month-to-month,DSL,48.25
4526-RMTLL,Male,32,8,68535.0,Affluent,0,1,0,0.2743,Two year,DSL,76.15
6253-GNHWH,Female,65,71,63990.0,Affluent,0,0,0,0.0953,Two year,DSL,71.1
4566-NECEV,Male,30,5,86895.0,HNI,1,0,0,0.5583,Month-to-month,Fiber optic,96.55
8080-POTJR,Female,44,30,71370.0,Affluent,0,1,0,0.218,One year,DSL,79.3
6906-MPARY,Male,50,40,80640.0,HNI,0,1,0,0.2036,One year,Fiber optic,89.6
3662-FXJFO,Female,57,54,18450.0,Mass,0,0,0,0.0779,Two year,No,20.5
8107-RZLNV,Male,65,72,95670.0,HNI,0,1,0,0.137,Two year,Fiber optic,106.3
0516-OOHAR,Male,43,28,90315.0,HNI,0,1,0,0.25,One year,Fiber optic,100.35
2027-CWDNU,Male,37,18,77040.0,HNI,1,0,0,0.5088,Month-to-month,Fiber optic,85.6
2737-WFVYW,Female,29,2,40725.0,Mass,1,0,1,0.9017,Month-to-month,DSL,45.25
9912-OMZDS,Female,60,59,95535.0,HNI,0,0,0,0.1724,One year,Fiber optic,106.15
3733-ZEECP,Male,40,22,45990.0,Affluent,1,0,0,0.4543,Month-to-month,DSL,51.1
7878-RTCZG,Female,28,1,17910.0,Mass,1,0,0,0.4724,Month-to-month,No,19.9
2452-MRMZF,Female,68,72,23130.0,Mass,0,1,0,0.0352,Two year,No,25.7
2272-QAGFO,Female,68,14,66870.0,Affluent,1,0,1,0.9055,Month-to-month,Fiber optic,74.3
7103-IPXPJ,Male,55,50,89460.0,HNI,0,0,0,0.1886,One year,Fiber optic,99.4
4342-HFXWS,Female,54,48,62730.0,Affluent,0,1,0,0.1565,One year,DSL,69.7
3545-CNWRG,Female,54,49,88515.0,HNI,1,0,0,0.44,Month-to-month,Fiber optic,98.35
1785-BPHTP,Male,43,28,76905.0,HNI,1,0,0,0.4812,Month-to-month,Fiber optic,85.45
4989-LIXVT,Male,68,68,86310.0,HNI,1,0,0,0.3848,Month-to-month,Fiber optic,95.9
7315-WYOAW,Male,35,13,90675.0,HNI,1,0,0,0.5416,Month-to-month,Fiber optic,100.75
1173-XZPYF,Female,34,11,80280.0,HNI,1,0,0,0.5325,Month-to-month,Fiber optic,89.2
9850-OWRHQ,Female,29,3,66690.0,Affluent,1,1,1,0.9354,Month-to-month,Fiber optic,74.1
3768-NLUBH,Male,68,57,90540.0,HNI,1,0,1,0.8209,Month-to-month,Fiber optic,100.6
8676-TRMJS,Male,29,3,67500.0,Affluent,1,0,1,0.9365,Month-to-month,Fiber optic,75.0
2509-TFPJU,Male,65,72,23175.0,Mass,0,1,0,0.0353,Two year,No,25.75
9530-GRMJG,Male,65,70,75690.0,HNI,0,0,0,0.1145,Two year,DSL,84.1
6898-RBTLU,Female,54,49,71370.0,Affluent,0,1,0,0.1659,Two year,DSL,79.3
5481-NTDOH,Female,68,67,96345.0,HNI,0,1,0,0.1517,One year,Fiber optic,107.05
2068-WWXQZ,Male,53,46,18045.0,Mass,0,1,0,0.0993,Two year,No,20.05
7359-SSBJK,Female,68,64,63180.0,Affluent,0,1,1,0.5133,Two year,DSL,70.2
2061-VVFST,Female,48,37,17550.0,Mass,1,1,0,0.3733,Month-to-month,No,19.5
0685-MLYYM,Female,68,2,63675.0,Affluent,1,0,1,0.9339,Month-to-month,Fiber optic,70.75
0749-IRGQE,Female,68,13,40770.0,Mass,1,0,0,0.4716,Month-to-month,DSL,45.3
2380-DAMQP,Female,65,72,103635.0,HNI,0,0,0,0.1482,Two year,Fiber optic,115.15
2256-YLYLP,Male,65,68,65655.0,Affluent,0,1,0,0.1058,Two year,DSL,72.95
1272-ILHFG,Male,36,15,17685.0,Mass,0,0,0,0.1837,One year,No,19.65
0164-XAIRP,Female,41,24,17595.0,Mass,0,1,0,0.1589,Two year,No,19.55
5666-CYCYZ,Female,41,24,80595.0,HNI,1,0,0,0.4974,Month-to-month,Fiber optic,89.55
4011-ARPHK,Male,42,27,45315.0,Affluent,1,0,0,0.4396,Month-to-month,DSL,50.35
8182-PNAGI,Male,34,12,45225.0,Affluent,1,1,1,0.8806,Month-to-month,DSL,50.25
6365-HITVU,Female,65,71,78525.0,HNI,0,1,0,0.1157,Two year,DSL,87.25
7558-IMLMT,Male,64,67,18720.0,Mass,0,0,0,0.0427,Two year,No,20.8
9488-FYQAU,Female,62,63,98325.0,HNI,0,1,0,0.1654,Two year,Fiber optic,109.25
3590-TCXTB,Male,28,1,18315.0,Mass,1,0,0,0.473,Month-to-month,No,20.35
6994-KERXL,Male,30,4,50310.0,Affluent,1,0,0,0.5097,Month-to-month,DSL,55.9
7957-RYHQD,Female,68,40,71280.0,Affluent,1,1,1,0.8405,Month-to-month,Fiber optic,79.2
2180-DXNEG,Female,34,12,86400.0,HNI,1,0,1,0.9384,Month-to-month,Fiber optic,96.0
1960-UOTYM,Male,56,52,71280.0,Affluent,0,0,0,0.1576,Two year,DSL,79.2
2740-JFBOK,Male,33,10,21600.0,Mass,1,0,0,0.4529,Month-to-month,No,24.0
6500-JVEGC,Male,65,68,91215.0,HNI,0,1,0,0.1417,One year,Fiber optic,101.35
5515-AKOAJ,Female,57,54,90090.0,HNI,1,0,1,0.8285,Month-to-month,Fiber optic,100.1
8976-OQHGT,Female,30,4,50850.0,Affluent,1,0,1,0.9104,Month-to-month,DSL,56.5
5245-VDBUR,Female,56,52,31905.0,Mass,0,0,0,0.1023,One year,DSL,35.45
6230-BSUXY,Female,68,1,76500.0,HNI,1,0,1,0.9546,Month-to-month,Fiber optic,85.0
8469-SNFFH,Male,65,70,71460.0,Affluent,0,1,0,0.1085,One year,DSL,79.4
2144-ESWKO,Male,51,43,31680.0,Mass,0,1,0,0.1267,One year,DSL,35.2
1241-FPMOF,Male,56,52,17685.0,Mass,0,0,0,0.0824,Two year,No,19.65
9928-BZVLZ,Female,34,12,44865.0,Mass,0,0,0,0.2301,Two year,DSL,49.85
4114-QMKVN,Female,58,56,61875.0,Affluent,0,1,0,0.1334,One year,DSL,68.75
2775-SEFEE,Male,28,0,55710.0,Affluent,0,1,0,0.2782,Two year,DSL,61.9
9003-CPATH,Male,51,42,71910.0,Affluent,1,0,0,0.4359,Month-to-month,Fiber optic,79.9
1754-GKYPY,Male,68,22,80775.0,HNI,1,1,0,0.5031,Month-to-month,Fiber optic,89.75
5294-CDGWY,Male,56,51,53370.0,Affluent,0,0,1,0.5352,One year,DSL,59.3
7956-XQWGU,Male,42,27,17460.0,Mass,1,1,0,0.4005,Month-to-month,No,19.4
1591-MQJTP,Male,68,51,84285.0,HNI,0,1,0,0.1786,One year,Fiber optic,93.65
5295-PCJOO,Male,30,4,44460.0,Mass,1,0,1,0.9014,Month-to-month,DSL,49.4
2369-FEVNO,Male,28,1,17910.0,Mass,1,0,0,0.4724,Month-to-month,No,19.9
9863-JZAIC,Male,47,35,49500.0,Affluent,1,0,1,0.8236,Month-to-month,DSL,55.0
7471-MQPOS,Male,68,71,65610.0,Affluent,0,1,0,0.0976,One year,DSL,72.9
7660-HDPJV,Female,28,1,62280.0,Affluent,1,0,1,0.9347,Month-to-month,Fiber optic,69.2
5115-SQAAU,Female,65,69,23040.0,Mass,0,1,0,0.0433,Two year,No,25.6
9845-QOMAD,Male,35,14,17775.0,Mass,0,0,0,0.1866,One year,No,19.75
7672-VFMXZ,Male,59,57,50130.0,Affluent,1,0,0,0.3642,Month-to-month,DSL,55.7
9739-JLPQJ,Female,65,72,105750.0,HNI,0,1,0,0.1512,Two year,Fiber optic,117.5
9916-AYHTC,Male,54,48,17865.0,Mass,0,1,0,0.0936,Two year,No,19.85
3855-ONCAR,Female,30,4,71010.0,Affluent,1,0,0,0.5387,Month-to-month,Fiber optic,78.9
1488-SYSFC,Male,45,31,18585.0,Mass,1,0,0,0.3912,Month-to-month,No,20.65
7931-PXHFC,Male,48,38,56070.0,Affluent,0,0,1,0.5746,One year,DSL,62.3
3990-QYKBE,Male,68,37,83250.0,HNI,1,0,1,0.8655,Month-to-month,Fiber optic,92.5
0970-QXPXW,Female,28,1,17685.0,Mass,1,0,0,0.4721,Month-to-month,No,19.65
3259-KNMRR,Male,68,57,71775.0,Affluent,0,1,0,0.1446,Two year,DSL,79.75
6120-RJKLU,Female,68,62,71955.0,Affluent,0,1,0,0.1311,Two year,DSL,79.95
9572-WUKSB,Male,29,3,26910.0,Mass,1,0,0,0.4795,Month-to-month,DSL,29.9
5893-KCLGT,Female,65,72,17775.0,Mass,0,0,0,0.0277,Two year,No,19.75
0076-LVEPS,Male,43,29,40500.0,Mass,1,0,0,0.4274,Month-to-month,DSL,45.0
3640-JQGJG,Male,35,13,40320.0,Mass,1,1,0,0.471,Month-to-month,DSL,44.8
4919-MOAVT,Male,29,3,62685.0,Affluent,1,0,1,0.9298,Month-to-month,Fiber optic,69.65
1596-OQSPS,Female,34,11,45990.0,Affluent,1,0,0,0.4844,Month-to-month,DSL,51.1
9867-XOBQA,Female,39,21,47835.0,Affluent,0,0,0,0.2096,Two year,DSL,53.15
9546-KDTRB,Female,38,19,22230.0,Mass,1,1,0,0.4291,Month-to-month,No,24.7
3090-HAWSU,Male,61,61,100440.0,HNI,0,1,1,0.5738,Two year,Fiber optic,111.6
9820-RMCQV,Female,34,11,43695.0,Mass,1,1,1,0.8812,Month-to-month,DSL,48.55
3174-RKMOW,Male,47,35,98955.0,HNI,1,0,0,0.493,Month-to-month,Fiber optic,109.95
1760-CAZHT,Male,41,25,18720.0,Mass,1,0,0,0.4078,Month-to-month,No,20.8
7839-QRKXN,Female,28,1,18180.0,Mass,1,0,1,0.8728,Month-to-month,No,20.2
8441-SHIPE,Female,64,67,23040.0,Mass,0,1,0,0.0488,Two year,No,25.6
5204-QZXPU,Male,38,19,35685.0,Mass,1,0,1,0.848,Month-to-month,DSL,39.65
4597-ELFTS,Male,58,56,22410.0,Mass,0,0,1,0.478,One year,No,24.9
1320-GVNHT,Male,65,72,97560.0,HNI,0,1,0,0.1397,Two year,Fiber optic,108.4
1047-RNXZV,Male,51,43,17595.0,Mass,0,0,0,0.1069,Two year,No,19.55
3541-ZNUHK,Female,58,55,76590.0,HNI,1,0,0,0.4068,Month-to-month,Fiber optic,85.1
8450-JOVAH,Male,29,2,51030.0,Affluent,1,0,1,0.9161,Month-to-month,DSL,56.7
8725-JEDFD,Male,42,27,62145.0,Affluent,1,0,0,0.4632,Month-to-month,Fiber optic,69.05
7562-UXTPG,Female,35,13,63135.0,Affluent,1,0,0,0.503,Month-to-month,Fiber optic,70.15
8071-SBTRN,Female,65,70,100035.0,HNI,0,0,0,0.1486,Two year,Fiber optic,111.15
1113-IUJYX,Female,35,14,95355.0,HNI,0,0,1,0.6955,One year,Fiber optic,105.95
6668-CNMFP,Female,38,19,80415.0,HNI,0,1,0,0.2608,One year,Fiber optic,89.35
5626-MGTUK,Female,39,20,80190.0,HNI,1,1,0,0.5078,Month-to-month,Fiber optic,89.1
5681-LLOEI,Male,51,43,82125.0,HNI,0,1,0,0.1975,One year,Fiber optic,91.25
8212-DJRCH,Male,30,5,81315.0,HNI,1,0,0,0.5504,Month-to-month,Fiber optic,90.35
4323-OHFOW,Female,68,70,94995.0,HNI,0,1,0,0.1415,One year,Fiber optic,105.55
4933-BSAIP,Female,50,40,17190.0,Mass,0,0,0,0.1145,Two year,No,19.1
2030-BTZRO,Male,31,6,18360.0,Mass,0,1,0,0.2093,Two year,No,20.4
1116-DXXDF,Male,49,39,90405.0,HNI,0,0,0,0.22,Two year,Fiber optic,100.45
9274-CNFMO,Male,68,4,67455.0,Affluent,1,0,1,0.9337,Month-to-month,Fiber optic,74.95
7758-XKCBS,Male,36,15,26730.0,Mass,1,0,1,0.8464,Month-to-month,DSL,29.7
8992-JQYUN,Male,28,1,45315.0,Affluent,1,0,1,0.9109,Month-to-month,DSL,50.35
6563-VNPMN,Female,68,45,77130.0,HNI,1,1,0,0.435,Month-to-month,Fiber optic,85.7
0617-AQNWT,Female,63,64,43065.0,Mass,0,0,1,0.4851,Two year,DSL,47.85
2267-WTPYD,Female,68,57,84600.0,HNI,1,1,0,0.4126,Month-to-month,Fiber optic,94.0
0270-THENM,Male,65,72,62865.0,Affluent,0,1,0,0.091,Two year,DSL,69.85
2446-PLQVO,Male,28,1,63270.0,Affluent,1,0,1,0.9361,Month-to-month,Fiber optic,70.3
4707-MAXGU,Male,65,72,23265.0,Mass,0,1,0,0.0354,Two year,No,25.85
2710-WYVXG,Female,29,3,63990.0,Affluent,0,0,0,0.2816,Two year,DSL,71.1
3005-NFMTA,Male,68,55,88920.0,HNI,1,0,1,0.8241,Month-to-month,Fiber optic,98.8
6300-BWMJX,Female,60,59,84015.0,HNI,1,0,0,0.4063,Month-to-month,Fiber optic,93.35
8784-CGILN,Female,37,18,89865.0,HNI,1,1,1,0.9268,Month-to-month,Fiber optic,99.85
5389-FFVKB,Male,68,32,72270.0,HNI,1,1,1,0.8638,Month-to-month,Fiber optic,80.3
7009-LGECI,Female,30,4,45495.0,Affluent,1,1,0,0.5029,Month-to-month,DSL,50.55
8444-WRIDW,Female,68,66,72405.0,HNI,1,1,1,0.7708,Month-to-month,Fiber optic,80.45
5022-KVDQT,Male,42,27,73170.0,HNI,1,0,0,0.4787,Month-to-month,Fiber optic,81.3
7976-CICYS,Male,30,4,18630.0,Mass,1,1,0,0.4652,Month-to-month,No,20.7
1036-GUDCL,Male,61,60,71145.0,Affluent,1,1,0,0.3855,Month-to-month,DSL,79.05
2005-DWQZJ,Female,32,8,17145.0,Mass,0,0,0,0.2021,Two year,No,19.05
8148-WOCMK,Male,32,8,17640.0,Mass,0,1,0,0.2028,Two year,No,19.6
7815-PDTHL,Male,47,35,18180.0,Mass,0,0,0,0.1296,Two year,No,20.2
9451-LPGOO,Male,31,7,78120.0,HNI,1,0,1,0.9405,Month-to-month,Fiber optic,86.8
9173-IVZVP,Female,57,53,18810.0,Mass,0,0,0,0.0812,Two year,No,20.9
9129-UXERG,Female,68,18,93240.0,HNI,1,1,0,0.5315,Month-to-month,Fiber optic,103.6
3635-JBPSG,Female,36,15,34920.0,Mass,0,0,0,0.2079,Two year,DSL,38.8
7964-ZRKKG,Male,64,67,79560.0,HNI,0,1,0,0.1281,One year,Fiber optic,88.4
5868-YWPDW,Male,68,6,75780.0,HNI,1,0,1,0.9399,Month-to-month,Fiber optic,84.2
6229-LSCKB,Male,68,6,71730.0,Affluent,1,0,0,0.5342,Month-to-month,Fiber optic,79.7
2025-JKFWI,Male,35,13,89100.0,HNI,1,0,1,0.9394,Month-to-month,Fiber optic,99.0
4078-SAYYN,Female,34,11,90675.0,HNI,1,0,1,0.9471,Month-to-month,Fiber optic,100.75
1724-IQWNM,Male,28,1,17370.0,Mass,1,0,0,0.4716,Month-to-month,No,19.3
8217-QYOHV,Male,30,5,50175.0,Affluent,1,0,0,0.5067,Month-to-month,DSL,55.75
5546-QUERU,Male,35,13,17955.0,Mass,0,0,0,0.1896,One year,No,19.95
9940-HPQPG,Female,32,9,82575.0,HNI,1,1,1,0.9412,Month-to-month,Fiber optic,91.75
6897-UUBNU,Male,43,29,80685.0,HNI,1,0,0,0.4838,Month-to-month,Fiber optic,89.65
6127-IYJOZ,Male,68,1,41265.0,Mass,1,0,0,0.5052,Month-to-month,DSL,45.85
6618-RYATB,Female,28,1,71595.0,Affluent,1,0,1,0.9477,Month-to-month,Fiber optic,79.55
8930-XOTDP,Female,37,18,50355.0,Affluent,1,0,0,0.4714,Month-to-month,DSL,55.95
5916-QEWPT,Female,29,2,62100.0,Affluent,1,1,0,0.5317,Month-to-month,DSL,69.0
5060-TQUQN,Male,44,30,75195.0,HNI,1,1,0,0.4733,Month-to-month,Fiber optic,83.55
0531-XBKMM,Male,64,66,59130.0,Affluent,0,1,0,0.1022,Two year,DSL,65.7
8465-SBRXP,Male,48,38,85410.0,HNI,0,1,0,0.2158,Two year,Fiber optic,94.9
2408-PSJVE,Male,52,44,55710.0,Affluent,1,0,0,0.4076,Month-to-month,DSL,61.9
9079-YEXQJ,Female,57,54,99990.0,HNI,1,0,1,0.8424,Month-to-month,Fiber optic,111.1
9700-ZCLOT,Male,29,2,18000.0,Mass,1,0,0,0.4698,Month-to-month,No,20.0
8738-JOKAR,Female,51,42,60930.0,Affluent,0,0,0,0.1704,One year,DSL,67.7
4534-WGCIR,Female,59,58,22635.0,Mass,0,1,0,0.0729,Two year,No,25.15
1930-WNXSB,Male,59,58,83565.0,HNI,1,0,0,0.4084,Month-to-month,Fiber optic,92.85
2685-SREOM,Female,41,25,80190.0,HNI,1,0,1,0.8941,Month-to-month,Fiber optic,89.1
3508-CFVZL,Female,65,71,100170.0,HNI,0,0,0,0.1461,Two year,Fiber optic,111.3
0402-CQAJN,Female,48,37,91710.0,HNI,1,1,1,0.8773,Month-to-month,Fiber optic,101.9
6692-UDPJC,Female,35,14,82485.0,HNI,1,0,1,0.9274,Month-to-month,Fiber optic,91.65
1273-MTETI,Female,68,4,79965.0,HNI,1,0,1,0.9513,Month-to-month,Fiber optic,88.85
0657-DOGUM,Female,54,48,54540.0,Affluent,0,1,0,0.145,One year,DSL,60.6
5480-HPRRX,Female,68,3,22770.0,Mass,1,0,1,0.8737,Month-to-month,DSL,25.3
8792-AOROI,Female,32,8,58950.0,Affluent,0,0,0,0.2608,Two year,DSL,65.5
0295-PPHDO,Male,28,1,85905.0,HNI,1,0,1,0.9678,Month-to-month,Fiber optic,95.45
5146-YYFRZ,Male,64,67,17955.0,Mass,0,1,0,0.0416,Two year,No,19.95
1195-OIYEJ,Male,35,13,81990.0,HNI,1,0,1,0.9295,Month-to-month,Fiber optic,91.1
5906-CVLHP,Female,52,45,48735.0,Affluent,0,1,1,0.5451,One year,DSL,54.15
3452-SRFEG,Male,54,49,67140.0,Affluent,1,1,0,0.41,Month-to-month,Fiber optic,74.6
4070-OKWVH,Female,56,52,85140.0,HNI,1,1,0,0.427,Month-to-month,Fiber optic,94.6
5297-MDOIR,Female,62,63,73035.0,HNI,0,1,0,0.1299,One year,Fiber optic,81.15
6369-MCAKO,Female,65,68,80145.0,HNI,0,1,0,0.1262,Two year,DSL,89.05
4926-UMJZD,Female,45,31,44280.0,Mass,1,0,0,0.4272,Month-to-month,DSL,49.2
6848-HJTXY,Female,63,64,17505.0,Mass,0,1,0,0.0492,Two year,No,19.45
6341-AEVKX,Female,62,62,93870.0,HNI,0,0,0,0.1619,One year,Fiber optic,104.3
4501-EQDRN,Female,28,1,62730.0,Affluent,1,1,1,0.9353,Month-to-month,Fiber optic,69.7
2990-HWIML,Female,31,6,80550.0,HNI,1,0,1,0.9466,Month-to-month,Fiber optic,89.5
0682-USIXD,Female,39,21,77445.0,HNI,1,0,0,0.5012,Month-to-month,Fiber optic,86.05
6976-BWGLQ,Female,65,72,22680.0,Mass,0,1,0,0.0346,Two year,No,25.2
7078-NVFAM,Female,45,32,31635.0,Mass,1,0,0,0.4067,Month-to-month,DSL,35.15
8065-QBYTO,Female,68,71,89685.0,HNI,0,1,0,0.1314,One year,Fiber optic,99.65
2133-TSRRM,Female,46,34,94815.0,HNI,1,1,0,0.4899,Month-to-month,Fiber optic,105.35
7384-GHBPI,Male,29,3,31635.0,Mass,1,0,1,0.8862,Month-to-month,DSL,35.15
7603-USHJS,Male,34,12,66375.0,Affluent,1,1,1,0.9103,Month-to-month,Fiber optic,73.75
7234-FECYN,Female,68,8,91215.0,HNI,1,0,1,0.9561,Month-to-month,Fiber optic,101.35
2511-ALLCS,Female,47,35,21870.0,Mass,0,1,0,0.1348,Two year,No,24.3
3191-CSNMG,Female,29,3,72630.0,HNI,1,0,0,0.5437,Month-to-month,Fiber optic,80.7
7952-OBOYL,Male,29,3,80865.0,HNI,1,0,0,0.5553,Month-to-month,Fiber optic,89.85
7470-DYNOE,Male,57,53,54990.0,Affluent,0,0,0,0.132,One year,DSL,61.1
7853-OETYL,Female,30,4,26145.0,Mass,1,0,0,0.4757,Month-to-month,DSL,29.05
1545-ACTAS,Female,54,48,89730.0,HNI,0,1,0,0.1944,One year,Fiber optic,99.7
5876-HZVZM,Female,31,6,50310.0,Affluent,1,1,1,0.9042,Month-to-month,DSL,55.9
1400-MMYXY,Male,68,3,95310.0,HNI,1,0,1,0.9755,Month-to-month,Fiber optic,105.9
5126-RCXYW,Male,57,54,41400.0,Mass,0,1,0,0.1102,Two year,DSL,46.0
3085-QUOZK,Female,28,1,39555.0,Mass,1,0,1,0.9028,Month-to-month,DSL,43.95
2363-BJLSL,Male,62,62,72360.0,HNI,1,1,0,0.3817,Month-to-month,DSL,80.4
1956-YIFGE,Male,40,22,90045.0,HNI,0,0,0,0.2661,One year,Fiber optic,100.05
3926-CUQZX,Male,28,1,40590.0,Mass,1,1,1,0.9042,Month-to-month,DSL,45.1
7921-LMDFQ,Male,68,51,84600.0,HNI,0,1,0,0.179,One year,Fiber optic,94.0
2925-MXLSX,Female,44,30,62055.0,Affluent,0,1,0,0.2049,One year,DSL,68.95
5820-PTRYM,Female,68,56,61605.0,Affluent,0,1,0,0.133,One year,DSL,68.45
9609-BENEA,Male,47,35,62100.0,Affluent,0,0,0,0.1913,One year,DSL,69.0
6211-WHMYA,Female,68,64,39465.0,Mass,1,0,0,0.33,Month-to-month,DSL,43.85
4459-BBGHE,Male,44,30,40050.0,Mass,1,0,0,0.424,Month-to-month,DSL,44.5
9945-PSVIP,Female,41,25,16830.0,Mass,0,0,0,0.1551,Two year,No,18.7
1041-RXHRA,Female,50,41,63225.0,Affluent,1,1,1,0.8264,Month-to-month,Fiber optic,70.25
1750-CSKKM,Male,32,9,49815.0,Affluent,1,0,1,0.8953,Month-to-month,DSL,55.35
9108-EJFJP,Female,28,1,48195.0,Affluent,1,0,0,0.5149,Month-to-month,DSL,53.55
0530-IJVDB,Male,65,70,103140.0,HNI,0,0,0,0.153,Two year,Fiber optic,114.6
0508-SQWPL,Female,59,57,18090.0,Mass,0,1,0,0.0692,Two year,No,20.1
2215-ZAFGX,Male,32,9,76950.0,HNI,1,0,0,0.5333,Month-to-month,Fiber optic,85.5
8213-TAZPM,Female,65,69,97875.0,HNI,0,1,0,0.1483,One year,Fiber optic,108.75
7142-HVGBG,Male,68,43,92700.0,HNI,1,0,1,0.8623,Month-to-month,Fiber optic,103.0
1304-SEGFY,Female,65,72,88065.0,HNI,0,0,0,0.1263,Two year,Fiber optic,97.85
7242-EDTYC,Male,52,44,17595.0,Mass,0,1,0,0.1041,Two year,No,19.55
2904-GGUAZ,Female,65,72,75645.0,HNI,0,1,0,0.1089,Two year,Fiber optic,84.05
8267-ZNYVZ,Female,46,33,93375.0,HNI,0,0,1,0.6406,One year,Fiber optic,103.75
5136-GFPMB,Male,57,54,80460.0,HNI,1,1,0,0.415,Month-to-month,Fiber optic,89.4
2595-KIWPV,Male,42,27,17730.0,Mass,0,1,0,0.1509,Two year,No,19.7
5243-SAOTC,Male,57,54,71865.0,Affluent,1,1,0,0.4029,Month-to-month,Fiber optic,79.85
9398-MMQTO,Male,29,3,67005.0,Affluent,1,1,0,0.5358,Month-to-month,Fiber optic,74.45
7619-PLRLP,Female,57,53,66690.0,Affluent,0,1,0,0.1484,One year,DSL,74.1
6457-GIRWB,Male,28,1,62415.0,Affluent,1,0,1,0.9349,Month-to-month,Fiber optic,69.35
6508-NJYRO,Male,36,15,16920.0,Mass,0,0,0,0.1827,One year,No,18.8
1450-SKCVI,Female,58,56,66465.0,Affluent,1,0,1,0.7899,Month-to-month,Fiber optic,73.85
4710-NKCAW,Male,30,5,57960.0,Affluent,1,1,0,0.5176,Month-to-month,DSL,64.4
5306-BVTKJ,Male,54,48,50220.0,Affluent,0,1,0,0.139,One year,DSL,55.8
0357-NVCRI,Female,41,25,18045.0,Mass,1,1,0,0.4068,Month-to-month,No,20.05
5570-PTWEH,Female,29,3,67635.0,Affluent,1,1,1,0.9367,Month-to-month,Fiber optic,75.15
2371-KFUOG,Male,59,58,89235.0,HNI,0,1,0,0.1663,One year,Fiber optic,99.15
0463-ZSDNT,Male,33,10,51075.0,Affluent,1,1,0,0.4943,Month-to-month,DSL,56.75
6502-MJQAE,Male,28,1,62640.0,Affluent,1,0,1,0.9352,Month-to-month,Fiber optic,69.6
6257-DTAYD,Male,65,71,93735.0,HNI,0,1,0,0.137,Two year,Fiber optic,104.15
4616-ULAOA,Female,63,65,99720.0,HNI,0,1,0,0.1619,Two year,Fiber optic,110.8
7693-LCKZL,Male,30,5,72135.0,HNI,1,0,1,0.9375,Month-to-month,Fiber optic,80.15
7746-AWNQW,Female,43,28,32175.0,Mass,1,0,0,0.4184,Month-to-month,DSL,35.75
5996-EBTKM,Female,64,67,62910.0,Affluent,0,1,0,0.1047,Two year,DSL,69.9
2758-RNWXS,Male,47,35,80280.0,HNI,0,0,0,0.2168,One year,Fiber optic,89.2
2314-TNDJQ,Female,65,72,50085.0,Affluent,0,1,0,0.073,Two year,DSL,55.65
2405-LBMUW,Female,61,61,45630.0,Affluent,0,1,0,0.0969,One year,DSL,50.7
3454-JFUBC,Male,68,68,18000.0,Mass,0,1,0,0.039,Two year,No,20.0
0032-PGELS,Female,28,1,27450.0,Mass,1,1,1,0.8858,Month-to-month,DSL,30.5
9039-ZVJDC,Male,29,3,17190.0,Mass,1,0,0,0.4659,Month-to-month,No,19.1
6797-LNAQX,Male,65,70,88470.0,HNI,0,1,1,0.5324,Two year,Fiber optic,98.3
9013-AQORL,Female,54,48,40995.0,Mass,1,1,0,0.376,Month-to-month,DSL,45.55
2898-MRKPI,Male,65,68,90945.0,HNI,0,1,0,0.1413,One year,Fiber optic,101.05
2750-BJLSB,Female,53,47,93330.0,HNI,0,0,0,0.2022,One year,Fiber optic,103.7
3648-GZPHF,Male,45,32,32625.0,Mass,0,0,0,0.1581,One year,DSL,36.25
2075-RMJIK,Female,30,5,44460.0,Mass,1,0,0,0.4987,Month-to-month,DSL,49.4
9588-YRFHY,Male,54,49,17910.0,Mass,0,1,0,0.0909,Two year,No,19.9
6394-MFYNG,Female,54,48,96660.0,HNI,1,1,1,0.8542,Month-to-month,Fiber optic,107.4
1564-NTYXF,Female,68,13,73800.0,HNI,1,0,1,0.918,Month-to-month,Fiber optic,82.0
9364-YKUVW,Male,36,15,17820.0,Mass,1,0,0,0.4339,Month-to-month,No,19.8
5392-AKEMH,Female,34,12,40545.0,Mass,1,0,0,0.474,Month-to-month,DSL,45.05
2451-YMUXS,Male,68,67,58095.0,Affluent,0,1,0,0.098,Two year,DSL,64.55
3914-FDRHP,Male,32,9,77625.0,HNI,1,0,0,0.5343,Month-to-month,Fiber optic,86.25
3078-ZKNTS,Female,35,13,17775.0,Mass,0,1,0,0.1893,Two year,No,19.75
1024-KPRBB,Female,48,38,80190.0,HNI,0,0,0,0.2084,One year,Fiber optic,89.1
4690-PKDQG,Female,68,42,85995.0,HNI,1,0,0,0.4556,Month-to-month,Fiber optic,95.55
8155-IBNHG,Female,41,24,67860.0,Affluent,1,1,1,0.8795,Month-to-month,Fiber optic,75.4
0886-QGENL,Female,68,27,91125.0,HNI,1,0,1,0.9039,Month-to-month,Fiber optic,101.25
9547-ITEFG,Male,32,9,92340.0,HNI,1,1,0,0.5549,Month-to-month,Fiber optic,102.6
1264-FUHCX,Female,54,49,50670.0,Affluent,0,1,0,0.1369,One year,DSL,56.3
7789-CRUVC,Female,68,61,84780.0,HNI,1,1,0,0.4019,Month-to-month,Fiber optic,94.2
6598-KELSS,Male,55,50,38745.0,Mass,0,1,0,0.1174,One year,DSL,43.05
8739-WWKDU,Male,68,25,80550.0,HNI,1,0,1,0.8946,Month-to-month,Fiber optic,89.5
8685-WHQPW,Female,68,22,66960.0,Affluent,1,1,1,0.8837,Month-to-month,Fiber optic,74.4
4745-LSPLO,Male,28,1,18450.0,Mass,1,0,1,0.8732,Month-to-month,No,20.5
8083-YTZES,Male,30,4,66915.0,Affluent,1,0,1,0.933,Month-to-month,Fiber optic,74.35
7240-FQLHE,Female,68,18,89775.0,HNI,1,1,1,0.9267,Month-to-month,Fiber optic,99.75
6664-FPDAC,Female,68,56,100755.0,HNI,0,0,1,0.588,One year,Fiber optic,111.95
9972-VAFJJ,Female,68,53,84600.0,HNI,0,0,0,0.1735,One year,Fiber optic,94.0
0422-UXFAP,Female,56,51,88965.0,HNI,0,0,0,0.1851,One year,Fiber optic,98.85
1904-WAJAA,Female,41,24,57915.0,Affluent,0,0,0,0.2155,Two year,DSL,64.35
5130-YPIRV,Female,62,62,64800.0,Affluent,0,1,0,0.1211,Two year,DSL,72.0
2843-CQMEG,Male,41,24,44730.0,Mass,1,0,0,0.447,Month-to-month,DSL,49.7
6439-PKTRR,Female,65,70,72630.0,HNI,0,0,0,0.1102,Two year,DSL,80.7
5351-QESIO,Male,28,1,21780.0,Mass,1,0,0,0.4778,Month-to-month,DSL,24.2
0786-VSSUD,Male,68,16,35100.0,Mass,1,0,1,0.8554,Month-to-month,DSL,39.0
5568-DMXZS,Female,32,8,58905.0,Affluent,1,0,0,0.5108,Month-to-month,DSL,65.45
8468-FZTOE,Female,65,72,66915.0,Affluent,0,0,0,0.0967,Two year,DSL,74.35
6633-SYEUS,Female,40,23,74880.0,HNI,1,1,0,0.4921,Month-to-month,Fiber optic,83.2
6447-GORXK,Male,45,31,22500.0,Mass,1,1,0,0.3966,Month-to-month,DSL,25.0
6967-PEJLL,Male,48,37,36180.0,Mass,0,0,0,0.1494,One year,DSL,40.2
3976-BWUCK,Female,44,30,84690.0,HNI,1,1,1,0.8867,Month-to-month,Fiber optic,94.1
5981-ZVXOT,Female,68,35,97515.0,HNI,0,0,0,0.241,One year,Fiber optic,108.35
1684-FLBGS,Female,40,23,62550.0,Affluent,1,1,0,0.4748,Month-to-month,DSL,69.5
1389-WNUIB,Female,39,20,68400.0,Affluent,0,1,0,0.2412,One year,DSL,76.0
0376-OIWME,Male,47,36,84240.0,HNI,1,0,0,0.4696,Month-to-month,Fiber optic,93.6
3585-ISXZP,Female,32,8,86085.0,HNI,1,1,1,0.9489,Month-to-month,Fiber optic,95.65
0218-QNVAS,Male,65,71,90495.0,HNI,0,1,0,0.1325,One year,Fiber optic,100.55
6583-QGCSI,Female,68,50,79245.0,HNI,1,0,1,0.8242,Month-to-month,Fiber optic,88.05
0804-YGEQV,Female,51,43,22005.0,Mass,0,1,0,0.1131,One year,No,24.45
7164-BPTUT,Male,59,57,80595.0,HNI,0,0,0,0.157,Two year,DSL,89.55
4174-LPGTI,Female,50,41,59850.0,Affluent,0,1,1,0.5717,One year,DSL,66.5
2523-EWWZL,Female,42,27,68490.0,Affluent,1,0,0,0.4722,Month-to-month,Fiber optic,76.1
0928-XUTSN,Female,35,13,72450.0,HNI,1,0,0,0.5161,Month-to-month,Fiber optic,80.5
2108-XWMPY,Male,29,3,31905.0,Mass,1,0,1,0.8866,Month-to-month,DSL,35.45
0052-YNYOT,Female,64,67,18495.0,Mass,0,0,0,0.0424,One year,No,20.55
6304-IJFSQ,Male,29,3,44910.0,Mass,1,0,1,0.9048,Month-to-month,DSL,49.9
9586-JGQKH,Female,63,64,94860.0,HNI,0,1,0,0.1578,Two year,Fiber optic,105.4
4501-VCPFK,Male,42,26,32175.0,Mass,1,0,0,0.4239,Month-to-month,DSL,35.75
6075-SLNIL,Male,48,38,85590.0,HNI,1,1,0,0.466,Month-to-month,Fiber optic,95.1
9347-AERRL,Male,40,23,17370.0,Mass,0,1,0,0.1614,One year,No,19.3
0093-XWZFY,Male,50,40,94050.0,HNI,1,1,1,0.8724,Month-to-month,Fiber optic,104.5
2274-XUATA,Male,68,72,56790.0,Affluent,0,1,0,0.0824,Two year,DSL,63.1
1980-KXVPM,Female,68,3,67545.0,Affluent,1,1,1,0.9366,Month-to-month,Fiber optic,75.05
7703-ZEKEF,Male,40,23,72900.0,HNI,1,0,1,0.8893,Month-to-month,Fiber optic,81.0
0723-DRCLG,Female,68,1,67005.0,Affluent,1,0,1,0.9413,Month-to-month,Fiber optic,74.45
5482-NUPNA,Female,30,4,54360.0,Affluent,1,0,1,0.9153,Month-to-month,DSL,60.4
6691-CCIHA,Female,62,62,76455.0,HNI,0,0,0,0.1374,Two year,DSL,84.95
1685-BQULA,Female,50,40,84060.0,HNI,1,1,0,0.4584,Month-to-month,Fiber optic,93.4
9053-EJUNL,Male,50,41,80280.0,HNI,1,0,0,0.4503,Month-to-month,Fiber optic,89.2
0666-UXTJO,Male,68,34,76680.0,HNI,1,1,0,0.4645,Month-to-month,Fiber optic,85.2
1471-GIQKQ,Female,28,1,44955.0,Mass,1,0,0,0.5104,Month-to-month,DSL,49.95
4807-IZYOZ,Female,56,51,18585.0,Mass,0,1,0,0.0864,Two year,No,20.65
1122-JWTJW,Male,28,1,63585.0,Affluent,1,0,1,0.9365,Month-to-month,Fiber optic,70.65
9710-NJERN,Female,49,39,18135.0,Mass,0,0,0,0.1186,Two year,No,20.15
9837-FWLCH,Male,34,12,17280.0,Mass,1,0,0,0.4414,Month-to-month,No,19.2
1699-HPSBG,Male,34,12,53820.0,Affluent,0,0,1,0.6427,One year,DSL,59.8
7203-OYKCT,Male,65,72,94455.0,HNI,0,0,0,0.1353,One year,Fiber optic,104.95
1035-IPQPU,Female,68,63,93150.0,HNI,1,0,0,0.4081,Month-to-month,Fiber optic,103.5
7398-LXGYX,Male,52,44,76320.0,HNI,1,1,0,0.4366,Month-to-month,Fiber optic,84.8
2823-LKABH,Female,37,18,85545.0,HNI,1,1,0,0.5207,Month-to-month,Fiber optic,95.05
8775-CEBBJ,Female,32,9,39780.0,Mass,1,1,1,0.8812,Month-to-month,DSL,44.2
0550-DCXLH,Male,35,13,66015.0,Affluent,1,0,0,0.507,Month-to-month,DSL,73.35
9281-CEDRU,Female,65,68,57690.0,Affluent,0,1,0,0.0947,Two year,DSL,64.1
2235-DWLJU,Female,68,6,39960.0,Mass,1,0,0,0.4896,Month-to-month,DSL,44.4
0871-OPBXW,Female,29,2,18045.0,Mass,1,0,0,0.4698,Month-to-month,No,20.05
3605-JISKB,Male,68,55,54000.0,Affluent,0,1,0,0.1251,One year,DSL,60.0
6894-LFHLY,Male,68,1,68175.0,Affluent,1,0,1,0.9429,Month-to-month,Fiber optic,75.75
9767-FFLEM,Male,48,38,62550.0,Affluent,1,1,0,0.4337,Month-to-month,Fiber optic,69.5
0639-TSIQW,Female,64,67,92655.0,HNI,1,1,1,0.7965,Month-to-month,Fiber optic,102.95
8456-QDAVC,Male,38,19,70830.0,Affluent,1,1,0,0.4974,Month-to-month,Fiber optic,78.7
7750-EYXWZ,Female,34,12,54585.0,Affluent,0,0,0,0.2437,One year,DSL,60.65
2569-WGERO,Female,65,72,19035.0,Mass,0,1,0,0.0295,Two year,No,21.15
6840-RESVB,Male,41,24,76320.0,HNI,0,0,0,0.2414,One year,DSL,84.8
2234-XADUH,Female,65,72,92880.0,HNI,0,1,0,0.1331,One year,Fiber optic,103.2
4801-JZAZL,Female,34,11,26640.0,Mass,1,0,0,0.4573,Month-to-month,DSL,29.6
8361-LTMKD,Male,68,4,66960.0,Affluent,1,0,1,0.933,Month-to-month,Fiber optic,74.4
3186-AJIEK,Male,64,66,95085.0,HNI,0,1,0,0.1526,Two year,Fiber optic,105.65
