session_id,channel,viewed,added,checkout,paid,abandon_reason
S-000001,Web,1,0,0,0,
S-000002,App,1,1,1,1,
S-000003,App,1,0,0,0,
S-000004,Web,1,1,1,1,
S-000005,Web,1,1,0,0,stock_out
S-000006,Web,1,1,1,1,
S-000007,Store,1,1,1,1,
S-000008,Web,1,1,0,0,shipping_cost
S-000009,App,1,0,0,0,
S-000010,App,1,0,0,0,
S-000011,Store,1,0,0,0,
S-000012,App,1,1,0,0,checkout_friction
S-000013,Web,1,0,0,0,
S-000014,App,1,1,0,0,changed_mind
S-000015,App,1,1,1,1,
S-000016,Store,1,0,0,0,
S-000017,Web,1,1,0,0,payment_fail
S-000018,App,1,1,0,0,checkout_friction
S-000019,Web,1,0,0,0,
S-000020,Web,1,1,0,0,stock_out
S-000021,App,1,1,1,1,
S-000022,Web,1,1,1,1,
S-000023,Web,1,1,0,0,stock_out
S-000024,Web,1,1,1,1,
S-000025,Web,1,0,0,0,
S-000026,Web,1,1,1,1,
S-000027,Web,1,1,0,0,payment_fail
S-000028,App,1,1,1,1,
S-000029,Web,1,0,0,0,
S-000030,Web,1,1,1,1,
S-000031,Web,1,0,0,0,
S-000032,Web,1,1,0,0,shipping_cost
S-000033,Web,1,1,0,0,shipping_cost
S-000034,App,1,1,0,0,checkout_friction
S-000035,Web,1,1,0,0,changed_mind
S-000036,Web,1,1,1,1,
S-000037,Web,1,1,1,1,
S-000038,Web,1,1,1,1,
S-000039,Web,1,1,1,1,
S-000040,App,1,1,1,1,
S-000041,App,1,1,0,0,stock_out
S-000042,Web,1,1,1,1,
S-000043,Web,1,1,1,1,
S-000044,Web,1,1,1,1,
S-000045,Web,1,1,0,0,shipping_cost
S-000046,App,1,1,0,0,payment_fail
S-000047,App,1,1,0,0,changed_mind
S-000048,Web,1,1,0,0,payment_fail
S-000049,Web,1,1,0,0,stock_out
S-000050,Web,1,0,0,0,
S-000051,App,1,1,1,1,
S-000052,App,1,1,1,1,
S-000053,Web,1,1,0,0,changed_mind
S-000054,Web,1,1,1,1,
S-000055,Web,1,1,0,0,stock_out
S-000056,App,1,1,0,0,shipping_cost
S-000057,Web,1,1,1,1,
S-000058,Web,1,1,0,0,checkout_friction
S-000059,Web,1,1,0,0,checkout_friction
S-000060,Web,1,0,0,0,
S-000061,App,1,1,1,1,
S-000062,Web,1,1,1,1,
S-000063,App,1,0,0,0,
S-000064,Web,1,1,1,1,
S-000065,Web,1,1,1,1,
S-000066,Web,1,1,0,0,stock_out
S-000067,Store,1,0,0,0,
S-000068,App,1,1,1,1,
S-000069,Web,1,0,0,0,
S-000070,App,1,0,0,0,
S-000071,Web,1,1,1,1,
S-000072,App,1,1,0,0,payment_fail
S-000073,Web,1,0,0,0,
S-000074,Web,1,1,1,1,
S-000075,Web,1,1,0,0,shipping_cost
S-000076,Web,1,1,0,0,payment_fail
S-000077,Web,1,1,0,0,payment_fail
S-000078,Store,1,1,0,0,changed_mind
S-000079,Web,1,1,1,1,
S-000080,App,1,1,1,1,
S-000081,Web,1,1,1,1,
S-000082,App,1,1,0,0,stock_out
S-000083,Web,1,1,0,0,checkout_friction
S-000084,App,1,1,1,1,
S-000085,Web,1,1,0,0,shipping_cost
S-000086,App,1,1,1,1,
S-000087,Web,1,1,1,1,
S-000088,Web,1,1,0,0,shipping_cost
S-000089,Web,1,1,0,0,shipping_cost
S-000090,Web,1,1,1,1,
S-000091,Web,1,0,0,0,
S-000092,Web,1,1,0,0,payment_fail
S-000093,Web,1,1,0,0,payment_fail
S-000094,App,1,1,0,0,shipping_cost
S-000095,Web,1,1,1,1,
S-000096,Web,1,0,0,0,
S-000097,Web,1,1,0,0,payment_fail
S-000098,App,1,1,0,0,changed_mind
S-000099,Web,1,0,0,0,
S-000100,Web,1,1,0,0,shipping_cost
S-000101,Web,1,0,0,0,
S-000102,App,1,0,0,0,
S-000103,Web,1,0,0,0,
S-000104,App,1,1,1,1,
S-000105,Web,1,1,0,0,stock_out
S-000106,Web,1,1,1,1,
S-000107,Web,1,1,1,1,
S-000108,Web,1,1,0,0,stock_out
S-000109,Web,1,1,0,0,shipping_cost
S-000110,Web,1,0,0,0,
S-000111,Web,1,1,1,1,
S-000112,Web,1,0,0,0,
S-000113,Web,1,1,1,1,
S-000114,Web,1,1,0,0,stock_out
S-000115,Web,1,1,1,1,
S-000116,App,1,1,1,1,
S-000117,Web,1,1,1,1,
S-000118,Web,1,1,0,0,stock_out
S-000119,Web,1,1,1,1,
S-000120,Store,1,0,0,0,
S-000121,App,1,1,1,1,
S-000122,App,1,1,1,1,
S-000123,Web,1,1,0,0,shipping_cost
S-000124,App,1,0,0,0,
S-000125,App,1,0,0,0,
S-000126,Web,1,1,1,1,
S-000127,Web,1,1,1,1,
S-000128,Web,1,1,1,1,
S-000129,Web,1,1,1,1,
S-000130,Web,1,0,0,0,
S-000131,Store,1,1,1,1,
S-000132,App,1,1,1,1,
S-000133,Web,1,0,0,0,
S-000134,Web,1,1,1,1,
S-000135,Web,1,1,0,0,shipping_cost
S-000136,App,1,1,0,0,changed_mind
S-000137,App,1,0,0,0,
S-000138,Web,1,1,1,1,
S-000139,Web,1,1,1,1,
S-000140,Web,1,1,0,0,payment_fail
S-000141,Web,1,0,0,0,
S-000142,App,1,1,0,0,payment_fail
S-000143,Web,1,0,0,0,
S-000144,Web,1,1,1,1,
S-000145,App,1,1,0,0,payment_fail
S-000146,Web,1,1,1,1,
S-000147,Web,1,1,0,0,stock_out
S-000148,Web,1,1,0,0,changed_mind
S-000149,App,1,1,1,1,
S-000150,Web,1,0,0,0,
S-000151,App,1,0,0,0,
S-000152,App,1,0,0,0,
S-000153,Web,1,1,1,1,
S-000154,App,1,0,0,0,
S-000155,Web,1,1,0,0,stock_out
S-000156,Web,1,0,0,0,
S-000157,Web,1,1,0,0,stock_out
S-000158,Web,1,0,0,0,
S-000159,Web,1,1,0,0,shipping_cost
S-000160,App,1,1,1,1,
S-000161,Web,1,0,0,0,
S-000162,Store,1,1,1,1,
S-000163,Web,1,1,0,0,changed_mind
S-000164,App,1,1,0,0,payment_fail
S-000165,App,1,1,1,1,
S-000166,Web,1,1,0,0,payment_fail
S-000167,Web,1,1,0,0,changed_mind
S-000168,Web,1,1,0,0,shipping_cost
S-000169,App,1,1,1,1,
S-000170,Web,1,0,0,0,
S-000171,Web,1,1,0,0,changed_mind
S-000172,Web,1,1,1,1,
S-000173,App,1,0,0,0,
S-000174,Web,1,1,0,0,stock_out
S-000175,Web,1,1,0,0,changed_mind
S-000176,App,1,1,0,0,changed_mind
S-000177,Web,1,1,0,0,changed_mind
S-000178,App,1,0,0,0,
S-000179,Web,1,1,1,1,
S-000180,Web,1,0,0,0,
S-000181,Web,1,1,1,1,
S-000182,Web,1,0,0,0,
S-000183,App,1,1,1,1,
S-000184,Web,1,1,0,0,shipping_cost
S-000185,Web,1,0,0,0,
S-000186,App,1,1,1,1,
S-000187,Store,1,1,1,1,
S-000188,Web,1,1,0,0,payment_fail
S-000189,Web,1,0,0,0,
S-000190,App,1,0,0,0,
S-000191,Store,1,0,0,0,
S-000192,Web,1,0,0,0,
S-000193,Web,1,0,0,0,
S-000194,Web,1,1,1,1,
S-000195,Web,1,1,1,1,
S-000196,Web,1,1,1,1,
S-000197,Store,1,1,1,1,
S-000198,Store,1,1,1,1,
S-000199,Store,1,0,0,0,
S-000200,App,1,0,0,0,
S-000201,Store,1,1,1,1,
S-000202,App,1,1,0,0,shipping_cost
S-000203,Web,1,0,0,0,
S-000204,Web,1,0,0,0,
S-000205,App,1,1,1,1,
S-000206,Web,1,1,0,0,payment_fail
S-000207,Web,1,0,0,0,
S-000208,App,1,1,1,1,
S-000209,Web,1,1,0,0,shipping_cost
S-000210,Web,1,1,1,1,
S-000211,App,1,1,1,1,
S-000212,App,1,1,0,0,checkout_friction
S-000213,Web,1,1,0,0,payment_fail
S-000214,Web,1,0,0,0,
S-000215,Web,1,1,1,1,
S-000216,Store,1,1,0,0,payment_fail
S-000217,Web,1,0,0,0,
S-000218,Store,1,0,0,0,
S-000219,App,1,1,1,1,
S-000220,Web,1,1,0,0,shipping_cost
S-000221,Web,1,0,0,0,
S-000222,Web,1,1,1,1,
S-000223,App,1,1,1,1,
S-000224,Web,1,1,0,0,shipping_cost
S-000225,App,1,1,0,0,changed_mind
S-000226,App,1,1,0,0,changed_mind
S-000227,Web,1,1,1,1,
S-000228,App,1,0,0,0,
S-000229,App,1,0,0,0,
S-000230,Web,1,1,0,0,stock_out
S-000231,Web,1,1,0,0,changed_mind
S-000232,Web,1,1,1,1,
S-000233,Web,1,1,0,0,shipping_cost
S-000234,Web,1,0,0,0,
S-000235,Web,1,0,0,0,
S-000236,Web,1,0,0,0,
S-000237,Web,1,1,0,0,stock_out
S-000238,App,1,1,1,1,
S-000239,Web,1,1,0,0,payment_fail
S-000240,App,1,1,0,0,payment_fail
S-000241,Web,1,1,0,0,payment_fail
S-000242,Web,1,1,1,1,
S-000243,App,1,0,0,0,
S-000244,App,1,1,1,1,
S-000245,Web,1,1,1,1,
S-000246,App,1,1,0,0,stock_out
S-000247,Web,1,0,0,0,
S-000248,App,1,1,0,0,shipping_cost
S-000249,App,1,0,0,0,
S-000250,App,1,0,0,0,
S-000251,App,1,1,1,1,
S-000252,Web,1,0,0,0,
S-000253,Store,1,1,0,0,payment_fail
S-000254,App,1,0,0,0,
S-000255,App,1,0,0,0,
S-000256,Web,1,1,0,0,changed_mind
S-000257,App,1,1,0,0,payment_fail
S-000258,App,1,1,0,0,changed_mind
S-000259,Web,1,0,0,0,
S-000260,Web,1,1,1,1,
S-000261,Web,1,0,0,0,
S-000262,App,1,0,0,0,
S-000263,App,1,1,1,1,
S-000264,App,1,1,1,1,
S-000265,App,1,0,0,0,
S-000266,Web,1,1,1,1,
S-000267,Web,1,1,1,1,
S-000268,App,1,1,1,1,
S-000269,Web,1,1,0,0,shipping_cost
S-000270,Store,1,1,0,0,shipping_cost
S-000271,Web,1,0,0,0,
S-000272,App,1,0,0,0,
S-000273,App,1,0,0,0,
S-000274,Web,1,1,1,1,
S-000275,Web,1,1,0,0,shipping_cost
S-000276,Web,1,1,1,1,
S-000277,Web,1,1,0,0,changed_mind
S-000278,App,1,1,1,1,
S-000279,Web,1,1,1,1,
S-000280,Web,1,1,1,1,
S-000281,App,1,0,0,0,
S-000282,Store,1,1,1,1,
S-000283,Web,1,1,1,1,
S-000284,App,1,1,0,0,shipping_cost
S-000285,Web,1,0,0,0,
S-000286,App,1,0,0,0,
S-000287,Web,1,1,0,0,payment_fail
S-000288,App,1,1,1,1,
S-000289,App,1,1,1,1,
S-000290,App,1,0,0,0,
S-000291,Web,1,0,0,0,
S-000292,App,1,0,0,0,
S-000293,Web,1,0,0,0,
S-000294,Web,1,1,0,0,payment_fail
S-000295,App,1,1,0,0,checkout_friction
S-000296,Web,1,1,1,1,
S-000297,App,1,1,1,1,
S-000298,App,1,1,1,1,
S-000299,Web,1,0,0,0,
S-000300,Web,1,1,1,1,
S-000301,Web,1,0,0,0,
S-000302,Store,1,1,1,1,
S-000303,Web,1,1,1,1,
S-000304,Web,1,1,0,0,checkout_friction
S-000305,Store,1,1,0,0,changed_mind
S-000306,Web,1,1,1,1,
S-000307,App,1,0,0,0,
S-000308,Store,1,1,1,1,
S-000309,Web,1,1,1,1,
S-000310,Web,1,1,0,0,payment_fail
S-000311,App,1,1,1,1,
S-000312,App,1,1,0,0,checkout_friction
S-000313,Web,1,1,0,0,stock_out
S-000314,Web,1,1,0,0,stock_out
S-000315,App,1,1,0,0,shipping_cost
S-000316,Web,1,1,0,0,payment_fail
S-000317,Web,1,1,0,0,payment_fail
S-000318,App,1,1,0,0,checkout_friction
S-000319,App,1,1,0,0,shipping_cost
S-000320,App,1,0,0,0,
S-000321,Web,1,1,1,1,
S-000322,App,1,1,0,0,payment_fail
S-000323,App,1,1,1,1,
S-000324,Web,1,0,0,0,
S-000325,Web,1,1,1,1,
S-000326,App,1,1,1,1,
S-000327,Web,1,1,0,0,shipping_cost
S-000328,Web,1,1,1,1,
S-000329,App,1,1,1,1,
S-000330,App,1,1,0,0,changed_mind
S-000331,Web,1,1,0,0,payment_fail
S-000332,Web,1,1,1,1,
S-000333,Store,1,1,1,1,
S-000334,Web,1,0,0,0,
S-000335,Web,1,1,0,0,checkout_friction
S-000336,Web,1,0,0,0,
S-000337,App,1,0,0,0,
S-000338,Web,1,0,0,0,
S-000339,Web,1,1,1,1,
S-000340,Web,1,1,1,1,
S-000341,Web,1,0,0,0,
S-000342,App,1,1,1,1,
S-000343,App,1,1,0,0,stock_out
S-000344,App,1,1,0,0,stock_out
S-000345,Web,1,1,0,0,shipping_cost
S-000346,Web,1,1,0,0,changed_mind
S-000347,Web,1,1,1,1,
S-000348,Web,1,1,1,1,
S-000349,App,1,1,0,0,changed_mind
S-000350,Web,1,1,1,1,
S-000351,Web,1,0,0,0,
S-000352,Web,1,1,1,1,
S-000353,Store,1,0,0,0,
S-000354,Web,1,0,0,0,
S-000355,App,1,0,0,0,
S-000356,App,1,1,1,1,
S-000357,Web,1,1,0,0,changed_mind
S-000358,App,1,0,0,0,
S-000359,App,1,1,1,1,
S-000360,App,1,1,1,1,
S-000361,Store,1,0,0,0,
S-000362,Web,1,1,1,1,
S-000363,Web,1,1,0,0,payment_fail
S-000364,Web,1,1,0,0,shipping_cost
S-000365,Web,1,1,0,0,payment_fail
S-000366,App,1,1,0,0,shipping_cost
S-000367,Web,1,1,0,0,shipping_cost
S-000368,Web,1,1,0,0,payment_fail
S-000369,Web,1,1,1,1,
S-000370,Web,1,1,1,1,
S-000371,Store,1,1,1,1,
S-000372,App,1,1,0,0,payment_fail
S-000373,App,1,1,1,1,
S-000374,Web,1,1,1,1,
S-000375,App,1,1,0,0,changed_mind
S-000376,Web,1,0,0,0,
S-000377,Web,1,1,1,1,
S-000378,Web,1,1,0,0,payment_fail
S-000379,Store,1,1,1,1,
S-000380,Web,1,0,0,0,
S-000381,Web,1,1,0,0,checkout_friction
S-000382,App,1,1,1,1,
S-000383,App,1,1,0,0,changed_mind
S-000384,Web,1,0,0,0,
S-000385,App,1,1,1,1,
S-000386,Web,1,1,1,1,
S-000387,Web,1,1,1,1,
S-000388,App,1,1,0,0,shipping_cost
S-000389,App,1,1,1,1,
S-000390,Web,1,1,0,0,changed_mind
S-000391,App,1,1,1,1,
S-000392,App,1,1,0,0,payment_fail
S-000393,App,1,1,1,1,
S-000394,Web,1,0,0,0,
S-000395,Web,1,1,0,0,checkout_friction
S-000396,Web,1,1,0,0,shipping_cost
S-000397,Web,1,1,1,1,
S-000398,App,1,1,1,1,
S-000399,App,1,1,1,1,
S-000400,App,1,1,1,1,
S-000401,Web,1,1,1,1,
S-000402,Web,1,1,0,0,stock_out
S-000403,App,1,1,1,1,
S-000404,Store,1,1,0,0,payment_fail
S-000405,App,1,1,1,1,
S-000406,Web,1,0,0,0,
S-000407,Web,1,1,1,1,
S-000408,Web,1,0,0,0,
S-000409,App,1,1,1,1,
S-000410,Web,1,1,1,1,
S-000411,Web,1,0,0,0,
S-000412,Web,1,1,1,1,
S-000413,Web,1,1,0,0,shipping_cost
S-000414,Web,1,1,1,1,
S-000415,Web,1,1,1,1,
S-000416,Web,1,1,1,1,
S-000417,Web,1,1,0,0,shipping_cost
S-000418,App,1,1,0,0,checkout_friction
S-000419,Web,1,1,1,1,
S-000420,App,1,1,0,0,changed_mind
S-000421,Store,1,1,1,1,
S-000422,Web,1,0,0,0,
S-000423,Web,1,1,1,1,
S-000424,Web,1,1,1,1,
S-000425,Web,1,1,0,0,shipping_cost
S-000426,Web,1,1,1,1,
S-000427,App,1,1,0,0,payment_fail
S-000428,Web,1,1,1,1,
S-000429,App,1,0,0,0,
S-000430,App,1,1,1,1,
S-000431,Web,1,1,0,0,shipping_cost
S-000432,Web,1,1,1,1,
S-000433,Web,1,1,1,1,
S-000434,App,1,0,0,0,
S-000435,App,1,1,1,1,
S-000436,App,1,0,0,0,
S-000437,Store,1,0,0,0,
S-000438,Web,1,1,1,1,
S-000439,Web,1,1,1,1,
S-000440,Web,1,1,0,0,changed_mind
S-000441,App,1,0,0,0,
S-000442,Store,1,1,1,1,
S-000443,Store,1,1,1,1,
S-000444,Store,1,0,0,0,
S-000445,Web,1,1,1,1,
S-000446,Web,1,1,1,1,
S-000447,App,1,1,0,0,shipping_cost
S-000448,App,1,1,1,1,
S-000449,Web,1,1,1,1,
S-000450,App,1,1,1,1,
S-000451,App,1,1,0,0,payment_fail
S-000452,Store,1,0,0,0,
S-000453,Web,1,1,0,0,stock_out
S-000454,Web,1,0,0,0,
S-000455,App,1,1,0,0,checkout_friction
S-000456,Web,1,0,0,0,
S-000457,Web,1,1,0,0,payment_fail
S-000458,App,1,1,1,1,
S-000459,App,1,1,1,1,
S-000460,Web,1,1,1,1,
S-000461,Web,1,1,0,0,changed_mind
S-000462,App,1,1,0,0,payment_fail
S-000463,Web,1,1,0,0,changed_mind
S-000464,App,1,1,0,0,shipping_cost
S-000465,App,1,1,0,0,changed_mind
S-000466,Web,1,1,0,0,stock_out
S-000467,App,1,1,0,0,stock_out
S-000468,App,1,1,1,1,
S-000469,Web,1,1,0,0,payment_fail
S-000470,App,1,0,0,0,
S-000471,Web,1,1,1,1,
S-000472,Web,1,0,0,0,
S-000473,App,1,0,0,0,
S-000474,Web,1,1,1,1,
S-000475,Web,1,1,1,1,
S-000476,Web,1,1,0,0,checkout_friction
S-000477,Store,1,0,0,0,
S-000478,Store,1,0,0,0,
S-000479,Web,1,1,1,1,
S-000480,App,1,1,0,0,payment_fail
S-000481,App,1,1,1,1,
S-000482,Web,1,1,1,1,
S-000483,Web,1,1,1,1,
S-000484,Store,1,1,1,1,
S-000485,Web,1,1,1,1,
S-000486,Web,1,1,1,1,
S-000487,App,1,1,1,1,
S-000488,App,1,1,1,1,
S-000489,App,1,1,0,0,payment_fail
S-000490,Store,1,1,0,0,changed_mind
S-000491,Web,1,1,0,0,shipping_cost
S-000492,App,1,0,0,0,
S-000493,App,1,1,1,1,
S-000494,App,1,1,1,1,
S-000495,App,1,1,1,1,
S-000496,Store,1,1,1,1,
S-000497,Store,1,1,1,1,
S-000498,Web,1,0,0,0,
S-000499,Store,1,1,1,1,
S-000500,Web,1,1,1,1,
S-000501,Store,1,1,1,1,
S-000502,Web,1,1,1,1,
S-000503,App,1,0,0,0,
S-000504,App,1,1,1,1,
S-000505,App,1,1,1,1,
S-000506,Web,1,1,0,0,stock_out
S-000507,App,1,1,0,0,stock_out
S-000508,App,1,1,0,0,shipping_cost
S-000509,Web,1,1,1,1,
S-000510,Web,1,0,0,0,
S-000511,Web,1,1,1,1,
S-000512,Web,1,1,0,0,checkout_friction
S-000513,App,1,0,0,0,
S-000514,Web,1,1,0,0,shipping_cost
S-000515,Store,1,1,0,0,changed_mind
S-000516,Web,1,1,0,0,payment_fail
S-000517,Web,1,1,1,1,
S-000518,App,1,1,1,1,
S-000519,Web,1,1,0,0,checkout_friction
S-000520,Web,1,1,0,0,payment_fail
S-000521,Web,1,0,0,0,
S-000522,App,1,1,0,0,payment_fail
S-000523,Web,1,1,0,0,shipping_cost
S-000524,Web,1,0,0,0,
S-000525,Web,1,1,1,1,
S-000526,Store,1,1,1,1,
S-000527,Web,1,0,0,0,
S-000528,App,1,1,0,0,checkout_friction
S-000529,Store,1,1,1,1,
S-000530,Web,1,1,1,1,
S-000531,Store,1,1,0,0,checkout_friction
S-000532,App,1,0,0,0,
S-000533,Web,1,1,0,0,stock_out
S-000534,Web,1,1,0,0,checkout_friction
S-000535,App,1,0,0,0,
S-000536,Web,1,0,0,0,
S-000537,Web,1,1,0,0,checkout_friction
S-000538,Web,1,1,1,1,
S-000539,Web,1,0,0,0,
S-000540,Web,1,1,0,0,changed_mind
S-000541,Web,1,1,1,1,
S-000542,Web,1,1,0,0,shipping_cost
S-000543,Web,1,1,1,1,
S-000544,Web,1,1,0,0,stock_out
S-000545,Web,1,1,1,1,
S-000546,App,1,1,0,0,changed_mind
S-000547,Web,1,1,0,0,shipping_cost
S-000548,Store,1,0,0,0,
S-000549,Store,1,1,0,0,payment_fail
S-000550,Web,1,1,1,1,
S-000551,Web,1,1,1,1,
S-000552,Web,1,0,0,0,
S-000553,Web,1,1,0,0,stock_out
S-000554,Web,1,1,0,0,payment_fail
S-000555,App,1,0,0,0,
S-000556,Store,1,0,0,0,
S-000557,Store,1,1,1,1,
S-000558,App,1,0,0,0,
S-000559,Web,1,0,0,0,
S-000560,App,1,0,0,0,
S-000561,Web,1,1,0,0,checkout_friction
S-000562,Web,1,1,1,1,
S-000563,Web,1,1,0,0,payment_fail
S-000564,App,1,0,0,0,
S-000565,Store,1,1,0,0,payment_fail
S-000566,Web,1,0,0,0,
S-000567,Web,1,0,0,0,
S-000568,Web,1,0,0,0,
S-000569,Web,1,1,0,0,stock_out
S-000570,Web,1,1,1,1,
S-000571,Web,1,1,1,1,
S-000572,App,1,0,0,0,
S-000573,Web,1,1,0,0,payment_fail
S-000574,Web,1,1,1,1,
S-000575,Web,1,1,1,1,
S-000576,Web,1,1,1,1,
S-000577,App,1,1,0,0,payment_fail
S-000578,App,1,1,0,0,changed_mind
S-000579,Web,1,1,1,1,
S-000580,App,1,1,0,0,checkout_friction
S-000581,Web,1,1,1,1,
S-000582,Store,1,0,0,0,
S-000583,Web,1,1,1,1,
S-000584,Web,1,1,1,1,
S-000585,App,1,1,0,0,payment_fail
S-000586,Web,1,1,1,1,
S-000587,App,1,1,0,0,shipping_cost
S-000588,Web,1,1,0,0,stock_out
S-000589,Store,1,0,0,0,
S-000590,Web,1,1,0,0,checkout_friction
S-000591,App,1,0,0,0,
S-000592,Web,1,1,1,1,
S-000593,Web,1,1,1,1,
S-000594,Web,1,0,0,0,
S-000595,Store,1,0,0,0,
S-000596,Web,1,1,1,1,
S-000597,App,1,0,0,0,
S-000598,App,1,0,0,0,
S-000599,App,1,1,0,0,changed_mind
S-000600,Web,1,0,0,0,
S-000601,Web,1,1,1,1,
S-000602,Store,1,0,0,0,
S-000603,Web,1,0,0,0,
S-000604,Web,1,1,0,0,payment_fail
S-000605,Web,1,1,0,0,payment_fail
S-000606,App,1,0,0,0,
S-000607,Web,1,1,1,1,
S-000608,Web,1,0,0,0,
S-000609,Web,1,1,1,1,
S-000610,Web,1,1,1,1,
S-000611,Web,1,1,0,0,payment_fail
S-000612,Web,1,1,1,1,
S-000613,Web,1,1,1,1,
S-000614,App,1,1,1,1,
S-000615,Store,1,0,0,0,
S-000616,App,1,1,0,0,payment_fail
S-000617,App,1,1,1,1,
S-000618,Web,1,1,0,0,changed_mind
S-000619,Web,1,1,0,0,payment_fail
S-000620,App,1,1,0,0,changed_mind
S-000621,App,1,1,0,0,changed_mind
S-000622,Web,1,1,1,1,
S-000623,Web,1,1,0,0,changed_mind
S-000624,Web,1,1,1,1,
S-000625,Web,1,1,1,1,
S-000626,Web,1,1,1,1,
S-000627,Web,1,0,0,0,
S-000628,Web,1,1,1,1,
S-000629,Web,1,1,0,0,payment_fail
S-000630,Web,1,1,0,0,stock_out
S-000631,Web,1,1,0,0,stock_out
S-000632,App,1,1,1,1,
S-000633,App,1,1,1,1,
S-000634,App,1,0,0,0,
S-000635,Store,1,0,0,0,
S-000636,App,1,1,1,1,
S-000637,Web,1,0,0,0,
S-000638,Web,1,1,1,1,
S-000639,Web,1,1,1,1,
S-000640,App,1,0,0,0,
S-000641,Store,1,1,0,0,stock_out
S-000642,Web,1,1,0,0,payment_fail
S-000643,Web,1,1,1,1,
S-000644,Web,1,0,0,0,
S-000645,Web,1,1,1,1,
S-000646,Web,1,1,0,0,payment_fail
S-000647,Web,1,1,0,0,checkout_friction
S-000648,App,1,1,1,1,
S-000649,App,1,1,1,1,
S-000650,App,1,1,1,1,
S-000651,App,1,1,1,1,
S-000652,Web,1,1,0,0,shipping_cost
S-000653,Store,1,1,0,0,shipping_cost
S-000654,Web,1,1,1,1,
S-000655,App,1,1,0,0,shipping_cost
S-000656,Web,1,1,1,1,
S-000657,App,1,0,0,0,
S-000658,Store,1,0,0,0,
S-000659,Web,1,1,0,0,changed_mind
S-000660,Web,1,0,0,0,
S-000661,App,1,0,0,0,
S-000662,App,1,1,1,1,
S-000663,App,1,1,1,1,
S-000664,Store,1,1,0,0,checkout_friction
S-000665,Web,1,0,0,0,
S-000666,Web,1,1,1,1,
S-000667,App,1,1,0,0,shipping_cost
S-000668,Web,1,1,0,0,checkout_friction
S-000669,Web,1,1,0,0,payment_fail
S-000670,Web,1,1,0,0,changed_mind
S-000671,App,1,0,0,0,
S-000672,App,1,1,1,1,
S-000673,Web,1,0,0,0,
S-000674,App,1,1,1,1,
S-000675,Web,1,1,0,0,changed_mind
S-000676,Web,1,1,0,0,payment_fail
S-000677,Store,1,1,1,1,
S-000678,Web,1,0,0,0,
S-000679,Web,1,1,0,0,payment_fail
S-000680,App,1,0,0,0,
S-000681,Web,1,1,1,1,
S-000682,Web,1,1,1,1,
S-000683,Web,1,0,0,0,
S-000684,Store,1,1,1,1,
S-000685,Web,1,1,0,0,shipping_cost
S-000686,Web,1,0,0,0,
S-000687,App,1,1,0,0,checkout_friction
S-000688,Store,1,1,0,0,changed_mind
S-000689,Web,1,0,0,0,
S-000690,App,1,0,0,0,
S-000691,Web,1,1,1,1,
S-000692,App,1,1,1,1,
S-000693,App,1,0,0,0,
S-000694,App,1,1,1,1,
S-000695,Web,1,1,1,1,
S-000696,Web,1,0,0,0,
S-000697,Web,1,0,0,0,
S-000698,App,1,0,0,0,
S-000699,App,1,0,0,0,
S-000700,Web,1,1,1,1,
S-000701,Web,1,1,1,1,
S-000702,Web,1,0,0,0,
S-000703,Web,1,1,1,1,
S-000704,App,1,0,0,0,
S-000705,App,1,0,0,0,
S-000706,Web,1,0,0,0,
S-000707,Web,1,1,0,0,checkout_friction
S-000708,Store,1,0,0,0,
S-000709,Web,1,1,0,0,stock_out
S-000710,Web,1,1,1,1,
S-000711,App,1,0,0,0,
S-000712,Store,1,1,1,1,
S-000713,Store,1,1,0,0,shipping_cost
S-000714,Web,1,0,0,0,
S-000715,App,1,1,0,0,stock_out
S-000716,App,1,1,1,1,
S-000717,App,1,1,1,1,
S-000718,Web,1,0,0,0,
S-000719,App,1,1,1,1,
S-000720,Web,1,0,0,0,
S-000721,Store,1,1,1,1,
S-000722,Web,1,1,1,1,
S-000723,Web,1,1,0,0,payment_fail
S-000724,App,1,1,0,0,payment_fail
S-000725,Web,1,0,0,0,
S-000726,Web,1,1,1,1,
S-000727,Web,1,1,1,1,
S-000728,Web,1,1,1,1,
S-000729,Web,1,1,1,1,
S-000730,App,1,0,0,0,
S-000731,App,1,1,1,1,
S-000732,App,1,1,0,0,stock_out
S-000733,Store,1,1,1,1,
S-000734,App,1,1,1,1,
S-000735,App,1,1,0,0,stock_out
S-000736,Web,1,1,0,0,payment_fail
S-000737,App,1,1,0,0,changed_mind
S-000738,Web,1,1,1,1,
S-000739,Web,1,1,1,1,
S-000740,Store,1,1,0,0,changed_mind
S-000741,Store,1,1,1,1,
S-000742,Web,1,1,1,1,
S-000743,App,1,1,1,1,
S-000744,App,1,1,0,0,checkout_friction
S-000745,Web,1,1,1,1,
S-000746,Web,1,0,0,0,
S-000747,Web,1,0,0,0,
S-000748,App,1,1,1,1,
S-000749,Web,1,1,0,0,changed_mind
S-000750,Web,1,1,1,1,
S-000751,App,1,0,0,0,
S-000752,Web,1,1,0,0,shipping_cost
S-000753,Web,1,1,1,1,
S-000754,Web,1,1,0,0,shipping_cost
S-000755,Web,1,0,0,0,
S-000756,Web,1,1,0,0,shipping_cost
S-000757,App,1,1,1,1,
S-000758,App,1,0,0,0,
S-000759,App,1,1,1,1,
S-000760,App,1,0,0,0,
S-000761,Web,1,0,0,0,
S-000762,App,1,1,1,1,
S-000763,App,1,1,0,0,changed_mind
S-000764,App,1,0,0,0,
S-000765,Web,1,0,0,0,
S-000766,App,1,1,1,1,
S-000767,Store,1,1,0,0,checkout_friction
S-000768,Web,1,1,1,1,
S-000769,Web,1,1,1,1,
S-000770,Web,1,1,0,0,shipping_cost
S-000771,Web,1,1,0,0,payment_fail
S-000772,Web,1,1,1,1,
S-000773,App,1,1,1,1,
S-000774,Web,1,0,0,0,
S-000775,App,1,1,1,1,
S-000776,App,1,1,1,1,
S-000777,App,1,0,0,0,
S-000778,Web,1,1,0,0,payment_fail
S-000779,Web,1,1,0,0,stock_out
S-000780,Web,1,1,1,1,
S-000781,App,1,1,1,1,
S-000782,App,1,0,0,0,
S-000783,Web,1,0,0,0,
S-000784,Store,1,0,0,0,
S-000785,Web,1,1,1,1,
S-000786,App,1,1,1,1,
S-000787,Web,1,1,0,0,stock_out
S-000788,Web,1,1,1,1,
S-000789,App,1,0,0,0,
S-000790,Web,1,0,0,0,
S-000791,Web,1,1,0,0,payment_fail
S-000792,Web,1,1,0,0,payment_fail
S-000793,Web,1,1,0,0,changed_mind
S-000794,Web,1,1,1,1,
S-000795,App,1,1,1,1,
S-000796,Web,1,1,1,1,
S-000797,Web,1,1,0,0,payment_fail
S-000798,Store,1,0,0,0,
S-000799,Web,1,1,1,1,
S-000800,Store,1,1,0,0,stock_out
S-000801,Web,1,1,1,1,
S-000802,Web,1,1,1,1,
S-000803,Web,1,1,0,0,shipping_cost
S-000804,Web,1,1,0,0,payment_fail
S-000805,App,1,1,1,1,
S-000806,Web,1,1,1,1,
S-000807,App,1,1,1,1,
S-000808,App,1,0,0,0,
S-000809,Web,1,1,0,0,checkout_friction
S-000810,Web,1,1,1,1,
S-000811,Web,1,0,0,0,
S-000812,Store,1,0,0,0,
S-000813,App,1,1,1,1,
S-000814,App,1,0,0,0,
S-000815,Web,1,1,0,0,payment_fail
S-000816,App,1,1,1,1,
S-000817,Web,1,1,0,0,shipping_cost
S-000818,Web,1,1,0,0,payment_fail
S-000819,Web,1,0,0,0,
S-000820,Store,1,1,1,1,
S-000821,Web,1,0,0,0,
S-000822,Web,1,1,1,1,
S-000823,App,1,1,0,0,payment_fail
S-000824,App,1,1,0,0,payment_fail
S-000825,App,1,1,1,1,
S-000826,Web,1,1,0,0,payment_fail
S-000827,Web,1,0,0,0,
S-000828,Store,1,1,1,1,
S-000829,App,1,1,1,1,
S-000830,App,1,1,0,0,payment_fail
S-000831,Web,1,1,1,1,
S-000832,Web,1,0,0,0,
S-000833,App,1,1,1,1,
S-000834,Web,1,1,1,1,
S-000835,App,1,1,1,1,
S-000836,App,1,1,1,1,
S-000837,Web,1,0,0,0,
S-000838,App,1,1,0,0,payment_fail
S-000839,Web,1,1,1,1,
S-000840,Web,1,0,0,0,
S-000841,Web,1,1,0,0,changed_mind
S-000842,App,1,0,0,0,
S-000843,Web,1,1,1,1,
S-000844,App,1,0,0,0,
S-000845,App,1,0,0,0,
S-000846,App,1,0,0,0,
S-000847,App,1,1,1,1,
S-000848,Store,1,0,0,0,
S-000849,Store,1,1,1,1,
S-000850,Web,1,1,1,1,
S-000851,App,1,1,1,1,
S-000852,Web,1,1,1,1,
S-000853,App,1,1,1,1,
S-000854,Web,1,1,1,1,
S-000855,Web,1,1,0,0,changed_mind
S-000856,Web,1,1,1,1,
S-000857,Web,1,1,1,1,
S-000858,App,1,1,1,1,
S-000859,App,1,1,0,0,shipping_cost
S-000860,Web,1,1,1,1,
S-000861,Web,1,1,1,1,
S-000862,Store,1,1,1,1,
S-000863,Web,1,0,0,0,
S-000864,App,1,1,0,0,shipping_cost
S-000865,Store,1,1,0,0,changed_mind
S-000866,Web,1,0,0,0,
S-000867,Web,1,1,1,1,
S-000868,Web,1,1,1,1,
S-000869,Web,1,1,0,0,checkout_friction
S-000870,Web,1,0,0,0,
S-000871,Store,1,1,0,0,checkout_friction
S-000872,App,1,1,1,1,
S-000873,App,1,1,1,1,
S-000874,App,1,0,0,0,
S-000875,Web,1,1,1,1,
S-000876,Web,1,1,1,1,
S-000877,App,1,0,0,0,
S-000878,Store,1,0,0,0,
S-000879,App,1,1,0,0,payment_fail
S-000880,App,1,1,1,1,
S-000881,App,1,1,0,0,payment_fail
S-000882,Web,1,1,1,1,
S-000883,Store,1,1,1,1,
S-000884,App,1,0,0,0,
S-000885,App,1,1,1,1,
S-000886,Web,1,1,1,1,
S-000887,Web,1,1,0,0,payment_fail
S-000888,App,1,1,1,1,
S-000889,App,1,1,1,1,
S-000890,Web,1,1,1,1,
S-000891,Web,1,1,0,0,payment_fail
S-000892,App,1,1,0,0,changed_mind
S-000893,App,1,1,0,0,shipping_cost
S-000894,App,1,1,0,0,payment_fail
S-000895,App,1,1,0,0,shipping_cost
S-000896,Web,1,1,0,0,changed_mind
S-000897,Web,1,1,0,0,payment_fail
S-000898,App,1,1,1,1,
S-000899,Web,1,1,1,1,
S-000900,Web,1,0,0,0,
S-000901,Web,1,0,0,0,
S-000902,Store,1,0,0,0,
S-000903,App,1,1,0,0,stock_out
S-000904,App,1,1,1,1,
S-000905,Web,1,1,0,0,payment_fail
S-000906,Store,1,0,0,0,
S-000907,Store,1,1,0,0,checkout_friction
S-000908,App,1,0,0,0,
S-000909,Store,1,1,0,0,payment_fail
S-000910,Web,1,1,1,1,
S-000911,Web,1,1,1,1,
S-000912,Web,1,1,0,0,stock_out
S-000913,App,1,1,0,0,checkout_friction
S-000914,Web,1,1,0,0,checkout_friction
S-000915,Store,1,1,0,0,stock_out
S-000916,Web,1,1,0,0,stock_out
S-000917,Web,1,1,0,0,changed_mind
S-000918,Web,1,1,1,1,
S-000919,Web,1,1,0,0,stock_out
S-000920,Web,1,1,1,1,
S-000921,Web,1,1,0,0,payment_fail
S-000922,App,1,1,1,1,
S-000923,Web,1,1,0,0,changed_mind
S-000924,App,1,0,0,0,
S-000925,App,1,1,0,0,changed_mind
S-000926,Web,1,1,1,1,
S-000927,Web,1,1,0,0,checkout_friction
S-000928,App,1,1,1,1,
S-000929,App,1,1,1,1,
S-000930,Web,1,1,1,1,
S-000931,App,1,1,0,0,shipping_cost
S-000932,App,1,1,1,1,
S-000933,App,1,1,1,1,
S-000934,Web,1,1,0,0,shipping_cost
S-000935,Web,1,1,0,0,changed_mind
S-000936,Web,1,1,0,0,payment_fail
S-000937,Web,1,1,1,1,
S-000938,App,1,1,1,1,
S-000939,Store,1,1,1,1,
S-000940,Store,1,0,0,0,
S-000941,App,1,0,0,0,
S-000942,Store,1,1,0,0,payment_fail
S-000943,Store,1,0,0,0,
S-000944,App,1,1,1,1,
S-000945,App,1,0,0,0,
S-000946,Web,1,1,0,0,shipping_cost
S-000947,Store,1,0,0,0,
S-000948,App,1,1,1,1,
S-000949,App,1,0,0,0,
S-000950,App,1,1,1,1,
S-000951,Web,1,1,1,1,
S-000952,Web,1,0,0,0,
S-000953,App,1,1,1,1,
S-000954,App,1,1,0,0,shipping_cost
S-000955,Web,1,1,0,0,payment_fail
S-000956,App,1,0,0,0,
S-000957,App,1,1,1,1,
S-000958,App,1,1,0,0,shipping_cost
S-000959,Web,1,0,0,0,
S-000960,App,1,0,0,0,
S-000961,App,1,1,1,1,
S-000962,App,1,0,0,0,
S-000963,Web,1,1,0,0,shipping_cost
S-000964,Store,1,1,0,0,shipping_cost
S-000965,Store,1,1,0,0,shipping_cost
S-000966,Web,1,1,0,0,changed_mind
S-000967,Store,1,1,0,0,shipping_cost
S-000968,Web,1,1,1,1,
S-000969,Web,1,0,0,0,
S-000970,App,1,1,1,1,
S-000971,App,1,0,0,0,
S-000972,Web,1,0,0,0,
S-000973,Web,1,1,1,1,
S-000974,App,1,1,1,1,
S-000975,Web,1,0,0,0,
S-000976,App,1,0,0,0,
S-000977,Web,1,1,0,0,checkout_friction
S-000978,App,1,0,0,0,
S-000979,Store,1,1,0,0,checkout_friction
S-000980,App,1,0,0,0,
S-000981,App,1,1,0,0,shipping_cost
S-000982,Web,1,1,1,1,
S-000983,Web,1,1,0,0,shipping_cost
S-000984,App,1,1,1,1,
S-000985,Web,1,0,0,0,
S-000986,Web,1,0,0,0,
S-000987,Store,1,1,1,1,
S-000988,Web,1,1,1,1,
S-000989,App,1,1,1,1,
S-000990,Web,1,1,1,1,
S-000991,App,1,1,1,1,
S-000992,Web,1,1,1,1,
S-000993,Web,1,1,1,1,
S-000994,Web,1,1,1,1,
S-000995,Web,1,1,1,1,
S-000996,Web,1,0,0,0,
S-000997,Store,1,1,1,1,
S-000998,App,1,1,1,1,
S-000999,App,1,1,1,1,
S-001000,App,1,0,0,0,
S-001001,App,1,1,1,1,
S-001002,App,1,1,0,0,changed_mind
S-001003,Web,1,1,1,1,
S-001004,Web,1,1,0,0,stock_out
S-001005,Store,1,0,0,0,
S-001006,App,1,0,0,0,
S-001007,App,1,1,1,1,
S-001008,Web,1,1,0,0,changed_mind
S-001009,Web,1,1,1,1,
S-001010,App,1,1,1,1,
S-001011,Web,1,1,1,1,
S-001012,App,1,0,0,0,
S-001013,App,1,1,1,1,
S-001014,Web,1,0,0,0,
S-001015,Web,1,1,0,0,stock_out
S-001016,Web,1,1,1,1,
S-001017,Web,1,0,0,0,
S-001018,Web,1,1,1,1,
S-001019,App,1,0,0,0,
S-001020,Web,1,1,0,0,changed_mind
S-001021,Web,1,0,0,0,
S-001022,App,1,1,1,1,
S-001023,Web,1,1,1,1,
S-001024,Web,1,1,0,0,changed_mind
S-001025,Web,1,0,0,0,
S-001026,App,1,1,0,0,shipping_cost
S-001027,Web,1,0,0,0,
S-001028,Web,1,1,0,0,stock_out
S-001029,App,1,1,0,0,payment_fail
S-001030,Web,1,1,1,1,
S-001031,Web,1,0,0,0,
S-001032,Web,1,1,1,1,
S-001033,Web,1,1,1,1,
S-001034,App,1,0,0,0,
S-001035,Web,1,1,1,1,
S-001036,Web,1,1,0,0,changed_mind
S-001037,App,1,0,0,0,
S-001038,App,1,1,1,1,
S-001039,App,1,1,1,1,
S-001040,Store,1,1,0,0,checkout_friction
S-001041,Web,1,1,1,1,
S-001042,Web,1,1,1,1,
S-001043,App,1,0,0,0,
S-001044,App,1,1,0,0,payment_fail
S-001045,Web,1,1,1,1,
S-001046,App,1,1,1,1,
S-001047,Web,1,0,0,0,
S-001048,Web,1,0,0,0,
S-001049,Web,1,1,0,0,changed_mind
S-001050,App,1,0,0,0,
S-001051,App,1,1,0,0,payment_fail
S-001052,Web,1,1,1,1,
S-001053,App,1,1,0,0,stock_out
S-001054,Web,1,0,0,0,
S-001055,Web,1,1,1,1,
S-001056,App,1,0,0,0,
S-001057,Web,1,1,1,1,
S-001058,App,1,1,0,0,payment_fail
S-001059,Store,1,0,0,0,
S-001060,Web,1,0,0,0,
S-001061,Web,1,0,0,0,
S-001062,Web,1,0,0,0,
S-001063,App,1,0,0,0,
S-001064,App,1,1,0,0,checkout_friction
S-001065,App,1,0,0,0,
S-001066,Web,1,1,0,0,payment_fail
S-001067,App,1,1,1,1,
S-001068,Web,1,1,1,1,
S-001069,Web,1,0,0,0,
S-001070,Web,1,1,1,1,
S-001071,Web,1,0,0,0,
S-001072,Web,1,1,0,0,checkout_friction
S-001073,App,1,0,0,0,
S-001074,Web,1,0,0,0,
S-001075,App,1,0,0,0,
S-001076,Web,1,1,0,0,stock_out
S-001077,App,1,1,0,0,changed_mind
S-001078,Store,1,1,1,1,
S-001079,Web,1,0,0,0,
S-001080,Web,1,0,0,0,
S-001081,Web,1,1,1,1,
S-001082,App,1,0,0,0,
S-001083,App,1,1,1,1,
S-001084,Web,1,0,0,0,
S-001085,Store,1,1,1,1,
S-001086,Web,1,0,0,0,
S-001087,Web,1,1,1,1,
S-001088,Web,1,1,1,1,
S-001089,Web,1,0,0,0,
S-001090,Web,1,1,1,1,
S-001091,App,1,0,0,0,
S-001092,Web,1,1,1,1,
S-001093,App,1,0,0,0,
S-001094,Web,1,1,1,1,
S-001095,Web,1,1,1,1,
S-001096,Web,1,0,0,0,
S-001097,App,1,0,0,0,
S-001098,Store,1,0,0,0,
S-001099,App,1,1,1,1,
S-001100,App,1,1,0,0,stock_out
S-001101,Web,1,1,0,0,stock_out
S-001102,App,1,1,0,0,checkout_friction
S-001103,Web,1,1,0,0,payment_fail
S-001104,App,1,0,0,0,
S-001105,Web,1,1,0,0,changed_mind
S-001106,Web,1,1,1,1,
S-001107,Store,1,1,1,1,
S-001108,Web,1,1,1,1,
S-001109,Web,1,1,0,0,payment_fail
S-001110,App,1,1,1,1,
S-001111,Web,1,1,0,0,changed_mind
S-001112,Web,1,1,1,1,
S-001113,App,1,1,1,1,
S-001114,App,1,1,0,0,payment_fail
S-001115,Web,1,0,0,0,
S-001116,Web,1,1,0,0,changed_mind
S-001117,App,1,1,0,0,changed_mind
S-001118,Web,1,1,1,1,
S-001119,App,1,0,0,0,
S-001120,Web,1,1,1,1,
S-001121,Web,1,1,1,1,
S-001122,App,1,1,0,0,shipping_cost
S-001123,App,1,0,0,0,
S-001124,Store,1,1,1,1,
S-001125,Web,1,0,0,0,
S-001126,Web,1,1,0,0,changed_mind
S-001127,Store,1,0,0,0,
S-001128,App,1,1,0,0,stock_out
S-001129,Web,1,1,1,1,
S-001130,App,1,1,0,0,stock_out
S-001131,App,1,0,0,0,
S-001132,Store,1,1,0,0,shipping_cost
S-001133,Web,1,0,0,0,
S-001134,Web,1,1,1,1,
S-001135,Web,1,1,0,0,changed_mind
S-001136,Web,1,1,0,0,checkout_friction
S-001137,App,1,1,0,0,payment_fail
S-001138,Web,1,0,0,0,
S-001139,Store,1,1,1,1,
S-001140,Web,1,1,0,0,payment_fail
S-001141,Web,1,1,1,1,
S-001142,App,1,1,1,1,
S-001143,Store,1,1,1,1,
S-001144,App,1,0,0,0,
S-001145,Store,1,0,0,0,
S-001146,Web,1,1,1,1,
S-001147,Web,1,1,0,0,payment_fail
S-001148,Web,1,1,1,1,
S-001149,App,1,0,0,0,
S-001150,Web,1,0,0,0,
S-001151,App,1,0,0,0,
S-001152,App,1,1,1,1,
S-001153,Web,1,1,0,0,changed_mind
S-001154,Store,1,1,0,0,shipping_cost
S-001155,Store,1,1,0,0,stock_out
S-001156,App,1,1,1,1,
S-001157,Web,1,1,1,1,
S-001158,Web,1,1,1,1,
S-001159,Store,1,1,0,0,changed_mind
S-001160,Web,1,1,1,1,
S-001161,App,1,1,1,1,
S-001162,App,1,0,0,0,
S-001163,App,1,1,1,1,
S-001164,Web,1,1,1,1,
S-001165,App,1,0,0,0,
S-001166,App,1,0,0,0,
S-001167,Web,1,0,0,0,
S-001168,Web,1,1,0,0,shipping_cost
S-001169,Web,1,1,1,1,
S-001170,App,1,1,1,1,
S-001171,Web,1,0,0,0,
S-001172,App,1,1,0,0,checkout_friction
S-001173,Web,1,0,0,0,
S-001174,Web,1,1,1,1,
S-001175,Web,1,1,1,1,
S-001176,App,1,0,0,0,
S-001177,Web,1,1,1,1,
S-001178,Web,1,1,1,1,
S-001179,App,1,1,1,1,
S-001180,Web,1,1,1,1,
S-001181,App,1,1,1,1,
S-001182,App,1,1,0,0,stock_out
S-001183,App,1,0,0,0,
S-001184,Web,1,0,0,0,
S-001185,Web,1,1,1,1,
S-001186,App,1,0,0,0,
S-001187,Web,1,1,0,0,payment_fail
S-001188,Web,1,0,0,0,
S-001189,Web,1,1,1,1,
S-001190,App,1,1,1,1,
S-001191,App,1,1,0,0,shipping_cost
S-001192,App,1,1,1,1,
S-001193,Web,1,0,0,0,
S-001194,Web,1,1,1,1,
S-001195,Web,1,1,0,0,shipping_cost
S-001196,App,1,0,0,0,
S-001197,App,1,1,1,1,
S-001198,Web,1,1,0,0,payment_fail
S-001199,Web,1,1,1,1,
S-001200,Web,1,1,1,1,
S-001201,App,1,1,0,0,payment_fail
S-001202,Web,1,0,0,0,
S-001203,Web,1,1,1,1,
S-001204,Web,1,1,1,1,
S-001205,Web,1,0,0,0,
S-001206,App,1,0,0,0,
S-001207,App,1,1,1,1,
S-001208,Web,1,0,0,0,
S-001209,Web,1,0,0,0,
S-001210,Web,1,1,1,1,
S-001211,Web,1,1,1,1,
S-001212,Web,1,0,0,0,
S-001213,App,1,1,1,1,
S-001214,Web,1,0,0,0,
S-001215,App,1,0,0,0,
S-001216,Web,1,0,0,0,
S-001217,Store,1,1,0,0,checkout_friction
S-001218,Web,1,0,0,0,
S-001219,Web,1,1,0,0,shipping_cost
S-001220,Store,1,0,0,0,
S-001221,App,1,1,1,1,
S-001222,Web,1,0,0,0,
S-001223,Web,1,1,1,1,
S-001224,App,1,1,1,1,
S-001225,Web,1,1,1,1,
S-001226,Web,1,1,0,0,shipping_cost
S-001227,App,1,1,0,0,stock_out
S-001228,Web,1,1,1,1,
S-001229,Web,1,0,0,0,
S-001230,Web,1,1,0,0,changed_mind
S-001231,Web,1,1,1,1,
S-001232,Web,1,1,0,0,checkout_friction
S-001233,Store,1,1,0,0,stock_out
S-001234,Web,1,0,0,0,
S-001235,Web,1,1,0,0,shipping_cost
S-001236,Web,1,1,1,1,
S-001237,App,1,0,0,0,
S-001238,Store,1,1,0,0,shipping_cost
S-001239,Web,1,0,0,0,
S-001240,App,1,0,0,0,
S-001241,App,1,1,0,0,checkout_friction
S-001242,Web,1,1,0,0,stock_out
S-001243,App,1,1,1,1,
S-001244,App,1,1,1,1,
S-001245,Web,1,1,0,0,checkout_friction
S-001246,App,1,0,0,0,
S-001247,Web,1,1,0,0,payment_fail
S-001248,Web,1,1,1,1,
S-001249,Web,1,1,1,1,
S-001250,Web,1,1,1,1,
S-001251,App,1,1,0,0,checkout_friction
S-001252,Web,1,1,1,1,
S-001253,App,1,1,1,1,
S-001254,Web,1,1,1,1,
S-001255,Web,1,0,0,0,
S-001256,Web,1,0,0,0,
S-001257,Web,1,0,0,0,
S-001258,Web,1,1,1,1,
S-001259,Web,1,1,0,0,changed_mind
S-001260,App,1,1,0,0,payment_fail
S-001261,App,1,1,0,0,changed_mind
S-001262,Web,1,1,1,1,
S-001263,Web,1,0,0,0,
S-001264,Store,1,1,1,1,
S-001265,App,1,1,0,0,changed_mind
S-001266,App,1,1,0,0,payment_fail
S-001267,App,1,1,0,0,shipping_cost
S-001268,App,1,1,0,0,stock_out
S-001269,App,1,1,0,0,shipping_cost
S-001270,App,1,1,0,0,shipping_cost
S-001271,Web,1,1,1,1,
S-001272,App,1,1,0,0,shipping_cost
S-001273,Web,1,1,1,1,
S-001274,Store,1,0,0,0,
S-001275,App,1,0,0,0,
S-001276,Web,1,1,1,1,
S-001277,App,1,1,1,1,
S-001278,Web,1,0,0,0,
S-001279,Store,1,1,1,1,
S-001280,Web,1,1,0,0,shipping_cost
S-001281,Web,1,1,1,1,
S-001282,App,1,0,0,0,
S-001283,App,1,1,0,0,checkout_friction
S-001284,App,1,1,1,1,
S-001285,Web,1,0,0,0,
S-001286,Web,1,1,0,0,stock_out
S-001287,Web,1,1,1,1,
S-001288,Store,1,1,0,0,payment_fail
S-001289,App,1,1,1,1,
S-001290,Web,1,1,0,0,checkout_friction
S-001291,App,1,1,0,0,checkout_friction
S-001292,Web,1,0,0,0,
S-001293,Web,1,1,1,1,
S-001294,App,1,1,1,1,
S-001295,Web,1,1,0,0,shipping_cost
S-001296,App,1,1,0,0,stock_out
S-001297,Web,1,0,0,0,
S-001298,Store,1,0,0,0,
S-001299,Web,1,1,0,0,payment_fail
S-001300,Web,1,1,1,1,
S-001301,App,1,1,0,0,checkout_friction
S-001302,Web,1,0,0,0,
S-001303,Web,1,1,0,0,changed_mind
S-001304,Web,1,1,1,1,
S-001305,Store,1,1,1,1,
S-001306,Web,1,0,0,0,
S-001307,Web,1,1,0,0,changed_mind
S-001308,App,1,0,0,0,
S-001309,Web,1,1,1,1,
S-001310,App,1,1,1,1,
S-001311,App,1,0,0,0,
S-001312,App,1,1,0,0,payment_fail
S-001313,App,1,1,0,0,checkout_friction
S-001314,Web,1,1,1,1,
S-001315,Store,1,0,0,0,
S-001316,App,1,1,1,1,
S-001317,Web,1,0,0,0,
S-001318,App,1,0,0,0,
S-001319,Web,1,1,0,0,payment_fail
S-001320,App,1,1,1,1,
S-001321,Store,1,1,1,1,
S-001322,Web,1,1,1,1,
S-001323,App,1,1,0,0,payment_fail
S-001324,Web,1,1,1,1,
S-001325,Web,1,0,0,0,
S-001326,Web,1,1,0,0,payment_fail
S-001327,Web,1,1,0,0,stock_out
S-001328,App,1,1,0,0,payment_fail
S-001329,Web,1,1,1,1,
S-001330,App,1,0,0,0,
S-001331,App,1,1,1,1,
S-001332,App,1,0,0,0,
S-001333,Web,1,1,0,0,checkout_friction
S-001334,Web,1,1,1,1,
S-001335,Store,1,1,0,0,changed_mind
S-001336,Web,1,0,0,0,
S-001337,App,1,1,1,1,
S-001338,Web,1,1,1,1,
S-001339,Web,1,1,0,0,payment_fail
S-001340,Web,1,1,0,0,payment_fail
S-001341,App,1,0,0,0,
S-001342,App,1,1,0,0,payment_fail
S-001343,App,1,1,1,1,
S-001344,Web,1,1,0,0,changed_mind
S-001345,Web,1,0,0,0,
S-001346,Web,1,1,1,1,
S-001347,App,1,1,1,1,
S-001348,Web,1,1,0,0,stock_out
S-001349,App,1,1,1,1,
S-001350,Web,1,0,0,0,
S-001351,Web,1,1,0,0,payment_fail
S-001352,Web,1,1,1,1,
S-001353,App,1,1,0,0,stock_out
S-001354,Web,1,1,0,0,payment_fail
S-001355,Web,1,0,0,0,
S-001356,App,1,1,1,1,
S-001357,Store,1,1,1,1,
S-001358,Web,1,1,0,0,stock_out
S-001359,Web,1,1,1,1,
S-001360,Web,1,1,1,1,
S-001361,Web,1,0,0,0,
S-001362,App,1,1,0,0,checkout_friction
S-001363,Web,1,0,0,0,
S-001364,App,1,1,1,1,
S-001365,App,1,0,0,0,
S-001366,Web,1,1,0,0,stock_out
S-001367,Web,1,0,0,0,
S-001368,Store,1,1,1,1,
S-001369,Web,1,1,0,0,changed_mind
S-001370,App,1,1,0,0,stock_out
S-001371,Web,1,1,1,1,
S-001372,App,1,0,0,0,
S-001373,Store,1,0,0,0,
S-001374,App,1,0,0,0,
S-001375,Store,1,1,0,0,payment_fail
S-001376,App,1,0,0,0,
S-001377,Web,1,0,0,0,
S-001378,Store,1,0,0,0,
S-001379,App,1,0,0,0,
S-001380,Web,1,1,0,0,payment_fail
S-001381,Web,1,0,0,0,
S-001382,App,1,1,0,0,payment_fail
S-001383,Web,1,0,0,0,
S-001384,Store,1,1,1,1,
S-001385,Web,1,1,0,0,changed_mind
S-001386,App,1,1,1,1,
S-001387,App,1,1,0,0,stock_out
S-001388,Web,1,1,0,0,changed_mind
S-001389,App,1,0,0,0,
S-001390,Web,1,1,0,0,checkout_friction
S-001391,App,1,1,1,1,
S-001392,Web,1,1,0,0,payment_fail
S-001393,Web,1,1,1,1,
S-001394,Web,1,0,0,0,
S-001395,App,1,1,0,0,stock_out
S-001396,Web,1,0,0,0,
S-001397,Web,1,0,0,0,
S-001398,Web,1,0,0,0,
S-001399,Store,1,1,0,0,payment_fail
S-001400,Web,1,1,0,0,payment_fail
S-001401,Web,1,1,1,1,
S-001402,Web,1,1,0,0,stock_out
S-001403,Web,1,1,1,1,
S-001404,App,1,0,0,0,
S-001405,Web,1,1,1,1,
S-001406,Web,1,1,1,1,
S-001407,Web,1,0,0,0,
S-001408,Web,1,1,1,1,
S-001409,Web,1,1,0,0,checkout_friction
S-001410,Web,1,0,0,0,
S-001411,App,1,1,1,1,
S-001412,Web,1,1,0,0,changed_mind
S-001413,Web,1,1,1,1,
S-001414,Web,1,0,0,0,
S-001415,Web,1,1,1,1,
S-001416,Web,1,1,1,1,
S-001417,Web,1,1,1,1,
S-001418,Web,1,1,1,1,
S-001419,Web,1,1,1,1,
S-001420,Web,1,1,0,0,payment_fail
S-001421,App,1,1,1,1,
S-001422,Web,1,0,0,0,
S-001423,App,1,1,1,1,
S-001424,Web,1,0,0,0,
S-001425,Web,1,0,0,0,
S-001426,Web,1,0,0,0,
S-001427,Web,1,1,1,1,
S-001428,Web,1,0,0,0,
S-001429,Web,1,1,0,0,changed_mind
S-001430,Web,1,0,0,0,
S-001431,Web,1,1,1,1,
S-001432,Web,1,1,1,1,
S-001433,Web,1,1,1,1,
S-001434,Store,1,1,0,0,payment_fail
S-001435,Web,1,1,0,0,checkout_friction
S-001436,Web,1,1,0,0,stock_out
S-001437,Web,1,1,1,1,
S-001438,Web,1,1,0,0,payment_fail
S-001439,Web,1,1,0,0,payment_fail
S-001440,Web,1,1,1,1,
S-001441,App,1,1,0,0,payment_fail
S-001442,App,1,0,0,0,
S-001443,Store,1,1,0,0,checkout_friction
S-001444,Store,1,1,1,1,
S-001445,Web,1,1,0,0,shipping_cost
S-001446,Web,1,1,1,1,
S-001447,Store,1,1,1,1,
S-001448,App,1,1,0,0,stock_out
S-001449,App,1,1,1,1,
S-001450,Web,1,0,0,0,
S-001451,Web,1,1,0,0,changed_mind
S-001452,Web,1,1,0,0,changed_mind
S-001453,Web,1,1,1,1,
S-001454,Store,1,1,1,1,
S-001455,Web,1,1,1,1,
S-001456,App,1,1,1,1,
S-001457,Store,1,1,0,0,payment_fail
S-001458,Web,1,0,0,0,
S-001459,App,1,1,1,1,
S-001460,App,1,0,0,0,
S-001461,App,1,1,1,1,
S-001462,App,1,1,1,1,
S-001463,Web,1,1,0,0,checkout_friction
S-001464,Web,1,0,0,0,
S-001465,Web,1,0,0,0,
S-001466,Store,1,1,0,0,shipping_cost
S-001467,Web,1,1,0,0,changed_mind
S-001468,Web,1,1,0,0,changed_mind
S-001469,Web,1,1,0,0,changed_mind
S-001470,Web,1,1,1,1,
S-001471,App,1,0,0,0,
S-001472,Web,1,0,0,0,
S-001473,Store,1,1,1,1,
S-001474,App,1,0,0,0,
S-001475,Store,1,0,0,0,
S-001476,Web,1,0,0,0,
S-001477,Web,1,1,0,0,checkout_friction
S-001478,App,1,0,0,0,
S-001479,App,1,0,0,0,
S-001480,Web,1,1,0,0,payment_fail
S-001481,App,1,1,0,0,changed_mind
S-001482,Web,1,1,0,0,shipping_cost
S-001483,Web,1,0,0,0,
S-001484,Web,1,1,1,1,
S-001485,App,1,1,0,0,shipping_cost
S-001486,Store,1,1,0,0,payment_fail
S-001487,App,1,0,0,0,
S-001488,Web,1,1,1,1,
S-001489,Web,1,1,0,0,payment_fail
S-001490,App,1,1,0,0,payment_fail
S-001491,App,1,1,1,1,
S-001492,App,1,1,0,0,shipping_cost
S-001493,App,1,1,1,1,
S-001494,Web,1,1,0,0,shipping_cost
S-001495,Web,1,0,0,0,
S-001496,Store,1,0,0,0,
S-001497,Web,1,1,1,1,
S-001498,Web,1,1,1,1,
S-001499,Web,1,1,0,0,changed_mind
S-001500,Store,1,1,0,0,changed_mind
S-001501,App,1,1,1,1,
S-001502,Web,1,1,0,0,shipping_cost
S-001503,App,1,0,0,0,
S-001504,Web,1,0,0,0,
S-001505,Web,1,1,1,1,
S-001506,Web,1,0,0,0,
S-001507,App,1,0,0,0,
S-001508,App,1,0,0,0,
S-001509,App,1,1,0,0,shipping_cost
S-001510,Web,1,0,0,0,
S-001511,Web,1,1,0,0,payment_fail
S-001512,Web,1,1,0,0,changed_mind
S-001513,App,1,1,0,0,shipping_cost
S-001514,Store,1,1,1,1,
S-001515,App,1,1,0,0,payment_fail
S-001516,Web,1,1,1,1,
S-001517,Web,1,0,0,0,
S-001518,Web,1,0,0,0,
S-001519,App,1,1,1,1,
S-001520,App,1,1,1,1,
S-001521,Web,1,1,0,0,shipping_cost
S-001522,App,1,0,0,0,
S-001523,App,1,1,1,1,
S-001524,App,1,0,0,0,
S-001525,App,1,1,1,1,
S-001526,Store,1,1,0,0,shipping_cost
S-001527,Web,1,1,1,1,
S-001528,Web,1,1,0,0,payment_fail
S-001529,Store,1,0,0,0,
S-001530,Web,1,1,1,1,
S-001531,Store,1,1,1,1,
S-001532,Store,1,0,0,0,
S-001533,Web,1,1,1,1,
S-001534,Web,1,0,0,0,
S-001535,Store,1,1,0,0,changed_mind
S-001536,Web,1,0,0,0,
S-001537,App,1,1,1,1,
S-001538,Web,1,1,1,1,
S-001539,App,1,1,1,1,
S-001540,Web,1,1,0,0,changed_mind
S-001541,Web,1,1,0,0,stock_out
S-001542,Store,1,0,0,0,
S-001543,App,1,1,1,1,
S-001544,App,1,0,0,0,
S-001545,Web,1,0,0,0,
S-001546,App,1,1,0,0,changed_mind
S-001547,Web,1,1,1,1,
S-001548,Store,1,1,1,1,
S-001549,Web,1,1,0,0,changed_mind
S-001550,App,1,1,0,0,shipping_cost
S-001551,Web,1,1,1,1,
S-001552,Web,1,0,0,0,
S-001553,Web,1,0,0,0,
S-001554,Web,1,1,1,1,
S-001555,Web,1,1,0,0,stock_out
S-001556,App,1,1,0,0,changed_mind
S-001557,Web,1,0,0,0,
S-001558,Web,1,0,0,0,
S-001559,Web,1,1,1,1,
S-001560,Web,1,1,1,1,
S-001561,Web,1,0,0,0,
S-001562,Web,1,1,0,0,shipping_cost
S-001563,Store,1,1,1,1,
S-001564,Web,1,1,0,0,changed_mind
S-001565,Web,1,0,0,0,
S-001566,App,1,1,0,0,shipping_cost
S-001567,Store,1,1,1,1,
S-001568,App,1,1,1,1,
S-001569,App,1,1,1,1,
S-001570,App,1,1,1,1,
S-001571,Web,1,1,1,1,
S-001572,Web,1,1,1,1,
S-001573,Store,1,1,0,0,changed_mind
S-001574,Web,1,0,0,0,
S-001575,Web,1,1,0,0,stock_out
S-001576,Web,1,0,0,0,
S-001577,Web,1,1,1,1,
S-001578,Web,1,1,0,0,checkout_friction
S-001579,Store,1,0,0,0,
S-001580,App,1,0,0,0,
S-001581,Web,1,1,0,0,checkout_friction
S-001582,App,1,1,1,1,
S-001583,Web,1,0,0,0,
S-001584,App,1,0,0,0,
S-001585,App,1,1,1,1,
S-001586,App,1,0,0,0,
S-001587,App,1,1,0,0,changed_mind
S-001588,App,1,1,1,1,
S-001589,App,1,1,1,1,
S-001590,App,1,0,0,0,
S-001591,Store,1,1,0,0,changed_mind
S-001592,Web,1,1,1,1,
S-001593,Web,1,1,0,0,stock_out
S-001594,Web,1,0,0,0,
S-001595,App,1,1,1,1,
S-001596,Web,1,1,1,1,
S-001597,Web,1,1,0,0,shipping_cost
S-001598,Web,1,0,0,0,
S-001599,Web,1,1,0,0,stock_out
S-001600,Web,1,1,1,1,
S-001601,Web,1,1,1,1,
S-001602,Web,1,1,0,0,shipping_cost
S-001603,Web,1,0,0,0,
S-001604,App,1,1,0,0,payment_fail
S-001605,Web,1,1,0,0,payment_fail
S-001606,Web,1,1,0,0,stock_out
S-001607,App,1,1,1,1,
S-001608,Web,1,1,0,0,payment_fail
S-001609,Web,1,1,0,0,shipping_cost
S-001610,Web,1,1,0,0,shipping_cost
S-001611,Web,1,1,1,1,
S-001612,Web,1,1,0,0,payment_fail
S-001613,App,1,1,0,0,shipping_cost
S-001614,App,1,1,0,0,stock_out
S-001615,Web,1,1,1,1,
S-001616,Web,1,1,1,1,
S-001617,Web,1,0,0,0,
S-001618,Store,1,1,0,0,payment_fail
S-001619,App,1,1,1,1,
S-001620,App,1,1,0,0,stock_out
S-001621,Web,1,1,0,0,checkout_friction
S-001622,Web,1,1,1,1,
S-001623,Web,1,0,0,0,
S-001624,App,1,0,0,0,
S-001625,App,1,0,0,0,
S-001626,Store,1,1,0,0,shipping_cost
S-001627,App,1,0,0,0,
S-001628,Web,1,1,0,0,payment_fail
S-001629,Web,1,1,0,0,changed_mind
S-001630,Web,1,1,1,1,
S-001631,App,1,0,0,0,
S-001632,Web,1,1,0,0,payment_fail
S-001633,Web,1,1,1,1,
S-001634,App,1,1,1,1,
S-001635,Store,1,0,0,0,
S-001636,App,1,1,1,1,
S-001637,Web,1,1,0,0,shipping_cost
S-001638,Store,1,1,0,0,checkout_friction
S-001639,Web,1,1,0,0,checkout_friction
S-001640,Web,1,1,0,0,stock_out
S-001641,Store,1,0,0,0,
S-001642,Web,1,0,0,0,
S-001643,Web,1,1,0,0,shipping_cost
S-001644,Web,1,1,1,1,
S-001645,Web,1,1,1,1,
S-001646,Web,1,0,0,0,
S-001647,Web,1,0,0,0,
S-001648,App,1,0,0,0,
S-001649,Web,1,0,0,0,
S-001650,App,1,1,0,0,changed_mind
S-001651,Web,1,0,0,0,
S-001652,Web,1,1,1,1,
S-001653,Web,1,0,0,0,
S-001654,Web,1,1,0,0,stock_out
S-001655,App,1,1,0,0,shipping_cost
S-001656,Store,1,1,0,0,changed_mind
S-001657,App,1,0,0,0,
S-001658,Web,1,1,1,1,
S-001659,Web,1,1,0,0,payment_fail
S-001660,Web,1,1,0,0,payment_fail
S-001661,Web,1,0,0,0,
S-001662,Web,1,1,1,1,
S-001663,Web,1,0,0,0,
S-001664,App,1,1,0,0,changed_mind
S-001665,Web,1,1,0,0,payment_fail
S-001666,App,1,1,0,0,payment_fail
S-001667,App,1,1,1,1,
S-001668,Web,1,1,1,1,
S-001669,Web,1,1,1,1,
S-001670,Web,1,0,0,0,
S-001671,App,1,0,0,0,
S-001672,App,1,1,1,1,
S-001673,Store,1,0,0,0,
S-001674,App,1,1,1,1,
S-001675,App,1,1,1,1,
S-001676,App,1,1,0,0,stock_out
S-001677,App,1,1,0,0,checkout_friction
S-001678,Store,1,1,0,0,changed_mind
S-001679,Web,1,0,0,0,
S-001680,Web,1,1,1,1,
S-001681,Store,1,1,0,0,stock_out
S-001682,Web,1,1,0,0,checkout_friction
S-001683,App,1,0,0,0,
S-001684,Store,1,1,1,1,
S-001685,Web,1,1,1,1,
S-001686,Web,1,0,0,0,
S-001687,Web,1,1,0,0,payment_fail
S-001688,Store,1,1,0,0,shipping_cost
S-001689,Web,1,1,1,1,
S-001690,App,1,1,0,0,shipping_cost
S-001691,Web,1,1,1,1,
S-001692,App,1,1,0,0,payment_fail
S-001693,Web,1,1,0,0,stock_out
S-001694,Web,1,1,1,1,
S-001695,Web,1,0,0,0,
S-001696,Store,1,1,1,1,
S-001697,App,1,1,0,0,shipping_cost
S-001698,Web,1,1,0,0,shipping_cost
S-001699,Web,1,1,1,1,
S-001700,App,1,0,0,0,
S-001701,App,1,1,0,0,payment_fail
S-001702,Web,1,0,0,0,
S-001703,Web,1,0,0,0,
S-001704,Web,1,0,0,0,
S-001705,Store,1,0,0,0,
S-001706,App,1,1,1,1,
S-001707,Web,1,1,0,0,payment_fail
S-001708,App,1,1,1,1,
S-001709,Web,1,1,1,1,
S-001710,Web,1,1,0,0,checkout_friction
S-001711,App,1,0,0,0,
S-001712,Web,1,1,0,0,payment_fail
S-001713,App,1,1,0,0,payment_fail
S-001714,Store,1,1,0,0,shipping_cost
S-001715,App,1,0,0,0,
S-001716,Web,1,0,0,0,
S-001717,Web,1,0,0,0,
S-001718,Web,1,0,0,0,
S-001719,App,1,1,1,1,
S-001720,Store,1,1,0,0,shipping_cost
S-001721,App,1,0,0,0,
S-001722,Web,1,0,0,0,
S-001723,App,1,1,1,1,
S-001724,App,1,1,0,0,changed_mind
S-001725,Web,1,1,1,1,
S-001726,Web,1,1,0,0,shipping_cost
S-001727,App,1,1,1,1,
S-001728,Web,1,1,0,0,payment_fail
S-001729,Web,1,1,0,0,payment_fail
S-001730,App,1,1,1,1,
S-001731,App,1,1,0,0,stock_out
S-001732,App,1,0,0,0,
S-001733,App,1,1,1,1,
S-001734,Web,1,1,1,1,
S-001735,Web,1,0,0,0,
S-001736,Web,1,0,0,0,
S-001737,Web,1,1,0,0,changed_mind
S-001738,Store,1,0,0,0,
S-001739,Web,1,1,0,0,changed_mind
S-001740,App,1,1,1,1,
S-001741,Web,1,1,1,1,
S-001742,Web,1,1,0,0,changed_mind
S-001743,Web,1,1,1,1,
S-001744,App,1,1,1,1,
S-001745,App,1,1,1,1,
S-001746,App,1,1,0,0,stock_out
S-001747,Web,1,1,0,0,payment_fail
S-001748,Web,1,0,0,0,
S-001749,Web,1,1,0,0,shipping_cost
S-001750,App,1,1,1,1,
S-001751,Web,1,0,0,0,
S-001752,Web,1,1,1,1,
S-001753,Web,1,0,0,0,
S-001754,Web,1,1,0,0,changed_mind
S-001755,Web,1,1,0,0,shipping_cost
S-001756,Web,1,1,0,0,stock_out
S-001757,App,1,1,0,0,shipping_cost
S-001758,App,1,0,0,0,
S-001759,Store,1,1,1,1,
S-001760,App,1,1,0,0,stock_out
S-001761,Web,1,1,0,0,checkout_friction
S-001762,Web,1,1,1,1,
S-001763,Web,1,1,1,1,
S-001764,Web,1,1,0,0,changed_mind
S-001765,App,1,1,1,1,
S-001766,Store,1,0,0,0,
S-001767,Web,1,1,1,1,
S-001768,Web,1,1,0,0,checkout_friction
S-001769,App,1,1,0,0,changed_mind
S-001770,Web,1,1,0,0,checkout_friction
S-001771,App,1,1,1,1,
S-001772,Web,1,0,0,0,
S-001773,App,1,1,0,0,shipping_cost
S-001774,App,1,0,0,0,
S-001775,Web,1,0,0,0,
S-001776,Web,1,1,1,1,
S-001777,Store,1,1,1,1,
S-001778,Web,1,1,0,0,shipping_cost
S-001779,App,1,1,1,1,
S-001780,Web,1,1,1,1,
S-001781,Web,1,1,0,0,changed_mind
S-001782,App,1,1,1,1,
S-001783,App,1,0,0,0,
S-001784,Web,1,1,1,1,
S-001785,Web,1,1,0,0,payment_fail
S-001786,Web,1,1,0,0,shipping_cost
S-001787,Store,1,1,1,1,
S-001788,Web,1,0,0,0,
S-001789,App,1,1,0,0,checkout_friction
S-001790,Web,1,0,0,0,
S-001791,Web,1,1,1,1,
S-001792,Web,1,0,0,0,
S-001793,Web,1,0,0,0,
S-001794,Web,1,1,1,1,
S-001795,Web,1,0,0,0,
S-001796,App,1,0,0,0,
S-001797,Web,1,1,0,0,changed_mind
S-001798,Web,1,1,1,1,
S-001799,Web,1,1,0,0,payment_fail
S-001800,App,1,0,0,0,
S-001801,App,1,1,1,1,
S-001802,App,1,0,0,0,
S-001803,Web,1,0,0,0,
S-001804,App,1,1,1,1,
S-001805,Web,1,1,1,1,
S-001806,App,1,1,1,1,
S-001807,Store,1,1,0,0,shipping_cost
S-001808,Web,1,1,1,1,
S-001809,Web,1,1,1,1,
S-001810,Store,1,1,0,0,payment_fail
S-001811,Web,1,1,0,0,payment_fail
S-001812,App,1,1,1,1,
S-001813,Store,1,1,1,1,
S-001814,App,1,0,0,0,
S-001815,App,1,0,0,0,
S-001816,App,1,1,0,0,checkout_friction
S-001817,App,1,1,1,1,
S-001818,App,1,1,0,0,shipping_cost
S-001819,Web,1,1,1,1,
S-001820,Web,1,1,1,1,
S-001821,Store,1,1,0,0,shipping_cost
S-001822,Store,1,1,0,0,changed_mind
S-001823,Web,1,1,0,0,payment_fail
S-001824,App,1,1,1,1,
S-001825,App,1,1,1,1,
S-001826,Web,1,1,0,0,payment_fail
S-001827,Web,1,1,0,0,stock_out
S-001828,App,1,1,1,1,
S-001829,Web,1,1,1,1,
S-001830,App,1,1,1,1,
S-001831,Web,1,1,0,0,changed_mind
S-001832,Web,1,0,0,0,
S-001833,Web,1,1,0,0,checkout_friction
S-001834,Store,1,1,0,0,changed_mind
S-001835,Web,1,0,0,0,
S-001836,Web,1,1,0,0,shipping_cost
S-001837,App,1,1,0,0,stock_out
S-001838,Web,1,1,0,0,checkout_friction
S-001839,App,1,1,0,0,stock_out
S-001840,App,1,1,0,0,checkout_friction
S-001841,Web,1,1,1,1,
S-001842,App,1,0,0,0,
S-001843,Web,1,0,0,0,
S-001844,Web,1,0,0,0,
S-001845,Web,1,1,0,0,stock_out
S-001846,Web,1,1,1,1,
S-001847,Web,1,0,0,0,
S-001848,App,1,1,1,1,
S-001849,App,1,1,0,0,checkout_friction
S-001850,Web,1,0,0,0,
S-001851,Web,1,1,0,0,payment_fail
S-001852,Web,1,1,1,1,
S-001853,App,1,0,0,0,
S-001854,App,1,0,0,0,
S-001855,Web,1,0,0,0,
S-001856,Web,1,0,0,0,
S-001857,Web,1,0,0,0,
S-001858,Web,1,0,0,0,
S-001859,Store,1,1,0,0,stock_out
S-001860,App,1,1,0,0,shipping_cost
S-001861,Store,1,1,0,0,changed_mind
S-001862,App,1,1,0,0,changed_mind
S-001863,Web,1,0,0,0,
S-001864,Web,1,1,1,1,
S-001865,Web,1,1,1,1,
S-001866,App,1,1,0,0,checkout_friction
S-001867,Web,1,0,0,0,
S-001868,Web,1,1,1,1,
S-001869,App,1,0,0,0,
S-001870,App,1,0,0,0,
S-001871,App,1,1,0,0,checkout_friction
S-001872,Web,1,1,1,1,
S-001873,Web,1,1,1,1,
S-001874,Store,1,1,0,0,shipping_cost
S-001875,App,1,1,0,0,stock_out
S-001876,App,1,1,1,1,
S-001877,Web,1,1,1,1,
S-001878,Store,1,0,0,0,
S-001879,App,1,1,1,1,
S-001880,App,1,0,0,0,
S-001881,App,1,0,0,0,
S-001882,Store,1,1,0,0,stock_out
S-001883,Web,1,1,0,0,shipping_cost
S-001884,Store,1,0,0,0,
S-001885,Store,1,0,0,0,
S-001886,App,1,1,0,0,payment_fail
S-001887,Web,1,0,0,0,
S-001888,Store,1,1,0,0,payment_fail
S-001889,Web,1,0,0,0,
S-001890,Web,1,1,0,0,stock_out
S-001891,App,1,0,0,0,
S-001892,App,1,1,1,1,
S-001893,Store,1,1,1,1,
S-001894,Web,1,1,1,1,
S-001895,Web,1,0,0,0,
S-001896,Web,1,0,0,0,
S-001897,Web,1,1,0,0,shipping_cost
S-001898,App,1,0,0,0,
S-001899,Store,1,1,1,1,
S-001900,Web,1,0,0,0,
S-001901,Web,1,1,1,1,
S-001902,App,1,1,1,1,
S-001903,App,1,0,0,0,
S-001904,App,1,1,1,1,
S-001905,Web,1,0,0,0,
S-001906,App,1,0,0,0,
S-001907,Store,1,0,0,0,
S-001908,Store,1,1,1,1,
S-001909,App,1,1,0,0,checkout_friction
S-001910,App,1,0,0,0,
S-001911,Web,1,1,0,0,shipping_cost
S-001912,Web,1,1,1,1,
S-001913,Web,1,1,1,1,
S-001914,App,1,1,0,0,checkout_friction
S-001915,Web,1,1,1,1,
S-001916,App,1,1,0,0,shipping_cost
S-001917,Web,1,1,0,0,stock_out
S-001918,App,1,1,1,1,
S-001919,App,1,1,1,1,
S-001920,App,1,0,0,0,
S-001921,Web,1,1,1,1,
S-001922,Store,1,1,1,1,
S-001923,Web,1,0,0,0,
S-001924,Web,1,1,1,1,
S-001925,Web,1,1,1,1,
S-001926,App,1,1,1,1,
S-001927,Web,1,1,0,0,payment_fail
S-001928,App,1,1,1,1,
S-001929,Web,1,1,0,0,changed_mind
S-001930,Web,1,1,0,0,stock_out
S-001931,Web,1,0,0,0,
S-001932,Web,1,1,1,1,
S-001933,Web,1,1,0,0,checkout_friction
S-001934,Web,1,0,0,0,
S-001935,Web,1,1,0,0,stock_out
S-001936,Web,1,1,1,1,
S-001937,Web,1,1,1,1,
S-001938,Store,1,0,0,0,
S-001939,App,1,1,1,1,
S-001940,Web,1,0,0,0,
S-001941,App,1,0,0,0,
S-001942,Web,1,0,0,0,
S-001943,Web,1,1,0,0,payment_fail
S-001944,Web,1,1,0,0,shipping_cost
S-001945,Web,1,1,1,1,
S-001946,Store,1,1,1,1,
S-001947,Store,1,1,0,0,payment_fail
S-001948,App,1,1,0,0,payment_fail
S-001949,Web,1,1,0,0,changed_mind
S-001950,Web,1,1,1,1,
S-001951,Web,1,1,1,1,
S-001952,Store,1,1,1,1,
S-001953,Web,1,1,1,1,
S-001954,App,1,0,0,0,
S-001955,Web,1,0,0,0,
S-001956,App,1,1,0,0,stock_out
S-001957,App,1,0,0,0,
S-001958,App,1,1,1,1,
S-001959,App,1,1,1,1,
S-001960,App,1,1,1,1,
S-001961,Web,1,1,0,0,stock_out
S-001962,Web,1,1,0,0,checkout_friction
S-001963,Web,1,1,1,1,
S-001964,Web,1,1,1,1,
S-001965,App,1,1,1,1,
S-001966,Web,1,1,0,0,stock_out
S-001967,App,1,1,1,1,
S-001968,App,1,1,1,1,
S-001969,Store,1,0,0,0,
S-001970,Web,1,1,1,1,
S-001971,App,1,1,1,1,
S-001972,App,1,0,0,0,
S-001973,Web,1,1,0,0,stock_out
S-001974,App,1,1,1,1,
S-001975,App,1,1,0,0,payment_fail
S-001976,Web,1,1,1,1,
S-001977,Web,1,1,0,0,payment_fail
S-001978,Web,1,1,1,1,
S-001979,App,1,0,0,0,
S-001980,Web,1,0,0,0,
S-001981,App,1,1,0,0,changed_mind
S-001982,Web,1,0,0,0,
S-001983,Web,1,1,1,1,
S-001984,App,1,1,0,0,checkout_friction
S-001985,App,1,0,0,0,
S-001986,Web,1,1,0,0,payment_fail
S-001987,App,1,0,0,0,
S-001988,App,1,0,0,0,
S-001989,App,1,1,0,0,changed_mind
S-001990,Web,1,1,1,1,
S-001991,Web,1,1,1,1,
S-001992,Web,1,1,1,1,
S-001993,Web,1,1,1,1,
S-001994,App,1,1,0,0,changed_mind
S-001995,App,1,1,0,0,payment_fail
S-001996,App,1,1,0,0,shipping_cost
S-001997,Web,1,0,0,0,
S-001998,Web,1,0,0,0,
S-001999,Store,1,1,1,1,
S-002000,App,1,1,0,0,checkout_friction
S-002001,App,1,1,1,1,
S-002002,Web,1,1,1,1,
S-002003,App,1,1,1,1,
S-002004,Store,1,0,0,0,
S-002005,App,1,1,1,1,
S-002006,Web,1,0,0,0,
S-002007,Web,1,1,0,0,changed_mind
S-002008,App,1,1,1,1,
S-002009,Web,1,1,0,0,payment_fail
S-002010,App,1,0,0,0,
S-002011,Web,1,1,0,0,checkout_friction
S-002012,Store,1,1,1,1,
S-002013,App,1,0,0,0,
S-002014,Web,1,1,1,1,
S-002015,App,1,1,1,1,
S-002016,Web,1,0,0,0,
S-002017,Web,1,0,0,0,
S-002018,Web,1,1,1,1,
S-002019,Web,1,1,1,1,
S-002020,Web,1,1,0,0,shipping_cost
S-002021,Web,1,1,0,0,checkout_friction
S-002022,App,1,1,1,1,
S-002023,App,1,1,0,0,shipping_cost
S-002024,App,1,1,1,1,
S-002025,App,1,0,0,0,
S-002026,Web,1,1,1,1,
S-002027,Store,1,1,0,0,changed_mind
S-002028,Web,1,0,0,0,
S-002029,Web,1,1,0,0,shipping_cost
S-002030,Web,1,1,0,0,payment_fail
S-002031,Web,1,0,0,0,
S-002032,Web,1,1,1,1,
S-002033,Web,1,1,0,0,checkout_friction
S-002034,Web,1,1,1,1,
S-002035,Web,1,0,0,0,
S-002036,App,1,1,1,1,
S-002037,Web,1,1,1,1,
S-002038,Store,1,0,0,0,
S-002039,App,1,0,0,0,
S-002040,App,1,1,1,1,
S-002041,Web,1,1,0,0,payment_fail
S-002042,Store,1,1,1,1,
S-002043,App,1,1,1,1,
S-002044,Web,1,0,0,0,
S-002045,App,1,1,0,0,payment_fail
S-002046,App,1,1,0,0,shipping_cost
S-002047,Web,1,0,0,0,
S-002048,App,1,1,0,0,stock_out
S-002049,Web,1,0,0,0,
S-002050,App,1,1,0,0,stock_out
S-002051,Web,1,0,0,0,
S-002052,Web,1,0,0,0,
S-002053,App,1,1,0,0,checkout_friction
S-002054,Web,1,1,1,1,
S-002055,App,1,1,1,1,
S-002056,Web,1,0,0,0,
S-002057,Web,1,1,1,1,
S-002058,Web,1,1,1,1,
S-002059,Store,1,1,1,1,
S-002060,App,1,0,0,0,
S-002061,Store,1,1,1,1,
S-002062,Web,1,0,0,0,
S-002063,Web,1,1,1,1,
S-002064,Web,1,0,0,0,
S-002065,App,1,1,1,1,
S-002066,Web,1,0,0,0,
S-002067,Web,1,1,1,1,
S-002068,Store,1,1,0,0,shipping_cost
S-002069,Web,1,0,0,0,
S-002070,App,1,1,0,0,shipping_cost
S-002071,Web,1,0,0,0,
S-002072,Web,1,1,0,0,payment_fail
S-002073,Store,1,1,1,1,
S-002074,App,1,1,1,1,
S-002075,App,1,1,1,1,
S-002076,Web,1,0,0,0,
S-002077,Web,1,1,1,1,
S-002078,App,1,1,0,0,changed_mind
S-002079,App,1,1,1,1,
S-002080,App,1,0,0,0,
S-002081,Web,1,0,0,0,
S-002082,Web,1,1,1,1,
S-002083,Web,1,1,0,0,checkout_friction
S-002084,Web,1,1,1,1,
S-002085,Web,1,0,0,0,
S-002086,Web,1,0,0,0,
S-002087,Web,1,1,0,0,stock_out
S-002088,Web,1,1,0,0,changed_mind
S-002089,Web,1,1,0,0,shipping_cost
S-002090,Web,1,0,0,0,
S-002091,Web,1,0,0,0,
S-002092,Web,1,0,0,0,
S-002093,App,1,1,1,1,
S-002094,App,1,1,1,1,
S-002095,Store,1,1,1,1,
S-002096,Web,1,1,0,0,checkout_friction
S-002097,App,1,1,1,1,
S-002098,App,1,0,0,0,
S-002099,Web,1,1,0,0,shipping_cost
S-002100,Store,1,1,0,0,payment_fail
S-002101,Store,1,1,0,0,shipping_cost
S-002102,Web,1,1,0,0,payment_fail
S-002103,Web,1,0,0,0,
S-002104,Web,1,0,0,0,
S-002105,Store,1,1,1,1,
S-002106,Web,1,1,0,0,payment_fail
S-002107,App,1,1,0,0,payment_fail
S-002108,Web,1,1,1,1,
S-002109,Web,1,1,0,0,shipping_cost
S-002110,App,1,1,1,1,
S-002111,Web,1,0,0,0,
S-002112,Web,1,1,0,0,changed_mind
S-002113,Web,1,1,0,0,shipping_cost
S-002114,Web,1,1,0,0,shipping_cost
S-002115,Web,1,1,0,0,checkout_friction
S-002116,App,1,1,1,1,
S-002117,Web,1,1,0,0,stock_out
S-002118,App,1,1,0,0,changed_mind
S-002119,Web,1,0,0,0,
S-002120,Web,1,1,0,0,shipping_cost
S-002121,Web,1,0,0,0,
S-002122,Web,1,0,0,0,
S-002123,Web,1,0,0,0,
S-002124,Web,1,1,1,1,
S-002125,Web,1,1,0,0,checkout_friction
S-002126,Web,1,0,0,0,
S-002127,Web,1,1,1,1,
S-002128,App,1,1,1,1,
S-002129,Web,1,1,0,0,payment_fail
S-002130,Web,1,1,1,1,
S-002131,App,1,1,1,1,
S-002132,Web,1,0,0,0,
S-002133,App,1,0,0,0,
S-002134,Web,1,1,1,1,
S-002135,App,1,1,0,0,shipping_cost
S-002136,Web,1,0,0,0,
S-002137,Web,1,1,1,1,
S-002138,App,1,0,0,0,
S-002139,Web,1,1,1,1,
S-002140,Web,1,1,0,0,checkout_friction
S-002141,Web,1,1,1,1,
S-002142,Web,1,1,0,0,changed_mind
S-002143,Web,1,1,0,0,stock_out
S-002144,App,1,1,1,1,
S-002145,Web,1,0,0,0,
S-002146,Web,1,1,1,1,
S-002147,Web,1,1,0,0,changed_mind
S-002148,Web,1,1,1,1,
S-002149,App,1,1,0,0,changed_mind
S-002150,Web,1,1,1,1,
S-002151,Web,1,1,1,1,
S-002152,App,1,0,0,0,
S-002153,Web,1,1,1,1,
S-002154,App,1,0,0,0,
S-002155,App,1,1,1,1,
S-002156,Web,1,1,1,1,
S-002157,Store,1,1,0,0,shipping_cost
S-002158,App,1,0,0,0,
S-002159,Web,1,1,1,1,
S-002160,Web,1,0,0,0,
S-002161,Web,1,1,1,1,
S-002162,Web,1,0,0,0,
S-002163,Web,1,1,1,1,
S-002164,Web,1,1,1,1,
S-002165,App,1,1,1,1,
S-002166,Web,1,1,0,0,payment_fail
S-002167,App,1,0,0,0,
S-002168,App,1,1,1,1,
S-002169,Web,1,0,0,0,
S-002170,Store,1,0,0,0,
S-002171,App,1,1,1,1,
S-002172,Web,1,0,0,0,
S-002173,Web,1,1,1,1,
S-002174,App,1,1,0,0,shipping_cost
S-002175,Store,1,1,1,1,
S-002176,Web,1,0,0,0,
S-002177,App,1,1,1,1,
S-002178,App,1,1,0,0,payment_fail
S-002179,Web,1,1,1,1,
S-002180,Web,1,0,0,0,
S-002181,Web,1,0,0,0,
S-002182,Web,1,1,0,0,checkout_friction
S-002183,App,1,1,1,1,
S-002184,App,1,1,0,0,shipping_cost
S-002185,App,1,1,1,1,
S-002186,App,1,0,0,0,
S-002187,Web,1,1,1,1,
S-002188,Web,1,1,1,1,
S-002189,Web,1,1,1,1,
S-002190,Web,1,0,0,0,
S-002191,App,1,0,0,0,
S-002192,Web,1,0,0,0,
S-002193,Web,1,1,0,0,changed_mind
S-002194,App,1,0,0,0,
S-002195,Web,1,1,0,0,stock_out
S-002196,Web,1,1,0,0,stock_out
S-002197,Store,1,1,0,0,shipping_cost
S-002198,Web,1,1,1,1,
S-002199,App,1,0,0,0,
S-002200,Web,1,1,1,1,
S-002201,Web,1,1,1,1,
S-002202,Web,1,1,0,0,shipping_cost
S-002203,App,1,1,1,1,
S-002204,App,1,1,0,0,checkout_friction
S-002205,App,1,1,1,1,
S-002206,Web,1,1,1,1,
S-002207,Web,1,0,0,0,
S-002208,App,1,1,1,1,
S-002209,Web,1,1,1,1,
S-002210,App,1,1,0,0,changed_mind
S-002211,Web,1,1,1,1,
S-002212,Web,1,1,1,1,
S-002213,App,1,0,0,0,
S-002214,Web,1,1,1,1,
S-002215,Web,1,1,0,0,stock_out
S-002216,Store,1,0,0,0,
S-002217,App,1,1,1,1,
S-002218,Web,1,1,1,1,
S-002219,App,1,0,0,0,
S-002220,Web,1,1,0,0,checkout_friction
S-002221,App,1,0,0,0,
S-002222,Web,1,1,1,1,
S-002223,Web,1,0,0,0,
S-002224,Web,1,1,1,1,
S-002225,Web,1,1,0,0,stock_out
S-002226,Web,1,1,1,1,
S-002227,App,1,0,0,0,
S-002228,App,1,0,0,0,
S-002229,Web,1,1,1,1,
S-002230,Web,1,0,0,0,
S-002231,Web,1,1,0,0,payment_fail
S-002232,App,1,0,0,0,
S-002233,Web,1,1,0,0,changed_mind
S-002234,Web,1,1,0,0,payment_fail
S-002235,Web,1,0,0,0,
S-002236,App,1,1,1,1,
S-002237,Web,1,1,1,1,
S-002238,Web,1,1,1,1,
S-002239,Web,1,1,1,1,
S-002240,App,1,1,1,1,
S-002241,Store,1,1,1,1,
S-002242,Store,1,1,0,0,changed_mind
S-002243,App,1,0,0,0,
S-002244,Web,1,1,0,0,checkout_friction
S-002245,Web,1,1,0,0,changed_mind
S-002246,Web,1,1,0,0,shipping_cost
S-002247,Web,1,1,0,0,payment_fail
S-002248,Store,1,1,1,1,
S-002249,Web,1,0,0,0,
S-002250,Web,1,1,1,1,
S-002251,Web,1,1,0,0,checkout_friction
S-002252,Web,1,1,1,1,
S-002253,App,1,1,1,1,
S-002254,Web,1,1,1,1,
S-002255,App,1,1,1,1,
S-002256,Web,1,1,1,1,
S-002257,Web,1,1,1,1,
S-002258,Web,1,1,1,1,
S-002259,App,1,0,0,0,
S-002260,Web,1,1,1,1,
S-002261,Web,1,0,0,0,
S-002262,Web,1,1,1,1,
S-002263,App,1,0,0,0,
S-002264,Web,1,1,1,1,
S-002265,Store,1,0,0,0,
S-002266,Store,1,0,0,0,
S-002267,Web,1,1,1,1,
S-002268,Web,1,1,0,0,payment_fail
S-002269,Web,1,1,0,0,payment_fail
S-002270,Web,1,1,1,1,
S-002271,Store,1,1,1,1,
S-002272,Web,1,1,0,0,payment_fail
S-002273,Web,1,1,1,1,
S-002274,Web,1,0,0,0,
S-002275,Store,1,0,0,0,
S-002276,App,1,0,0,0,
S-002277,Web,1,0,0,0,
S-002278,Web,1,1,1,1,
S-002279,Store,1,1,1,1,
S-002280,Web,1,1,1,1,
S-002281,Web,1,0,0,0,
S-002282,Web,1,1,1,1,
S-002283,App,1,0,0,0,
S-002284,Web,1,1,1,1,
S-002285,Web,1,1,1,1,
S-002286,Web,1,1,0,0,payment_fail
S-002287,App,1,0,0,0,
S-002288,Web,1,1,0,0,shipping_cost
S-002289,App,1,1,0,0,changed_mind
S-002290,Web,1,1,0,0,shipping_cost
S-002291,App,1,1,1,1,
S-002292,App,1,0,0,0,
S-002293,Web,1,0,0,0,
S-002294,Web,1,1,1,1,
S-002295,Store,1,1,1,1,
S-002296,App,1,1,0,0,payment_fail
S-002297,Web,1,1,1,1,
S-002298,Store,1,0,0,0,
S-002299,App,1,1,0,0,payment_fail
S-002300,Web,1,1,1,1,
S-002301,Web,1,1,0,0,shipping_cost
S-002302,Store,1,0,0,0,
S-002303,App,1,1,1,1,
S-002304,Web,1,0,0,0,
S-002305,Web,1,1,0,0,payment_fail
S-002306,App,1,0,0,0,
S-002307,Web,1,1,0,0,changed_mind
S-002308,App,1,0,0,0,
S-002309,Store,1,1,0,0,payment_fail
S-002310,App,1,0,0,0,
S-002311,Web,1,1,0,0,shipping_cost
S-002312,App,1,0,0,0,
S-002313,Web,1,0,0,0,
S-002314,Web,1,1,0,0,shipping_cost
S-002315,Web,1,0,0,0,
S-002316,Web,1,1,0,0,shipping_cost
S-002317,Web,1,1,0,0,payment_fail
S-002318,Store,1,1,0,0,payment_fail
S-002319,App,1,1,1,1,
S-002320,Web,1,1,1,1,
S-002321,Web,1,0,0,0,
S-002322,Web,1,1,0,0,checkout_friction
S-002323,App,1,1,1,1,
S-002324,Web,1,1,1,1,
S-002325,App,1,1,0,0,payment_fail
S-002326,Store,1,0,0,0,
S-002327,App,1,1,1,1,
S-002328,App,1,1,0,0,changed_mind
S-002329,Web,1,1,1,1,
S-002330,Web,1,0,0,0,
S-002331,Web,1,1,0,0,shipping_cost
S-002332,Web,1,0,0,0,
S-002333,Web,1,1,1,1,
S-002334,App,1,1,0,0,shipping_cost
S-002335,Web,1,1,0,0,shipping_cost
S-002336,Web,1,1,0,0,stock_out
S-002337,Web,1,1,1,1,
S-002338,App,1,1,0,0,stock_out
S-002339,Web,1,0,0,0,
S-002340,Web,1,1,0,0,payment_fail
S-002341,App,1,1,0,0,shipping_cost
S-002342,Web,1,1,0,0,payment_fail
S-002343,Web,1,1,0,0,shipping_cost
S-002344,Web,1,1,1,1,
S-002345,Web,1,1,1,1,
S-002346,App,1,0,0,0,
S-002347,Web,1,1,0,0,changed_mind
S-002348,Web,1,1,0,0,payment_fail
S-002349,Web,1,1,1,1,
S-002350,Web,1,0,0,0,
S-002351,Web,1,1,1,1,
S-002352,Web,1,1,1,1,
S-002353,App,1,0,0,0,
S-002354,Web,1,0,0,0,
S-002355,Web,1,1,1,1,
S-002356,Web,1,1,1,1,
S-002357,Web,1,1,1,1,
S-002358,Web,1,0,0,0,
S-002359,Web,1,1,0,0,shipping_cost
S-002360,App,1,0,0,0,
S-002361,Web,1,1,1,1,
S-002362,App,1,1,0,0,checkout_friction
S-002363,Web,1,1,1,1,
S-002364,Web,1,1,1,1,
S-002365,App,1,1,1,1,
S-002366,App,1,1,1,1,
S-002367,Store,1,1,0,0,payment_fail
S-002368,App,1,1,0,0,shipping_cost
S-002369,App,1,1,0,0,stock_out
S-002370,Web,1,1,1,1,
S-002371,App,1,1,1,1,
S-002372,App,1,1,1,1,
S-002373,Store,1,1,1,1,
S-002374,Web,1,1,0,0,payment_fail
S-002375,Web,1,1,0,0,payment_fail
S-002376,App,1,1,0,0,payment_fail
S-002377,Web,1,1,1,1,
S-002378,Web,1,1,1,1,
S-002379,Web,1,1,1,1,
S-002380,Web,1,1,1,1,
S-002381,Store,1,0,0,0,
S-002382,Web,1,1,0,0,checkout_friction
S-002383,Web,1,1,1,1,
S-002384,Web,1,1,1,1,
S-002385,App,1,1,0,0,payment_fail
S-002386,App,1,0,0,0,
S-002387,Web,1,1,0,0,payment_fail
S-002388,Web,1,1,1,1,
S-002389,App,1,1,1,1,
S-002390,Web,1,0,0,0,
S-002391,App,1,1,1,1,
S-002392,App,1,1,1,1,
S-002393,Web,1,1,0,0,payment_fail
S-002394,Web,1,1,1,1,
S-002395,Store,1,1,0,0,payment_fail
S-002396,App,1,1,1,1,
S-002397,App,1,0,0,0,
S-002398,Web,1,1,0,0,changed_mind
S-002399,Web,1,1,1,1,
S-002400,Store,1,1,1,1,
S-002401,Web,1,0,0,0,
S-002402,Web,1,1,0,0,payment_fail
S-002403,Web,1,0,0,0,
S-002404,Web,1,0,0,0,
S-002405,Web,1,1,1,1,
S-002406,Web,1,1,0,0,changed_mind
S-002407,Web,1,1,1,1,
S-002408,Store,1,0,0,0,
S-002409,Web,1,0,0,0,
S-002410,App,1,1,1,1,
S-002411,App,1,0,0,0,
S-002412,App,1,1,0,0,changed_mind
S-002413,App,1,1,1,1,
S-002414,App,1,1,0,0,stock_out
S-002415,Store,1,0,0,0,
S-002416,Web,1,1,1,1,
S-002417,Web,1,1,1,1,
S-002418,App,1,1,1,1,
S-002419,Web,1,1,0,0,payment_fail
S-002420,Web,1,1,1,1,
S-002421,App,1,0,0,0,
S-002422,App,1,1,0,0,checkout_friction
S-002423,App,1,1,0,0,changed_mind
S-002424,App,1,1,0,0,payment_fail
S-002425,Web,1,1,1,1,
S-002426,App,1,1,0,0,stock_out
S-002427,Web,1,0,0,0,
S-002428,App,1,0,0,0,
S-002429,Store,1,1,1,1,
S-002430,Web,1,1,0,0,checkout_friction
S-002431,Web,1,1,1,1,
S-002432,Web,1,1,0,0,payment_fail
S-002433,Web,1,1,1,1,
S-002434,Web,1,1,0,0,checkout_friction
S-002435,App,1,1,1,1,
S-002436,Web,1,1,1,1,
S-002437,Web,1,1,1,1,
S-002438,Web,1,1,0,0,shipping_cost
S-002439,App,1,1,0,0,changed_mind
S-002440,Store,1,1,1,1,
S-002441,Web,1,1,1,1,
S-002442,App,1,1,0,0,checkout_friction
S-002443,Web,1,1,1,1,
S-002444,Store,1,1,1,1,
S-002445,App,1,0,0,0,
S-002446,App,1,1,0,0,shipping_cost
S-002447,Web,1,1,0,0,stock_out
S-002448,App,1,1,0,0,shipping_cost
S-002449,App,1,1,0,0,stock_out
S-002450,App,1,1,1,1,
S-002451,App,1,1,1,1,
S-002452,Web,1,0,0,0,
S-002453,Web,1,0,0,0,
S-002454,Web,1,1,1,1,
S-002455,App,1,0,0,0,
S-002456,Web,1,1,0,0,changed_mind
S-002457,Web,1,1,0,0,payment_fail
S-002458,Web,1,1,0,0,shipping_cost
S-002459,App,1,1,0,0,shipping_cost
S-002460,App,1,1,0,0,payment_fail
S-002461,App,1,1,0,0,payment_fail
S-002462,Store,1,1,0,0,shipping_cost
S-002463,App,1,0,0,0,
S-002464,Web,1,0,0,0,
S-002465,App,1,0,0,0,
S-002466,Web,1,1,1,1,
S-002467,App,1,1,0,0,payment_fail
S-002468,Web,1,0,0,0,
S-002469,Web,1,1,0,0,payment_fail
S-002470,Web,1,1,0,0,stock_out
S-002471,Web,1,0,0,0,
S-002472,App,1,0,0,0,
S-002473,Web,1,1,1,1,
S-002474,Web,1,0,0,0,
S-002475,Store,1,1,0,0,stock_out
S-002476,Web,1,1,1,1,
S-002477,Web,1,0,0,0,
S-002478,Store,1,1,1,1,
S-002479,Web,1,1,0,0,stock_out
S-002480,App,1,1,1,1,
S-002481,App,1,1,1,1,
S-002482,Web,1,0,0,0,
S-002483,App,1,1,0,0,shipping_cost
S-002484,Web,1,1,0,0,checkout_friction
S-002485,Web,1,0,0,0,
S-002486,Web,1,0,0,0,
S-002487,Store,1,1,0,0,changed_mind
S-002488,Web,1,1,0,0,payment_fail
S-002489,Web,1,1,0,0,payment_fail
S-002490,Web,1,1,0,0,changed_mind
S-002491,Web,1,1,1,1,
S-002492,App,1,0,0,0,
S-002493,App,1,0,0,0,
S-002494,Web,1,1,0,0,payment_fail
S-002495,Web,1,1,0,0,changed_mind
S-002496,App,1,0,0,0,
S-002497,Store,1,1,0,0,checkout_friction
S-002498,Web,1,1,1,1,
S-002499,App,1,0,0,0,
S-002500,Web,1,1,1,1,
S-002501,App,1,1,1,1,
S-002502,Web,1,1,0,0,payment_fail
S-002503,App,1,0,0,0,
S-002504,Store,1,1,0,0,payment_fail
S-002505,Web,1,1,1,1,
S-002506,App,1,1,0,0,checkout_friction
S-002507,Web,1,1,1,1,
S-002508,Web,1,1,0,0,changed_mind
S-002509,Store,1,1,1,1,
S-002510,App,1,1,0,0,payment_fail
S-002511,Web,1,1,1,1,
S-002512,App,1,0,0,0,
S-002513,Web,1,1,0,0,checkout_friction
S-002514,App,1,1,1,1,
S-002515,Web,1,1,0,0,checkout_friction
S-002516,Web,1,1,0,0,changed_mind
S-002517,Store,1,0,0,0,
S-002518,App,1,1,1,1,
S-002519,Web,1,1,1,1,
S-002520,Web,1,1,0,0,changed_mind
S-002521,Web,1,1,0,0,payment_fail
S-002522,Web,1,1,1,1,
S-002523,Web,1,1,1,1,
S-002524,Web,1,1,1,1,
S-002525,App,1,0,0,0,
S-002526,Store,1,1,0,0,payment_fail
S-002527,Web,1,1,1,1,
S-002528,Web,1,1,0,0,changed_mind
S-002529,App,1,1,0,0,shipping_cost
S-002530,Web,1,1,0,0,changed_mind
S-002531,Store,1,1,1,1,
S-002532,Web,1,0,0,0,
S-002533,App,1,1,0,0,stock_out
S-002534,Store,1,1,1,1,
S-002535,Web,1,0,0,0,
S-002536,Web,1,1,1,1,
S-002537,Web,1,0,0,0,
S-002538,Web,1,1,0,0,payment_fail
S-002539,Web,1,1,0,0,changed_mind
S-002540,App,1,1,1,1,
S-002541,Web,1,0,0,0,
S-002542,Web,1,1,0,0,payment_fail
S-002543,App,1,1,1,1,
S-002544,App,1,1,0,0,checkout_friction
S-002545,App,1,0,0,0,
S-002546,Web,1,1,1,1,
S-002547,Web,1,1,1,1,
S-002548,App,1,0,0,0,
S-002549,App,1,1,1,1,
S-002550,Web,1,1,1,1,
S-002551,App,1,0,0,0,
S-002552,Web,1,0,0,0,
S-002553,Web,1,0,0,0,
S-002554,Web,1,1,1,1,
S-002555,App,1,1,0,0,payment_fail
S-002556,Web,1,1,1,1,
S-002557,Web,1,0,0,0,
S-002558,App,1,1,1,1,
S-002559,Web,1,1,0,0,changed_mind
S-002560,App,1,1,0,0,changed_mind
S-002561,App,1,0,0,0,
S-002562,Web,1,0,0,0,
S-002563,App,1,1,0,0,shipping_cost
S-002564,App,1,1,1,1,
S-002565,Web,1,1,0,0,changed_mind
S-002566,Web,1,1,0,0,stock_out
S-002567,App,1,0,0,0,
S-002568,Web,1,1,0,0,changed_mind
S-002569,App,1,1,0,0,stock_out
S-002570,App,1,1,1,1,
S-002571,App,1,1,0,0,checkout_friction
S-002572,App,1,1,0,0,shipping_cost
S-002573,Web,1,1,1,1,
S-002574,Web,1,0,0,0,
S-002575,Web,1,0,0,0,
S-002576,Web,1,0,0,0,
S-002577,Web,1,1,0,0,changed_mind
S-002578,Web,1,1,1,1,
S-002579,Store,1,0,0,0,
S-002580,App,1,0,0,0,
S-002581,App,1,1,1,1,
S-002582,Web,1,1,1,1,
S-002583,Store,1,1,0,0,payment_fail
S-002584,Store,1,1,0,0,stock_out
S-002585,App,1,1,1,1,
S-002586,Web,1,0,0,0,
S-002587,App,1,1,1,1,
S-002588,Web,1,1,1,1,
S-002589,App,1,1,1,1,
S-002590,App,1,1,1,1,
S-002591,Web,1,0,0,0,
S-002592,Web,1,0,0,0,
S-002593,Web,1,1,1,1,
S-002594,Web,1,1,0,0,changed_mind
S-002595,Web,1,1,0,0,shipping_cost
S-002596,App,1,1,1,1,
S-002597,Store,1,0,0,0,
S-002598,App,1,1,0,0,payment_fail
S-002599,Web,1,0,0,0,
S-002600,App,1,0,0,0,
S-002601,App,1,1,1,1,
S-002602,App,1,1,0,0,checkout_friction
S-002603,Web,1,1,0,0,shipping_cost
S-002604,Store,1,1,0,0,changed_mind
S-002605,App,1,1,1,1,
S-002606,App,1,1,1,1,
S-002607,Web,1,1,1,1,
S-002608,Web,1,1,1,1,
S-002609,App,1,1,0,0,payment_fail
S-002610,Web,1,1,1,1,
S-002611,Web,1,1,1,1,
S-002612,App,1,1,1,1,
S-002613,Web,1,0,0,0,
S-002614,Web,1,0,0,0,
S-002615,App,1,1,1,1,
S-002616,Web,1,1,0,0,checkout_friction
S-002617,Web,1,1,0,0,payment_fail
S-002618,Web,1,1,1,1,
S-002619,Web,1,1,0,0,payment_fail
S-002620,Web,1,0,0,0,
S-002621,Web,1,0,0,0,
S-002622,Web,1,1,1,1,
S-002623,App,1,1,0,0,checkout_friction
S-002624,Web,1,0,0,0,
S-002625,App,1,1,1,1,
S-002626,Web,1,1,1,1,
S-002627,Web,1,1,1,1,
S-002628,App,1,1,1,1,
S-002629,Web,1,0,0,0,
S-002630,App,1,1,1,1,
S-002631,Web,1,1,0,0,checkout_friction
S-002632,App,1,1,0,0,payment_fail
S-002633,App,1,1,1,1,
S-002634,Web,1,1,0,0,shipping_cost
S-002635,Store,1,1,0,0,stock_out
S-002636,App,1,1,1,1,
S-002637,Web,1,1,0,0,checkout_friction
S-002638,Web,1,1,1,1,
S-002639,Web,1,1,0,0,shipping_cost
S-002640,App,1,0,0,0,
S-002641,Store,1,1,1,1,
S-002642,App,1,1,1,1,
S-002643,Store,1,1,0,0,changed_mind
S-002644,Store,1,1,0,0,stock_out
S-002645,App,1,0,0,0,
S-002646,Web,1,1,0,0,stock_out
S-002647,Web,1,1,1,1,
S-002648,App,1,1,1,1,
S-002649,App,1,0,0,0,
S-002650,App,1,1,1,1,
S-002651,Web,1,1,0,0,stock_out
S-002652,Web,1,1,0,0,changed_mind
S-002653,Web,1,1,1,1,
S-002654,Web,1,0,0,0,
S-002655,App,1,1,1,1,
S-002656,App,1,1,1,1,
S-002657,Web,1,1,1,1,
S-002658,Web,1,0,0,0,
S-002659,App,1,1,1,1,
S-002660,Web,1,1,1,1,
S-002661,App,1,1,0,0,payment_fail
S-002662,Web,1,1,1,1,
S-002663,Web,1,1,1,1,
S-002664,Web,1,1,0,0,checkout_friction
S-002665,App,1,0,0,0,
S-002666,Web,1,1,0,0,checkout_friction
S-002667,App,1,1,1,1,
S-002668,Web,1,1,0,0,stock_out
S-002669,Web,1,1,1,1,
S-002670,App,1,0,0,0,
S-002671,Web,1,1,1,1,
S-002672,App,1,1,1,1,
S-002673,Store,1,1,1,1,
S-002674,Web,1,1,0,0,payment_fail
S-002675,App,1,1,0,0,payment_fail
S-002676,Web,1,1,1,1,
S-002677,Web,1,1,0,0,stock_out
S-002678,App,1,1,1,1,
S-002679,Web,1,0,0,0,
S-002680,App,1,0,0,0,
S-002681,App,1,1,1,1,
S-002682,Web,1,1,0,0,payment_fail
S-002683,Web,1,0,0,0,
S-002684,Web,1,0,0,0,
S-002685,Web,1,1,1,1,
S-002686,App,1,1,1,1,
S-002687,Web,1,1,1,1,
S-002688,Store,1,0,0,0,
S-002689,Web,1,1,0,0,checkout_friction
S-002690,Store,1,1,1,1,
S-002691,Web,1,1,0,0,shipping_cost
S-002692,Web,1,0,0,0,
S-002693,App,1,0,0,0,
S-002694,App,1,0,0,0,
S-002695,Web,1,1,0,0,stock_out
S-002696,Store,1,1,1,1,
S-002697,Web,1,1,1,1,
S-002698,Web,1,1,1,1,
S-002699,App,1,0,0,0,
S-002700,Web,1,1,0,0,checkout_friction
S-002701,App,1,1,0,0,shipping_cost
S-002702,App,1,0,0,0,
S-002703,Web,1,0,0,0,
S-002704,Store,1,0,0,0,
S-002705,Web,1,1,0,0,shipping_cost
S-002706,Web,1,1,0,0,changed_mind
S-002707,App,1,1,1,1,
S-002708,App,1,1,1,1,
S-002709,Web,1,1,1,1,
S-002710,Web,1,1,0,0,changed_mind
S-002711,App,1,0,0,0,
S-002712,App,1,0,0,0,
S-002713,App,1,1,1,1,
S-002714,Web,1,1,0,0,shipping_cost
S-002715,Store,1,1,0,0,changed_mind
S-002716,Web,1,1,0,0,checkout_friction
S-002717,App,1,1,1,1,
S-002718,Web,1,1,0,0,shipping_cost
S-002719,Web,1,1,1,1,
S-002720,Web,1,1,0,0,payment_fail
S-002721,App,1,0,0,0,
S-002722,Web,1,1,0,0,shipping_cost
S-002723,App,1,1,1,1,
S-002724,Web,1,1,1,1,
S-002725,App,1,1,1,1,
S-002726,Store,1,1,1,1,
S-002727,App,1,1,0,0,shipping_cost
S-002728,App,1,0,0,0,
S-002729,App,1,0,0,0,
S-002730,Web,1,0,0,0,
S-002731,App,1,0,0,0,
S-002732,Store,1,1,0,0,payment_fail
S-002733,Web,1,1,0,0,payment_fail
S-002734,App,1,1,1,1,
S-002735,Web,1,1,0,0,changed_mind
S-002736,App,1,1,1,1,
S-002737,App,1,1,0,0,shipping_cost
S-002738,Web,1,1,1,1,
S-002739,App,1,1,1,1,
S-002740,App,1,1,0,0,checkout_friction
S-002741,App,1,0,0,0,
S-002742,App,1,1,0,0,payment_fail
S-002743,App,1,1,0,0,payment_fail
S-002744,App,1,1,0,0,stock_out
S-002745,Web,1,1,1,1,
S-002746,Web,1,1,1,1,
S-002747,Web,1,1,0,0,checkout_friction
S-002748,App,1,1,1,1,
S-002749,Web,1,0,0,0,
S-002750,App,1,0,0,0,
S-002751,Web,1,0,0,0,
S-002752,App,1,1,1,1,
S-002753,App,1,1,0,0,payment_fail
S-002754,Web,1,1,0,0,payment_fail
S-002755,Store,1,0,0,0,
S-002756,Web,1,0,0,0,
S-002757,App,1,1,1,1,
S-002758,App,1,1,0,0,payment_fail
S-002759,App,1,0,0,0,
S-002760,App,1,0,0,0,
S-002761,Web,1,1,1,1,
S-002762,Web,1,0,0,0,
S-002763,App,1,1,0,0,changed_mind
S-002764,App,1,1,0,0,shipping_cost
S-002765,App,1,0,0,0,
S-002766,Web,1,0,0,0,
S-002767,Web,1,1,0,0,payment_fail
S-002768,Web,1,1,1,1,
S-002769,Web,1,1,0,0,payment_fail
S-002770,Web,1,1,0,0,shipping_cost
S-002771,App,1,1,1,1,
S-002772,Web,1,1,0,0,checkout_friction
S-002773,App,1,1,1,1,
S-002774,Web,1,0,0,0,
S-002775,Web,1,1,0,0,changed_mind
S-002776,App,1,0,0,0,
S-002777,Web,1,1,0,0,shipping_cost
S-002778,Web,1,0,0,0,
S-002779,Web,1,0,0,0,
S-002780,App,1,1,0,0,payment_fail
S-002781,App,1,1,1,1,
S-002782,Web,1,0,0,0,
S-002783,App,1,1,1,1,
S-002784,App,1,1,0,0,payment_fail
S-002785,App,1,1,1,1,
S-002786,Web,1,1,1,1,
S-002787,Store,1,1,0,0,shipping_cost
S-002788,Web,1,1,1,1,
S-002789,App,1,1,0,0,stock_out
S-002790,App,1,0,0,0,
S-002791,App,1,0,0,0,
S-002792,Web,1,1,1,1,
S-002793,Web,1,1,1,1,
S-002794,App,1,1,1,1,
S-002795,Web,1,1,0,0,checkout_friction
S-002796,Web,1,1,1,1,
S-002797,Web,1,1,1,1,
S-002798,App,1,1,1,1,
S-002799,Web,1,0,0,0,
S-002800,Web,1,1,0,0,checkout_friction
S-002801,Store,1,0,0,0,
S-002802,Store,1,1,1,1,
S-002803,Web,1,1,0,0,checkout_friction
S-002804,App,1,0,0,0,
S-002805,App,1,1,1,1,
S-002806,Web,1,1,1,1,
S-002807,App,1,0,0,0,
S-002808,App,1,0,0,0,
S-002809,App,1,0,0,0,
S-002810,Store,1,0,0,0,
S-002811,App,1,0,0,0,
S-002812,Web,1,0,0,0,
S-002813,Web,1,1,1,1,
S-002814,Web,1,0,0,0,
S-002815,Web,1,1,1,1,
S-002816,Web,1,1,1,1,
S-002817,App,1,1,1,1,
S-002818,Web,1,1,1,1,
S-002819,Store,1,0,0,0,
S-002820,Store,1,1,0,0,checkout_friction
S-002821,Web,1,1,1,1,
S-002822,App,1,1,0,0,checkout_friction
S-002823,Web,1,1,0,0,payment_fail
S-002824,Web,1,0,0,0,
S-002825,Web,1,1,1,1,
S-002826,App,1,0,0,0,
S-002827,Web,1,1,1,1,
S-002828,Web,1,0,0,0,
S-002829,Store,1,0,0,0,
S-002830,Web,1,1,0,0,payment_fail
S-002831,Web,1,1,0,0,shipping_cost
S-002832,App,1,1,1,1,
S-002833,Store,1,1,1,1,
S-002834,Web,1,1,0,0,changed_mind
S-002835,Web,1,1,1,1,
S-002836,Web,1,0,0,0,
S-002837,App,1,1,0,0,payment_fail
S-002838,Web,1,1,0,0,stock_out
S-002839,Web,1,1,1,1,
S-002840,Web,1,1,0,0,changed_mind
S-002841,Web,1,0,0,0,
S-002842,App,1,1,1,1,
S-002843,App,1,1,0,0,changed_mind
S-002844,App,1,1,1,1,
S-002845,App,1,1,1,1,
S-002846,Store,1,0,0,0,
S-002847,Web,1,1,0,0,payment_fail
S-002848,Web,1,0,0,0,
S-002849,Store,1,1,1,1,
S-002850,Web,1,0,0,0,
S-002851,Web,1,1,0,0,payment_fail
S-002852,Store,1,1,1,1,
S-002853,App,1,1,1,1,
S-002854,App,1,0,0,0,
S-002855,App,1,1,1,1,
S-002856,Store,1,0,0,0,
S-002857,App,1,0,0,0,
S-002858,Web,1,0,0,0,
S-002859,Web,1,1,0,0,payment_fail
S-002860,Web,1,0,0,0,
S-002861,Web,1,0,0,0,
S-002862,App,1,1,0,0,checkout_friction
S-002863,Web,1,1,1,1,
S-002864,Web,1,1,0,0,changed_mind
S-002865,Web,1,1,1,1,
S-002866,App,1,1,1,1,
S-002867,Web,1,0,0,0,
S-002868,Web,1,0,0,0,
S-002869,Web,1,0,0,0,
S-002870,Store,1,0,0,0,
S-002871,Web,1,1,0,0,stock_out
S-002872,App,1,1,1,1,
S-002873,Web,1,1,0,0,shipping_cost
S-002874,Web,1,1,0,0,shipping_cost
S-002875,Web,1,1,1,1,
S-002876,Web,1,0,0,0,
S-002877,Web,1,1,0,0,shipping_cost
S-002878,App,1,1,1,1,
S-002879,Web,1,1,1,1,
S-002880,Web,1,0,0,0,
S-002881,Web,1,1,1,1,
S-002882,App,1,1,0,0,stock_out
S-002883,App,1,1,0,0,stock_out
S-002884,App,1,1,1,1,
S-002885,App,1,1,1,1,
S-002886,App,1,0,0,0,
S-002887,Web,1,1,0,0,payment_fail
S-002888,Web,1,0,0,0,
S-002889,App,1,1,0,0,checkout_friction
S-002890,Web,1,1,1,1,
S-002891,Web,1,1,0,0,payment_fail
S-002892,Web,1,1,1,1,
S-002893,Web,1,0,0,0,
S-002894,App,1,1,0,0,checkout_friction
S-002895,App,1,0,0,0,
S-002896,App,1,1,1,1,
S-002897,App,1,1,1,1,
S-002898,Web,1,1,1,1,
S-002899,App,1,0,0,0,
S-002900,Web,1,1,1,1,
S-002901,App,1,1,0,0,payment_fail
S-002902,Web,1,1,1,1,
S-002903,Store,1,1,1,1,
S-002904,App,1,0,0,0,
S-002905,App,1,1,1,1,
S-002906,Web,1,1,0,0,payment_fail
S-002907,Web,1,0,0,0,
S-002908,App,1,1,0,0,stock_out
S-002909,App,1,0,0,0,
S-002910,Web,1,1,1,1,
S-002911,Store,1,1,0,0,payment_fail
S-002912,Web,1,0,0,0,
S-002913,Web,1,1,1,1,
S-002914,Web,1,0,0,0,
S-002915,App,1,1,1,1,
S-002916,Web,1,1,1,1,
S-002917,Web,1,0,0,0,
S-002918,Web,1,1,1,1,
S-002919,App,1,1,1,1,
S-002920,App,1,1,1,1,
S-002921,Web,1,0,0,0,
S-002922,Store,1,0,0,0,
S-002923,Web,1,1,0,0,shipping_cost
S-002924,Web,1,1,1,1,
S-002925,Web,1,0,0,0,
S-002926,App,1,1,1,1,
S-002927,Web,1,1,0,0,shipping_cost
S-002928,Web,1,0,0,0,
S-002929,Web,1,1,0,0,payment_fail
S-002930,App,1,1,1,1,
S-002931,Web,1,0,0,0,
S-002932,App,1,1,0,0,stock_out
S-002933,Web,1,1,1,1,
S-002934,Web,1,1,0,0,checkout_friction
S-002935,App,1,1,1,1,
S-002936,App,1,1,1,1,
S-002937,Web,1,1,1,1,
S-002938,Web,1,0,0,0,
S-002939,App,1,1,1,1,
S-002940,Store,1,1,0,0,checkout_friction
S-002941,App,1,1,0,0,shipping_cost
S-002942,Store,1,1,1,1,
S-002943,Web,1,1,0,0,changed_mind
S-002944,App,1,1,0,0,payment_fail
S-002945,App,1,1,1,1,
S-002946,App,1,1,1,1,
S-002947,Web,1,0,0,0,
S-002948,Web,1,1,1,1,
S-002949,App,1,1,1,1,
S-002950,Web,1,0,0,0,
S-002951,Web,1,0,0,0,
S-002952,Web,1,1,0,0,payment_fail
S-002953,Store,1,0,0,0,
S-002954,App,1,0,0,0,
S-002955,Web,1,0,0,0,
S-002956,Web,1,0,0,0,
S-002957,Store,1,1,1,1,
S-002958,App,1,1,0,0,payment_fail
S-002959,Web,1,0,0,0,
S-002960,Web,1,1,0,0,checkout_friction
S-002961,Web,1,1,1,1,
S-002962,Store,1,1,1,1,
S-002963,Web,1,1,1,1,
S-002964,App,1,0,0,0,
S-002965,App,1,1,1,1,
S-002966,App,1,1,1,1,
S-002967,Web,1,1,0,0,checkout_friction
S-002968,Web,1,1,1,1,
S-002969,Web,1,1,1,1,
S-002970,Web,1,0,0,0,
S-002971,App,1,1,1,1,
S-002972,Web,1,0,0,0,
S-002973,Web,1,1,0,0,stock_out
S-002974,App,1,1,1,1,
S-002975,App,1,1,0,0,changed_mind
S-002976,Web,1,1,1,1,
S-002977,App,1,1,1,1,
S-002978,Web,1,1,0,0,shipping_cost
S-002979,Web,1,1,0,0,changed_mind
S-002980,Store,1,0,0,0,
S-002981,Web,1,1,0,0,changed_mind
S-002982,App,1,1,1,1,
S-002983,Store,1,1,1,1,
S-002984,Store,1,1,0,0,shipping_cost
S-002985,Web,1,1,1,1,
S-002986,App,1,1,1,1,
S-002987,App,1,0,0,0,
S-002988,Web,1,0,0,0,
S-002989,Store,1,1,0,0,payment_fail
S-002990,App,1,0,0,0,
S-002991,App,1,1,1,1,
S-002992,Web,1,0,0,0,
S-002993,Web,1,1,1,1,
S-002994,App,1,1,1,1,
S-002995,App,1,1,1,1,
S-002996,Web,1,1,0,0,payment_fail
S-002997,Web,1,1,0,0,checkout_friction
S-002998,Web,1,1,0,0,shipping_cost
S-002999,App,1,1,1,1,
S-003000,Web,1,1,1,1,
S-003001,App,1,0,0,0,
S-003002,Web,1,1,0,0,checkout_friction
S-003003,App,1,1,0,0,payment_fail
S-003004,Store,1,0,0,0,
S-003005,App,1,1,1,1,
S-003006,App,1,1,0,0,changed_mind
S-003007,App,1,1,0,0,payment_fail
S-003008,Web,1,1,0,0,payment_fail
S-003009,App,1,1,0,0,payment_fail
S-003010,Web,1,1,0,0,payment_fail
S-003011,Store,1,1,1,1,
S-003012,Web,1,1,0,0,checkout_friction
S-003013,Web,1,1,0,0,shipping_cost
S-003014,App,1,1,0,0,changed_mind
S-003015,Web,1,1,0,0,shipping_cost
S-003016,Web,1,0,0,0,
S-003017,App,1,1,1,1,
S-003018,Web,1,1,0,0,shipping_cost
S-003019,Web,1,1,1,1,
S-003020,Web,1,1,1,1,
S-003021,Web,1,1,1,1,
S-003022,Web,1,1,1,1,
S-003023,Web,1,1,0,0,changed_mind
S-003024,App,1,1,0,0,payment_fail
S-003025,App,1,1,1,1,
S-003026,Store,1,1,0,0,checkout_friction
S-003027,Web,1,0,0,0,
S-003028,App,1,0,0,0,
S-003029,Web,1,1,0,0,stock_out
S-003030,App,1,0,0,0,
S-003031,App,1,1,1,1,
S-003032,Web,1,1,0,0,stock_out
S-003033,Web,1,1,0,0,shipping_cost
S-003034,App,1,1,1,1,
S-003035,App,1,0,0,0,
S-003036,App,1,1,1,1,
S-003037,Web,1,1,0,0,payment_fail
S-003038,Web,1,1,0,0,checkout_friction
S-003039,Web,1,0,0,0,
S-003040,Web,1,1,0,0,shipping_cost
S-003041,App,1,1,0,0,payment_fail
S-003042,Web,1,1,0,0,shipping_cost
S-003043,Web,1,1,1,1,
S-003044,Web,1,1,0,0,stock_out
S-003045,App,1,1,0,0,changed_mind
S-003046,Web,1,1,1,1,
S-003047,App,1,1,1,1,
S-003048,Web,1,0,0,0,
S-003049,Web,1,0,0,0,
S-003050,Web,1,0,0,0,
S-003051,Web,1,0,0,0,
S-003052,Web,1,1,0,0,stock_out
S-003053,Web,1,0,0,0,
S-003054,Web,1,1,0,0,stock_out
S-003055,App,1,0,0,0,
S-003056,Web,1,1,0,0,payment_fail
S-003057,Web,1,1,1,1,
S-003058,App,1,1,1,1,
S-003059,App,1,1,1,1,
S-003060,Web,1,1,1,1,
S-003061,Web,1,0,0,0,
S-003062,Web,1,1,1,1,
S-003063,Web,1,1,0,0,checkout_friction
S-003064,App,1,1,0,0,shipping_cost
S-003065,Web,1,1,1,1,
S-003066,Web,1,1,1,1,
S-003067,App,1,0,0,0,
S-003068,Web,1,1,1,1,
S-003069,App,1,0,0,0,
S-003070,Store,1,1,1,1,
S-003071,App,1,1,0,0,changed_mind
S-003072,Web,1,1,1,1,
S-003073,App,1,1,1,1,
S-003074,Web,1,1,1,1,
S-003075,App,1,1,1,1,
S-003076,Web,1,1,1,1,
S-003077,Web,1,1,0,0,payment_fail
S-003078,Web,1,1,0,0,checkout_friction
S-003079,Web,1,1,0,0,shipping_cost
S-003080,Web,1,0,0,0,
S-003081,Web,1,1,1,1,
S-003082,App,1,0,0,0,
S-003083,App,1,1,0,0,payment_fail
S-003084,Web,1,1,0,0,shipping_cost
S-003085,Web,1,1,1,1,
S-003086,App,1,1,1,1,
S-003087,Web,1,1,1,1,
S-003088,Web,1,1,1,1,
S-003089,App,1,1,1,1,
S-003090,Web,1,1,0,0,payment_fail
S-003091,App,1,1,0,0,payment_fail
S-003092,Store,1,1,1,1,
S-003093,Web,1,1,1,1,
S-003094,Web,1,1,1,1,
S-003095,App,1,1,0,0,changed_mind
S-003096,Web,1,1,0,0,shipping_cost
S-003097,App,1,1,1,1,
S-003098,Web,1,0,0,0,
S-003099,App,1,1,0,0,checkout_friction
S-003100,Web,1,0,0,0,
S-003101,Web,1,0,0,0,
S-003102,App,1,0,0,0,
S-003103,Web,1,0,0,0,
S-003104,Store,1,1,1,1,
S-003105,Web,1,1,1,1,
S-003106,Store,1,1,0,0,shipping_cost
S-003107,Store,1,0,0,0,
S-003108,Web,1,1,1,1,
S-003109,Web,1,1,0,0,stock_out
S-003110,Store,1,1,0,0,shipping_cost
S-003111,Store,1,1,1,1,
S-003112,Store,1,1,1,1,
S-003113,Web,1,0,0,0,
S-003114,App,1,0,0,0,
S-003115,Web,1,1,1,1,
S-003116,Store,1,1,0,0,changed_mind
S-003117,Web,1,0,0,0,
S-003118,App,1,1,1,1,
S-003119,Web,1,0,0,0,
S-003120,App,1,1,0,0,changed_mind
S-003121,Web,1,1,1,1,
S-003122,Web,1,1,1,1,
S-003123,App,1,0,0,0,
S-003124,Web,1,1,0,0,shipping_cost
S-003125,App,1,1,1,1,
S-003126,Web,1,0,0,0,
S-003127,Web,1,1,0,0,checkout_friction
S-003128,App,1,1,1,1,
S-003129,App,1,0,0,0,
S-003130,App,1,0,0,0,
S-003131,Web,1,0,0,0,
S-003132,App,1,1,1,1,
S-003133,Store,1,1,0,0,shipping_cost
S-003134,Web,1,1,0,0,payment_fail
S-003135,App,1,0,0,0,
S-003136,Web,1,0,0,0,
S-003137,Store,1,1,0,0,changed_mind
S-003138,Web,1,1,1,1,
S-003139,App,1,1,0,0,stock_out
S-003140,Web,1,1,0,0,payment_fail
S-003141,Web,1,1,1,1,
S-003142,Web,1,1,0,0,shipping_cost
S-003143,App,1,0,0,0,
S-003144,Web,1,1,1,1,
S-003145,Web,1,0,0,0,
S-003146,App,1,1,1,1,
S-003147,Web,1,1,1,1,
S-003148,Web,1,1,1,1,
S-003149,App,1,1,1,1,
S-003150,App,1,0,0,0,
S-003151,App,1,1,0,0,checkout_friction
S-003152,App,1,1,0,0,stock_out
S-003153,Web,1,1,0,0,checkout_friction
S-003154,Web,1,1,1,1,
S-003155,Web,1,1,1,1,
S-003156,Web,1,1,0,0,changed_mind
S-003157,App,1,1,1,1,
S-003158,Web,1,1,0,0,changed_mind
S-003159,Store,1,1,0,0,shipping_cost
S-003160,App,1,0,0,0,
S-003161,Web,1,1,1,1,
S-003162,Web,1,1,1,1,
S-003163,Web,1,1,1,1,
S-003164,Store,1,0,0,0,
S-003165,App,1,0,0,0,
S-003166,Store,1,0,0,0,
S-003167,App,1,1,0,0,checkout_friction
S-003168,Web,1,0,0,0,
S-003169,App,1,1,1,1,
S-003170,Web,1,1,0,0,shipping_cost
S-003171,Web,1,1,0,0,stock_out
S-003172,App,1,1,0,0,shipping_cost
S-003173,App,1,1,0,0,changed_mind
S-003174,App,1,1,0,0,stock_out
S-003175,Web,1,1,0,0,changed_mind
S-003176,App,1,1,0,0,checkout_friction
S-003177,Store,1,1,0,0,shipping_cost
S-003178,App,1,1,1,1,
S-003179,App,1,1,0,0,changed_mind
S-003180,App,1,1,1,1,
S-003181,Web,1,0,0,0,
S-003182,Web,1,1,0,0,shipping_cost
S-003183,App,1,1,1,1,
S-003184,Web,1,1,0,0,shipping_cost
S-003185,Web,1,0,0,0,
S-003186,App,1,1,0,0,shipping_cost
S-003187,Store,1,1,0,0,payment_fail
S-003188,Web,1,1,1,1,
S-003189,Web,1,1,0,0,payment_fail
S-003190,Web,1,0,0,0,
S-003191,Web,1,0,0,0,
S-003192,App,1,1,1,1,
S-003193,Web,1,1,0,0,changed_mind
S-003194,Web,1,0,0,0,
S-003195,Web,1,1,1,1,
S-003196,Store,1,1,0,0,changed_mind
S-003197,Web,1,1,0,0,changed_mind
S-003198,Web,1,0,0,0,
S-003199,Web,1,0,0,0,
S-003200,App,1,1,0,0,payment_fail
S-003201,Web,1,1,0,0,shipping_cost
S-003202,App,1,1,1,1,
S-003203,Web,1,1,0,0,payment_fail
S-003204,App,1,1,1,1,
S-003205,App,1,1,1,1,
S-003206,Web,1,1,1,1,
S-003207,App,1,1,1,1,
S-003208,App,1,1,0,0,stock_out
S-003209,Web,1,1,0,0,checkout_friction
S-003210,Web,1,0,0,0,
S-003211,Web,1,0,0,0,
S-003212,Web,1,0,0,0,
S-003213,App,1,0,0,0,
S-003214,App,1,1,1,1,
S-003215,App,1,1,1,1,
S-003216,App,1,1,1,1,
S-003217,Web,1,0,0,0,
S-003218,App,1,1,1,1,
S-003219,Web,1,1,0,0,payment_fail
S-003220,App,1,0,0,0,
S-003221,Web,1,0,0,0,
S-003222,Web,1,1,0,0,changed_mind
S-003223,App,1,1,0,0,payment_fail
S-003224,Web,1,1,0,0,payment_fail
S-003225,Web,1,1,1,1,
S-003226,Store,1,0,0,0,
S-003227,Store,1,1,1,1,
S-003228,Web,1,0,0,0,
S-003229,App,1,1,0,0,payment_fail
S-003230,App,1,1,1,1,
S-003231,Web,1,1,1,1,
S-003232,Store,1,1,1,1,
S-003233,Web,1,1,0,0,shipping_cost
S-003234,Web,1,0,0,0,
S-003235,Web,1,1,1,1,
S-003236,Web,1,1,1,1,
S-003237,Web,1,1,1,1,
S-003238,Web,1,1,0,0,changed_mind
S-003239,Web,1,1,0,0,checkout_friction
S-003240,App,1,0,0,0,
S-003241,Store,1,1,0,0,payment_fail
S-003242,App,1,1,1,1,
S-003243,Web,1,0,0,0,
S-003244,Web,1,1,1,1,
S-003245,Web,1,0,0,0,
S-003246,Web,1,1,0,0,changed_mind
S-003247,App,1,0,0,0,
S-003248,Web,1,1,1,1,
S-003249,Web,1,0,0,0,
S-003250,Store,1,0,0,0,
S-003251,Web,1,1,1,1,
S-003252,Web,1,1,0,0,stock_out
S-003253,Web,1,1,0,0,checkout_friction
S-003254,Web,1,1,0,0,changed_mind
S-003255,Web,1,0,0,0,
S-003256,Web,1,1,0,0,payment_fail
S-003257,Web,1,0,0,0,
S-003258,Web,1,1,1,1,
S-003259,Web,1,1,1,1,
S-003260,App,1,1,0,0,changed_mind
S-003261,Web,1,0,0,0,
S-003262,Web,1,1,1,1,
S-003263,App,1,1,1,1,
S-003264,Web,1,1,1,1,
S-003265,App,1,0,0,0,
S-003266,App,1,1,1,1,
S-003267,Web,1,1,1,1,
S-003268,Store,1,1,0,0,shipping_cost
S-003269,Web,1,1,1,1,
S-003270,Web,1,1,0,0,checkout_friction
S-003271,App,1,1,1,1,
S-003272,App,1,1,1,1,
S-003273,App,1,0,0,0,
S-003274,App,1,1,1,1,
S-003275,Store,1,0,0,0,
S-003276,Web,1,1,0,0,shipping_cost
S-003277,Web,1,1,0,0,changed_mind
S-003278,Web,1,0,0,0,
S-003279,App,1,0,0,0,
S-003280,App,1,0,0,0,
S-003281,Web,1,1,0,0,payment_fail
S-003282,App,1,1,1,1,
S-003283,App,1,1,1,1,
S-003284,Web,1,1,1,1,
S-003285,Web,1,0,0,0,
S-003286,App,1,0,0,0,
S-003287,Web,1,0,0,0,
S-003288,Web,1,0,0,0,
S-003289,Web,1,1,0,0,shipping_cost
S-003290,App,1,1,1,1,
S-003291,App,1,1,1,1,
S-003292,App,1,1,1,1,
S-003293,App,1,1,1,1,
S-003294,Web,1,0,0,0,
S-003295,App,1,1,1,1,
S-003296,App,1,1,0,0,checkout_friction
S-003297,Store,1,0,0,0,
S-003298,Web,1,1,1,1,
S-003299,Web,1,1,1,1,
S-003300,App,1,1,1,1,
S-003301,Web,1,1,0,0,changed_mind
S-003302,App,1,1,1,1,
S-003303,Web,1,1,0,0,shipping_cost
S-003304,Web,1,0,0,0,
S-003305,Web,1,0,0,0,
S-003306,App,1,1,1,1,
S-003307,App,1,0,0,0,
S-003308,Web,1,1,1,1,
S-003309,App,1,0,0,0,
S-003310,Web,1,0,0,0,
S-003311,App,1,1,1,1,
S-003312,Web,1,1,1,1,
S-003313,Web,1,0,0,0,
S-003314,Web,1,0,0,0,
S-003315,App,1,0,0,0,
S-003316,Web,1,1,0,0,checkout_friction
S-003317,App,1,1,0,0,checkout_friction
S-003318,Web,1,1,1,1,
S-003319,Web,1,1,1,1,
S-003320,Store,1,1,1,1,
S-003321,App,1,1,1,1,
S-003322,Store,1,1,0,0,shipping_cost
S-003323,App,1,1,0,0,changed_mind
S-003324,Web,1,1,1,1,
S-003325,Web,1,1,1,1,
S-003326,App,1,1,1,1,
S-003327,Web,1,0,0,0,
S-003328,App,1,1,1,1,
S-003329,App,1,1,0,0,shipping_cost
S-003330,App,1,1,1,1,
S-003331,Web,1,1,1,1,
S-003332,Store,1,0,0,0,
S-003333,Web,1,0,0,0,
S-003334,Web,1,0,0,0,
S-003335,Web,1,1,0,0,changed_mind
S-003336,Web,1,0,0,0,
S-003337,Web,1,1,1,1,
S-003338,Web,1,1,0,0,shipping_cost
S-003339,App,1,1,1,1,
S-003340,Web,1,1,0,0,payment_fail
S-003341,Web,1,0,0,0,
S-003342,Web,1,1,0,0,checkout_friction
S-003343,Web,1,1,0,0,checkout_friction
S-003344,App,1,1,1,1,
S-003345,App,1,1,1,1,
S-003346,Store,1,1,0,0,stock_out
S-003347,Web,1,1,0,0,checkout_friction
S-003348,App,1,1,1,1,
S-003349,Web,1,1,1,1,
S-003350,App,1,1,1,1,
S-003351,Web,1,1,1,1,
S-003352,Web,1,1,0,0,stock_out
S-003353,App,1,1,1,1,
S-003354,Web,1,1,0,0,stock_out
S-003355,Store,1,0,0,0,
S-003356,Store,1,1,0,0,stock_out
S-003357,Web,1,1,0,0,shipping_cost
S-003358,Web,1,1,0,0,shipping_cost
S-003359,App,1,1,1,1,
S-003360,App,1,1,0,0,payment_fail
S-003361,App,1,1,1,1,
S-003362,Web,1,0,0,0,
S-003363,Web,1,0,0,0,
S-003364,App,1,1,1,1,
S-003365,Web,1,1,0,0,changed_mind
S-003366,Web,1,1,1,1,
S-003367,Store,1,1,0,0,shipping_cost
S-003368,Store,1,1,1,1,
S-003369,Web,1,1,0,0,payment_fail
S-003370,Web,1,0,0,0,
S-003371,Web,1,0,0,0,
S-003372,App,1,1,0,0,changed_mind
S-003373,Store,1,1,0,0,shipping_cost
S-003374,App,1,0,0,0,
S-003375,App,1,0,0,0,
S-003376,Web,1,1,0,0,payment_fail
S-003377,Web,1,1,1,1,
S-003378,Web,1,1,1,1,
S-003379,App,1,1,1,1,
S-003380,Web,1,1,0,0,stock_out
S-003381,Web,1,1,1,1,
S-003382,Store,1,1,1,1,
S-003383,Store,1,0,0,0,
S-003384,App,1,0,0,0,
S-003385,Web,1,1,0,0,checkout_friction
S-003386,Store,1,1,0,0,payment_fail
S-003387,Web,1,1,1,1,
S-003388,App,1,1,0,0,payment_fail
S-003389,Web,1,1,0,0,shipping_cost
S-003390,Store,1,1,0,0,stock_out
S-003391,Web,1,0,0,0,
S-003392,Web,1,1,0,0,stock_out
S-003393,Web,1,0,0,0,
S-003394,Web,1,1,1,1,
S-003395,Web,1,1,1,1,
S-003396,Web,1,1,1,1,
S-003397,Web,1,1,1,1,
S-003398,Web,1,1,1,1,
S-003399,Web,1,1,1,1,
S-003400,App,1,1,1,1,
S-003401,Store,1,1,0,0,payment_fail
S-003402,App,1,1,0,0,stock_out
S-003403,App,1,1,0,0,payment_fail
S-003404,Web,1,1,1,1,
S-003405,Web,1,1,0,0,shipping_cost
S-003406,Web,1,1,1,1,
S-003407,Web,1,1,0,0,checkout_friction
S-003408,App,1,1,1,1,
S-003409,Web,1,1,1,1,
S-003410,Web,1,1,0,0,payment_fail
S-003411,App,1,1,1,1,
S-003412,Store,1,1,1,1,
S-003413,Store,1,0,0,0,
S-003414,App,1,0,0,0,
S-003415,App,1,1,1,1,
S-003416,App,1,1,0,0,payment_fail
S-003417,App,1,1,1,1,
S-003418,Store,1,1,0,0,shipping_cost
S-003419,App,1,1,0,0,changed_mind
S-003420,Web,1,1,1,1,
S-003421,Web,1,1,1,1,
S-003422,Web,1,0,0,0,
S-003423,Web,1,1,0,0,checkout_friction
S-003424,Web,1,0,0,0,
S-003425,App,1,1,1,1,
S-003426,App,1,0,0,0,
S-003427,Web,1,0,0,0,
S-003428,Web,1,1,1,1,
S-003429,App,1,1,0,0,checkout_friction
S-003430,App,1,1,0,0,payment_fail
S-003431,App,1,0,0,0,
S-003432,Store,1,1,1,1,
S-003433,Web,1,1,0,0,payment_fail
S-003434,Web,1,0,0,0,
S-003435,Web,1,1,1,1,
S-003436,Web,1,1,1,1,
S-003437,Web,1,1,1,1,
S-003438,Web,1,0,0,0,
S-003439,App,1,1,1,1,
S-003440,Web,1,1,1,1,
S-003441,Web,1,1,0,0,stock_out
S-003442,App,1,0,0,0,
S-003443,Web,1,1,0,0,payment_fail
S-003444,Web,1,1,1,1,
S-003445,App,1,0,0,0,
S-003446,Web,1,1,1,1,
S-003447,Web,1,1,1,1,
S-003448,App,1,1,1,1,
S-003449,Web,1,1,1,1,
S-003450,Web,1,0,0,0,
S-003451,Web,1,1,0,0,checkout_friction
S-003452,Web,1,0,0,0,
S-003453,App,1,1,1,1,
S-003454,App,1,0,0,0,
S-003455,App,1,0,0,0,
S-003456,Web,1,1,0,0,changed_mind
S-003457,Web,1,0,0,0,
S-003458,Web,1,1,1,1,
S-003459,Web,1,1,0,0,payment_fail
S-003460,Web,1,1,0,0,stock_out
S-003461,App,1,1,1,1,
S-003462,Web,1,1,0,0,payment_fail
S-003463,Web,1,1,0,0,shipping_cost
S-003464,Web,1,0,0,0,
S-003465,Web,1,0,0,0,
S-003466,Web,1,1,1,1,
S-003467,Store,1,0,0,0,
S-003468,App,1,1,1,1,
S-003469,Web,1,0,0,0,
S-003470,Web,1,1,1,1,
S-003471,Web,1,1,1,1,
S-003472,Store,1,1,1,1,
S-003473,Web,1,0,0,0,
S-003474,App,1,1,1,1,
S-003475,Web,1,0,0,0,
S-003476,Web,1,1,0,0,changed_mind
S-003477,App,1,0,0,0,
S-003478,Web,1,0,0,0,
S-003479,App,1,1,0,0,changed_mind
S-003480,App,1,0,0,0,
S-003481,App,1,0,0,0,
S-003482,App,1,0,0,0,
S-003483,App,1,1,0,0,changed_mind
S-003484,App,1,1,1,1,
S-003485,Web,1,1,1,1,
S-003486,Store,1,0,0,0,
S-003487,Store,1,1,0,0,changed_mind
S-003488,Web,1,1,1,1,
S-003489,Web,1,0,0,0,
S-003490,Web,1,1,1,1,
S-003491,Web,1,1,0,0,checkout_friction
S-003492,Web,1,1,1,1,
S-003493,Store,1,1,1,1,
S-003494,Web,1,1,0,0,checkout_friction
S-003495,Web,1,0,0,0,
S-003496,App,1,1,0,0,changed_mind
S-003497,Web,1,1,1,1,
S-003498,Web,1,1,0,0,payment_fail
S-003499,Web,1,0,0,0,
S-003500,Web,1,1,1,1,
S-003501,Web,1,0,0,0,
S-003502,Store,1,1,1,1,
S-003503,Web,1,0,0,0,
S-003504,Web,1,1,0,0,stock_out
S-003505,App,1,1,1,1,
S-003506,Web,1,0,0,0,
S-003507,App,1,1,0,0,checkout_friction
S-003508,Web,1,1,1,1,
S-003509,Web,1,1,1,1,
S-003510,App,1,1,1,1,
S-003511,Web,1,1,1,1,
S-003512,App,1,1,1,1,
S-003513,App,1,1,1,1,
S-003514,Web,1,1,1,1,
S-003515,App,1,0,0,0,
S-003516,Web,1,0,0,0,
S-003517,App,1,1,0,0,shipping_cost
S-003518,Web,1,1,1,1,
S-003519,App,1,1,1,1,
S-003520,App,1,1,1,1,
S-003521,App,1,0,0,0,
S-003522,App,1,1,1,1,
S-003523,App,1,1,1,1,
S-003524,Web,1,1,0,0,shipping_cost
S-003525,Web,1,1,0,0,shipping_cost
S-003526,Web,1,1,1,1,
S-003527,Web,1,1,1,1,
S-003528,App,1,0,0,0,
S-003529,App,1,1,0,0,payment_fail
S-003530,Web,1,1,0,0,changed_mind
S-003531,Web,1,0,0,0,
S-003532,Web,1,1,0,0,shipping_cost
S-003533,Web,1,1,0,0,stock_out
S-003534,Web,1,1,1,1,
S-003535,Web,1,0,0,0,
S-003536,Web,1,1,0,0,stock_out
S-003537,Web,1,1,1,1,
S-003538,Web,1,1,1,1,
S-003539,App,1,1,0,0,stock_out
S-003540,Web,1,1,0,0,shipping_cost
S-003541,App,1,0,0,0,
S-003542,App,1,1,1,1,
S-003543,App,1,1,1,1,
S-003544,Web,1,0,0,0,
S-003545,App,1,0,0,0,
S-003546,App,1,1,1,1,
S-003547,App,1,1,0,0,shipping_cost
S-003548,Web,1,1,1,1,
S-003549,App,1,0,0,0,
S-003550,App,1,0,0,0,
S-003551,App,1,1,0,0,stock_out
S-003552,Web,1,1,0,0,stock_out
S-003553,App,1,1,1,1,
S-003554,App,1,1,1,1,
S-003555,App,1,1,1,1,
S-003556,Web,1,1,1,1,
S-003557,Web,1,1,1,1,
S-003558,Web,1,1,1,1,
S-003559,Web,1,1,1,1,
S-003560,Web,1,1,1,1,
S-003561,Store,1,1,0,0,shipping_cost
S-003562,App,1,1,1,1,
S-003563,Web,1,0,0,0,
S-003564,Web,1,1,1,1,
S-003565,Web,1,1,1,1,
S-003566,App,1,0,0,0,
S-003567,Web,1,0,0,0,
S-003568,Web,1,1,0,0,checkout_friction
S-003569,Store,1,1,0,0,payment_fail
S-003570,App,1,1,1,1,
S-003571,Web,1,0,0,0,
S-003572,Web,1,0,0,0,
S-003573,Web,1,1,0,0,checkout_friction
S-003574,App,1,1,0,0,payment_fail
S-003575,Web,1,1,0,0,payment_fail
S-003576,Web,1,0,0,0,
S-003577,Store,1,0,0,0,
S-003578,Web,1,1,0,0,changed_mind
S-003579,Web,1,1,1,1,
S-003580,App,1,0,0,0,
S-003581,Web,1,1,0,0,payment_fail
S-003582,Web,1,0,0,0,
S-003583,App,1,0,0,0,
S-003584,Web,1,0,0,0,
S-003585,Web,1,0,0,0,
S-003586,Web,1,1,1,1,
S-003587,Store,1,1,1,1,
S-003588,Web,1,0,0,0,
S-003589,Store,1,1,1,1,
S-003590,Web,1,0,0,0,
S-003591,Web,1,1,1,1,
S-003592,App,1,1,0,0,payment_fail
S-003593,Store,1,0,0,0,
S-003594,Web,1,1,1,1,
S-003595,App,1,0,0,0,
S-003596,Web,1,0,0,0,
S-003597,Web,1,1,0,0,payment_fail
S-003598,Web,1,0,0,0,
S-003599,Web,1,1,1,1,
S-003600,App,1,1,0,0,shipping_cost
S-003601,Store,1,1,1,1,
S-003602,Store,1,1,1,1,
S-003603,App,1,1,0,0,stock_out
S-003604,App,1,1,1,1,
S-003605,App,1,1,1,1,
S-003606,App,1,0,0,0,
S-003607,Web,1,1,1,1,
S-003608,Web,1,1,0,0,payment_fail
S-003609,Web,1,1,0,0,changed_mind
S-003610,Store,1,1,0,0,stock_out
S-003611,Web,1,1,1,1,
S-003612,Web,1,1,1,1,
S-003613,App,1,1,1,1,
S-003614,Web,1,0,0,0,
S-003615,Web,1,1,0,0,payment_fail
S-003616,App,1,1,1,1,
S-003617,App,1,1,1,1,
S-003618,Web,1,0,0,0,
S-003619,Web,1,1,1,1,
S-003620,App,1,1,0,0,payment_fail
S-003621,App,1,1,1,1,
S-003622,Web,1,1,1,1,
S-003623,Web,1,1,0,0,checkout_friction
S-003624,Web,1,1,1,1,
S-003625,Web,1,1,1,1,
S-003626,Store,1,0,0,0,
S-003627,Web,1,1,1,1,
S-003628,Web,1,1,0,0,stock_out
S-003629,App,1,0,0,0,
S-003630,App,1,1,1,1,
S-003631,Web,1,0,0,0,
S-003632,Web,1,1,1,1,
S-003633,Web,1,0,0,0,
S-003634,Web,1,1,1,1,
S-003635,App,1,1,0,0,changed_mind
S-003636,Web,1,1,1,1,
S-003637,Web,1,1,1,1,
S-003638,Web,1,1,0,0,stock_out
S-003639,Web,1,1,0,0,payment_fail
S-003640,Web,1,1,0,0,shipping_cost
S-003641,Web,1,0,0,0,
S-003642,Web,1,1,0,0,stock_out
S-003643,App,1,1,1,1,
S-003644,Web,1,1,1,1,
S-003645,App,1,1,0,0,payment_fail
S-003646,Store,1,1,1,1,
S-003647,App,1,1,1,1,
S-003648,Web,1,1,1,1,
S-003649,Web,1,0,0,0,
S-003650,Web,1,1,0,0,stock_out
S-003651,Web,1,0,0,0,
S-003652,Web,1,0,0,0,
S-003653,Web,1,1,1,1,
S-003654,App,1,0,0,0,
S-003655,Web,1,0,0,0,
S-003656,Web,1,1,0,0,changed_mind
S-003657,Web,1,1,1,1,
S-003658,Web,1,0,0,0,
S-003659,Web,1,0,0,0,
S-003660,App,1,0,0,0,
S-003661,App,1,0,0,0,
S-003662,App,1,1,1,1,
S-003663,Web,1,1,1,1,
S-003664,Web,1,1,1,1,
S-003665,Web,1,1,0,0,stock_out
S-003666,Web,1,0,0,0,
S-003667,Web,1,1,1,1,
S-003668,Web,1,1,1,1,
S-003669,App,1,1,0,0,shipping_cost
S-003670,App,1,1,0,0,shipping_cost
S-003671,App,1,1,1,1,
S-003672,Web,1,1,1,1,
S-003673,Web,1,1,1,1,
S-003674,Web,1,1,0,0,payment_fail
S-003675,App,1,1,1,1,
S-003676,Web,1,1,0,0,payment_fail
S-003677,App,1,1,0,0,stock_out
S-003678,Web,1,1,0,0,payment_fail
S-003679,App,1,1,0,0,payment_fail
S-003680,App,1,1,0,0,payment_fail
S-003681,Web,1,1,0,0,payment_fail
S-003682,Web,1,1,0,0,stock_out
S-003683,Web,1,1,0,0,shipping_cost
S-003684,Web,1,0,0,0,
S-003685,Store,1,0,0,0,
S-003686,Web,1,1,1,1,
S-003687,Web,1,0,0,0,
S-003688,Web,1,1,0,0,checkout_friction
S-003689,Web,1,1,1,1,
S-003690,Web,1,0,0,0,
S-003691,Web,1,0,0,0,
S-003692,Web,1,1,0,0,payment_fail
S-003693,App,1,0,0,0,
S-003694,App,1,1,1,1,
S-003695,Web,1,1,1,1,
S-003696,Web,1,1,0,0,changed_mind
S-003697,Web,1,0,0,0,
S-003698,Web,1,1,1,1,
S-003699,Store,1,0,0,0,
S-003700,Web,1,1,1,1,
S-003701,Web,1,1,1,1,
S-003702,Web,1,0,0,0,
S-003703,App,1,0,0,0,
S-003704,Store,1,1,1,1,
S-003705,App,1,0,0,0,
S-003706,Web,1,1,1,1,
S-003707,App,1,1,0,0,shipping_cost
S-003708,Web,1,1,1,1,
S-003709,App,1,1,1,1,
S-003710,Web,1,1,1,1,
S-003711,App,1,1,1,1,
S-003712,Web,1,1,0,0,shipping_cost
S-003713,App,1,1,1,1,
S-003714,App,1,1,0,0,checkout_friction
S-003715,Web,1,0,0,0,
S-003716,Web,1,1,1,1,
S-003717,Web,1,1,1,1,
S-003718,Store,1,0,0,0,
S-003719,App,1,0,0,0,
S-003720,Store,1,1,1,1,
S-003721,Web,1,1,1,1,
S-003722,Web,1,1,0,0,checkout_friction
S-003723,Web,1,1,1,1,
S-003724,Web,1,1,0,0,checkout_friction
S-003725,Web,1,1,1,1,
S-003726,Web,1,1,0,0,payment_fail
S-003727,Store,1,1,0,0,payment_fail
S-003728,Web,1,1,0,0,changed_mind
S-003729,Web,1,1,0,0,shipping_cost
S-003730,App,1,0,0,0,
S-003731,Web,1,1,0,0,stock_out
S-003732,Store,1,0,0,0,
S-003733,Store,1,1,0,0,changed_mind
S-003734,Web,1,1,1,1,
S-003735,Web,1,1,1,1,
S-003736,Web,1,1,0,0,changed_mind
S-003737,Web,1,0,0,0,
S-003738,Web,1,0,0,0,
S-003739,Web,1,1,0,0,stock_out
S-003740,App,1,1,0,0,stock_out
S-003741,Web,1,1,1,1,
S-003742,Store,1,0,0,0,
S-003743,App,1,1,1,1,
S-003744,Store,1,0,0,0,
S-003745,Web,1,0,0,0,
S-003746,Web,1,0,0,0,
S-003747,App,1,0,0,0,
S-003748,App,1,1,1,1,
S-003749,Web,1,1,1,1,
S-003750,App,1,1,1,1,
S-003751,App,1,1,1,1,
S-003752,Web,1,1,1,1,
S-003753,Web,1,1,0,0,payment_fail
S-003754,Web,1,1,0,0,payment_fail
S-003755,Web,1,1,1,1,
S-003756,Web,1,1,0,0,changed_mind
S-003757,Store,1,1,0,0,shipping_cost
S-003758,App,1,0,0,0,
S-003759,Web,1,0,0,0,
S-003760,Web,1,0,0,0,
S-003761,Web,1,1,1,1,
S-003762,Web,1,1,1,1,
S-003763,Web,1,0,0,0,
S-003764,App,1,0,0,0,
S-003765,Web,1,1,0,0,payment_fail
S-003766,App,1,0,0,0,
S-003767,Store,1,1,1,1,
S-003768,Web,1,1,1,1,
S-003769,Web,1,1,0,0,shipping_cost
S-003770,Web,1,1,0,0,stock_out
S-003771,App,1,0,0,0,
S-003772,Web,1,1,0,0,stock_out
S-003773,Web,1,1,1,1,
S-003774,Web,1,1,0,0,changed_mind
S-003775,Web,1,1,0,0,shipping_cost
S-003776,Store,1,1,1,1,
S-003777,Web,1,0,0,0,
S-003778,Web,1,1,1,1,
S-003779,App,1,0,0,0,
S-003780,App,1,0,0,0,
S-003781,Web,1,1,0,0,payment_fail
S-003782,App,1,1,0,0,changed_mind
S-003783,App,1,1,0,0,shipping_cost
S-003784,App,1,1,0,0,changed_mind
S-003785,Store,1,0,0,0,
S-003786,Web,1,1,1,1,
S-003787,App,1,0,0,0,
S-003788,Web,1,0,0,0,
S-003789,App,1,0,0,0,
S-003790,App,1,1,0,0,changed_mind
S-003791,Web,1,1,0,0,payment_fail
S-003792,Web,1,1,1,1,
S-003793,Web,1,0,0,0,
S-003794,App,1,1,0,0,payment_fail
S-003795,Store,1,1,0,0,payment_fail
S-003796,Store,1,1,1,1,
S-003797,Web,1,1,1,1,
S-003798,Web,1,1,0,0,checkout_friction
S-003799,App,1,1,0,0,changed_mind
S-003800,Web,1,0,0,0,
S-003801,Web,1,0,0,0,
S-003802,Web,1,1,1,1,
S-003803,Web,1,1,0,0,payment_fail
S-003804,App,1,1,1,1,
S-003805,Web,1,1,0,0,checkout_friction
S-003806,App,1,1,1,1,
S-003807,Store,1,1,0,0,shipping_cost
S-003808,Web,1,1,1,1,
S-003809,Store,1,0,0,0,
S-003810,Web,1,1,0,0,shipping_cost
S-003811,App,1,0,0,0,
S-003812,Store,1,1,1,1,
S-003813,App,1,1,0,0,checkout_friction
S-003814,App,1,1,1,1,
S-003815,Web,1,1,0,0,payment_fail
S-003816,Store,1,1,1,1,
S-003817,App,1,1,1,1,
S-003818,Store,1,1,1,1,
S-003819,Store,1,1,0,0,payment_fail
S-003820,App,1,1,1,1,
S-003821,App,1,1,1,1,
S-003822,Web,1,1,1,1,
S-003823,Web,1,1,1,1,
S-003824,Web,1,0,0,0,
S-003825,Web,1,1,1,1,
S-003826,Web,1,1,0,0,changed_mind
S-003827,Web,1,1,0,0,payment_fail
S-003828,Web,1,0,0,0,
S-003829,Web,1,0,0,0,
S-003830,Web,1,1,1,1,
S-003831,Web,1,1,1,1,
S-003832,App,1,0,0,0,
S-003833,Web,1,1,0,0,changed_mind
S-003834,App,1,1,0,0,payment_fail
S-003835,App,1,1,1,1,
S-003836,App,1,1,0,0,payment_fail
S-003837,Web,1,1,1,1,
S-003838,App,1,1,0,0,payment_fail
S-003839,Web,1,1,1,1,
S-003840,Web,1,1,1,1,
S-003841,Web,1,1,1,1,
S-003842,Web,1,0,0,0,
S-003843,Web,1,1,1,1,
S-003844,App,1,1,1,1,
S-003845,App,1,1,0,0,shipping_cost
S-003846,Web,1,0,0,0,
S-003847,Web,1,1,1,1,
S-003848,Web,1,1,0,0,payment_fail
S-003849,Web,1,0,0,0,
S-003850,Web,1,0,0,0,
S-003851,Web,1,1,1,1,
S-003852,Web,1,1,0,0,payment_fail
S-003853,Web,1,1,1,1,
S-003854,App,1,1,0,0,checkout_friction
S-003855,App,1,0,0,0,
S-003856,Web,1,0,0,0,
S-003857,Web,1,1,1,1,
S-003858,App,1,1,0,0,shipping_cost
S-003859,Web,1,1,1,1,
S-003860,Web,1,0,0,0,
S-003861,Web,1,0,0,0,
S-003862,Web,1,1,1,1,
S-003863,App,1,1,1,1,
S-003864,Web,1,1,0,0,shipping_cost
S-003865,Web,1,1,0,0,payment_fail
S-003866,Store,1,1,1,1,
S-003867,Web,1,1,1,1,
S-003868,Web,1,1,0,0,shipping_cost
S-003869,Web,1,1,1,1,
S-003870,App,1,0,0,0,
S-003871,Store,1,1,0,0,payment_fail
S-003872,App,1,0,0,0,
S-003873,Store,1,1,1,1,
S-003874,App,1,1,1,1,
S-003875,Store,1,1,0,0,changed_mind
S-003876,Store,1,1,1,1,
S-003877,Web,1,1,1,1,
S-003878,Web,1,1,1,1,
S-003879,Store,1,1,0,0,payment_fail
S-003880,App,1,1,1,1,
S-003881,Web,1,1,0,0,checkout_friction
S-003882,Web,1,0,0,0,
S-003883,Store,1,0,0,0,
S-003884,Web,1,0,0,0,
S-003885,Web,1,1,0,0,checkout_friction
S-003886,Web,1,1,1,1,
S-003887,Web,1,1,1,1,
S-003888,App,1,1,1,1,
S-003889,App,1,1,1,1,
S-003890,Web,1,1,1,1,
S-003891,Web,1,0,0,0,
S-003892,Store,1,1,0,0,payment_fail
S-003893,App,1,0,0,0,
S-003894,App,1,1,0,0,payment_fail
S-003895,Web,1,1,0,0,payment_fail
S-003896,Store,1,1,1,1,
S-003897,Web,1,1,0,0,changed_mind
S-003898,App,1,1,1,1,
S-003899,Store,1,1,1,1,
S-003900,Web,1,0,0,0,
S-003901,Web,1,0,0,0,
S-003902,Web,1,1,0,0,payment_fail
S-003903,App,1,0,0,0,
S-003904,App,1,1,0,0,checkout_friction
S-003905,Web,1,1,1,1,
S-003906,App,1,1,1,1,
S-003907,App,1,1,0,0,stock_out
S-003908,Store,1,0,0,0,
S-003909,Web,1,1,0,0,stock_out
S-003910,Web,1,1,0,0,changed_mind
S-003911,Web,1,1,1,1,
S-003912,Web,1,0,0,0,
S-003913,App,1,1,1,1,
S-003914,Web,1,0,0,0,
S-003915,Web,1,1,0,0,checkout_friction
S-003916,Web,1,1,1,1,
S-003917,Web,1,0,0,0,
S-003918,Web,1,0,0,0,
S-003919,Web,1,1,0,0,payment_fail
S-003920,Web,1,1,1,1,
S-003921,Web,1,1,1,1,
S-003922,Web,1,1,0,0,shipping_cost
S-003923,Store,1,0,0,0,
S-003924,App,1,1,1,1,
S-003925,Web,1,1,0,0,shipping_cost
S-003926,Web,1,1,1,1,
S-003927,App,1,1,0,0,checkout_friction
S-003928,App,1,1,1,1,
S-003929,App,1,1,1,1,
S-003930,App,1,1,1,1,
S-003931,App,1,1,1,1,
S-003932,Web,1,0,0,0,
S-003933,Web,1,1,1,1,
S-003934,Web,1,0,0,0,
S-003935,App,1,0,0,0,
S-003936,Web,1,0,0,0,
S-003937,App,1,1,0,0,changed_mind
S-003938,Web,1,1,1,1,
S-003939,Web,1,0,0,0,
S-003940,App,1,1,0,0,stock_out
S-003941,App,1,1,0,0,payment_fail
S-003942,Web,1,1,0,0,checkout_friction
S-003943,Web,1,1,1,1,
S-003944,Web,1,0,0,0,
S-003945,Web,1,0,0,0,
S-003946,Web,1,1,1,1,
S-003947,Web,1,1,0,0,shipping_cost
S-003948,Web,1,1,1,1,
S-003949,Web,1,1,1,1,
S-003950,Web,1,0,0,0,
S-003951,Web,1,1,0,0,shipping_cost
S-003952,App,1,1,1,1,
S-003953,App,1,1,1,1,
S-003954,Web,1,0,0,0,
S-003955,App,1,0,0,0,
S-003956,App,1,1,0,0,checkout_friction
S-003957,Web,1,1,1,1,
S-003958,Web,1,1,1,1,
S-003959,App,1,1,1,1,
S-003960,Web,1,1,1,1,
S-003961,App,1,1,0,0,shipping_cost
S-003962,App,1,1,1,1,
S-003963,App,1,0,0,0,
S-003964,App,1,1,0,0,shipping_cost
S-003965,App,1,1,1,1,
S-003966,Web,1,0,0,0,
S-003967,Web,1,1,1,1,
S-003968,App,1,1,0,0,changed_mind
S-003969,App,1,1,0,0,payment_fail
S-003970,Web,1,1,0,0,shipping_cost
S-003971,Web,1,1,0,0,payment_fail
S-003972,App,1,1,0,0,payment_fail
S-003973,App,1,1,0,0,checkout_friction
S-003974,Web,1,1,0,0,changed_mind
S-003975,Web,1,0,0,0,
S-003976,Web,1,1,1,1,
S-003977,App,1,1,0,0,shipping_cost
S-003978,App,1,0,0,0,
S-003979,Web,1,1,0,0,shipping_cost
S-003980,Store,1,1,0,0,shipping_cost
S-003981,Web,1,1,1,1,
S-003982,App,1,1,1,1,
S-003983,Web,1,1,0,0,changed_mind
S-003984,Web,1,1,1,1,
S-003985,App,1,1,1,1,
S-003986,App,1,0,0,0,
S-003987,Web,1,1,0,0,checkout_friction
S-003988,Store,1,1,0,0,checkout_friction
S-003989,Store,1,1,0,0,shipping_cost
S-003990,Web,1,1,1,1,
S-003991,Web,1,1,0,0,shipping_cost
S-003992,Web,1,1,0,0,shipping_cost
S-003993,Web,1,1,0,0,changed_mind
S-003994,Web,1,1,1,1,
S-003995,Web,1,1,1,1,
S-003996,App,1,1,1,1,
S-003997,Store,1,1,1,1,
S-003998,Web,1,0,0,0,
S-003999,Store,1,1,0,0,shipping_cost
S-004000,Store,1,0,0,0,
S-004001,Web,1,1,0,0,changed_mind
S-004002,Web,1,1,0,0,changed_mind
S-004003,Store,1,1,1,1,
S-004004,App,1,1,1,1,
S-004005,Web,1,1,0,0,shipping_cost
S-004006,Web,1,1,0,0,shipping_cost
S-004007,Web,1,1,1,1,
S-004008,App,1,1,0,0,shipping_cost
S-004009,App,1,0,0,0,
S-004010,Web,1,0,0,0,
S-004011,Web,1,1,0,0,payment_fail
S-004012,App,1,1,1,1,
S-004013,App,1,1,1,1,
S-004014,Web,1,1,1,1,
S-004015,Web,1,1,1,1,
S-004016,App,1,1,1,1,
S-004017,App,1,1,0,0,payment_fail
S-004018,Web,1,1,1,1,
S-004019,App,1,1,0,0,stock_out
S-004020,App,1,1,0,0,shipping_cost
S-004021,Web,1,1,1,1,
S-004022,Web,1,1,0,0,payment_fail
S-004023,Web,1,1,0,0,changed_mind
S-004024,Web,1,1,0,0,stock_out
S-004025,Web,1,1,0,0,payment_fail
S-004026,Web,1,1,1,1,
S-004027,Web,1,1,1,1,
S-004028,App,1,1,0,0,stock_out
S-004029,Web,1,0,0,0,
S-004030,App,1,0,0,0,
S-004031,App,1,1,1,1,
S-004032,App,1,1,1,1,
S-004033,App,1,1,1,1,
S-004034,Web,1,1,0,0,checkout_friction
S-004035,Web,1,1,0,0,changed_mind
S-004036,Web,1,0,0,0,
S-004037,Web,1,1,1,1,
S-004038,Web,1,0,0,0,
S-004039,Web,1,1,0,0,changed_mind
S-004040,Web,1,1,0,0,payment_fail
S-004041,App,1,1,1,1,
S-004042,Web,1,1,0,0,checkout_friction
S-004043,Web,1,0,0,0,
S-004044,Web,1,1,0,0,shipping_cost
S-004045,Web,1,0,0,0,
S-004046,App,1,1,0,0,checkout_friction
S-004047,App,1,1,0,0,changed_mind
S-004048,App,1,1,1,1,
S-004049,App,1,1,1,1,
S-004050,App,1,1,0,0,payment_fail
S-004051,Store,1,0,0,0,
S-004052,Web,1,1,0,0,payment_fail
S-004053,Web,1,0,0,0,
S-004054,Web,1,1,1,1,
S-004055,Web,1,1,0,0,changed_mind
S-004056,App,1,0,0,0,
S-004057,App,1,1,0,0,changed_mind
S-004058,App,1,1,1,1,
S-004059,Store,1,1,1,1,
S-004060,Web,1,1,0,0,payment_fail
S-004061,Store,1,1,1,1,
S-004062,Web,1,1,1,1,
S-004063,App,1,0,0,0,
S-004064,Web,1,0,0,0,
S-004065,App,1,1,1,1,
S-004066,App,1,1,1,1,
S-004067,Web,1,1,1,1,
S-004068,Web,1,0,0,0,
S-004069,Web,1,1,0,0,stock_out
S-004070,Web,1,1,1,1,
S-004071,Web,1,1,1,1,
S-004072,Web,1,1,0,0,checkout_friction
S-004073,App,1,1,1,1,
S-004074,App,1,0,0,0,
S-004075,App,1,1,1,1,
S-004076,Web,1,0,0,0,
S-004077,Web,1,0,0,0,
S-004078,Web,1,1,1,1,
S-004079,Web,1,0,0,0,
S-004080,Web,1,1,1,1,
S-004081,Web,1,1,1,1,
S-004082,Web,1,0,0,0,
S-004083,Web,1,1,0,0,shipping_cost
S-004084,Web,1,1,1,1,
S-004085,Web,1,1,1,1,
S-004086,App,1,1,0,0,shipping_cost
S-004087,Web,1,0,0,0,
S-004088,Web,1,1,0,0,payment_fail
S-004089,Web,1,0,0,0,
S-004090,App,1,0,0,0,
S-004091,App,1,1,0,0,stock_out
S-004092,Web,1,1,1,1,
S-004093,Web,1,1,0,0,shipping_cost
S-004094,Web,1,1,0,0,checkout_friction
S-004095,Web,1,1,1,1,
S-004096,Web,1,0,0,0,
S-004097,Store,1,1,1,1,
S-004098,Web,1,1,1,1,
S-004099,App,1,1,1,1,
S-004100,App,1,1,1,1,
S-004101,Store,1,1,0,0,shipping_cost
S-004102,App,1,0,0,0,
S-004103,Web,1,1,1,1,
S-004104,Store,1,1,1,1,
S-004105,App,1,0,0,0,
S-004106,Web,1,0,0,0,
S-004107,Web,1,1,1,1,
S-004108,Web,1,0,0,0,
S-004109,Store,1,0,0,0,
S-004110,Web,1,1,1,1,
S-004111,Web,1,1,0,0,changed_mind
S-004112,App,1,1,1,1,
S-004113,Web,1,1,1,1,
S-004114,Store,1,0,0,0,
S-004115,App,1,1,0,0,payment_fail
S-004116,App,1,1,1,1,
S-004117,Store,1,0,0,0,
S-004118,Web,1,0,0,0,
S-004119,App,1,1,0,0,payment_fail
S-004120,Web,1,1,1,1,
S-004121,Store,1,1,1,1,
S-004122,App,1,1,1,1,
S-004123,Web,1,1,1,1,
S-004124,Web,1,1,1,1,
S-004125,Web,1,0,0,0,
S-004126,Web,1,0,0,0,
S-004127,App,1,1,1,1,
S-004128,Web,1,1,1,1,
S-004129,Store,1,1,1,1,
S-004130,App,1,1,0,0,stock_out
S-004131,Store,1,1,1,1,
S-004132,Web,1,0,0,0,
S-004133,App,1,1,1,1,
S-004134,Web,1,1,0,0,shipping_cost
S-004135,Web,1,1,1,1,
S-004136,Web,1,1,1,1,
S-004137,Web,1,1,1,1,
S-004138,App,1,1,1,1,
S-004139,Web,1,1,0,0,changed_mind
S-004140,App,1,1,0,0,checkout_friction
S-004141,Web,1,1,1,1,
S-004142,App,1,0,0,0,
S-004143,Web,1,1,1,1,
S-004144,Web,1,1,1,1,
S-004145,App,1,1,0,0,checkout_friction
S-004146,Web,1,1,1,1,
S-004147,Web,1,1,1,1,
S-004148,Web,1,0,0,0,
S-004149,Web,1,1,1,1,
S-004150,App,1,1,0,0,checkout_friction
S-004151,App,1,1,0,0,payment_fail
S-004152,App,1,1,1,1,
S-004153,Web,1,1,1,1,
S-004154,Store,1,0,0,0,
S-004155,Web,1,1,0,0,changed_mind
S-004156,Web,1,0,0,0,
S-004157,App,1,1,0,0,checkout_friction
S-004158,Web,1,0,0,0,
S-004159,Store,1,1,1,1,
S-004160,Web,1,1,1,1,
S-004161,Store,1,1,1,1,
S-004162,Web,1,0,0,0,
S-004163,App,1,0,0,0,
S-004164,Web,1,1,1,1,
S-004165,Web,1,1,1,1,
S-004166,Store,1,1,1,1,
S-004167,Web,1,1,0,0,shipping_cost
S-004168,App,1,1,1,1,
S-004169,Web,1,1,1,1,
S-004170,Store,1,1,0,0,payment_fail
S-004171,Web,1,1,1,1,
S-004172,Web,1,1,0,0,stock_out
S-004173,App,1,1,1,1,
S-004174,Web,1,1,0,0,shipping_cost
S-004175,Web,1,1,1,1,
S-004176,Web,1,1,0,0,changed_mind
S-004177,Web,1,1,1,1,
S-004178,Store,1,1,1,1,
S-004179,App,1,1,0,0,checkout_friction
S-004180,Web,1,0,0,0,
S-004181,Web,1,1,0,0,changed_mind
S-004182,App,1,1,1,1,
S-004183,App,1,0,0,0,
S-004184,Store,1,0,0,0,
S-004185,Web,1,1,1,1,
S-004186,Web,1,0,0,0,
S-004187,App,1,0,0,0,
S-004188,Web,1,1,1,1,
S-004189,App,1,1,1,1,
S-004190,Web,1,1,0,0,shipping_cost
S-004191,Web,1,1,0,0,shipping_cost
S-004192,App,1,0,0,0,
S-004193,Web,1,1,0,0,shipping_cost
S-004194,Web,1,0,0,0,
S-004195,Web,1,1,0,0,payment_fail
S-004196,App,1,1,1,1,
S-004197,App,1,0,0,0,
S-004198,App,1,1,1,1,
S-004199,Web,1,1,0,0,stock_out
S-004200,App,1,1,0,0,stock_out
S-004201,App,1,0,0,0,
S-004202,Store,1,0,0,0,
S-004203,App,1,1,1,1,
S-004204,Web,1,1,1,1,
S-004205,Web,1,1,0,0,shipping_cost
S-004206,Web,1,1,1,1,
S-004207,Store,1,0,0,0,
S-004208,Web,1,1,0,0,shipping_cost
S-004209,App,1,1,0,0,checkout_friction
S-004210,App,1,1,1,1,
S-004211,App,1,1,0,0,payment_fail
S-004212,Store,1,1,1,1,
S-004213,Web,1,1,0,0,changed_mind
S-004214,Web,1,1,0,0,shipping_cost
S-004215,Web,1,1,1,1,
S-004216,App,1,1,1,1,
S-004217,Web,1,0,0,0,
S-004218,App,1,0,0,0,
S-004219,App,1,0,0,0,
S-004220,Web,1,0,0,0,
S-004221,Web,1,1,0,0,changed_mind
S-004222,Web,1,1,1,1,
S-004223,Web,1,1,1,1,
S-004224,App,1,1,0,0,payment_fail
S-004225,Web,1,1,0,0,changed_mind
S-004226,Web,1,1,1,1,
S-004227,Web,1,1,1,1,
S-004228,App,1,0,0,0,
S-004229,Store,1,1,1,1,
S-004230,Web,1,0,0,0,
S-004231,Web,1,1,0,0,shipping_cost
S-004232,Web,1,1,0,0,changed_mind
S-004233,Store,1,0,0,0,
S-004234,App,1,0,0,0,
S-004235,Web,1,0,0,0,
S-004236,Web,1,0,0,0,
S-004237,App,1,0,0,0,
S-004238,App,1,0,0,0,
S-004239,Web,1,1,0,0,payment_fail
S-004240,Web,1,1,0,0,shipping_cost
S-004241,App,1,1,0,0,changed_mind
S-004242,Store,1,1,0,0,payment_fail
S-004243,Web,1,1,0,0,payment_fail
S-004244,App,1,1,1,1,
S-004245,App,1,1,0,0,payment_fail
S-004246,Web,1,1,1,1,
S-004247,App,1,1,1,1,
S-004248,Web,1,1,0,0,shipping_cost
S-004249,App,1,1,0,0,payment_fail
S-004250,Web,1,1,1,1,
S-004251,App,1,1,1,1,
S-004252,App,1,1,1,1,
S-004253,Web,1,1,0,0,checkout_friction
S-004254,App,1,1,1,1,
S-004255,App,1,0,0,0,
S-004256,Web,1,1,1,1,
S-004257,App,1,1,0,0,shipping_cost
S-004258,App,1,1,0,0,stock_out
S-004259,App,1,0,0,0,
S-004260,Web,1,1,0,0,checkout_friction
S-004261,Web,1,1,1,1,
S-004262,App,1,1,0,0,payment_fail
S-004263,Web,1,1,0,0,changed_mind
S-004264,App,1,1,0,0,checkout_friction
S-004265,Web,1,1,1,1,
S-004266,Web,1,1,1,1,
S-004267,Web,1,0,0,0,
S-004268,App,1,1,1,1,
S-004269,App,1,0,0,0,
S-004270,Web,1,1,0,0,changed_mind
S-004271,Web,1,1,0,0,shipping_cost
S-004272,Web,1,1,1,1,
S-004273,Web,1,0,0,0,
S-004274,Web,1,1,1,1,
S-004275,Store,1,1,1,1,
S-004276,Store,1,1,1,1,
S-004277,App,1,1,0,0,shipping_cost
S-004278,Web,1,0,0,0,
S-004279,Web,1,0,0,0,
S-004280,App,1,0,0,0,
S-004281,Web,1,1,0,0,payment_fail
S-004282,Web,1,1,1,1,
S-004283,App,1,1,0,0,changed_mind
S-004284,Web,1,1,1,1,
S-004285,App,1,0,0,0,
S-004286,Store,1,0,0,0,
S-004287,Web,1,1,1,1,
S-004288,App,1,1,0,0,checkout_friction
S-004289,App,1,0,0,0,
S-004290,Store,1,1,0,0,checkout_friction
S-004291,App,1,1,0,0,payment_fail
S-004292,App,1,0,0,0,
S-004293,App,1,1,1,1,
S-004294,Web,1,0,0,0,
S-004295,Store,1,1,0,0,stock_out
S-004296,Web,1,1,0,0,shipping_cost
S-004297,Web,1,1,1,1,
S-004298,Web,1,1,0,0,checkout_friction
S-004299,App,1,0,0,0,
S-004300,Web,1,0,0,0,
S-004301,Web,1,1,0,0,payment_fail
S-004302,App,1,1,1,1,
S-004303,Store,1,1,1,1,
S-004304,Web,1,1,0,0,checkout_friction
S-004305,Web,1,1,0,0,stock_out
S-004306,Store,1,1,1,1,
S-004307,Web,1,1,1,1,
S-004308,Web,1,0,0,0,
S-004309,Web,1,1,1,1,
S-004310,Store,1,1,0,0,payment_fail
S-004311,Web,1,1,0,0,payment_fail
S-004312,Web,1,0,0,0,
S-004313,Web,1,1,1,1,
S-004314,Web,1,1,0,0,stock_out
S-004315,Web,1,1,0,0,payment_fail
S-004316,Web,1,1,0,0,changed_mind
S-004317,Store,1,1,0,0,checkout_friction
S-004318,Web,1,1,1,1,
S-004319,App,1,1,1,1,
S-004320,App,1,1,0,0,changed_mind
S-004321,App,1,1,1,1,
S-004322,App,1,0,0,0,
S-004323,App,1,0,0,0,
S-004324,Web,1,1,0,0,shipping_cost
S-004325,Web,1,1,0,0,shipping_cost
S-004326,App,1,1,1,1,
S-004327,App,1,1,0,0,payment_fail
S-004328,Web,1,1,1,1,
S-004329,App,1,1,0,0,checkout_friction
S-004330,App,1,0,0,0,
S-004331,App,1,1,0,0,shipping_cost
S-004332,Store,1,1,0,0,payment_fail
S-004333,Web,1,1,1,1,
S-004334,Store,1,0,0,0,
S-004335,App,1,1,1,1,
S-004336,Web,1,1,1,1,
S-004337,Web,1,1,1,1,
S-004338,Web,1,0,0,0,
S-004339,Web,1,0,0,0,
S-004340,Store,1,1,1,1,
S-004341,Web,1,1,1,1,
S-004342,Web,1,1,0,0,shipping_cost
S-004343,App,1,1,0,0,checkout_friction
S-004344,Store,1,0,0,0,
S-004345,Web,1,1,0,0,payment_fail
S-004346,Web,1,1,1,1,
S-004347,Store,1,1,1,1,
S-004348,Web,1,1,1,1,
S-004349,Web,1,1,0,0,checkout_friction
S-004350,App,1,1,1,1,
S-004351,Web,1,1,0,0,stock_out
S-004352,Store,1,1,0,0,stock_out
S-004353,App,1,0,0,0,
S-004354,App,1,1,1,1,
S-004355,App,1,0,0,0,
S-004356,Web,1,1,1,1,
S-004357,Web,1,1,0,0,checkout_friction
S-004358,Web,1,1,1,1,
S-004359,Web,1,1,1,1,
S-004360,Web,1,0,0,0,
S-004361,App,1,0,0,0,
S-004362,Web,1,1,1,1,
S-004363,Web,1,1,0,0,stock_out
S-004364,App,1,1,0,0,checkout_friction
S-004365,Web,1,0,0,0,
S-004366,App,1,1,0,0,payment_fail
S-004367,Web,1,1,0,0,stock_out
S-004368,Web,1,1,0,0,changed_mind
S-004369,App,1,0,0,0,
S-004370,App,1,1,1,1,
S-004371,Web,1,1,0,0,changed_mind
S-004372,App,1,1,0,0,checkout_friction
S-004373,Web,1,1,0,0,checkout_friction
S-004374,Store,1,0,0,0,
S-004375,App,1,1,1,1,
S-004376,Web,1,1,1,1,
S-004377,Web,1,1,1,1,
S-004378,Web,1,0,0,0,
S-004379,Web,1,0,0,0,
S-004380,Web,1,1,0,0,stock_out
S-004381,Web,1,1,1,1,
S-004382,App,1,1,1,1,
S-004383,App,1,0,0,0,
S-004384,App,1,1,1,1,
S-004385,Web,1,1,0,0,shipping_cost
S-004386,Web,1,0,0,0,
S-004387,Web,1,0,0,0,
S-004388,Store,1,0,0,0,
S-004389,App,1,1,1,1,
S-004390,App,1,0,0,0,
S-004391,App,1,1,0,0,shipping_cost
S-004392,App,1,1,0,0,shipping_cost
S-004393,Web,1,1,1,1,
S-004394,Web,1,1,1,1,
S-004395,Web,1,1,1,1,
S-004396,Web,1,1,0,0,shipping_cost
S-004397,Web,1,1,1,1,
S-004398,App,1,1,1,1,
S-004399,Store,1,1,1,1,
S-004400,Web,1,1,1,1,
S-004401,Store,1,1,0,0,shipping_cost
S-004402,Web,1,1,0,0,payment_fail
S-004403,App,1,1,0,0,payment_fail
S-004404,App,1,0,0,0,
S-004405,Web,1,1,1,1,
S-004406,Web,1,1,1,1,
S-004407,Web,1,1,0,0,stock_out
S-004408,Web,1,1,1,1,
S-004409,App,1,1,0,0,shipping_cost
S-004410,Store,1,0,0,0,
S-004411,Web,1,1,0,0,checkout_friction
S-004412,App,1,1,0,0,changed_mind
S-004413,Web,1,1,1,1,
S-004414,App,1,1,0,0,payment_fail
S-004415,Store,1,1,1,1,
S-004416,Web,1,1,1,1,
S-004417,App,1,1,1,1,
S-004418,App,1,0,0,0,
S-004419,Web,1,1,1,1,
S-004420,Web,1,0,0,0,
S-004421,App,1,1,1,1,
S-004422,Web,1,0,0,0,
S-004423,App,1,0,0,0,
S-004424,Web,1,1,0,0,payment_fail
S-004425,Web,1,0,0,0,
S-004426,App,1,1,1,1,
S-004427,Web,1,1,1,1,
S-004428,App,1,0,0,0,
S-004429,App,1,1,0,0,payment_fail
S-004430,Web,1,0,0,0,
S-004431,Web,1,1,1,1,
S-004432,Web,1,1,1,1,
S-004433,Store,1,1,1,1,
S-004434,Web,1,1,0,0,checkout_friction
S-004435,Web,1,1,0,0,payment_fail
S-004436,App,1,0,0,0,
S-004437,Store,1,0,0,0,
S-004438,App,1,1,0,0,changed_mind
S-004439,Web,1,0,0,0,
S-004440,App,1,1,1,1,
S-004441,Store,1,0,0,0,
S-004442,Web,1,0,0,0,
S-004443,Web,1,1,0,0,checkout_friction
S-004444,App,1,1,1,1,
S-004445,Web,1,1,1,1,
S-004446,App,1,0,0,0,
S-004447,Web,1,0,0,0,
S-004448,Web,1,1,0,0,checkout_friction
S-004449,App,1,1,1,1,
S-004450,Web,1,1,1,1,
S-004451,Web,1,0,0,0,
S-004452,Web,1,0,0,0,
S-004453,App,1,1,0,0,payment_fail
S-004454,Store,1,0,0,0,
S-004455,App,1,0,0,0,
S-004456,App,1,1,0,0,payment_fail
S-004457,App,1,0,0,0,
S-004458,Store,1,1,1,1,
S-004459,Web,1,1,1,1,
S-004460,Web,1,1,1,1,
S-004461,Store,1,0,0,0,
S-004462,App,1,1,0,0,payment_fail
S-004463,Web,1,1,1,1,
S-004464,Web,1,1,1,1,
S-004465,App,1,1,1,1,
S-004466,Web,1,1,1,1,
S-004467,Web,1,0,0,0,
S-004468,Web,1,1,0,0,payment_fail
S-004469,Web,1,0,0,0,
S-004470,App,1,1,1,1,
S-004471,App,1,1,0,0,payment_fail
S-004472,Web,1,1,0,0,changed_mind
S-004473,Web,1,0,0,0,
S-004474,Web,1,1,0,0,checkout_friction
S-004475,Store,1,1,1,1,
S-004476,App,1,0,0,0,
S-004477,Web,1,1,1,1,
S-004478,Store,1,0,0,0,
S-004479,Web,1,1,0,0,changed_mind
S-004480,Store,1,1,0,0,changed_mind
S-004481,App,1,0,0,0,
S-004482,Web,1,1,0,0,payment_fail
S-004483,Web,1,1,0,0,stock_out
S-004484,App,1,0,0,0,
S-004485,App,1,1,0,0,changed_mind
S-004486,Store,1,1,0,0,checkout_friction
S-004487,Web,1,1,1,1,
S-004488,Web,1,0,0,0,
S-004489,Store,1,1,1,1,
S-004490,Web,1,1,0,0,checkout_friction
S-004491,App,1,1,1,1,
S-004492,Web,1,1,1,1,
S-004493,App,1,1,1,1,
S-004494,Web,1,1,1,1,
S-004495,Web,1,1,0,0,shipping_cost
S-004496,Web,1,1,0,0,payment_fail
S-004497,Web,1,1,1,1,
S-004498,App,1,1,1,1,
S-004499,Web,1,1,1,1,
S-004500,Web,1,1,1,1,
S-004501,Web,1,1,0,0,payment_fail
S-004502,App,1,0,0,0,
S-004503,Web,1,1,1,1,
S-004504,Web,1,1,1,1,
S-004505,Web,1,1,1,1,
S-004506,App,1,1,0,0,shipping_cost
S-004507,App,1,1,1,1,
S-004508,Web,1,1,0,0,checkout_friction
S-004509,Web,1,1,1,1,
S-004510,Store,1,1,1,1,
S-004511,Web,1,0,0,0,
S-004512,Web,1,1,1,1,
S-004513,App,1,1,1,1,
S-004514,App,1,0,0,0,
S-004515,Web,1,1,0,0,shipping_cost
S-004516,Web,1,1,0,0,stock_out
S-004517,App,1,1,1,1,
S-004518,Web,1,0,0,0,
S-004519,App,1,0,0,0,
S-004520,App,1,1,0,0,changed_mind
S-004521,App,1,1,1,1,
S-004522,Web,1,1,0,0,payment_fail
S-004523,Store,1,1,1,1,
S-004524,Web,1,1,0,0,shipping_cost
S-004525,App,1,0,0,0,
S-004526,Web,1,1,1,1,
S-004527,Store,1,1,0,0,changed_mind
S-004528,Web,1,1,1,1,
S-004529,Web,1,1,1,1,
S-004530,Web,1,1,0,0,changed_mind
S-004531,App,1,1,0,0,shipping_cost
S-004532,Web,1,1,1,1,
S-004533,Web,1,1,1,1,
S-004534,App,1,1,1,1,
S-004535,Web,1,1,1,1,
S-004536,App,1,0,0,0,
S-004537,App,1,1,0,0,payment_fail
S-004538,App,1,1,1,1,
S-004539,App,1,1,1,1,
S-004540,App,1,1,1,1,
S-004541,App,1,1,0,0,stock_out
S-004542,App,1,1,1,1,
S-004543,Web,1,1,1,1,
S-004544,Store,1,1,1,1,
S-004545,Web,1,1,1,1,
S-004546,Web,1,1,1,1,
S-004547,Web,1,0,0,0,
S-004548,Web,1,1,1,1,
S-004549,Store,1,1,1,1,
S-004550,Web,1,1,0,0,payment_fail
S-004551,Store,1,1,1,1,
S-004552,App,1,1,0,0,checkout_friction
S-004553,Web,1,0,0,0,
S-004554,App,1,1,1,1,
S-004555,Web,1,0,0,0,
S-004556,Web,1,0,0,0,
S-004557,App,1,1,0,0,payment_fail
S-004558,Web,1,1,1,1,
S-004559,Web,1,1,0,0,payment_fail
S-004560,Web,1,1,1,1,
S-004561,Web,1,1,1,1,
S-004562,Web,1,0,0,0,
S-004563,App,1,1,0,0,shipping_cost
S-004564,App,1,1,1,1,
S-004565,Web,1,1,0,0,changed_mind
S-004566,Web,1,1,1,1,
S-004567,Web,1,1,1,1,
S-004568,Web,1,0,0,0,
S-004569,App,1,0,0,0,
S-004570,Web,1,1,0,0,changed_mind
S-004571,App,1,0,0,0,
S-004572,Web,1,1,1,1,
S-004573,Store,1,1,1,1,
S-004574,Web,1,1,1,1,
S-004575,Web,1,0,0,0,
S-004576,Web,1,0,0,0,
S-004577,Web,1,1,0,0,shipping_cost
S-004578,Web,1,0,0,0,
S-004579,Web,1,1,0,0,checkout_friction
S-004580,App,1,1,1,1,
S-004581,Web,1,1,1,1,
S-004582,Web,1,0,0,0,
S-004583,Store,1,0,0,0,
S-004584,App,1,0,0,0,
S-004585,Web,1,1,1,1,
S-004586,App,1,1,0,0,shipping_cost
S-004587,App,1,1,1,1,
S-004588,Web,1,1,1,1,
S-004589,Store,1,1,1,1,
S-004590,App,1,0,0,0,
S-004591,Web,1,1,1,1,
S-004592,Web,1,1,1,1,
S-004593,Store,1,1,0,0,shipping_cost
S-004594,App,1,1,1,1,
S-004595,Store,1,0,0,0,
S-004596,Web,1,1,1,1,
S-004597,Store,1,1,1,1,
S-004598,Web,1,1,1,1,
S-004599,Web,1,1,1,1,
S-004600,App,1,0,0,0,
S-004601,Web,1,0,0,0,
S-004602,Web,1,0,0,0,
S-004603,Web,1,0,0,0,
S-004604,App,1,1,0,0,shipping_cost
S-004605,App,1,1,0,0,payment_fail
S-004606,Web,1,0,0,0,
S-004607,Web,1,1,0,0,changed_mind
S-004608,Web,1,1,0,0,payment_fail
S-004609,Web,1,1,1,1,
S-004610,Web,1,1,0,0,changed_mind
S-004611,Web,1,1,1,1,
S-004612,Web,1,1,1,1,
S-004613,Web,1,1,1,1,
S-004614,Store,1,1,0,0,payment_fail
S-004615,App,1,1,1,1,
S-004616,App,1,1,1,1,
S-004617,Web,1,1,1,1,
S-004618,Web,1,1,1,1,
S-004619,Web,1,1,1,1,
S-004620,Web,1,0,0,0,
S-004621,Web,1,1,0,0,checkout_friction
S-004622,Web,1,1,1,1,
S-004623,App,1,1,0,0,shipping_cost
S-004624,Web,1,1,1,1,
S-004625,Web,1,1,1,1,
S-004626,App,1,0,0,0,
S-004627,Web,1,1,0,0,checkout_friction
S-004628,Store,1,1,1,1,
S-004629,App,1,1,0,0,shipping_cost
S-004630,Web,1,0,0,0,
S-004631,App,1,1,1,1,
S-004632,App,1,0,0,0,
S-004633,App,1,0,0,0,
S-004634,Store,1,1,0,0,payment_fail
S-004635,App,1,0,0,0,
S-004636,Web,1,1,0,0,stock_out
S-004637,App,1,1,0,0,changed_mind
S-004638,Store,1,0,0,0,
S-004639,Web,1,1,1,1,
S-004640,App,1,1,1,1,
S-004641,App,1,0,0,0,
S-004642,Web,1,1,0,0,stock_out
S-004643,App,1,1,1,1,
S-004644,App,1,0,0,0,
S-004645,App,1,0,0,0,
S-004646,App,1,1,0,0,shipping_cost
S-004647,Web,1,1,1,1,
S-004648,App,1,1,1,1,
S-004649,Web,1,0,0,0,
S-004650,Web,1,1,0,0,changed_mind
S-004651,Web,1,1,1,1,
S-004652,Web,1,0,0,0,
S-004653,App,1,1,1,1,
S-004654,Web,1,1,0,0,checkout_friction
S-004655,Web,1,0,0,0,
S-004656,App,1,1,1,1,
S-004657,Web,1,1,1,1,
S-004658,Web,1,1,0,0,changed_mind
S-004659,App,1,1,0,0,shipping_cost
S-004660,Web,1,1,0,0,changed_mind
S-004661,Web,1,0,0,0,
S-004662,App,1,0,0,0,
S-004663,App,1,1,1,1,
S-004664,Web,1,1,1,1,
S-004665,Web,1,1,0,0,changed_mind
S-004666,App,1,1,1,1,
S-004667,App,1,1,1,1,
S-004668,Web,1,1,0,0,checkout_friction
S-004669,Web,1,1,0,0,shipping_cost
S-004670,App,1,1,1,1,
S-004671,App,1,0,0,0,
S-004672,Web,1,1,0,0,shipping_cost
S-004673,Web,1,1,1,1,
S-004674,App,1,1,1,1,
S-004675,Web,1,1,1,1,
S-004676,App,1,1,0,0,stock_out
S-004677,Web,1,1,0,0,changed_mind
S-004678,App,1,0,0,0,
S-004679,Web,1,1,1,1,
S-004680,Web,1,1,1,1,
S-004681,App,1,0,0,0,
S-004682,Web,1,0,0,0,
S-004683,Web,1,0,0,0,
S-004684,App,1,1,0,0,stock_out
S-004685,Web,1,0,0,0,
S-004686,App,1,0,0,0,
S-004687,Web,1,1,0,0,shipping_cost
S-004688,Store,1,1,1,1,
S-004689,Web,1,1,0,0,payment_fail
S-004690,App,1,0,0,0,
S-004691,Web,1,1,1,1,
S-004692,App,1,0,0,0,
S-004693,App,1,1,0,0,stock_out
S-004694,Store,1,0,0,0,
S-004695,App,1,1,1,1,
S-004696,Store,1,1,0,0,payment_fail
S-004697,App,1,1,1,1,
S-004698,App,1,1,1,1,
S-004699,Web,1,1,1,1,
S-004700,Store,1,0,0,0,
S-004701,Web,1,1,0,0,payment_fail
S-004702,App,1,1,0,0,changed_mind
S-004703,App,1,0,0,0,
S-004704,Web,1,0,0,0,
S-004705,Store,1,1,1,1,
S-004706,Web,1,1,1,1,
S-004707,Web,1,0,0,0,
S-004708,Web,1,1,0,0,stock_out
S-004709,Web,1,0,0,0,
S-004710,Web,1,0,0,0,
S-004711,Web,1,1,1,1,
S-004712,Web,1,0,0,0,
S-004713,Web,1,0,0,0,
S-004714,App,1,1,1,1,
S-004715,Store,1,1,1,1,
S-004716,Web,1,1,1,1,
S-004717,App,1,0,0,0,
S-004718,Web,1,1,1,1,
S-004719,Web,1,1,1,1,
S-004720,App,1,1,1,1,
S-004721,Web,1,1,0,0,checkout_friction
S-004722,Web,1,0,0,0,
S-004723,Web,1,1,0,0,payment_fail
S-004724,Web,1,0,0,0,
S-004725,App,1,1,1,1,
S-004726,Web,1,0,0,0,
S-004727,Web,1,1,0,0,payment_fail
S-004728,App,1,0,0,0,
S-004729,Web,1,1,0,0,checkout_friction
S-004730,App,1,1,0,0,payment_fail
S-004731,Web,1,0,0,0,
S-004732,Web,1,1,1,1,
S-004733,App,1,0,0,0,
S-004734,Store,1,0,0,0,
S-004735,App,1,1,1,1,
S-004736,Web,1,0,0,0,
S-004737,Store,1,1,0,0,payment_fail
S-004738,Web,1,0,0,0,
S-004739,Web,1,1,1,1,
S-004740,Web,1,1,0,0,shipping_cost
S-004741,Web,1,1,0,0,changed_mind
S-004742,Web,1,1,0,0,checkout_friction
S-004743,Store,1,1,0,0,stock_out
S-004744,Store,1,0,0,0,
S-004745,App,1,0,0,0,
S-004746,Web,1,1,1,1,
S-004747,Web,1,0,0,0,
S-004748,Web,1,1,0,0,stock_out
S-004749,App,1,0,0,0,
S-004750,Web,1,1,1,1,
S-004751,Web,1,1,1,1,
S-004752,App,1,0,0,0,
S-004753,App,1,1,0,0,payment_fail
S-004754,Web,1,0,0,0,
S-004755,App,1,0,0,0,
S-004756,App,1,1,1,1,
S-004757,Web,1,1,0,0,shipping_cost
S-004758,App,1,1,1,1,
S-004759,Web,1,1,1,1,
S-004760,Web,1,1,0,0,shipping_cost
S-004761,Web,1,0,0,0,
S-004762,Store,1,1,1,1,
S-004763,Web,1,1,0,0,payment_fail
S-004764,App,1,1,0,0,payment_fail
S-004765,Web,1,1,1,1,
S-004766,Store,1,1,1,1,
S-004767,App,1,1,0,0,shipping_cost
S-004768,Web,1,1,1,1,
S-004769,App,1,1,1,1,
S-004770,Web,1,1,1,1,
S-004771,App,1,1,1,1,
S-004772,Web,1,1,0,0,payment_fail
S-004773,App,1,1,0,0,changed_mind
S-004774,Web,1,1,0,0,stock_out
S-004775,Store,1,1,0,0,payment_fail
S-004776,Web,1,1,0,0,shipping_cost
S-004777,Web,1,1,0,0,stock_out
S-004778,Web,1,1,0,0,stock_out
S-004779,Web,1,1,0,0,stock_out
S-004780,App,1,0,0,0,
S-004781,App,1,0,0,0,
S-004782,Web,1,1,1,1,
S-004783,Web,1,1,1,1,
S-004784,App,1,1,0,0,shipping_cost
S-004785,App,1,1,1,1,
S-004786,Store,1,1,0,0,stock_out
S-004787,App,1,1,0,0,payment_fail
S-004788,App,1,0,0,0,
S-004789,Web,1,1,0,0,shipping_cost
S-004790,Web,1,1,1,1,
S-004791,App,1,0,0,0,
S-004792,Web,1,1,0,0,payment_fail
S-004793,App,1,1,1,1,
S-004794,Web,1,1,1,1,
S-004795,Web,1,1,0,0,shipping_cost
S-004796,App,1,1,1,1,
S-004797,Web,1,0,0,0,
S-004798,Web,1,1,1,1,
S-004799,App,1,1,1,1,
S-004800,App,1,1,1,1,
S-004801,App,1,1,1,1,
S-004802,Web,1,1,0,0,shipping_cost
S-004803,App,1,1,1,1,
S-004804,Web,1,1,0,0,payment_fail
S-004805,Store,1,0,0,0,
S-004806,App,1,1,1,1,
S-004807,Web,1,0,0,0,
S-004808,Web,1,1,1,1,
S-004809,Web,1,0,0,0,
S-004810,Store,1,0,0,0,
S-004811,Web,1,1,1,1,
S-004812,Web,1,0,0,0,
S-004813,Web,1,1,1,1,
S-004814,Store,1,0,0,0,
S-004815,App,1,1,0,0,stock_out
S-004816,Web,1,1,0,0,shipping_cost
S-004817,Web,1,1,1,1,
S-004818,App,1,1,0,0,payment_fail
S-004819,Web,1,1,0,0,payment_fail
S-004820,App,1,1,1,1,
S-004821,Web,1,1,0,0,shipping_cost
S-004822,Web,1,1,0,0,shipping_cost
S-004823,App,1,1,0,0,shipping_cost
S-004824,App,1,1,0,0,payment_fail
S-004825,App,1,1,1,1,
S-004826,App,1,1,0,0,stock_out
S-004827,App,1,1,1,1,
S-004828,App,1,1,0,0,checkout_friction
S-004829,Web,1,0,0,0,
S-004830,App,1,0,0,0,
S-004831,App,1,0,0,0,
S-004832,Store,1,0,0,0,
S-004833,Store,1,1,1,1,
S-004834,App,1,0,0,0,
S-004835,Web,1,1,1,1,
S-004836,Web,1,0,0,0,
S-004837,Store,1,1,1,1,
S-004838,Web,1,0,0,0,
S-004839,App,1,0,0,0,
S-004840,Web,1,1,1,1,
S-004841,Web,1,1,0,0,shipping_cost
S-004842,Web,1,1,0,0,changed_mind
S-004843,Web,1,1,1,1,
S-004844,Web,1,1,1,1,
S-004845,App,1,1,0,0,checkout_friction
S-004846,App,1,1,1,1,
S-004847,Web,1,0,0,0,
S-004848,App,1,1,0,0,checkout_friction
S-004849,Web,1,1,1,1,
S-004850,Store,1,1,0,0,changed_mind
S-004851,App,1,1,0,0,checkout_friction
S-004852,Web,1,1,1,1,
S-004853,Web,1,1,0,0,checkout_friction
S-004854,Web,1,1,0,0,stock_out
S-004855,Web,1,1,1,1,
S-004856,Web,1,0,0,0,
S-004857,App,1,0,0,0,
S-004858,App,1,0,0,0,
S-004859,Web,1,1,0,0,shipping_cost
S-004860,Web,1,1,1,1,
S-004861,Web,1,1,0,0,payment_fail
S-004862,App,1,0,0,0,
S-004863,Store,1,1,1,1,
S-004864,App,1,1,1,1,
S-004865,Web,1,0,0,0,
S-004866,App,1,1,0,0,payment_fail
S-004867,App,1,1,1,1,
S-004868,App,1,1,0,0,shipping_cost
S-004869,Web,1,1,1,1,
S-004870,Web,1,1,0,0,shipping_cost
S-004871,Store,1,1,1,1,
S-004872,Web,1,1,1,1,
S-004873,Web,1,0,0,0,
S-004874,App,1,1,1,1,
S-004875,Web,1,1,1,1,
S-004876,App,1,1,1,1,
S-004877,Web,1,1,0,0,shipping_cost
S-004878,Web,1,1,1,1,
S-004879,Web,1,1,1,1,
S-004880,Web,1,1,1,1,
S-004881,App,1,0,0,0,
S-004882,App,1,1,1,1,
S-004883,Web,1,1,1,1,
S-004884,Store,1,1,1,1,
S-004885,Web,1,1,0,0,changed_mind
S-004886,Web,1,1,1,1,
S-004887,App,1,1,1,1,
S-004888,App,1,1,0,0,changed_mind
S-004889,App,1,0,0,0,
S-004890,Web,1,1,1,1,
S-004891,Web,1,1,1,1,
S-004892,App,1,1,1,1,
S-004893,Web,1,0,0,0,
S-004894,App,1,1,0,0,stock_out
S-004895,App,1,0,0,0,
S-004896,App,1,1,0,0,payment_fail
S-004897,App,1,1,1,1,
S-004898,Web,1,1,0,0,payment_fail
S-004899,App,1,1,0,0,stock_out
S-004900,App,1,1,1,1,
S-004901,Web,1,1,1,1,
S-004902,Web,1,0,0,0,
S-004903,Web,1,0,0,0,
S-004904,App,1,1,1,1,
S-004905,Web,1,1,1,1,
S-004906,Web,1,1,1,1,
S-004907,App,1,1,0,0,stock_out
S-004908,App,1,1,0,0,checkout_friction
S-004909,App,1,1,1,1,
S-004910,Web,1,0,0,0,
S-004911,Web,1,1,1,1,
S-004912,Web,1,0,0,0,
S-004913,Store,1,1,0,0,checkout_friction
S-004914,Web,1,1,0,0,checkout_friction
S-004915,Web,1,1,0,0,shipping_cost
S-004916,Store,1,1,1,1,
S-004917,Web,1,1,0,0,shipping_cost
S-004918,App,1,1,1,1,
S-004919,Web,1,1,0,0,payment_fail
S-004920,Web,1,1,1,1,
S-004921,App,1,1,0,0,changed_mind
S-004922,Web,1,1,1,1,
S-004923,Web,1,1,1,1,
S-004924,App,1,1,1,1,
S-004925,Web,1,1,0,0,checkout_friction
S-004926,Store,1,1,0,0,shipping_cost
S-004927,Web,1,0,0,0,
S-004928,Web,1,0,0,0,
S-004929,Store,1,1,1,1,
S-004930,App,1,1,0,0,changed_mind
S-004931,App,1,1,0,0,shipping_cost
S-004932,Web,1,1,1,1,
S-004933,App,1,1,1,1,
S-004934,Web,1,1,0,0,payment_fail
S-004935,Web,1,1,1,1,
S-004936,Web,1,1,0,0,payment_fail
S-004937,App,1,1,0,0,payment_fail
S-004938,Web,1,1,0,0,checkout_friction
S-004939,App,1,1,1,1,
S-004940,Store,1,1,0,0,shipping_cost
S-004941,App,1,0,0,0,
S-004942,Store,1,0,0,0,
S-004943,Web,1,1,1,1,
S-004944,Web,1,1,1,1,
S-004945,Store,1,1,0,0,stock_out
S-004946,App,1,1,1,1,
S-004947,Web,1,0,0,0,
S-004948,Store,1,1,0,0,changed_mind
S-004949,Store,1,0,0,0,
S-004950,Web,1,1,1,1,
S-004951,Web,1,1,1,1,
S-004952,Web,1,1,0,0,payment_fail
S-004953,App,1,1,1,1,
S-004954,Web,1,1,0,0,payment_fail
S-004955,Web,1,1,0,0,stock_out
S-004956,Web,1,1,0,0,payment_fail
S-004957,App,1,1,1,1,
S-004958,App,1,1,1,1,
S-004959,Web,1,1,0,0,checkout_friction
S-004960,Web,1,1,0,0,payment_fail
S-004961,App,1,1,1,1,
S-004962,Web,1,0,0,0,
S-004963,Web,1,1,1,1,
S-004964,Web,1,0,0,0,
S-004965,Web,1,1,1,1,
S-004966,Web,1,0,0,0,
S-004967,App,1,1,0,0,changed_mind
S-004968,Web,1,1,1,1,
S-004969,Web,1,0,0,0,
S-004970,Web,1,0,0,0,
S-004971,Web,1,1,1,1,
S-004972,Web,1,1,1,1,
S-004973,Web,1,0,0,0,
S-004974,Web,1,1,0,0,stock_out
S-004975,Web,1,0,0,0,
S-004976,App,1,0,0,0,
S-004977,Web,1,0,0,0,
S-004978,Web,1,1,0,0,payment_fail
S-004979,Web,1,1,1,1,
S-004980,Web,1,1,0,0,payment_fail
S-004981,App,1,1,0,0,checkout_friction
S-004982,App,1,1,1,1,
S-004983,Web,1,1,0,0,payment_fail
S-004984,Web,1,1,1,1,
S-004985,Store,1,0,0,0,
S-004986,Web,1,1,1,1,
S-004987,Web,1,1,1,1,
S-004988,Web,1,0,0,0,
S-004989,Web,1,1,1,1,
S-004990,App,1,0,0,0,
S-004991,App,1,1,0,0,shipping_cost
S-004992,App,1,1,0,0,shipping_cost
S-004993,Web,1,1,0,0,payment_fail
S-004994,App,1,1,1,1,
S-004995,Store,1,1,0,0,stock_out
S-004996,Web,1,1,1,1,
S-004997,Web,1,1,1,1,
S-004998,Store,1,1,1,1,
S-004999,Web,1,0,0,0,
S-005000,Web,1,1,1,1,
S-005001,App,1,1,0,0,stock_out
S-005002,App,1,1,1,1,
S-005003,Web,1,1,1,1,
S-005004,Web,1,1,0,0,shipping_cost
S-005005,Web,1,1,1,1,
S-005006,Web,1,1,1,1,
S-005007,Web,1,0,0,0,
S-005008,App,1,0,0,0,
S-005009,Web,1,0,0,0,
S-005010,App,1,1,0,0,stock_out
S-005011,Web,1,1,1,1,
S-005012,App,1,1,1,1,
S-005013,Web,1,1,1,1,
S-005014,App,1,1,0,0,payment_fail
S-005015,Store,1,1,0,0,payment_fail
S-005016,App,1,0,0,0,
S-005017,Store,1,0,0,0,
S-005018,Web,1,1,1,1,
S-005019,App,1,1,1,1,
S-005020,App,1,1,0,0,changed_mind
S-005021,Web,1,1,1,1,
S-005022,App,1,1,0,0,checkout_friction
S-005023,Web,1,0,0,0,
S-005024,App,1,1,0,0,payment_fail
S-005025,Web,1,1,0,0,payment_fail
S-005026,Web,1,1,1,1,
S-005027,Web,1,1,1,1,
S-005028,Web,1,1,0,0,changed_mind
S-005029,Web,1,0,0,0,
S-005030,Web,1,1,0,0,stock_out
S-005031,Web,1,1,0,0,payment_fail
S-005032,Web,1,1,0,0,shipping_cost
S-005033,Web,1,0,0,0,
S-005034,Web,1,1,0,0,stock_out
S-005035,App,1,1,0,0,shipping_cost
S-005036,Web,1,1,0,0,payment_fail
S-005037,Web,1,1,1,1,
S-005038,Web,1,1,1,1,
S-005039,Web,1,1,1,1,
S-005040,App,1,1,0,0,payment_fail
S-005041,Web,1,0,0,0,
S-005042,Web,1,1,1,1,
S-005043,App,1,1,0,0,shipping_cost
S-005044,App,1,0,0,0,
S-005045,Web,1,0,0,0,
S-005046,Web,1,0,0,0,
S-005047,App,1,1,1,1,
S-005048,App,1,0,0,0,
S-005049,Web,1,1,0,0,shipping_cost
S-005050,Web,1,1,1,1,
S-005051,Web,1,1,1,1,
S-005052,Store,1,1,0,0,checkout_friction
S-005053,App,1,0,0,0,
S-005054,App,1,1,0,0,changed_mind
S-005055,App,1,1,1,1,
S-005056,App,1,1,0,0,changed_mind
S-005057,Store,1,1,0,0,checkout_friction
S-005058,Web,1,1,0,0,shipping_cost
S-005059,App,1,1,1,1,
S-005060,App,1,0,0,0,
S-005061,Web,1,1,1,1,
S-005062,App,1,1,1,1,
S-005063,Web,1,1,0,0,shipping_cost
S-005064,Web,1,1,1,1,
S-005065,App,1,1,0,0,checkout_friction
S-005066,Web,1,1,0,0,payment_fail
S-005067,App,1,1,0,0,stock_out
S-005068,Web,1,1,0,0,stock_out
S-005069,App,1,1,0,0,payment_fail
S-005070,App,1,1,1,1,
S-005071,App,1,1,1,1,
S-005072,Web,1,1,1,1,
S-005073,Store,1,1,1,1,
S-005074,App,1,0,0,0,
S-005075,Store,1,1,1,1,
S-005076,App,1,1,1,1,
S-005077,App,1,0,0,0,
S-005078,App,1,1,0,0,shipping_cost
S-005079,App,1,1,0,0,payment_fail
S-005080,Web,1,1,1,1,
S-005081,Web,1,1,1,1,
S-005082,Web,1,1,1,1,
S-005083,Web,1,1,1,1,
S-005084,Web,1,1,0,0,payment_fail
S-005085,App,1,1,1,1,
S-005086,App,1,1,0,0,shipping_cost
S-005087,Web,1,1,0,0,shipping_cost
S-005088,Web,1,1,1,1,
S-005089,Store,1,0,0,0,
S-005090,Store,1,1,0,0,stock_out
S-005091,Web,1,1,1,1,
S-005092,Web,1,0,0,0,
S-005093,Store,1,0,0,0,
S-005094,App,1,0,0,0,
S-005095,Web,1,1,1,1,
S-005096,App,1,0,0,0,
S-005097,App,1,1,1,1,
S-005098,App,1,1,1,1,
S-005099,Web,1,1,0,0,checkout_friction
S-005100,App,1,1,0,0,stock_out
S-005101,Store,1,1,1,1,
S-005102,App,1,0,0,0,
S-005103,Web,1,1,1,1,
S-005104,App,1,1,1,1,
S-005105,Web,1,0,0,0,
S-005106,App,1,1,0,0,payment_fail
S-005107,Web,1,1,0,0,payment_fail
S-005108,Store,1,1,1,1,
S-005109,Web,1,1,0,0,payment_fail
S-005110,Web,1,0,0,0,
S-005111,App,1,0,0,0,
S-005112,Web,1,1,0,0,payment_fail
S-005113,Web,1,1,0,0,checkout_friction
S-005114,Web,1,1,0,0,shipping_cost
S-005115,Web,1,0,0,0,
S-005116,Web,1,0,0,0,
S-005117,Web,1,0,0,0,
S-005118,Web,1,0,0,0,
S-005119,Web,1,1,0,0,payment_fail
S-005120,Web,1,1,1,1,
S-005121,App,1,1,1,1,
S-005122,App,1,0,0,0,
S-005123,App,1,1,0,0,stock_out
S-005124,App,1,1,1,1,
S-005125,Web,1,1,0,0,shipping_cost
S-005126,Web,1,1,1,1,
S-005127,App,1,1,1,1,
S-005128,Store,1,1,0,0,payment_fail
S-005129,App,1,1,0,0,payment_fail
S-005130,Web,1,0,0,0,
S-005131,Web,1,1,1,1,
S-005132,Web,1,1,1,1,
S-005133,App,1,0,0,0,
S-005134,Web,1,1,1,1,
S-005135,Web,1,1,1,1,
S-005136,Web,1,0,0,0,
S-005137,App,1,1,1,1,
S-005138,App,1,1,0,0,changed_mind
S-005139,Web,1,0,0,0,
S-005140,Web,1,1,0,0,stock_out
S-005141,Store,1,1,1,1,
S-005142,Web,1,1,0,0,payment_fail
S-005143,Web,1,1,0,0,checkout_friction
S-005144,Store,1,1,0,0,checkout_friction
S-005145,App,1,1,0,0,stock_out
S-005146,App,1,1,1,1,
S-005147,Web,1,1,1,1,
S-005148,Web,1,1,1,1,
S-005149,Web,1,1,1,1,
S-005150,App,1,1,1,1,
S-005151,Web,1,1,1,1,
S-005152,Web,1,0,0,0,
S-005153,Web,1,0,0,0,
S-005154,App,1,1,1,1,
S-005155,App,1,1,0,0,payment_fail
S-005156,Store,1,0,0,0,
S-005157,Web,1,1,0,0,payment_fail
S-005158,Web,1,1,1,1,
S-005159,Web,1,1,1,1,
S-005160,Web,1,1,0,0,checkout_friction
S-005161,App,1,1,1,1,
S-005162,App,1,1,1,1,
S-005163,App,1,0,0,0,
S-005164,Web,1,1,0,0,shipping_cost
S-005165,App,1,1,1,1,
S-005166,Web,1,1,1,1,
S-005167,App,1,0,0,0,
S-005168,Web,1,1,0,0,changed_mind
S-005169,App,1,1,1,1,
S-005170,App,1,1,0,0,stock_out
S-005171,Store,1,1,0,0,payment_fail
S-005172,App,1,1,1,1,
S-005173,Web,1,1,1,1,
S-005174,Web,1,1,0,0,stock_out
S-005175,App,1,1,0,0,checkout_friction
S-005176,Web,1,1,0,0,stock_out
S-005177,Web,1,0,0,0,
S-005178,Web,1,1,0,0,shipping_cost
S-005179,Web,1,1,0,0,checkout_friction
S-005180,Web,1,1,0,0,changed_mind
S-005181,Web,1,0,0,0,
S-005182,App,1,0,0,0,
S-005183,Web,1,1,1,1,
S-005184,Web,1,1,0,0,stock_out
S-005185,App,1,1,1,1,
S-005186,Store,1,0,0,0,
S-005187,Web,1,0,0,0,
S-005188,Web,1,1,0,0,stock_out
S-005189,Web,1,1,1,1,
S-005190,App,1,0,0,0,
S-005191,Web,1,1,1,1,
S-005192,App,1,0,0,0,
S-005193,App,1,0,0,0,
S-005194,Web,1,1,1,1,
S-005195,Web,1,1,0,0,stock_out
S-005196,Web,1,1,1,1,
S-005197,Web,1,1,1,1,
S-005198,Web,1,1,0,0,shipping_cost
S-005199,Web,1,0,0,0,
S-005200,App,1,1,1,1,
S-005201,Web,1,0,0,0,
S-005202,Web,1,1,1,1,
S-005203,Web,1,1,1,1,
S-005204,Web,1,1,0,0,payment_fail
S-005205,Web,1,1,1,1,
S-005206,App,1,1,1,1,
S-005207,Web,1,1,0,0,payment_fail
S-005208,Web,1,1,1,1,
S-005209,Web,1,0,0,0,
S-005210,App,1,1,0,0,changed_mind
S-005211,App,1,0,0,0,
S-005212,Web,1,0,0,0,
S-005213,Web,1,0,0,0,
S-005214,Web,1,1,1,1,
S-005215,Web,1,1,0,0,changed_mind
S-005216,App,1,0,0,0,
S-005217,Web,1,1,1,1,
S-005218,Web,1,1,0,0,changed_mind
S-005219,Web,1,1,0,0,shipping_cost
S-005220,App,1,1,1,1,
S-005221,Web,1,0,0,0,
S-005222,Web,1,0,0,0,
S-005223,App,1,1,1,1,
S-005224,App,1,0,0,0,
S-005225,Web,1,1,0,0,stock_out
S-005226,App,1,1,0,0,checkout_friction
S-005227,Web,1,0,0,0,
S-005228,Store,1,1,1,1,
S-005229,Web,1,0,0,0,
S-005230,App,1,1,0,0,payment_fail
S-005231,Web,1,0,0,0,
S-005232,Web,1,1,0,0,stock_out
S-005233,Store,1,1,1,1,
S-005234,Web,1,0,0,0,
S-005235,App,1,1,1,1,
S-005236,Web,1,0,0,0,
S-005237,App,1,1,1,1,
S-005238,Web,1,1,0,0,changed_mind
S-005239,App,1,1,0,0,changed_mind
S-005240,Web,1,0,0,0,
S-005241,App,1,1,1,1,
S-005242,App,1,1,1,1,
S-005243,Web,1,1,0,0,payment_fail
S-005244,App,1,1,0,0,stock_out
S-005245,Web,1,1,1,1,
S-005246,Web,1,0,0,0,
S-005247,Web,1,1,0,0,checkout_friction
S-005248,Web,1,1,1,1,
S-005249,Web,1,1,0,0,stock_out
S-005250,Web,1,1,1,1,
S-005251,Web,1,0,0,0,
S-005252,Web,1,0,0,0,
S-005253,Web,1,1,1,1,
S-005254,App,1,1,1,1,
S-005255,App,1,0,0,0,
S-005256,App,1,1,0,0,checkout_friction
S-005257,Web,1,1,1,1,
S-005258,Web,1,1,0,0,checkout_friction
S-005259,App,1,1,0,0,shipping_cost
S-005260,App,1,1,1,1,
S-005261,App,1,0,0,0,
S-005262,App,1,1,1,1,
S-005263,App,1,1,0,0,changed_mind
S-005264,Store,1,1,1,1,
S-005265,Web,1,1,0,0,shipping_cost
S-005266,Web,1,1,1,1,
S-005267,App,1,1,0,0,checkout_friction
S-005268,Web,1,0,0,0,
S-005269,App,1,0,0,0,
S-005270,App,1,1,0,0,payment_fail
S-005271,Store,1,1,1,1,
S-005272,Web,1,1,0,0,shipping_cost
S-005273,App,1,1,0,0,checkout_friction
S-005274,Store,1,1,0,0,shipping_cost
S-005275,App,1,1,0,0,stock_out
S-005276,App,1,1,1,1,
S-005277,App,1,1,1,1,
S-005278,Web,1,0,0,0,
S-005279,Web,1,1,1,1,
S-005280,Web,1,1,0,0,shipping_cost
S-005281,Web,1,1,0,0,checkout_friction
S-005282,App,1,1,0,0,checkout_friction
S-005283,Web,1,0,0,0,
S-005284,Store,1,1,1,1,
S-005285,Store,1,1,0,0,shipping_cost
S-005286,App,1,1,1,1,
S-005287,Web,1,0,0,0,
S-005288,App,1,1,0,0,stock_out
S-005289,Web,1,1,0,0,shipping_cost
S-005290,Web,1,0,0,0,
S-005291,App,1,1,1,1,
S-005292,Web,1,1,1,1,
S-005293,Web,1,1,0,0,changed_mind
S-005294,Web,1,1,1,1,
S-005295,Web,1,1,0,0,changed_mind
S-005296,Web,1,1,1,1,
S-005297,Web,1,0,0,0,
S-005298,Web,1,1,0,0,stock_out
S-005299,Web,1,0,0,0,
S-005300,App,1,1,1,1,
S-005301,App,1,1,0,0,payment_fail
S-005302,Web,1,1,0,0,payment_fail
S-005303,Web,1,1,1,1,
S-005304,Web,1,1,1,1,
S-005305,Web,1,1,1,1,
S-005306,App,1,0,0,0,
S-005307,Web,1,1,0,0,stock_out
S-005308,App,1,1,1,1,
S-005309,Web,1,1,0,0,changed_mind
S-005310,App,1,1,0,0,shipping_cost
S-005311,Web,1,1,1,1,
S-005312,App,1,1,1,1,
S-005313,Web,1,1,1,1,
S-005314,App,1,1,0,0,payment_fail
S-005315,App,1,1,0,0,shipping_cost
S-005316,App,1,1,1,1,
S-005317,Store,1,0,0,0,
S-005318,App,1,1,1,1,
S-005319,App,1,0,0,0,
S-005320,Web,1,1,1,1,
S-005321,Store,1,1,0,0,checkout_friction
S-005322,Store,1,1,0,0,payment_fail
S-005323,App,1,0,0,0,
S-005324,Web,1,0,0,0,
S-005325,Web,1,1,0,0,shipping_cost
S-005326,App,1,0,0,0,
S-005327,Web,1,0,0,0,
S-005328,Web,1,1,1,1,
S-005329,Web,1,1,1,1,
S-005330,Store,1,0,0,0,
S-005331,Web,1,1,1,1,
S-005332,Web,1,1,1,1,
S-005333,Web,1,1,1,1,
S-005334,Web,1,1,1,1,
S-005335,Web,1,1,1,1,
S-005336,App,1,1,0,0,checkout_friction
S-005337,Web,1,0,0,0,
S-005338,App,1,1,1,1,
S-005339,App,1,1,0,0,payment_fail
S-005340,Web,1,1,1,1,
S-005341,Web,1,1,1,1,
S-005342,Web,1,0,0,0,
S-005343,Web,1,1,0,0,stock_out
S-005344,Web,1,1,1,1,
S-005345,Web,1,1,0,0,payment_fail
S-005346,Web,1,1,0,0,checkout_friction
S-005347,Web,1,1,1,1,
S-005348,Web,1,1,0,0,stock_out
S-005349,Web,1,0,0,0,
S-005350,Web,1,1,1,1,
S-005351,App,1,1,0,0,checkout_friction
S-005352,Web,1,1,0,0,payment_fail
S-005353,Web,1,1,1,1,
S-005354,App,1,1,1,1,
S-005355,Web,1,1,1,1,
S-005356,Web,1,1,1,1,
S-005357,Web,1,1,0,0,changed_mind
S-005358,Web,1,1,0,0,stock_out
S-005359,App,1,1,1,1,
S-005360,Web,1,1,0,0,payment_fail
S-005361,Store,1,0,0,0,
S-005362,Web,1,0,0,0,
S-005363,Web,1,1,1,1,
S-005364,App,1,1,1,1,
S-005365,App,1,1,0,0,payment_fail
S-005366,App,1,0,0,0,
S-005367,Web,1,1,1,1,
S-005368,Web,1,0,0,0,
S-005369,Web,1,0,0,0,
S-005370,Web,1,1,0,0,payment_fail
S-005371,App,1,1,0,0,checkout_friction
S-005372,App,1,1,1,1,
S-005373,App,1,1,1,1,
S-005374,Web,1,0,0,0,
S-005375,Web,1,1,0,0,stock_out
S-005376,Web,1,1,0,0,changed_mind
S-005377,Store,1,1,0,0,stock_out
S-005378,Web,1,0,0,0,
S-005379,Web,1,1,0,0,changed_mind
S-005380,Web,1,0,0,0,
S-005381,Web,1,1,1,1,
S-005382,Web,1,1,1,1,
S-005383,App,1,1,1,1,
S-005384,Web,1,1,0,0,shipping_cost
S-005385,Web,1,1,1,1,
S-005386,Web,1,0,0,0,
S-005387,App,1,1,1,1,
S-005388,Web,1,1,1,1,
S-005389,App,1,1,0,0,shipping_cost
S-005390,Web,1,0,0,0,
S-005391,Web,1,0,0,0,
S-005392,Store,1,1,0,0,changed_mind
S-005393,App,1,0,0,0,
S-005394,Web,1,1,1,1,
S-005395,Web,1,1,1,1,
S-005396,App,1,1,1,1,
S-005397,App,1,1,0,0,payment_fail
S-005398,Store,1,0,0,0,
S-005399,Web,1,1,0,0,checkout_friction
S-005400,Store,1,1,0,0,stock_out
S-005401,App,1,1,0,0,shipping_cost
S-005402,Web,1,1,1,1,
S-005403,Store,1,1,1,1,
S-005404,Store,1,1,1,1,
S-005405,App,1,1,0,0,changed_mind
S-005406,Web,1,1,0,0,payment_fail
S-005407,App,1,0,0,0,
S-005408,Web,1,1,1,1,
S-005409,Web,1,1,1,1,
S-005410,Web,1,1,1,1,
S-005411,App,1,1,1,1,
S-005412,Web,1,1,1,1,
S-005413,App,1,1,1,1,
S-005414,App,1,1,1,1,
S-005415,App,1,0,0,0,
S-005416,Web,1,1,0,0,checkout_friction
S-005417,Web,1,1,0,0,checkout_friction
S-005418,Web,1,1,1,1,
S-005419,App,1,1,1,1,
S-005420,Web,1,1,0,0,checkout_friction
S-005421,Web,1,0,0,0,
S-005422,Web,1,1,0,0,shipping_cost
S-005423,Web,1,0,0,0,
S-005424,Web,1,1,1,1,
S-005425,Web,1,0,0,0,
S-005426,App,1,1,0,0,payment_fail
S-005427,Web,1,1,0,0,payment_fail
S-005428,App,1,1,0,0,payment_fail
S-005429,Store,1,1,0,0,payment_fail
S-005430,Store,1,1,1,1,
S-005431,Web,1,1,0,0,payment_fail
S-005432,Web,1,0,0,0,
S-005433,Web,1,1,1,1,
S-005434,App,1,1,1,1,
S-005435,App,1,1,1,1,
S-005436,Web,1,1,1,1,
S-005437,Store,1,1,0,0,checkout_friction
S-005438,App,1,1,0,0,payment_fail
S-005439,Web,1,0,0,0,
S-005440,Web,1,1,1,1,
S-005441,Store,1,0,0,0,
S-005442,App,1,0,0,0,
S-005443,Web,1,1,1,1,
S-005444,Web,1,1,0,0,payment_fail
S-005445,Web,1,0,0,0,
S-005446,Web,1,0,0,0,
S-005447,Web,1,0,0,0,
S-005448,App,1,1,0,0,stock_out
S-005449,Web,1,1,1,1,
S-005450,Store,1,0,0,0,
S-005451,Web,1,0,0,0,
S-005452,Web,1,0,0,0,
S-005453,Web,1,1,1,1,
S-005454,Web,1,0,0,0,
S-005455,Web,1,1,1,1,
S-005456,Web,1,0,0,0,
S-005457,App,1,1,0,0,changed_mind
S-005458,Web,1,1,1,1,
S-005459,Web,1,0,0,0,
S-005460,App,1,1,1,1,
S-005461,App,1,1,0,0,stock_out
S-005462,Web,1,1,1,1,
S-005463,App,1,1,0,0,changed_mind
S-005464,App,1,1,0,0,checkout_friction
S-005465,Web,1,0,0,0,
S-005466,Web,1,1,0,0,changed_mind
S-005467,Web,1,1,1,1,
S-005468,App,1,1,1,1,
S-005469,Web,1,0,0,0,
S-005470,Web,1,1,1,1,
S-005471,Web,1,0,0,0,
S-005472,Web,1,1,1,1,
S-005473,Store,1,1,0,0,changed_mind
S-005474,Web,1,0,0,0,
S-005475,App,1,1,0,0,stock_out
S-005476,Web,1,1,1,1,
S-005477,Web,1,1,1,1,
S-005478,Web,1,0,0,0,
S-005479,Web,1,0,0,0,
S-005480,Web,1,1,1,1,
S-005481,Store,1,0,0,0,
S-005482,Web,1,1,1,1,
S-005483,Web,1,1,1,1,
S-005484,App,1,1,1,1,
S-005485,Web,1,1,0,0,shipping_cost
S-005486,Web,1,1,0,0,shipping_cost
S-005487,Web,1,0,0,0,
S-005488,Web,1,0,0,0,
S-005489,Web,1,1,1,1,
S-005490,App,1,1,1,1,
S-005491,Store,1,1,1,1,
S-005492,Web,1,1,1,1,
S-005493,Store,1,1,1,1,
S-005494,App,1,1,1,1,
S-005495,App,1,1,0,0,shipping_cost
S-005496,App,1,0,0,0,
S-005497,Web,1,1,1,1,
S-005498,App,1,1,0,0,payment_fail
S-005499,Web,1,1,1,1,
S-005500,Web,1,1,0,0,stock_out
S-005501,Web,1,1,0,0,payment_fail
S-005502,Web,1,1,1,1,
S-005503,Web,1,0,0,0,
S-005504,Web,1,1,1,1,
S-005505,Web,1,1,1,1,
S-005506,Web,1,1,0,0,payment_fail
S-005507,Web,1,0,0,0,
S-005508,Web,1,1,0,0,payment_fail
S-005509,App,1,1,1,1,
S-005510,Store,1,1,0,0,stock_out
S-005511,Web,1,1,0,0,shipping_cost
S-005512,App,1,1,1,1,
S-005513,App,1,1,1,1,
S-005514,App,1,0,0,0,
S-005515,App,1,1,1,1,
S-005516,Web,1,1,1,1,
S-005517,Store,1,0,0,0,
S-005518,App,1,0,0,0,
S-005519,Store,1,1,1,1,
S-005520,Web,1,1,0,0,changed_mind
S-005521,Web,1,1,1,1,
S-005522,Web,1,1,0,0,checkout_friction
S-005523,Web,1,1,1,1,
S-005524,Web,1,1,0,0,payment_fail
S-005525,Web,1,1,1,1,
S-005526,App,1,0,0,0,
S-005527,App,1,1,1,1,
S-005528,Web,1,1,0,0,stock_out
S-005529,Web,1,0,0,0,
S-005530,Web,1,0,0,0,
S-005531,Web,1,1,0,0,shipping_cost
S-005532,Web,1,1,1,1,
S-005533,Web,1,1,1,1,
S-005534,App,1,1,0,0,payment_fail
S-005535,App,1,1,0,0,changed_mind
S-005536,Web,1,1,1,1,
S-005537,Store,1,1,1,1,
S-005538,Web,1,1,0,0,checkout_friction
S-005539,App,1,0,0,0,
S-005540,App,1,1,0,0,shipping_cost
S-005541,Store,1,0,0,0,
S-005542,App,1,1,1,1,
S-005543,Web,1,0,0,0,
S-005544,App,1,0,0,0,
S-005545,Web,1,1,0,0,changed_mind
S-005546,App,1,1,1,1,
S-005547,Web,1,1,0,0,shipping_cost
S-005548,App,1,1,0,0,changed_mind
S-005549,Web,1,1,0,0,changed_mind
S-005550,App,1,1,0,0,changed_mind
S-005551,App,1,1,1,1,
S-005552,Web,1,1,1,1,
S-005553,Store,1,0,0,0,
S-005554,App,1,1,1,1,
S-005555,App,1,0,0,0,
S-005556,Web,1,0,0,0,
S-005557,Web,1,1,1,1,
S-005558,App,1,1,1,1,
S-005559,Web,1,1,0,0,changed_mind
S-005560,Web,1,1,1,1,
S-005561,Web,1,0,0,0,
S-005562,Store,1,1,0,0,payment_fail
S-005563,App,1,1,0,0,changed_mind
S-005564,Web,1,1,1,1,
S-005565,Web,1,0,0,0,
S-005566,Web,1,0,0,0,
S-005567,Web,1,1,0,0,changed_mind
S-005568,App,1,1,1,1,
S-005569,Store,1,1,1,1,
S-005570,Store,1,1,1,1,
S-005571,Web,1,1,0,0,changed_mind
S-005572,Web,1,1,0,0,payment_fail
S-005573,Web,1,1,0,0,shipping_cost
S-005574,App,1,1,1,1,
S-005575,Web,1,0,0,0,
S-005576,App,1,1,0,0,shipping_cost
S-005577,Store,1,1,0,0,payment_fail
S-005578,App,1,1,1,1,
S-005579,Web,1,1,1,1,
S-005580,Web,1,1,0,0,payment_fail
S-005581,Web,1,1,0,0,shipping_cost
S-005582,Web,1,0,0,0,
S-005583,Store,1,1,1,1,
S-005584,Web,1,1,0,0,stock_out
S-005585,Web,1,0,0,0,
S-005586,Web,1,1,0,0,payment_fail
S-005587,App,1,1,0,0,stock_out
S-005588,App,1,0,0,0,
S-005589,App,1,1,1,1,
S-005590,Web,1,1,1,1,
S-005591,Store,1,0,0,0,
S-005592,App,1,0,0,0,
S-005593,Web,1,1,0,0,changed_mind
S-005594,App,1,1,0,0,stock_out
S-005595,Web,1,1,1,1,
S-005596,Web,1,1,0,0,shipping_cost
S-005597,App,1,1,0,0,shipping_cost
S-005598,Web,1,1,0,0,changed_mind
S-005599,App,1,1,1,1,
S-005600,Store,1,1,1,1,
S-005601,App,1,1,0,0,checkout_friction
S-005602,App,1,1,1,1,
S-005603,Web,1,1,0,0,shipping_cost
S-005604,Web,1,1,1,1,
S-005605,App,1,1,1,1,
S-005606,App,1,0,0,0,
S-005607,Web,1,0,0,0,
S-005608,App,1,1,1,1,
S-005609,Web,1,0,0,0,
S-005610,Store,1,1,1,1,
S-005611,Web,1,1,0,0,changed_mind
S-005612,Web,1,1,1,1,
S-005613,Web,1,1,0,0,changed_mind
S-005614,App,1,0,0,0,
S-005615,Web,1,1,1,1,
S-005616,Web,1,1,1,1,
S-005617,Web,1,1,1,1,
S-005618,App,1,1,0,0,stock_out
S-005619,Web,1,0,0,0,
S-005620,Web,1,1,0,0,payment_fail
S-005621,App,1,1,1,1,
S-005622,Web,1,1,0,0,changed_mind
S-005623,Web,1,1,0,0,shipping_cost
S-005624,Store,1,1,0,0,checkout_friction
S-005625,App,1,1,0,0,shipping_cost
S-005626,Store,1,1,0,0,shipping_cost
S-005627,Web,1,0,0,0,
S-005628,App,1,0,0,0,
S-005629,Web,1,1,0,0,checkout_friction
S-005630,App,1,1,0,0,shipping_cost
S-005631,Web,1,0,0,0,
S-005632,Store,1,0,0,0,
S-005633,Web,1,0,0,0,
S-005634,Web,1,1,1,1,
S-005635,App,1,0,0,0,
S-005636,Store,1,1,1,1,
S-005637,App,1,0,0,0,
S-005638,Store,1,1,1,1,
S-005639,Web,1,1,1,1,
S-005640,Web,1,0,0,0,
S-005641,Web,1,0,0,0,
S-005642,App,1,1,0,0,payment_fail
S-005643,App,1,0,0,0,
S-005644,App,1,0,0,0,
S-005645,App,1,1,1,1,
S-005646,Web,1,0,0,0,
S-005647,App,1,1,1,1,
S-005648,Web,1,1,0,0,payment_fail
S-005649,Store,1,1,0,0,payment_fail
S-005650,App,1,1,1,1,
S-005651,Web,1,0,0,0,
S-005652,Web,1,1,0,0,payment_fail
S-005653,Web,1,1,0,0,shipping_cost
S-005654,Web,1,1,1,1,
S-005655,Store,1,0,0,0,
S-005656,Web,1,1,1,1,
S-005657,App,1,1,1,1,
S-005658,Web,1,1,1,1,
S-005659,Store,1,0,0,0,
S-005660,Web,1,1,1,1,
S-005661,App,1,1,0,0,stock_out
S-005662,Store,1,0,0,0,
S-005663,Web,1,1,1,1,
S-005664,Web,1,1,0,0,stock_out
S-005665,App,1,1,0,0,payment_fail
S-005666,App,1,1,0,0,changed_mind
S-005667,App,1,1,1,1,
S-005668,App,1,0,0,0,
S-005669,Web,1,0,0,0,
S-005670,Store,1,1,1,1,
S-005671,Web,1,0,0,0,
S-005672,App,1,1,0,0,payment_fail
S-005673,Store,1,1,1,1,
S-005674,App,1,1,1,1,
S-005675,Web,1,1,1,1,
S-005676,Web,1,1,1,1,
S-005677,App,1,0,0,0,
S-005678,Web,1,1,0,0,checkout_friction
S-005679,Web,1,1,1,1,
S-005680,Store,1,1,0,0,payment_fail
S-005681,App,1,1,0,0,changed_mind
S-005682,Web,1,1,1,1,
S-005683,App,1,0,0,0,
S-005684,Web,1,0,0,0,
S-005685,App,1,1,1,1,
S-005686,Web,1,0,0,0,
S-005687,App,1,1,1,1,
S-005688,Store,1,0,0,0,
S-005689,Store,1,0,0,0,
S-005690,Web,1,1,0,0,shipping_cost
S-005691,App,1,1,0,0,changed_mind
S-005692,Store,1,0,0,0,
S-005693,Web,1,1,0,0,shipping_cost
S-005694,App,1,0,0,0,
S-005695,Web,1,1,1,1,
S-005696,Web,1,1,1,1,
S-005697,Web,1,0,0,0,
S-005698,App,1,1,1,1,
S-005699,Web,1,0,0,0,
S-005700,App,1,1,1,1,
S-005701,Web,1,1,0,0,stock_out
S-005702,Web,1,0,0,0,
S-005703,App,1,1,0,0,payment_fail
S-005704,Web,1,1,0,0,checkout_friction
S-005705,Web,1,1,0,0,changed_mind
S-005706,App,1,1,1,1,
S-005707,Store,1,1,0,0,stock_out
S-005708,Web,1,1,1,1,
S-005709,App,1,1,1,1,
S-005710,App,1,1,1,1,
S-005711,Web,1,1,1,1,
S-005712,App,1,0,0,0,
S-005713,App,1,1,0,0,stock_out
S-005714,App,1,1,1,1,
S-005715,App,1,0,0,0,
S-005716,Web,1,0,0,0,
S-005717,Web,1,1,0,0,checkout_friction
S-005718,App,1,1,0,0,payment_fail
S-005719,Store,1,0,0,0,
S-005720,Web,1,1,0,0,shipping_cost
S-005721,App,1,0,0,0,
S-005722,App,1,1,0,0,payment_fail
S-005723,Web,1,1,1,1,
S-005724,App,1,0,0,0,
S-005725,App,1,1,0,0,payment_fail
S-005726,App,1,1,0,0,changed_mind
S-005727,App,1,1,1,1,
S-005728,App,1,1,0,0,checkout_friction
S-005729,App,1,0,0,0,
S-005730,Web,1,1,1,1,
S-005731,Web,1,1,1,1,
S-005732,Web,1,0,0,0,
S-005733,Web,1,1,1,1,
S-005734,App,1,0,0,0,
S-005735,Store,1,1,0,0,checkout_friction
S-005736,Web,1,0,0,0,
S-005737,Web,1,1,0,0,changed_mind
S-005738,Web,1,0,0,0,
S-005739,App,1,1,0,0,changed_mind
S-005740,Web,1,1,1,1,
S-005741,App,1,1,1,1,
S-005742,Web,1,0,0,0,
S-005743,Web,1,1,0,0,checkout_friction
S-005744,Web,1,1,1,1,
S-005745,Web,1,1,1,1,
S-005746,Web,1,1,0,0,checkout_friction
S-005747,Web,1,0,0,0,
S-005748,App,1,1,1,1,
S-005749,App,1,1,0,0,payment_fail
S-005750,Web,1,1,1,1,
S-005751,Web,1,1,1,1,
S-005752,App,1,1,1,1,
S-005753,App,1,0,0,0,
S-005754,Web,1,1,0,0,changed_mind
S-005755,Web,1,0,0,0,
S-005756,Web,1,1,0,0,stock_out
S-005757,App,1,0,0,0,
S-005758,Web,1,1,1,1,
S-005759,Web,1,1,1,1,
S-005760,App,1,1,1,1,
S-005761,App,1,1,1,1,
S-005762,Web,1,1,0,0,shipping_cost
S-005763,Web,1,1,1,1,
S-005764,App,1,0,0,0,
S-005765,Web,1,1,1,1,
S-005766,Web,1,1,1,1,
S-005767,Web,1,1,0,0,shipping_cost
S-005768,App,1,1,1,1,
S-005769,Web,1,1,0,0,checkout_friction
S-005770,Store,1,0,0,0,
S-005771,Web,1,0,0,0,
S-005772,App,1,1,1,1,
S-005773,Web,1,1,1,1,
S-005774,App,1,1,1,1,
S-005775,Store,1,1,0,0,checkout_friction
S-005776,App,1,1,0,0,checkout_friction
S-005777,Web,1,1,1,1,
S-005778,Web,1,1,1,1,
S-005779,Web,1,1,1,1,
S-005780,Web,1,1,0,0,stock_out
S-005781,App,1,0,0,0,
S-005782,Web,1,1,1,1,
S-005783,Store,1,1,0,0,payment_fail
S-005784,Web,1,1,0,0,shipping_cost
S-005785,Web,1,1,1,1,
S-005786,Web,1,1,1,1,
S-005787,App,1,0,0,0,
S-005788,Web,1,1,1,1,
S-005789,Web,1,1,1,1,
S-005790,Web,1,1,1,1,
S-005791,Web,1,1,0,0,changed_mind
S-005792,Web,1,0,0,0,
S-005793,Store,1,0,0,0,
S-005794,Web,1,1,0,0,changed_mind
S-005795,Web,1,1,0,0,changed_mind
S-005796,Store,1,1,1,1,
S-005797,App,1,1,1,1,
S-005798,App,1,0,0,0,
S-005799,Web,1,0,0,0,
S-005800,Web,1,0,0,0,
S-005801,Web,1,1,0,0,changed_mind
S-005802,App,1,1,0,0,shipping_cost
S-005803,Web,1,1,0,0,stock_out
S-005804,Web,1,1,1,1,
S-005805,Web,1,1,0,0,shipping_cost
S-005806,App,1,0,0,0,
S-005807,Web,1,1,0,0,shipping_cost
S-005808,Web,1,1,0,0,payment_fail
S-005809,Web,1,1,1,1,
S-005810,Web,1,1,0,0,payment_fail
S-005811,App,1,1,0,0,checkout_friction
S-005812,Store,1,1,1,1,
S-005813,App,1,1,0,0,shipping_cost
S-005814,App,1,1,1,1,
S-005815,App,1,1,0,0,payment_fail
S-005816,App,1,0,0,0,
S-005817,App,1,1,1,1,
S-005818,Web,1,1,1,1,
S-005819,Web,1,0,0,0,
S-005820,App,1,0,0,0,
S-005821,App,1,1,0,0,stock_out
S-005822,Web,1,0,0,0,
S-005823,Web,1,0,0,0,
S-005824,App,1,0,0,0,
S-005825,App,1,1,0,0,changed_mind
S-005826,Web,1,0,0,0,
S-005827,Web,1,0,0,0,
S-005828,App,1,1,0,0,payment_fail
S-005829,Web,1,1,1,1,
S-005830,App,1,0,0,0,
S-005831,App,1,0,0,0,
S-005832,Web,1,1,0,0,shipping_cost
S-005833,Store,1,1,0,0,payment_fail
S-005834,App,1,1,0,0,changed_mind
S-005835,Store,1,1,0,0,payment_fail
S-005836,Store,1,1,0,0,payment_fail
S-005837,Web,1,0,0,0,
S-005838,App,1,0,0,0,
S-005839,Web,1,1,1,1,
S-005840,Web,1,1,1,1,
S-005841,Web,1,1,1,1,
S-005842,Store,1,1,0,0,payment_fail
S-005843,Web,1,1,1,1,
S-005844,App,1,1,0,0,changed_mind
S-005845,App,1,1,0,0,payment_fail
S-005846,Web,1,0,0,0,
S-005847,Web,1,1,0,0,stock_out
S-005848,App,1,1,0,0,payment_fail
S-005849,App,1,1,0,0,changed_mind
S-005850,App,1,0,0,0,
S-005851,Store,1,0,0,0,
S-005852,App,1,0,0,0,
S-005853,App,1,1,1,1,
S-005854,App,1,0,0,0,
S-005855,App,1,1,0,0,shipping_cost
S-005856,App,1,1,1,1,
S-005857,Web,1,1,1,1,
S-005858,App,1,1,0,0,shipping_cost
S-005859,Web,1,1,0,0,payment_fail
S-005860,Web,1,1,0,0,stock_out
S-005861,Web,1,1,1,1,
S-005862,App,1,1,0,0,checkout_friction
S-005863,Web,1,1,1,1,
S-005864,Web,1,1,0,0,payment_fail
S-005865,App,1,1,0,0,payment_fail
S-005866,Web,1,0,0,0,
S-005867,Store,1,0,0,0,
S-005868,Web,1,1,1,1,
S-005869,App,1,1,1,1,
S-005870,Web,1,1,1,1,
S-005871,App,1,0,0,0,
S-005872,Web,1,0,0,0,
S-005873,Web,1,1,0,0,checkout_friction
S-005874,Web,1,0,0,0,
S-005875,Web,1,0,0,0,
S-005876,Web,1,0,0,0,
S-005877,Web,1,0,0,0,
S-005878,App,1,1,1,1,
S-005879,App,1,1,1,1,
S-005880,Web,1,0,0,0,
S-005881,Web,1,1,1,1,
S-005882,Web,1,1,1,1,
S-005883,Store,1,1,1,1,
S-005884,Web,1,1,0,0,changed_mind
S-005885,Web,1,0,0,0,
S-005886,App,1,0,0,0,
S-005887,App,1,1,0,0,payment_fail
S-005888,Web,1,1,0,0,payment_fail
S-005889,App,1,1,0,0,changed_mind
S-005890,App,1,0,0,0,
S-005891,App,1,0,0,0,
S-005892,Web,1,1,0,0,stock_out
S-005893,Web,1,1,0,0,changed_mind
S-005894,Web,1,1,0,0,checkout_friction
S-005895,App,1,1,0,0,shipping_cost
S-005896,App,1,1,0,0,shipping_cost
S-005897,App,1,1,1,1,
S-005898,App,1,0,0,0,
S-005899,Web,1,1,0,0,shipping_cost
S-005900,App,1,0,0,0,
S-005901,Web,1,1,1,1,
S-005902,Web,1,1,1,1,
S-005903,Web,1,1,0,0,shipping_cost
S-005904,App,1,1,0,0,payment_fail
S-005905,Web,1,0,0,0,
S-005906,Store,1,1,0,0,payment_fail
S-005907,Web,1,1,0,0,shipping_cost
S-005908,Store,1,0,0,0,
S-005909,App,1,1,1,1,
S-005910,Web,1,1,1,1,
S-005911,Web,1,0,0,0,
S-005912,Store,1,1,0,0,stock_out
S-005913,App,1,1,1,1,
S-005914,Web,1,0,0,0,
S-005915,Web,1,1,0,0,payment_fail
S-005916,Web,1,0,0,0,
S-005917,Store,1,1,0,0,shipping_cost
S-005918,Web,1,1,1,1,
S-005919,Web,1,0,0,0,
S-005920,App,1,1,0,0,changed_mind
S-005921,Web,1,1,0,0,changed_mind
S-005922,App,1,0,0,0,
S-005923,Web,1,1,0,0,stock_out
S-005924,Web,1,1,1,1,
S-005925,Web,1,1,1,1,
S-005926,Web,1,1,1,1,
S-005927,Web,1,0,0,0,
S-005928,Web,1,1,1,1,
S-005929,Web,1,1,1,1,
S-005930,Store,1,1,1,1,
S-005931,App,1,0,0,0,
S-005932,Web,1,1,1,1,
S-005933,App,1,1,1,1,
S-005934,Web,1,0,0,0,
S-005935,Web,1,1,1,1,
S-005936,Web,1,0,0,0,
S-005937,App,1,1,1,1,
S-005938,Web,1,0,0,0,
S-005939,Web,1,1,0,0,stock_out
S-005940,Web,1,1,1,1,
S-005941,App,1,0,0,0,
S-005942,App,1,1,1,1,
S-005943,Web,1,1,0,0,stock_out
S-005944,App,1,1,0,0,payment_fail
S-005945,App,1,1,1,1,
S-005946,Web,1,0,0,0,
S-005947,Web,1,1,0,0,shipping_cost
S-005948,Web,1,1,1,1,
S-005949,Web,1,1,0,0,changed_mind
S-005950,App,1,1,0,0,payment_fail
S-005951,Web,1,1,1,1,
S-005952,Web,1,0,0,0,
S-005953,Store,1,1,0,0,payment_fail
S-005954,App,1,0,0,0,
S-005955,Web,1,0,0,0,
S-005956,Web,1,0,0,0,
S-005957,Store,1,0,0,0,
S-005958,Web,1,1,0,0,payment_fail
S-005959,App,1,1,0,0,shipping_cost
S-005960,Web,1,1,1,1,
S-005961,Web,1,1,1,1,
S-005962,Store,1,0,0,0,
S-005963,Web,1,1,1,1,
S-005964,Web,1,0,0,0,
S-005965,Web,1,1,1,1,
S-005966,App,1,0,0,0,
S-005967,Web,1,0,0,0,
S-005968,Web,1,1,1,1,
S-005969,App,1,0,0,0,
S-005970,Web,1,0,0,0,
S-005971,Web,1,1,1,1,
S-005972,App,1,1,0,0,shipping_cost
S-005973,App,1,1,0,0,payment_fail
S-005974,Web,1,1,0,0,stock_out
S-005975,App,1,1,1,1,
S-005976,App,1,1,1,1,
S-005977,Web,1,1,0,0,checkout_friction
S-005978,App,1,1,1,1,
S-005979,Web,1,0,0,0,
S-005980,App,1,0,0,0,
S-005981,App,1,1,0,0,payment_fail
S-005982,App,1,1,1,1,
S-005983,Web,1,1,0,0,checkout_friction
S-005984,App,1,0,0,0,
S-005985,App,1,0,0,0,
S-005986,Web,1,1,1,1,
S-005987,App,1,0,0,0,
S-005988,App,1,0,0,0,
S-005989,Web,1,1,1,1,
S-005990,App,1,0,0,0,
S-005991,Web,1,1,0,0,payment_fail
S-005992,App,1,1,1,1,
S-005993,Web,1,1,0,0,checkout_friction
S-005994,Web,1,0,0,0,
S-005995,Web,1,0,0,0,
S-005996,App,1,0,0,0,
S-005997,App,1,1,1,1,
S-005998,Web,1,1,1,1,
S-005999,App,1,1,0,0,checkout_friction
S-006000,Web,1,1,1,1,
S-006001,App,1,1,1,1,
S-006002,Web,1,1,1,1,
S-006003,App,1,0,0,0,
S-006004,Web,1,1,1,1,
S-006005,Web,1,1,1,1,
S-006006,Web,1,0,0,0,
S-006007,Web,1,1,0,0,payment_fail
S-006008,App,1,1,0,0,stock_out
S-006009,App,1,0,0,0,
S-006010,Store,1,1,1,1,
S-006011,App,1,0,0,0,
S-006012,Web,1,1,0,0,checkout_friction
S-006013,Web,1,1,1,1,
S-006014,App,1,1,1,1,
S-006015,Web,1,1,1,1,
S-006016,Web,1,0,0,0,
S-006017,Store,1,0,0,0,
S-006018,App,1,1,0,0,checkout_friction
S-006019,Web,1,1,1,1,
S-006020,Web,1,0,0,0,
S-006021,Store,1,1,1,1,
S-006022,Web,1,1,0,0,checkout_friction
S-006023,App,1,1,0,0,changed_mind
S-006024,App,1,1,1,1,
S-006025,Web,1,1,0,0,payment_fail
S-006026,Web,1,1,1,1,
S-006027,Web,1,1,1,1,
S-006028,App,1,1,1,1,
S-006029,App,1,1,1,1,
S-006030,Web,1,1,1,1,
S-006031,Web,1,1,1,1,
S-006032,Store,1,1,1,1,
S-006033,App,1,1,1,1,
S-006034,Web,1,1,1,1,
S-006035,App,1,1,1,1,
S-006036,App,1,1,1,1,
S-006037,App,1,1,0,0,stock_out
S-006038,App,1,1,1,1,
S-006039,App,1,1,1,1,
S-006040,Web,1,1,0,0,changed_mind
S-006041,Store,1,1,1,1,
S-006042,Web,1,1,0,0,changed_mind
S-006043,App,1,1,0,0,shipping_cost
S-006044,App,1,1,1,1,
S-006045,Web,1,0,0,0,
S-006046,Web,1,1,1,1,
S-006047,Web,1,0,0,0,
S-006048,App,1,0,0,0,
S-006049,Web,1,1,1,1,
S-006050,Web,1,0,0,0,
S-006051,Web,1,1,1,1,
S-006052,App,1,1,0,0,changed_mind
S-006053,App,1,1,0,0,payment_fail
S-006054,Web,1,1,0,0,stock_out
S-006055,Web,1,0,0,0,
S-006056,Web,1,1,0,0,payment_fail
S-006057,Web,1,1,0,0,stock_out
S-006058,App,1,0,0,0,
S-006059,App,1,1,1,1,
S-006060,Web,1,1,0,0,stock_out
S-006061,Web,1,1,1,1,
S-006062,Web,1,0,0,0,
S-006063,Web,1,1,1,1,
S-006064,App,1,1,1,1,
S-006065,App,1,1,1,1,
S-006066,App,1,1,1,1,
S-006067,App,1,1,1,1,
S-006068,Web,1,1,1,1,
S-006069,Web,1,1,0,0,shipping_cost
S-006070,Web,1,1,1,1,
S-006071,Web,1,1,0,0,changed_mind
S-006072,Web,1,1,0,0,shipping_cost
S-006073,App,1,1,0,0,checkout_friction
S-006074,Web,1,1,0,0,stock_out
S-006075,Web,1,0,0,0,
S-006076,Web,1,1,1,1,
S-006077,App,1,0,0,0,
S-006078,Web,1,1,0,0,shipping_cost
S-006079,App,1,0,0,0,
S-006080,App,1,1,1,1,
S-006081,App,1,1,1,1,
S-006082,Web,1,1,0,0,payment_fail
S-006083,Web,1,0,0,0,
S-006084,Web,1,1,1,1,
S-006085,Web,1,0,0,0,
S-006086,Web,1,1,0,0,payment_fail
S-006087,Web,1,1,0,0,shipping_cost
S-006088,App,1,1,1,1,
S-006089,App,1,0,0,0,
S-006090,Store,1,0,0,0,
S-006091,App,1,1,1,1,
S-006092,Web,1,1,0,0,checkout_friction
S-006093,Web,1,0,0,0,
S-006094,Web,1,1,0,0,stock_out
S-006095,Web,1,0,0,0,
S-006096,Store,1,1,1,1,
S-006097,Web,1,1,0,0,payment_fail
S-006098,Web,1,1,1,1,
S-006099,App,1,0,0,0,
S-006100,Web,1,1,0,0,checkout_friction
S-006101,App,1,1,0,0,shipping_cost
S-006102,App,1,1,0,0,checkout_friction
S-006103,Web,1,1,1,1,
S-006104,Web,1,1,0,0,payment_fail
S-006105,Store,1,1,0,0,changed_mind
S-006106,Store,1,1,0,0,checkout_friction
S-006107,Web,1,1,0,0,payment_fail
S-006108,Store,1,1,0,0,changed_mind
S-006109,Web,1,0,0,0,
S-006110,App,1,1,1,1,
S-006111,Web,1,1,1,1,
S-006112,App,1,0,0,0,
S-006113,Web,1,1,1,1,
S-006114,App,1,1,0,0,checkout_friction
S-006115,App,1,1,1,1,
S-006116,Web,1,1,1,1,
S-006117,Web,1,0,0,0,
S-006118,Store,1,1,1,1,
S-006119,Web,1,1,0,0,payment_fail
S-006120,Web,1,1,1,1,
S-006121,Store,1,0,0,0,
S-006122,Store,1,1,0,0,payment_fail
S-006123,App,1,1,0,0,changed_mind
S-006124,App,1,1,0,0,shipping_cost
S-006125,App,1,1,1,1,
S-006126,Web,1,0,0,0,
S-006127,App,1,1,0,0,payment_fail
S-006128,Web,1,1,0,0,shipping_cost
S-006129,Store,1,1,0,0,stock_out
S-006130,Store,1,1,1,1,
S-006131,App,1,1,1,1,
S-006132,Web,1,0,0,0,
S-006133,Web,1,1,1,1,
S-006134,Web,1,1,1,1,
S-006135,App,1,1,1,1,
S-006136,Store,1,1,1,1,
S-006137,Web,1,1,0,0,shipping_cost
S-006138,Web,1,1,0,0,shipping_cost
S-006139,App,1,1,1,1,
S-006140,Web,1,0,0,0,
S-006141,App,1,1,0,0,stock_out
S-006142,App,1,0,0,0,
S-006143,App,1,1,0,0,changed_mind
S-006144,App,1,1,0,0,stock_out
S-006145,Web,1,1,1,1,
S-006146,Web,1,0,0,0,
S-006147,App,1,1,1,1,
S-006148,Web,1,0,0,0,
S-006149,Web,1,1,1,1,
S-006150,Web,1,1,1,1,
S-006151,Web,1,1,0,0,shipping_cost
S-006152,App,1,1,0,0,checkout_friction
S-006153,App,1,1,0,0,changed_mind
S-006154,Web,1,1,0,0,payment_fail
S-006155,Web,1,1,0,0,checkout_friction
S-006156,App,1,0,0,0,
S-006157,Web,1,1,0,0,shipping_cost
S-006158,Web,1,1,1,1,
S-006159,App,1,1,1,1,
S-006160,App,1,1,1,1,
S-006161,Web,1,0,0,0,
S-006162,Web,1,1,0,0,payment_fail
S-006163,App,1,1,0,0,payment_fail
S-006164,App,1,0,0,0,
S-006165,App,1,1,1,1,
S-006166,Web,1,1,1,1,
S-006167,Store,1,1,1,1,
S-006168,App,1,0,0,0,
S-006169,App,1,0,0,0,
S-006170,App,1,1,1,1,
S-006171,Web,1,1,1,1,
S-006172,App,1,1,1,1,
S-006173,Web,1,1,1,1,
S-006174,App,1,1,0,0,changed_mind
S-006175,App,1,1,1,1,
S-006176,Store,1,0,0,0,
S-006177,App,1,1,1,1,
S-006178,Web,1,1,1,1,
S-006179,App,1,1,1,1,
S-006180,Web,1,1,1,1,
S-006181,Web,1,0,0,0,
S-006182,Web,1,1,0,0,payment_fail
S-006183,Web,1,0,0,0,
S-006184,Web,1,0,0,0,
S-006185,Store,1,1,0,0,shipping_cost
S-006186,Web,1,1,1,1,
S-006187,Web,1,0,0,0,
S-006188,Web,1,1,1,1,
S-006189,Web,1,0,0,0,
S-006190,Web,1,1,1,1,
S-006191,App,1,1,0,0,payment_fail
S-006192,Store,1,0,0,0,
S-006193,Web,1,0,0,0,
S-006194,Web,1,1,0,0,shipping_cost
S-006195,Web,1,1,1,1,
S-006196,Web,1,0,0,0,
S-006197,Store,1,0,0,0,
S-006198,Web,1,1,1,1,
S-006199,Web,1,1,1,1,
S-006200,Web,1,1,1,1,
S-006201,App,1,1,0,0,shipping_cost
S-006202,Web,1,1,1,1,
S-006203,Web,1,1,1,1,
S-006204,App,1,1,0,0,changed_mind
S-006205,Web,1,0,0,0,
S-006206,Web,1,1,1,1,
S-006207,Web,1,0,0,0,
S-006208,App,1,0,0,0,
S-006209,Web,1,1,0,0,payment_fail
S-006210,App,1,0,0,0,
S-006211,Web,1,1,1,1,
S-006212,App,1,0,0,0,
S-006213,Web,1,1,0,0,payment_fail
S-006214,Web,1,1,0,0,changed_mind
S-006215,Web,1,1,1,1,
S-006216,Web,1,1,0,0,shipping_cost
S-006217,App,1,1,1,1,
S-006218,App,1,1,0,0,changed_mind
S-006219,Web,1,1,1,1,
S-006220,Web,1,0,0,0,
S-006221,Web,1,1,1,1,
S-006222,Web,1,0,0,0,
S-006223,Web,1,1,1,1,
S-006224,Store,1,1,1,1,
S-006225,Store,1,1,0,0,payment_fail
S-006226,App,1,0,0,0,
S-006227,Web,1,1,0,0,payment_fail
S-006228,Web,1,1,1,1,
S-006229,Web,1,1,1,1,
S-006230,Web,1,1,1,1,
S-006231,App,1,0,0,0,
S-006232,App,1,0,0,0,
S-006233,Web,1,1,0,0,payment_fail
S-006234,Web,1,1,1,1,
S-006235,Web,1,1,1,1,
S-006236,Web,1,0,0,0,
S-006237,Web,1,0,0,0,
S-006238,Web,1,0,0,0,
S-006239,Web,1,1,1,1,
S-006240,Store,1,1,0,0,shipping_cost
S-006241,Web,1,1,0,0,shipping_cost
S-006242,Web,1,1,1,1,
S-006243,App,1,0,0,0,
S-006244,Web,1,1,1,1,
S-006245,Web,1,1,1,1,
S-006246,App,1,1,1,1,
S-006247,Web,1,0,0,0,
S-006248,Store,1,0,0,0,
S-006249,Web,1,0,0,0,
S-006250,App,1,1,0,0,stock_out
S-006251,Web,1,1,1,1,
S-006252,Web,1,0,0,0,
S-006253,Web,1,1,1,1,
S-006254,App,1,1,1,1,
S-006255,Store,1,1,1,1,
S-006256,App,1,0,0,0,
S-006257,App,1,1,0,0,shipping_cost
S-006258,Store,1,1,0,0,changed_mind
S-006259,Web,1,1,0,0,changed_mind
S-006260,App,1,1,1,1,
S-006261,Store,1,1,1,1,
S-006262,Web,1,1,1,1,
S-006263,App,1,1,0,0,payment_fail
S-006264,App,1,1,1,1,
S-006265,App,1,1,1,1,
S-006266,App,1,0,0,0,
S-006267,App,1,1,0,0,changed_mind
S-006268,App,1,1,1,1,
S-006269,App,1,0,0,0,
S-006270,App,1,0,0,0,
S-006271,Web,1,0,0,0,
S-006272,Web,1,1,1,1,
S-006273,Web,1,1,1,1,
S-006274,App,1,1,1,1,
S-006275,Store,1,0,0,0,
S-006276,Web,1,0,0,0,
S-006277,Web,1,1,0,0,shipping_cost
S-006278,App,1,1,0,0,shipping_cost
S-006279,Web,1,0,0,0,
S-006280,App,1,0,0,0,
S-006281,App,1,1,0,0,payment_fail
S-006282,Web,1,0,0,0,
S-006283,App,1,1,0,0,stock_out
S-006284,Web,1,1,1,1,
S-006285,Web,1,1,1,1,
S-006286,Web,1,1,0,0,checkout_friction
S-006287,Store,1,1,1,1,
S-006288,App,1,1,1,1,
S-006289,Web,1,1,1,1,
S-006290,Web,1,1,0,0,payment_fail
S-006291,Web,1,1,1,1,
S-006292,Web,1,1,0,0,changed_mind
S-006293,Web,1,1,0,0,stock_out
S-006294,Web,1,1,1,1,
S-006295,Web,1,1,0,0,shipping_cost
S-006296,Web,1,0,0,0,
S-006297,Web,1,0,0,0,
S-006298,App,1,1,0,0,stock_out
S-006299,Web,1,0,0,0,
S-006300,Web,1,1,1,1,
S-006301,Store,1,0,0,0,
S-006302,App,1,1,0,0,changed_mind
S-006303,Web,1,0,0,0,
S-006304,Web,1,1,0,0,checkout_friction
S-006305,App,1,1,1,1,
S-006306,Web,1,0,0,0,
S-006307,Web,1,1,0,0,checkout_friction
S-006308,Web,1,1,0,0,payment_fail
S-006309,App,1,1,1,1,
S-006310,Web,1,0,0,0,
S-006311,App,1,1,1,1,
S-006312,Web,1,0,0,0,
S-006313,Web,1,0,0,0,
S-006314,App,1,0,0,0,
S-006315,Web,1,1,1,1,
S-006316,Store,1,1,1,1,
S-006317,Web,1,1,0,0,shipping_cost
S-006318,App,1,0,0,0,
S-006319,App,1,0,0,0,
S-006320,Store,1,1,0,0,changed_mind
S-006321,App,1,0,0,0,
S-006322,Store,1,1,1,1,
S-006323,Store,1,0,0,0,
S-006324,Web,1,1,1,1,
S-006325,Web,1,1,1,1,
S-006326,Web,1,1,0,0,payment_fail
S-006327,Web,1,1,0,0,shipping_cost
S-006328,App,1,1,1,1,
S-006329,App,1,1,1,1,
S-006330,App,1,1,1,1,
S-006331,Web,1,1,0,0,checkout_friction
S-006332,App,1,1,1,1,
S-006333,Web,1,1,0,0,payment_fail
S-006334,Web,1,1,1,1,
S-006335,Web,1,1,1,1,
S-006336,App,1,1,0,0,shipping_cost
S-006337,App,1,0,0,0,
S-006338,Store,1,0,0,0,
S-006339,App,1,1,1,1,
S-006340,Web,1,0,0,0,
S-006341,Store,1,1,1,1,
S-006342,App,1,1,1,1,
S-006343,App,1,1,0,0,stock_out
S-006344,Store,1,1,0,0,shipping_cost
S-006345,Web,1,1,0,0,shipping_cost
S-006346,App,1,1,1,1,
S-006347,App,1,0,0,0,
S-006348,App,1,1,1,1,
S-006349,Web,1,1,1,1,
S-006350,App,1,1,0,0,checkout_friction
S-006351,App,1,1,0,0,shipping_cost
S-006352,App,1,1,0,0,payment_fail
S-006353,Web,1,0,0,0,
S-006354,Web,1,0,0,0,
S-006355,App,1,1,0,0,payment_fail
S-006356,App,1,1,1,1,
S-006357,Web,1,1,1,1,
S-006358,Web,1,1,0,0,checkout_friction
S-006359,Web,1,1,1,1,
S-006360,Web,1,1,0,0,payment_fail
S-006361,Store,1,1,0,0,changed_mind
S-006362,App,1,0,0,0,
S-006363,Web,1,0,0,0,
S-006364,App,1,1,0,0,payment_fail
S-006365,Web,1,0,0,0,
S-006366,Store,1,1,1,1,
S-006367,Web,1,1,1,1,
S-006368,Web,1,0,0,0,
S-006369,Web,1,1,1,1,
S-006370,App,1,1,1,1,
S-006371,Web,1,1,0,0,shipping_cost
S-006372,Store,1,0,0,0,
S-006373,Store,1,1,1,1,
S-006374,Web,1,1,0,0,checkout_friction
S-006375,Web,1,0,0,0,
S-006376,Store,1,0,0,0,
S-006377,Web,1,1,1,1,
S-006378,Web,1,1,1,1,
S-006379,Web,1,1,1,1,
S-006380,App,1,1,1,1,
S-006381,App,1,1,1,1,
S-006382,Web,1,0,0,0,
S-006383,Web,1,1,1,1,
S-006384,Web,1,0,0,0,
S-006385,App,1,0,0,0,
S-006386,Web,1,0,0,0,
S-006387,App,1,1,1,1,
S-006388,Store,1,1,0,0,changed_mind
S-006389,Web,1,1,0,0,checkout_friction
S-006390,Web,1,1,1,1,
S-006391,Web,1,1,1,1,
S-006392,Store,1,1,0,0,payment_fail
S-006393,App,1,0,0,0,
S-006394,Web,1,1,0,0,changed_mind
S-006395,Web,1,1,0,0,checkout_friction
S-006396,Store,1,1,0,0,shipping_cost
S-006397,Web,1,1,0,0,payment_fail
S-006398,App,1,1,1,1,
S-006399,Store,1,1,0,0,checkout_friction
S-006400,Web,1,0,0,0,
S-006401,Web,1,1,1,1,
S-006402,Web,1,0,0,0,
S-006403,Web,1,1,0,0,shipping_cost
S-006404,Store,1,1,1,1,
S-006405,App,1,1,1,1,
S-006406,Store,1,1,1,1,
S-006407,App,1,1,0,0,changed_mind
S-006408,Web,1,1,1,1,
S-006409,App,1,0,0,0,
S-006410,Web,1,1,1,1,
S-006411,Web,1,1,1,1,
S-006412,Web,1,1,0,0,checkout_friction
S-006413,Web,1,0,0,0,
S-006414,Web,1,1,1,1,
S-006415,Web,1,1,0,0,payment_fail
S-006416,App,1,1,1,1,
S-006417,App,1,1,1,1,
S-006418,Web,1,0,0,0,
S-006419,Web,1,0,0,0,
S-006420,App,1,0,0,0,
S-006421,Web,1,1,1,1,
S-006422,App,1,0,0,0,
S-006423,App,1,1,0,0,shipping_cost
S-006424,App,1,1,0,0,payment_fail
S-006425,Web,1,1,1,1,
S-006426,App,1,1,1,1,
S-006427,Web,1,0,0,0,
S-006428,Web,1,0,0,0,
S-006429,App,1,1,0,0,shipping_cost
S-006430,App,1,1,0,0,payment_fail
S-006431,App,1,1,0,0,changed_mind
S-006432,Web,1,1,0,0,payment_fail
S-006433,Web,1,1,0,0,changed_mind
S-006434,App,1,1,1,1,
S-006435,Web,1,1,0,0,payment_fail
S-006436,Web,1,0,0,0,
S-006437,App,1,1,1,1,
S-006438,Web,1,1,1,1,
S-006439,Web,1,1,1,1,
S-006440,Web,1,1,0,0,shipping_cost
S-006441,App,1,0,0,0,
S-006442,Web,1,0,0,0,
S-006443,Web,1,1,0,0,shipping_cost
S-006444,App,1,0,0,0,
S-006445,Web,1,1,1,1,
S-006446,Web,1,1,0,0,stock_out
S-006447,Web,1,1,1,1,
S-006448,Web,1,1,1,1,
S-006449,Web,1,1,0,0,shipping_cost
S-006450,App,1,0,0,0,
S-006451,Store,1,0,0,0,
S-006452,Web,1,1,1,1,
S-006453,Web,1,0,0,0,
S-006454,Web,1,1,1,1,
S-006455,Web,1,1,1,1,
S-006456,Web,1,1,1,1,
S-006457,Web,1,1,0,0,shipping_cost
S-006458,App,1,1,1,1,
S-006459,Web,1,1,1,1,
S-006460,App,1,1,1,1,
S-006461,App,1,1,0,0,checkout_friction
S-006462,Web,1,1,1,1,
S-006463,Web,1,1,0,0,changed_mind
S-006464,Web,1,1,0,0,payment_fail
S-006465,App,1,1,0,0,checkout_friction
S-006466,App,1,1,1,1,
S-006467,App,1,0,0,0,
S-006468,Web,1,0,0,0,
S-006469,Store,1,1,0,0,shipping_cost
S-006470,App,1,0,0,0,
S-006471,App,1,1,1,1,
S-006472,Web,1,1,0,0,payment_fail
S-006473,App,1,1,0,0,shipping_cost
S-006474,Web,1,1,0,0,payment_fail
S-006475,Web,1,1,1,1,
S-006476,Web,1,1,0,0,payment_fail
S-006477,Web,1,0,0,0,
S-006478,App,1,0,0,0,
S-006479,Web,1,1,1,1,
S-006480,App,1,1,0,0,stock_out
S-006481,App,1,1,1,1,
S-006482,Web,1,1,1,1,
S-006483,Web,1,1,1,1,
S-006484,Web,1,1,1,1,
S-006485,Web,1,1,1,1,
S-006486,Web,1,0,0,0,
S-006487,App,1,1,0,0,payment_fail
S-006488,Store,1,1,0,0,stock_out
S-006489,Web,1,1,1,1,
S-006490,Web,1,1,1,1,
S-006491,App,1,1,1,1,
S-006492,Web,1,0,0,0,
S-006493,Web,1,0,0,0,
S-006494,Store,1,1,1,1,
S-006495,App,1,1,1,1,
S-006496,Web,1,0,0,0,
S-006497,Web,1,0,0,0,
S-006498,Web,1,1,0,0,checkout_friction
S-006499,Web,1,1,0,0,changed_mind
S-006500,App,1,1,0,0,stock_out
S-006501,Web,1,1,1,1,
S-006502,App,1,1,0,0,stock_out
S-006503,App,1,1,0,0,checkout_friction
S-006504,App,1,1,1,1,
S-006505,Web,1,0,0,0,
S-006506,Web,1,1,0,0,shipping_cost
S-006507,Web,1,1,0,0,payment_fail
S-006508,App,1,1,1,1,
S-006509,Web,1,1,1,1,
S-006510,Web,1,1,1,1,
S-006511,Web,1,1,0,0,changed_mind
S-006512,Web,1,0,0,0,
S-006513,Web,1,1,0,0,changed_mind
S-006514,Web,1,1,0,0,payment_fail
S-006515,App,1,0,0,0,
S-006516,App,1,1,0,0,changed_mind
S-006517,App,1,0,0,0,
S-006518,Web,1,0,0,0,
S-006519,App,1,1,0,0,payment_fail
S-006520,App,1,0,0,0,
S-006521,App,1,1,0,0,checkout_friction
S-006522,App,1,0,0,0,
S-006523,Store,1,1,0,0,payment_fail
S-006524,Store,1,0,0,0,
S-006525,App,1,1,1,1,
S-006526,Web,1,0,0,0,
S-006527,App,1,0,0,0,
S-006528,Web,1,0,0,0,
S-006529,App,1,0,0,0,
S-006530,App,1,1,0,0,payment_fail
S-006531,Web,1,1,1,1,
S-006532,App,1,1,0,0,payment_fail
S-006533,Web,1,1,0,0,payment_fail
S-006534,App,1,0,0,0,
S-006535,Web,1,0,0,0,
S-006536,Web,1,1,0,0,payment_fail
S-006537,Web,1,1,1,1,
S-006538,App,1,1,1,1,
S-006539,Web,1,1,1,1,
S-006540,Web,1,1,0,0,payment_fail
S-006541,App,1,1,1,1,
S-006542,App,1,0,0,0,
S-006543,Web,1,1,0,0,payment_fail
S-006544,App,1,0,0,0,
S-006545,App,1,1,1,1,
S-006546,Store,1,1,1,1,
S-006547,Web,1,1,1,1,
S-006548,App,1,1,1,1,
S-006549,App,1,1,1,1,
S-006550,Web,1,0,0,0,
S-006551,App,1,1,0,0,payment_fail
S-006552,App,1,1,1,1,
S-006553,Store,1,0,0,0,
S-006554,Web,1,0,0,0,
S-006555,App,1,1,0,0,shipping_cost
S-006556,Web,1,1,0,0,shipping_cost
S-006557,Web,1,0,0,0,
S-006558,App,1,0,0,0,
S-006559,Web,1,0,0,0,
S-006560,Web,1,1,1,1,
S-006561,Web,1,0,0,0,
S-006562,Store,1,0,0,0,
S-006563,Web,1,1,0,0,shipping_cost
S-006564,Store,1,1,1,1,
S-006565,Web,1,0,0,0,
S-006566,Web,1,1,1,1,
S-006567,Web,1,1,1,1,
S-006568,Web,1,1,0,0,shipping_cost
S-006569,Web,1,0,0,0,
S-006570,App,1,0,0,0,
S-006571,Web,1,1,0,0,payment_fail
S-006572,App,1,1,0,0,payment_fail
S-006573,Web,1,1,0,0,payment_fail
S-006574,Web,1,0,0,0,
S-006575,App,1,1,1,1,
S-006576,App,1,1,1,1,
S-006577,App,1,0,0,0,
S-006578,Store,1,0,0,0,
S-006579,Web,1,1,0,0,stock_out
S-006580,Web,1,1,0,0,checkout_friction
S-006581,Store,1,1,0,0,checkout_friction
S-006582,Web,1,0,0,0,
S-006583,App,1,1,1,1,
S-006584,Web,1,1,0,0,changed_mind
S-006585,Web,1,0,0,0,
S-006586,Web,1,1,0,0,changed_mind
S-006587,Web,1,1,1,1,
S-006588,Store,1,1,1,1,
S-006589,Web,1,1,1,1,
S-006590,App,1,1,0,0,shipping_cost
S-006591,Web,1,1,1,1,
S-006592,App,1,0,0,0,
S-006593,App,1,1,1,1,
S-006594,Web,1,1,0,0,stock_out
S-006595,Web,1,0,0,0,
S-006596,App,1,1,0,0,stock_out
S-006597,Web,1,0,0,0,
S-006598,Web,1,1,1,1,
S-006599,Web,1,1,0,0,stock_out
S-006600,Web,1,0,0,0,
S-006601,Store,1,1,0,0,checkout_friction
S-006602,App,1,1,0,0,shipping_cost
S-006603,App,1,0,0,0,
S-006604,Web,1,1,0,0,stock_out
S-006605,App,1,0,0,0,
S-006606,Web,1,1,0,0,stock_out
S-006607,Store,1,1,1,1,
S-006608,Web,1,0,0,0,
S-006609,Web,1,1,1,1,
S-006610,Web,1,0,0,0,
S-006611,Web,1,0,0,0,
S-006612,App,1,1,0,0,shipping_cost
S-006613,App,1,1,1,1,
S-006614,App,1,0,0,0,
S-006615,Web,1,1,1,1,
S-006616,Web,1,1,0,0,checkout_friction
S-006617,Web,1,0,0,0,
S-006618,Store,1,1,0,0,payment_fail
S-006619,App,1,1,1,1,
S-006620,App,1,1,1,1,
S-006621,Web,1,1,1,1,
S-006622,Store,1,1,1,1,
S-006623,Store,1,0,0,0,
S-006624,Store,1,1,1,1,
S-006625,Web,1,1,1,1,
S-006626,Web,1,1,0,0,checkout_friction
S-006627,Web,1,1,0,0,stock_out
S-006628,Web,1,1,0,0,payment_fail
S-006629,Web,1,0,0,0,
S-006630,Web,1,0,0,0,
S-006631,App,1,0,0,0,
S-006632,App,1,1,0,0,changed_mind
S-006633,Store,1,1,0,0,payment_fail
S-006634,Web,1,1,0,0,stock_out
S-006635,App,1,1,0,0,stock_out
S-006636,Store,1,1,1,1,
S-006637,App,1,1,1,1,
S-006638,Web,1,1,1,1,
S-006639,Web,1,0,0,0,
S-006640,Web,1,0,0,0,
S-006641,App,1,1,1,1,
S-006642,Web,1,1,0,0,changed_mind
S-006643,Web,1,1,1,1,
S-006644,Store,1,1,0,0,checkout_friction
S-006645,Web,1,1,1,1,
S-006646,Web,1,1,1,1,
S-006647,Web,1,1,1,1,
S-006648,Web,1,1,0,0,payment_fail
S-006649,Web,1,1,0,0,payment_fail
S-006650,App,1,1,0,0,shipping_cost
S-006651,Web,1,1,1,1,
S-006652,Web,1,1,1,1,
S-006653,Web,1,1,1,1,
S-006654,App,1,1,1,1,
S-006655,Web,1,0,0,0,
S-006656,App,1,0,0,0,
S-006657,Web,1,1,1,1,
S-006658,Web,1,0,0,0,
S-006659,App,1,0,0,0,
S-006660,Web,1,0,0,0,
S-006661,Web,1,0,0,0,
S-006662,Web,1,0,0,0,
S-006663,Web,1,0,0,0,
S-006664,Store,1,0,0,0,
S-006665,App,1,0,0,0,
S-006666,Web,1,1,0,0,payment_fail
S-006667,Web,1,0,0,0,
S-006668,App,1,1,0,0,shipping_cost
S-006669,App,1,0,0,0,
S-006670,App,1,1,1,1,
S-006671,Web,1,1,0,0,payment_fail
S-006672,Web,1,0,0,0,
S-006673,App,1,0,0,0,
S-006674,Web,1,1,1,1,
S-006675,Web,1,1,0,0,shipping_cost
S-006676,App,1,1,0,0,shipping_cost
S-006677,Web,1,1,1,1,
S-006678,Web,1,0,0,0,
S-006679,Store,1,1,1,1,
S-006680,App,1,1,1,1,
S-006681,Web,1,1,1,1,
S-006682,App,1,0,0,0,
S-006683,Web,1,1,0,0,checkout_friction
S-006684,Web,1,1,1,1,
S-006685,Web,1,1,1,1,
S-006686,Web,1,1,0,0,payment_fail
S-006687,App,1,1,1,1,
S-006688,Web,1,0,0,0,
S-006689,App,1,0,0,0,
S-006690,App,1,1,1,1,
S-006691,App,1,1,1,1,
S-006692,Web,1,1,1,1,
S-006693,Web,1,1,0,0,checkout_friction
S-006694,App,1,1,0,0,shipping_cost
S-006695,Store,1,1,0,0,shipping_cost
S-006696,App,1,1,1,1,
S-006697,Store,1,1,1,1,
S-006698,Web,1,1,0,0,changed_mind
S-006699,Web,1,1,0,0,shipping_cost
S-006700,Store,1,1,1,1,
S-006701,Web,1,0,0,0,
S-006702,App,1,0,0,0,
S-006703,App,1,1,0,0,payment_fail
S-006704,Web,1,0,0,0,
S-006705,Web,1,0,0,0,
S-006706,App,1,1,1,1,
S-006707,App,1,0,0,0,
S-006708,Web,1,1,0,0,changed_mind
S-006709,App,1,0,0,0,
S-006710,Store,1,1,1,1,
S-006711,App,1,1,0,0,payment_fail
S-006712,App,1,1,0,0,shipping_cost
S-006713,App,1,1,0,0,changed_mind
S-006714,App,1,1,0,0,shipping_cost
S-006715,Web,1,1,0,0,stock_out
S-006716,Web,1,1,0,0,payment_fail
S-006717,Web,1,0,0,0,
S-006718,Web,1,0,0,0,
S-006719,Web,1,1,0,0,checkout_friction
S-006720,Web,1,1,1,1,
S-006721,Web,1,1,1,1,
S-006722,App,1,0,0,0,
S-006723,Store,1,0,0,0,
S-006724,App,1,1,1,1,
S-006725,Web,1,1,0,0,stock_out
S-006726,Web,1,1,1,1,
S-006727,App,1,1,0,0,checkout_friction
S-006728,App,1,1,0,0,stock_out
S-006729,Web,1,1,1,1,
S-006730,Web,1,1,0,0,payment_fail
S-006731,Web,1,1,1,1,
S-006732,Web,1,1,0,0,changed_mind
S-006733,App,1,1,1,1,
S-006734,Web,1,0,0,0,
S-006735,App,1,1,0,0,payment_fail
S-006736,Web,1,1,1,1,
S-006737,Web,1,1,0,0,stock_out
S-006738,Web,1,0,0,0,
S-006739,App,1,0,0,0,
S-006740,Store,1,1,0,0,changed_mind
S-006741,Web,1,0,0,0,
S-006742,Web,1,1,1,1,
S-006743,Web,1,1,0,0,payment_fail
S-006744,Web,1,1,0,0,checkout_friction
S-006745,App,1,1,1,1,
S-006746,Web,1,0,0,0,
S-006747,App,1,1,1,1,
S-006748,App,1,1,0,0,payment_fail
S-006749,Web,1,1,0,0,changed_mind
S-006750,Web,1,1,1,1,
S-006751,Web,1,1,0,0,stock_out
S-006752,Web,1,1,0,0,payment_fail
S-006753,Store,1,1,1,1,
S-006754,App,1,0,0,0,
S-006755,Web,1,1,0,0,changed_mind
S-006756,App,1,0,0,0,
S-006757,App,1,1,0,0,stock_out
S-006758,App,1,0,0,0,
S-006759,Store,1,1,1,1,
S-006760,App,1,0,0,0,
S-006761,Web,1,1,1,1,
S-006762,Web,1,1,0,0,payment_fail
S-006763,Web,1,0,0,0,
S-006764,Web,1,0,0,0,
S-006765,Web,1,1,1,1,
S-006766,Web,1,1,0,0,changed_mind
S-006767,Store,1,1,0,0,payment_fail
S-006768,App,1,1,1,1,
S-006769,Web,1,1,0,0,changed_mind
S-006770,App,1,0,0,0,
S-006771,Web,1,1,1,1,
S-006772,App,1,1,0,0,payment_fail
S-006773,App,1,1,1,1,
S-006774,App,1,1,1,1,
S-006775,App,1,1,0,0,checkout_friction
S-006776,Web,1,1,1,1,
S-006777,App,1,0,0,0,
S-006778,App,1,1,0,0,checkout_friction
S-006779,Web,1,0,0,0,
S-006780,Web,1,1,0,0,payment_fail
S-006781,App,1,1,0,0,shipping_cost
S-006782,App,1,1,1,1,
S-006783,Web,1,1,0,0,changed_mind
S-006784,Web,1,1,0,0,stock_out
S-006785,Web,1,1,1,1,
S-006786,App,1,1,0,0,shipping_cost
S-006787,App,1,1,0,0,payment_fail
S-006788,App,1,1,0,0,payment_fail
S-006789,Web,1,0,0,0,
S-006790,App,1,1,0,0,checkout_friction
S-006791,App,1,1,0,0,shipping_cost
S-006792,Store,1,1,1,1,
S-006793,App,1,1,0,0,checkout_friction
S-006794,Web,1,1,1,1,
S-006795,Web,1,1,1,1,
S-006796,Web,1,1,0,0,shipping_cost
S-006797,Web,1,0,0,0,
S-006798,App,1,1,0,0,checkout_friction
S-006799,App,1,1,0,0,payment_fail
S-006800,App,1,1,1,1,
S-006801,Web,1,0,0,0,
S-006802,Web,1,1,1,1,
S-006803,App,1,1,1,1,
S-006804,Web,1,1,1,1,
S-006805,App,1,1,1,1,
S-006806,App,1,1,0,0,payment_fail
S-006807,Web,1,1,1,1,
S-006808,Web,1,1,0,0,checkout_friction
S-006809,Web,1,1,0,0,checkout_friction
S-006810,App,1,0,0,0,
S-006811,Store,1,1,1,1,
S-006812,App,1,1,0,0,shipping_cost
S-006813,Store,1,1,1,1,
S-006814,App,1,0,0,0,
S-006815,Web,1,1,1,1,
S-006816,Web,1,1,1,1,
S-006817,Web,1,1,1,1,
S-006818,Web,1,1,1,1,
S-006819,Store,1,1,1,1,
S-006820,Web,1,0,0,0,
S-006821,App,1,1,0,0,shipping_cost
S-006822,App,1,0,0,0,
S-006823,App,1,1,1,1,
S-006824,App,1,1,1,1,
S-006825,Web,1,1,0,0,shipping_cost
S-006826,Web,1,1,1,1,
S-006827,App,1,1,0,0,shipping_cost
S-006828,Web,1,0,0,0,
S-006829,Web,1,1,0,0,payment_fail
S-006830,Web,1,1,1,1,
S-006831,App,1,1,0,0,checkout_friction
S-006832,App,1,1,1,1,
S-006833,App,1,1,1,1,
S-006834,App,1,0,0,0,
S-006835,Web,1,1,0,0,payment_fail
S-006836,Web,1,1,0,0,stock_out
S-006837,Web,1,1,1,1,
S-006838,App,1,0,0,0,
S-006839,Web,1,1,0,0,payment_fail
S-006840,App,1,1,0,0,payment_fail
S-006841,App,1,1,1,1,
S-006842,App,1,1,1,1,
S-006843,Web,1,1,1,1,
S-006844,Web,1,1,1,1,
S-006845,Web,1,1,0,0,changed_mind
S-006846,Web,1,0,0,0,
S-006847,Web,1,1,1,1,
S-006848,Web,1,1,1,1,
S-006849,Web,1,1,0,0,shipping_cost
S-006850,Web,1,0,0,0,
S-006851,Web,1,1,1,1,
S-006852,Web,1,1,0,0,changed_mind
S-006853,Web,1,1,1,1,
S-006854,App,1,1,1,1,
S-006855,App,1,1,1,1,
S-006856,Web,1,1,0,0,payment_fail
S-006857,Web,1,0,0,0,
S-006858,Web,1,0,0,0,
S-006859,App,1,0,0,0,
S-006860,App,1,1,1,1,
S-006861,App,1,1,1,1,
S-006862,App,1,1,1,1,
S-006863,Web,1,1,0,0,checkout_friction
S-006864,Store,1,1,0,0,stock_out
S-006865,App,1,0,0,0,
S-006866,App,1,1,0,0,checkout_friction
S-006867,App,1,0,0,0,
S-006868,Web,1,0,0,0,
S-006869,Store,1,1,1,1,
S-006870,App,1,1,0,0,payment_fail
S-006871,Web,1,1,0,0,shipping_cost
S-006872,App,1,1,1,1,
S-006873,Web,1,1,0,0,shipping_cost
S-006874,App,1,0,0,0,
S-006875,Web,1,1,1,1,
S-006876,App,1,1,0,0,changed_mind
S-006877,App,1,1,0,0,shipping_cost
S-006878,Store,1,0,0,0,
S-006879,App,1,1,1,1,
S-006880,Web,1,0,0,0,
S-006881,Web,1,1,1,1,
S-006882,Web,1,1,0,0,payment_fail
S-006883,App,1,1,1,1,
S-006884,Web,1,1,1,1,
S-006885,Web,1,0,0,0,
S-006886,Web,1,0,0,0,
S-006887,App,1,0,0,0,
S-006888,App,1,0,0,0,
S-006889,App,1,0,0,0,
S-006890,App,1,1,1,1,
S-006891,App,1,1,1,1,
S-006892,Store,1,0,0,0,
S-006893,Web,1,1,0,0,shipping_cost
S-006894,Web,1,1,0,0,payment_fail
S-006895,Web,1,1,1,1,
S-006896,Store,1,1,1,1,
S-006897,App,1,1,0,0,shipping_cost
S-006898,App,1,1,1,1,
S-006899,Web,1,1,0,0,payment_fail
S-006900,App,1,0,0,0,
S-006901,App,1,1,1,1,
S-006902,App,1,1,0,0,payment_fail
S-006903,App,1,1,1,1,
S-006904,Web,1,1,0,0,changed_mind
S-006905,Web,1,0,0,0,
S-006906,Web,1,1,0,0,shipping_cost
S-006907,Web,1,1,0,0,shipping_cost
S-006908,Web,1,1,0,0,changed_mind
S-006909,App,1,1,0,0,stock_out
S-006910,Web,1,0,0,0,
S-006911,Web,1,1,0,0,shipping_cost
S-006912,Web,1,1,0,0,changed_mind
S-006913,App,1,1,1,1,
S-006914,Web,1,1,1,1,
S-006915,Web,1,0,0,0,
S-006916,Web,1,1,1,1,
S-006917,App,1,0,0,0,
S-006918,App,1,0,0,0,
S-006919,Web,1,1,1,1,
S-006920,Web,1,1,1,1,
S-006921,Web,1,1,1,1,
S-006922,Web,1,1,0,0,checkout_friction
S-006923,Store,1,0,0,0,
S-006924,App,1,0,0,0,
S-006925,Store,1,0,0,0,
S-006926,Store,1,1,1,1,
S-006927,App,1,1,0,0,changed_mind
S-006928,Store,1,0,0,0,
S-006929,App,1,1,0,0,checkout_friction
S-006930,Web,1,1,0,0,stock_out
S-006931,Web,1,0,0,0,
S-006932,App,1,1,0,0,payment_fail
S-006933,App,1,0,0,0,
S-006934,Web,1,1,0,0,shipping_cost
S-006935,App,1,0,0,0,
S-006936,App,1,0,0,0,
S-006937,App,1,1,0,0,changed_mind
S-006938,Web,1,1,0,0,checkout_friction
S-006939,Web,1,1,0,0,shipping_cost
S-006940,App,1,0,0,0,
S-006941,App,1,0,0,0,
S-006942,Web,1,1,1,1,
S-006943,App,1,0,0,0,
S-006944,Web,1,0,0,0,
S-006945,Web,1,1,1,1,
S-006946,Web,1,1,0,0,payment_fail
S-006947,Web,1,1,1,1,
S-006948,App,1,1,1,1,
S-006949,Web,1,0,0,0,
S-006950,App,1,1,1,1,
S-006951,Web,1,1,1,1,
S-006952,App,1,1,1,1,
S-006953,Web,1,1,1,1,
S-006954,App,1,0,0,0,
S-006955,Web,1,1,1,1,
S-006956,App,1,1,0,0,changed_mind
S-006957,Web,1,1,0,0,payment_fail
S-006958,Web,1,1,1,1,
S-006959,Web,1,1,0,0,stock_out
S-006960,Web,1,1,1,1,
S-006961,App,1,1,1,1,
S-006962,App,1,0,0,0,
S-006963,Web,1,1,0,0,changed_mind
S-006964,Web,1,1,0,0,stock_out
S-006965,Store,1,1,1,1,
S-006966,Web,1,0,0,0,
S-006967,Web,1,1,1,1,
S-006968,App,1,1,1,1,
S-006969,Web,1,1,1,1,
S-006970,App,1,0,0,0,
S-006971,Web,1,1,0,0,checkout_friction
S-006972,App,1,0,0,0,
S-006973,App,1,0,0,0,
S-006974,Web,1,0,0,0,
S-006975,App,1,0,0,0,
S-006976,Web,1,1,1,1,
S-006977,App,1,1,1,1,
S-006978,Web,1,1,1,1,
S-006979,Store,1,1,1,1,
S-006980,Store,1,1,0,0,changed_mind
S-006981,App,1,1,1,1,
S-006982,Web,1,1,1,1,
S-006983,App,1,1,1,1,
S-006984,App,1,0,0,0,
S-006985,Web,1,1,1,1,
S-006986,App,1,1,1,1,
S-006987,App,1,1,0,0,changed_mind
S-006988,App,1,0,0,0,
S-006989,App,1,1,1,1,
S-006990,Web,1,0,0,0,
S-006991,App,1,0,0,0,
S-006992,Web,1,0,0,0,
S-006993,Web,1,0,0,0,
S-006994,Web,1,1,0,0,stock_out
S-006995,Web,1,0,0,0,
S-006996,App,1,1,0,0,stock_out
S-006997,Web,1,1,0,0,checkout_friction
S-006998,App,1,1,0,0,payment_fail
S-006999,Web,1,1,1,1,
S-007000,Store,1,1,1,1,
S-007001,Store,1,1,0,0,changed_mind
S-007002,App,1,1,1,1,
S-007003,Store,1,1,0,0,payment_fail
S-007004,Web,1,1,1,1,
S-007005,App,1,1,0,0,checkout_friction
S-007006,Web,1,0,0,0,
S-007007,Web,1,1,1,1,
S-007008,App,1,0,0,0,
S-007009,Web,1,1,0,0,changed_mind
S-007010,Web,1,0,0,0,
S-007011,Web,1,1,1,1,
S-007012,App,1,1,1,1,
S-007013,App,1,1,1,1,
S-007014,Web,1,0,0,0,
S-007015,Web,1,1,1,1,
S-007016,Web,1,1,0,0,shipping_cost
S-007017,Web,1,1,1,1,
S-007018,Web,1,1,0,0,payment_fail
S-007019,App,1,0,0,0,
S-007020,App,1,0,0,0,
S-007021,Web,1,1,1,1,
S-007022,Store,1,1,1,1,
S-007023,Web,1,0,0,0,
S-007024,Web,1,1,1,1,
S-007025,Web,1,1,1,1,
S-007026,Web,1,1,0,0,shipping_cost
S-007027,Web,1,1,0,0,stock_out
S-007028,App,1,1,1,1,
S-007029,Web,1,1,1,1,
S-007030,App,1,1,1,1,
S-007031,Store,1,1,0,0,payment_fail
S-007032,Web,1,0,0,0,
S-007033,Web,1,0,0,0,
S-007034,Store,1,1,0,0,payment_fail
S-007035,App,1,1,1,1,
S-007036,App,1,1,1,1,
S-007037,Web,1,1,0,0,checkout_friction
S-007038,Web,1,0,0,0,
S-007039,Web,1,1,0,0,stock_out
S-007040,Web,1,1,0,0,payment_fail
S-007041,Web,1,0,0,0,
S-007042,App,1,0,0,0,
S-007043,App,1,0,0,0,
S-007044,Web,1,0,0,0,
S-007045,Web,1,1,0,0,shipping_cost
S-007046,Web,1,0,0,0,
S-007047,Web,1,1,1,1,
S-007048,Web,1,1,1,1,
S-007049,Web,1,1,0,0,checkout_friction
S-007050,Web,1,1,0,0,stock_out
S-007051,Web,1,0,0,0,
S-007052,Web,1,1,1,1,
S-007053,App,1,1,1,1,
S-007054,Web,1,1,1,1,
S-007055,Web,1,1,1,1,
S-007056,Web,1,0,0,0,
S-007057,App,1,1,0,0,changed_mind
S-007058,Web,1,0,0,0,
S-007059,Store,1,1,0,0,shipping_cost
S-007060,Web,1,1,1,1,
S-007061,Web,1,1,0,0,shipping_cost
S-007062,App,1,1,1,1,
S-007063,Store,1,1,0,0,payment_fail
S-007064,Web,1,1,0,0,stock_out
S-007065,Store,1,1,0,0,payment_fail
S-007066,Store,1,1,1,1,
S-007067,App,1,0,0,0,
S-007068,Web,1,1,1,1,
S-007069,App,1,1,0,0,payment_fail
S-007070,Store,1,0,0,0,
S-007071,App,1,1,1,1,
S-007072,Web,1,1,1,1,
S-007073,Web,1,0,0,0,
S-007074,Web,1,0,0,0,
S-007075,Web,1,1,1,1,
S-007076,Web,1,0,0,0,
S-007077,Web,1,1,0,0,stock_out
S-007078,App,1,1,0,0,checkout_friction
S-007079,Web,1,1,1,1,
S-007080,Web,1,1,1,1,
S-007081,Web,1,1,0,0,stock_out
S-007082,App,1,1,0,0,shipping_cost
S-007083,Web,1,0,0,0,
S-007084,Store,1,1,1,1,
S-007085,App,1,1,1,1,
S-007086,Web,1,1,1,1,
S-007087,Web,1,1,0,0,shipping_cost
S-007088,Web,1,1,1,1,
S-007089,Web,1,0,0,0,
S-007090,Web,1,0,0,0,
S-007091,Web,1,1,0,0,shipping_cost
S-007092,Store,1,1,0,0,shipping_cost
S-007093,Web,1,1,1,1,
S-007094,Web,1,0,0,0,
S-007095,App,1,1,1,1,
S-007096,Store,1,1,1,1,
S-007097,Web,1,1,0,0,changed_mind
S-007098,Web,1,1,0,0,shipping_cost
S-007099,Web,1,0,0,0,
S-007100,App,1,1,1,1,
S-007101,Web,1,1,0,0,changed_mind
S-007102,Store,1,1,1,1,
S-007103,Web,1,1,0,0,checkout_friction
S-007104,App,1,1,1,1,
S-007105,Web,1,0,0,0,
S-007106,Web,1,1,1,1,
S-007107,Web,1,1,0,0,checkout_friction
S-007108,Web,1,1,0,0,payment_fail
S-007109,App,1,1,0,0,shipping_cost
S-007110,App,1,0,0,0,
S-007111,Store,1,0,0,0,
S-007112,Store,1,1,1,1,
S-007113,Web,1,1,0,0,payment_fail
S-007114,Web,1,1,1,1,
S-007115,App,1,1,1,1,
S-007116,Web,1,1,1,1,
S-007117,Store,1,1,0,0,shipping_cost
S-007118,App,1,1,1,1,
S-007119,Web,1,0,0,0,
S-007120,Store,1,0,0,0,
S-007121,Web,1,1,0,0,shipping_cost
S-007122,Web,1,1,1,1,
S-007123,Web,1,0,0,0,
S-007124,App,1,1,1,1,
S-007125,App,1,0,0,0,
S-007126,Web,1,0,0,0,
S-007127,Store,1,1,1,1,
S-007128,Web,1,1,0,0,payment_fail
S-007129,App,1,1,0,0,stock_out
S-007130,App,1,1,0,0,shipping_cost
S-007131,Web,1,1,0,0,checkout_friction
S-007132,Web,1,1,1,1,
S-007133,Web,1,0,0,0,
S-007134,App,1,0,0,0,
S-007135,App,1,0,0,0,
S-007136,App,1,0,0,0,
S-007137,Web,1,1,0,0,payment_fail
S-007138,Web,1,1,1,1,
S-007139,App,1,1,1,1,
S-007140,Web,1,1,1,1,
S-007141,Web,1,1,1,1,
S-007142,App,1,1,0,0,payment_fail
S-007143,Web,1,0,0,0,
S-007144,App,1,1,0,0,shipping_cost
S-007145,App,1,1,0,0,payment_fail
S-007146,App,1,0,0,0,
S-007147,Web,1,1,1,1,
S-007148,Web,1,1,0,0,payment_fail
S-007149,App,1,1,0,0,checkout_friction
S-007150,Store,1,1,1,1,
S-007151,Web,1,0,0,0,
S-007152,App,1,0,0,0,
S-007153,Web,1,1,0,0,payment_fail
S-007154,App,1,1,0,0,payment_fail
S-007155,App,1,1,1,1,
S-007156,Store,1,1,0,0,changed_mind
S-007157,App,1,1,1,1,
S-007158,Web,1,0,0,0,
S-007159,App,1,1,1,1,
S-007160,Web,1,1,0,0,shipping_cost
S-007161,Web,1,1,1,1,
S-007162,App,1,1,0,0,changed_mind
S-007163,Web,1,1,1,1,
S-007164,App,1,1,0,0,shipping_cost
S-007165,Web,1,1,0,0,stock_out
S-007166,Web,1,1,0,0,payment_fail
S-007167,Web,1,0,0,0,
S-007168,Web,1,0,0,0,
S-007169,App,1,1,1,1,
S-007170,Web,1,1,0,0,shipping_cost
S-007171,Web,1,1,1,1,
S-007172,App,1,1,0,0,changed_mind
S-007173,Web,1,1,0,0,checkout_friction
S-007174,Store,1,1,1,1,
S-007175,App,1,1,0,0,shipping_cost
S-007176,App,1,1,1,1,
S-007177,App,1,1,0,0,changed_mind
S-007178,Store,1,1,1,1,
S-007179,Web,1,1,1,1,
S-007180,Web,1,1,1,1,
S-007181,Web,1,0,0,0,
S-007182,Store,1,0,0,0,
S-007183,Store,1,1,1,1,
S-007184,Web,1,1,0,0,payment_fail
S-007185,Web,1,1,0,0,payment_fail
S-007186,Web,1,1,1,1,
S-007187,App,1,1,1,1,
S-007188,Store,1,1,0,0,payment_fail
S-007189,Web,1,0,0,0,
S-007190,Web,1,0,0,0,
S-007191,Store,1,0,0,0,
S-007192,App,1,0,0,0,
S-007193,Web,1,1,1,1,
S-007194,App,1,0,0,0,
S-007195,Web,1,1,0,0,stock_out
S-007196,Web,1,1,1,1,
S-007197,App,1,0,0,0,
S-007198,Web,1,1,0,0,shipping_cost
S-007199,Web,1,1,1,1,
S-007200,Web,1,1,1,1,
S-007201,App,1,1,0,0,stock_out
S-007202,Web,1,0,0,0,
S-007203,App,1,0,0,0,
S-007204,Web,1,0,0,0,
S-007205,App,1,1,1,1,
S-007206,Web,1,1,1,1,
S-007207,Web,1,1,0,0,payment_fail
S-007208,Web,1,1,1,1,
S-007209,Web,1,0,0,0,
S-007210,Web,1,1,0,0,checkout_friction
S-007211,App,1,1,1,1,
S-007212,Web,1,1,0,0,stock_out
S-007213,Web,1,1,1,1,
S-007214,Store,1,1,1,1,
S-007215,App,1,1,1,1,
S-007216,App,1,1,0,0,payment_fail
S-007217,App,1,1,0,0,payment_fail
S-007218,App,1,0,0,0,
S-007219,Store,1,1,0,0,payment_fail
S-007220,Web,1,1,0,0,checkout_friction
S-007221,Web,1,1,1,1,
S-007222,Web,1,1,0,0,payment_fail
S-007223,Web,1,1,1,1,
S-007224,Web,1,1,1,1,
S-007225,App,1,0,0,0,
S-007226,Web,1,1,1,1,
S-007227,App,1,1,0,0,changed_mind
S-007228,Web,1,0,0,0,
S-007229,Web,1,1,1,1,
S-007230,Web,1,1,0,0,shipping_cost
S-007231,App,1,1,0,0,stock_out
S-007232,Web,1,0,0,0,
S-007233,Store,1,1,0,0,shipping_cost
S-007234,Web,1,0,0,0,
S-007235,Web,1,0,0,0,
S-007236,Web,1,1,0,0,changed_mind
S-007237,App,1,1,0,0,checkout_friction
S-007238,Web,1,1,0,0,payment_fail
S-007239,Web,1,1,0,0,stock_out
S-007240,Web,1,1,1,1,
S-007241,Web,1,1,0,0,payment_fail
S-007242,Web,1,0,0,0,
S-007243,App,1,0,0,0,
S-007244,Store,1,0,0,0,
S-007245,Web,1,1,0,0,shipping_cost
S-007246,Web,1,1,0,0,checkout_friction
S-007247,App,1,1,1,1,
S-007248,App,1,1,0,0,changed_mind
S-007249,App,1,1,1,1,
S-007250,Web,1,1,1,1,
S-007251,App,1,1,0,0,changed_mind
S-007252,Web,1,1,1,1,
S-007253,App,1,1,1,1,
S-007254,App,1,1,0,0,payment_fail
S-007255,Web,1,1,1,1,
S-007256,Web,1,1,1,1,
S-007257,App,1,0,0,0,
S-007258,Web,1,1,1,1,
S-007259,Web,1,0,0,0,
S-007260,Web,1,1,1,1,
S-007261,Web,1,0,0,0,
S-007262,App,1,1,1,1,
S-007263,Web,1,1,1,1,
S-007264,App,1,1,0,0,shipping_cost
S-007265,Web,1,1,1,1,
S-007266,Web,1,1,1,1,
S-007267,Web,1,0,0,0,
S-007268,Web,1,1,1,1,
S-007269,Store,1,0,0,0,
S-007270,App,1,0,0,0,
S-007271,Web,1,1,1,1,
S-007272,Web,1,1,1,1,
S-007273,Web,1,0,0,0,
S-007274,Store,1,1,0,0,shipping_cost
S-007275,Web,1,0,0,0,
S-007276,Web,1,1,0,0,changed_mind
S-007277,Web,1,0,0,0,
S-007278,Web,1,1,0,0,shipping_cost
S-007279,Web,1,1,0,0,shipping_cost
S-007280,Web,1,1,1,1,
S-007281,Web,1,0,0,0,
S-007282,App,1,0,0,0,
S-007283,Web,1,1,1,1,
S-007284,App,1,1,1,1,
S-007285,App,1,1,1,1,
S-007286,App,1,0,0,0,
S-007287,Web,1,1,0,0,shipping_cost
S-007288,Web,1,1,1,1,
S-007289,App,1,0,0,0,
S-007290,App,1,1,0,0,payment_fail
S-007291,App,1,0,0,0,
S-007292,App,1,1,0,0,shipping_cost
S-007293,Web,1,1,1,1,
S-007294,App,1,1,1,1,
S-007295,App,1,1,1,1,
S-007296,App,1,1,1,1,
S-007297,Web,1,1,1,1,
S-007298,Web,1,1,0,0,payment_fail
S-007299,App,1,0,0,0,
S-007300,Web,1,1,1,1,
S-007301,Web,1,1,0,0,checkout_friction
S-007302,Web,1,0,0,0,
S-007303,App,1,0,0,0,
S-007304,Web,1,1,1,1,
S-007305,App,1,1,0,0,changed_mind
S-007306,Web,1,1,1,1,
S-007307,App,1,0,0,0,
S-007308,App,1,1,1,1,
S-007309,Store,1,0,0,0,
S-007310,Web,1,0,0,0,
S-007311,App,1,1,1,1,
S-007312,Web,1,1,0,0,payment_fail
S-007313,Store,1,1,1,1,
S-007314,Web,1,1,1,1,
S-007315,App,1,1,0,0,changed_mind
S-007316,Web,1,1,1,1,
S-007317,Web,1,1,1,1,
S-007318,Web,1,1,1,1,
S-007319,Web,1,1,0,0,stock_out
S-007320,Web,1,0,0,0,
S-007321,Web,1,0,0,0,
S-007322,App,1,0,0,0,
S-007323,Web,1,0,0,0,
S-007324,App,1,1,0,0,payment_fail
S-007325,Web,1,1,0,0,payment_fail
S-007326,App,1,0,0,0,
S-007327,App,1,1,0,0,payment_fail
S-007328,Web,1,1,0,0,payment_fail
S-007329,App,1,1,1,1,
S-007330,Web,1,1,0,0,stock_out
S-007331,Store,1,1,1,1,
S-007332,App,1,0,0,0,
S-007333,Store,1,1,0,0,checkout_friction
S-007334,App,1,1,1,1,
S-007335,Web,1,0,0,0,
S-007336,Web,1,1,0,0,payment_fail
S-007337,Store,1,1,0,0,stock_out
S-007338,App,1,1,0,0,payment_fail
S-007339,App,1,1,1,1,
S-007340,Web,1,0,0,0,
S-007341,Web,1,1,1,1,
S-007342,Web,1,1,1,1,
S-007343,Web,1,1,0,0,changed_mind
S-007344,Web,1,1,0,0,stock_out
S-007345,Web,1,1,0,0,shipping_cost
S-007346,Web,1,1,0,0,payment_fail
S-007347,Web,1,1,1,1,
S-007348,Web,1,0,0,0,
S-007349,Web,1,1,1,1,
S-007350,Web,1,1,0,0,changed_mind
S-007351,Web,1,1,0,0,checkout_friction
S-007352,Store,1,0,0,0,
S-007353,Web,1,1,1,1,
S-007354,Web,1,1,0,0,payment_fail
S-007355,App,1,1,0,0,payment_fail
S-007356,App,1,0,0,0,
S-007357,App,1,0,0,0,
S-007358,Web,1,0,0,0,
S-007359,Web,1,0,0,0,
S-007360,App,1,1,0,0,payment_fail
S-007361,Web,1,1,0,0,changed_mind
S-007362,App,1,1,1,1,
S-007363,Web,1,0,0,0,
S-007364,Store,1,1,1,1,
S-007365,Web,1,1,0,0,changed_mind
S-007366,App,1,1,0,0,stock_out
S-007367,Store,1,1,0,0,stock_out
S-007368,App,1,1,0,0,checkout_friction
S-007369,Web,1,0,0,0,
S-007370,Web,1,1,0,0,stock_out
S-007371,Web,1,1,1,1,
S-007372,App,1,0,0,0,
S-007373,Web,1,0,0,0,
S-007374,App,1,1,0,0,payment_fail
S-007375,App,1,1,0,0,changed_mind
S-007376,Web,1,0,0,0,
S-007377,Store,1,0,0,0,
S-007378,App,1,1,0,0,shipping_cost
S-007379,Web,1,1,1,1,
S-007380,Web,1,1,1,1,
S-007381,Web,1,1,0,0,shipping_cost
S-007382,Web,1,1,0,0,checkout_friction
S-007383,Web,1,1,0,0,changed_mind
S-007384,App,1,1,0,0,checkout_friction
S-007385,App,1,1,0,0,shipping_cost
S-007386,App,1,1,0,0,changed_mind
S-007387,App,1,0,0,0,
S-007388,Store,1,0,0,0,
S-007389,Web,1,0,0,0,
S-007390,App,1,1,1,1,
S-007391,App,1,1,1,1,
S-007392,App,1,0,0,0,
S-007393,Web,1,1,0,0,shipping_cost
S-007394,App,1,0,0,0,
S-007395,App,1,1,1,1,
S-007396,App,1,0,0,0,
S-007397,App,1,1,0,0,payment_fail
S-007398,Web,1,1,1,1,
S-007399,App,1,1,1,1,
S-007400,App,1,1,0,0,payment_fail
S-007401,Web,1,1,0,0,changed_mind
S-007402,App,1,1,0,0,payment_fail
S-007403,App,1,1,0,0,checkout_friction
S-007404,App,1,0,0,0,
S-007405,Web,1,1,1,1,
S-007406,App,1,1,0,0,payment_fail
S-007407,Web,1,1,1,1,
S-007408,Web,1,1,1,1,
S-007409,App,1,1,1,1,
S-007410,Web,1,1,1,1,
S-007411,Web,1,1,0,0,payment_fail
S-007412,Web,1,1,1,1,
S-007413,App,1,1,0,0,stock_out
S-007414,Web,1,0,0,0,
S-007415,App,1,1,0,0,payment_fail
S-007416,App,1,1,1,1,
S-007417,Web,1,1,0,0,checkout_friction
S-007418,Web,1,0,0,0,
S-007419,App,1,1,1,1,
S-007420,Web,1,1,1,1,
S-007421,Web,1,1,1,1,
S-007422,Web,1,1,1,1,
S-007423,Web,1,0,0,0,
S-007424,App,1,0,0,0,
S-007425,Web,1,1,1,1,
S-007426,Store,1,0,0,0,
S-007427,Web,1,1,1,1,
S-007428,Web,1,1,1,1,
S-007429,App,1,1,0,0,stock_out
S-007430,App,1,0,0,0,
S-007431,App,1,1,1,1,
S-007432,App,1,0,0,0,
S-007433,Store,1,1,1,1,
S-007434,Web,1,1,0,0,payment_fail
S-007435,Web,1,0,0,0,
S-007436,App,1,1,0,0,changed_mind
S-007437,Web,1,1,0,0,changed_mind
S-007438,App,1,1,1,1,
S-007439,App,1,1,1,1,
S-007440,Web,1,1,1,1,
S-007441,Web,1,1,0,0,stock_out
S-007442,App,1,0,0,0,
S-007443,Web,1,0,0,0,
S-007444,App,1,1,1,1,
S-007445,Web,1,0,0,0,
S-007446,Web,1,1,1,1,
S-007447,Web,1,1,0,0,stock_out
S-007448,App,1,1,1,1,
S-007449,Web,1,1,0,0,stock_out
S-007450,Web,1,1,1,1,
S-007451,Web,1,1,1,1,
S-007452,App,1,1,0,0,changed_mind
S-007453,Web,1,1,0,0,shipping_cost
S-007454,App,1,1,0,0,changed_mind
S-007455,Web,1,1,1,1,
S-007456,Web,1,1,1,1,
S-007457,App,1,1,1,1,
S-007458,Store,1,1,0,0,checkout_friction
S-007459,Web,1,0,0,0,
S-007460,Web,1,1,1,1,
S-007461,Web,1,0,0,0,
S-007462,App,1,0,0,0,
S-007463,Web,1,0,0,0,
S-007464,App,1,1,0,0,changed_mind
S-007465,Web,1,1,1,1,
S-007466,App,1,1,1,1,
S-007467,Store,1,0,0,0,
S-007468,Web,1,1,0,0,changed_mind
S-007469,Web,1,1,1,1,
S-007470,Web,1,0,0,0,
S-007471,Store,1,1,1,1,
S-007472,Web,1,1,1,1,
S-007473,App,1,0,0,0,
S-007474,Web,1,1,1,1,
S-007475,Web,1,1,1,1,
S-007476,App,1,0,0,0,
S-007477,App,1,1,0,0,shipping_cost
S-007478,Web,1,0,0,0,
S-007479,Web,1,1,0,0,stock_out
S-007480,Web,1,1,0,0,checkout_friction
S-007481,Web,1,1,1,1,
S-007482,Web,1,0,0,0,
S-007483,Web,1,1,1,1,
S-007484,App,1,1,0,0,payment_fail
S-007485,App,1,0,0,0,
S-007486,Web,1,1,0,0,payment_fail
S-007487,Web,1,1,1,1,
S-007488,App,1,0,0,0,
S-007489,Web,1,0,0,0,
S-007490,Web,1,1,1,1,
S-007491,Web,1,1,1,1,
S-007492,Web,1,1,0,0,changed_mind
S-007493,Web,1,1,0,0,shipping_cost
S-007494,App,1,1,0,0,changed_mind
S-007495,Store,1,0,0,0,
S-007496,Web,1,1,1,1,
S-007497,Web,1,0,0,0,
S-007498,App,1,1,1,1,
S-007499,Web,1,0,0,0,
S-007500,Web,1,1,1,1,
S-007501,Web,1,1,0,0,payment_fail
S-007502,Web,1,1,1,1,
S-007503,App,1,1,1,1,
S-007504,App,1,0,0,0,
S-007505,Web,1,0,0,0,
S-007506,Web,1,1,0,0,shipping_cost
S-007507,App,1,1,1,1,
S-007508,Web,1,1,0,0,changed_mind
S-007509,Store,1,1,1,1,
S-007510,App,1,1,1,1,
S-007511,Web,1,1,1,1,
S-007512,App,1,1,1,1,
S-007513,Web,1,1,0,0,changed_mind
S-007514,Web,1,1,0,0,changed_mind
S-007515,App,1,0,0,0,
S-007516,App,1,0,0,0,
S-007517,Web,1,1,1,1,
S-007518,App,1,0,0,0,
S-007519,App,1,1,0,0,stock_out
S-007520,App,1,0,0,0,
S-007521,Web,1,0,0,0,
S-007522,App,1,1,0,0,changed_mind
S-007523,Web,1,1,1,1,
S-007524,Web,1,1,0,0,stock_out
S-007525,Web,1,1,0,0,changed_mind
S-007526,App,1,1,1,1,
S-007527,Web,1,0,0,0,
S-007528,Web,1,0,0,0,
S-007529,Web,1,1,0,0,changed_mind
S-007530,Store,1,1,1,1,
S-007531,Web,1,1,0,0,changed_mind
S-007532,Web,1,1,0,0,payment_fail
S-007533,Store,1,1,0,0,payment_fail
S-007534,App,1,1,1,1,
S-007535,Web,1,1,0,0,changed_mind
S-007536,Web,1,1,0,0,checkout_friction
S-007537,Web,1,1,1,1,
S-007538,App,1,1,1,1,
S-007539,Web,1,1,1,1,
S-007540,App,1,1,0,0,changed_mind
S-007541,Web,1,1,0,0,payment_fail
S-007542,App,1,1,0,0,changed_mind
S-007543,Web,1,1,0,0,payment_fail
S-007544,App,1,0,0,0,
S-007545,Web,1,1,0,0,stock_out
S-007546,App,1,1,0,0,stock_out
S-007547,Web,1,0,0,0,
S-007548,App,1,1,0,0,changed_mind
S-007549,App,1,1,1,1,
S-007550,App,1,1,0,0,changed_mind
S-007551,Web,1,1,1,1,
S-007552,App,1,1,0,0,shipping_cost
S-007553,App,1,0,0,0,
S-007554,App,1,1,1,1,
S-007555,App,1,0,0,0,
S-007556,App,1,1,0,0,shipping_cost
S-007557,App,1,1,0,0,checkout_friction
S-007558,App,1,1,1,1,
S-007559,Web,1,1,1,1,
S-007560,Web,1,0,0,0,
S-007561,Store,1,1,0,0,stock_out
S-007562,App,1,1,1,1,
S-007563,App,1,0,0,0,
S-007564,Web,1,0,0,0,
S-007565,Web,1,1,1,1,
S-007566,App,1,1,1,1,
S-007567,Web,1,1,1,1,
S-007568,Web,1,0,0,0,
S-007569,Web,1,1,1,1,
S-007570,App,1,1,0,0,changed_mind
S-007571,App,1,1,0,0,shipping_cost
S-007572,Web,1,1,0,0,payment_fail
S-007573,App,1,1,1,1,
S-007574,Web,1,1,0,0,payment_fail
S-007575,Web,1,0,0,0,
S-007576,Store,1,0,0,0,
S-007577,App,1,1,0,0,payment_fail
S-007578,Web,1,1,1,1,
S-007579,App,1,0,0,0,
S-007580,Web,1,0,0,0,
S-007581,App,1,0,0,0,
S-007582,App,1,0,0,0,
S-007583,Web,1,1,1,1,
S-007584,Web,1,1,1,1,
S-007585,Web,1,1,1,1,
S-007586,App,1,0,0,0,
S-007587,App,1,1,1,1,
S-007588,App,1,1,0,0,shipping_cost
S-007589,App,1,1,1,1,
S-007590,Web,1,1,0,0,checkout_friction
S-007591,App,1,1,0,0,changed_mind
S-007592,App,1,1,1,1,
S-007593,Web,1,0,0,0,
S-007594,Web,1,0,0,0,
S-007595,Web,1,1,0,0,payment_fail
S-007596,App,1,0,0,0,
S-007597,Store,1,1,1,1,
S-007598,App,1,1,1,1,
S-007599,Web,1,0,0,0,
S-007600,App,1,0,0,0,
S-007601,App,1,1,1,1,
S-007602,Web,1,0,0,0,
S-007603,Web,1,1,1,1,
S-007604,App,1,1,1,1,
S-007605,Web,1,1,0,0,payment_fail
S-007606,App,1,0,0,0,
S-007607,App,1,1,0,0,shipping_cost
S-007608,App,1,1,1,1,
S-007609,Web,1,1,1,1,
S-007610,Web,1,1,1,1,
S-007611,Web,1,1,1,1,
S-007612,Web,1,1,0,0,stock_out
S-007613,App,1,1,1,1,
S-007614,Web,1,1,0,0,shipping_cost
S-007615,Store,1,0,0,0,
S-007616,Web,1,1,1,1,
S-007617,Web,1,1,0,0,stock_out
S-007618,Web,1,1,0,0,stock_out
S-007619,Web,1,0,0,0,
S-007620,App,1,1,1,1,
S-007621,Web,1,1,1,1,
S-007622,App,1,1,1,1,
S-007623,App,1,1,1,1,
S-007624,Web,1,0,0,0,
S-007625,Web,1,1,1,1,
S-007626,Web,1,1,1,1,
S-007627,Web,1,1,0,0,payment_fail
S-007628,Web,1,0,0,0,
S-007629,Web,1,1,0,0,changed_mind
S-007630,Web,1,0,0,0,
S-007631,App,1,1,0,0,checkout_friction
S-007632,App,1,1,1,1,
S-007633,App,1,1,0,0,shipping_cost
S-007634,Web,1,0,0,0,
S-007635,App,1,1,0,0,payment_fail
S-007636,App,1,1,1,1,
S-007637,Web,1,1,0,0,checkout_friction
S-007638,Web,1,1,0,0,checkout_friction
S-007639,App,1,1,0,0,changed_mind
S-007640,Web,1,1,0,0,changed_mind
S-007641,Store,1,0,0,0,
S-007642,Web,1,0,0,0,
S-007643,Web,1,1,0,0,payment_fail
S-007644,Web,1,1,1,1,
S-007645,Web,1,0,0,0,
S-007646,Web,1,0,0,0,
S-007647,Store,1,0,0,0,
S-007648,Web,1,0,0,0,
S-007649,Store,1,1,1,1,
S-007650,App,1,1,0,0,stock_out
S-007651,Store,1,1,0,0,shipping_cost
S-007652,Web,1,0,0,0,
S-007653,Web,1,1,0,0,payment_fail
S-007654,App,1,1,1,1,
S-007655,App,1,1,0,0,changed_mind
S-007656,Web,1,0,0,0,
S-007657,Web,1,1,0,0,checkout_friction
S-007658,Web,1,0,0,0,
S-007659,App,1,1,1,1,
S-007660,App,1,1,0,0,stock_out
S-007661,Web,1,1,1,1,
S-007662,Web,1,0,0,0,
S-007663,Store,1,1,1,1,
S-007664,Web,1,1,0,0,payment_fail
S-007665,Web,1,1,0,0,payment_fail
S-007666,Web,1,1,0,0,checkout_friction
S-007667,Store,1,0,0,0,
S-007668,Web,1,0,0,0,
S-007669,Web,1,0,0,0,
S-007670,App,1,1,1,1,
S-007671,Web,1,1,0,0,checkout_friction
S-007672,App,1,0,0,0,
S-007673,App,1,1,0,0,changed_mind
S-007674,App,1,1,0,0,changed_mind
S-007675,App,1,0,0,0,
S-007676,App,1,1,1,1,
S-007677,Store,1,1,1,1,
S-007678,Web,1,0,0,0,
S-007679,App,1,1,1,1,
S-007680,Web,1,1,1,1,
S-007681,Web,1,0,0,0,
S-007682,Web,1,1,1,1,
S-007683,Web,1,1,1,1,
S-007684,Web,1,1,0,0,shipping_cost
S-007685,App,1,1,1,1,
S-007686,Web,1,0,0,0,
S-007687,Web,1,1,1,1,
S-007688,Store,1,1,0,0,shipping_cost
S-007689,Web,1,0,0,0,
S-007690,Web,1,1,1,1,
S-007691,Store,1,1,0,0,payment_fail
S-007692,App,1,0,0,0,
S-007693,Web,1,1,0,0,payment_fail
S-007694,App,1,1,0,0,payment_fail
S-007695,App,1,1,0,0,stock_out
S-007696,App,1,1,1,1,
S-007697,Web,1,0,0,0,
S-007698,App,1,0,0,0,
S-007699,App,1,0,0,0,
S-007700,Web,1,0,0,0,
S-007701,App,1,0,0,0,
S-007702,Web,1,1,1,1,
S-007703,App,1,1,0,0,payment_fail
S-007704,Web,1,0,0,0,
S-007705,Web,1,0,0,0,
S-007706,Web,1,1,1,1,
S-007707,Store,1,1,0,0,payment_fail
S-007708,Web,1,1,0,0,changed_mind
S-007709,App,1,1,1,1,
S-007710,Web,1,0,0,0,
S-007711,App,1,1,1,1,
S-007712,Web,1,1,1,1,
S-007713,Web,1,1,0,0,payment_fail
S-007714,App,1,0,0,0,
S-007715,Web,1,1,0,0,payment_fail
S-007716,App,1,1,1,1,
S-007717,App,1,1,1,1,
S-007718,App,1,1,0,0,changed_mind
S-007719,App,1,0,0,0,
S-007720,Web,1,1,0,0,shipping_cost
S-007721,Web,1,1,1,1,
S-007722,Web,1,0,0,0,
S-007723,Web,1,0,0,0,
S-007724,Web,1,1,0,0,changed_mind
S-007725,App,1,1,1,1,
S-007726,Web,1,0,0,0,
S-007727,Web,1,1,0,0,checkout_friction
S-007728,Web,1,1,1,1,
S-007729,Store,1,1,1,1,
S-007730,App,1,1,0,0,payment_fail
S-007731,Web,1,1,1,1,
S-007732,Web,1,1,1,1,
S-007733,App,1,0,0,0,
S-007734,Web,1,0,0,0,
S-007735,Web,1,1,0,0,checkout_friction
S-007736,Web,1,1,1,1,
S-007737,App,1,1,1,1,
S-007738,Web,1,1,1,1,
S-007739,App,1,0,0,0,
S-007740,Web,1,1,0,0,checkout_friction
S-007741,Web,1,1,1,1,
S-007742,Web,1,1,1,1,
S-007743,App,1,1,0,0,stock_out
S-007744,Store,1,1,1,1,
S-007745,App,1,1,0,0,changed_mind
S-007746,Store,1,1,0,0,changed_mind
S-007747,Store,1,1,1,1,
S-007748,Web,1,1,1,1,
S-007749,Web,1,0,0,0,
S-007750,Store,1,0,0,0,
S-007751,App,1,0,0,0,
S-007752,Web,1,1,0,0,changed_mind
S-007753,App,1,0,0,0,
S-007754,App,1,1,1,1,
S-007755,Store,1,1,1,1,
S-007756,Web,1,1,0,0,changed_mind
S-007757,App,1,1,0,0,payment_fail
S-007758,Web,1,1,0,0,checkout_friction
S-007759,App,1,1,0,0,changed_mind
S-007760,Web,1,1,1,1,
S-007761,Web,1,1,0,0,stock_out
S-007762,App,1,1,0,0,shipping_cost
S-007763,Store,1,1,0,0,payment_fail
S-007764,Web,1,1,0,0,changed_mind
S-007765,App,1,0,0,0,
S-007766,Store,1,1,1,1,
S-007767,Web,1,1,1,1,
S-007768,Web,1,0,0,0,
S-007769,Web,1,1,0,0,changed_mind
S-007770,App,1,0,0,0,
S-007771,Web,1,0,0,0,
S-007772,App,1,0,0,0,
S-007773,Web,1,1,1,1,
S-007774,App,1,1,0,0,shipping_cost
S-007775,Web,1,1,1,1,
S-007776,Web,1,0,0,0,
S-007777,Web,1,1,1,1,
S-007778,App,1,0,0,0,
S-007779,Web,1,0,0,0,
S-007780,Web,1,1,1,1,
S-007781,Web,1,1,1,1,
S-007782,Web,1,1,0,0,shipping_cost
S-007783,Web,1,1,0,0,payment_fail
S-007784,Web,1,1,1,1,
S-007785,Web,1,0,0,0,
S-007786,App,1,1,0,0,changed_mind
S-007787,Store,1,1,0,0,shipping_cost
S-007788,Web,1,1,0,0,checkout_friction
S-007789,App,1,1,1,1,
S-007790,Web,1,1,1,1,
S-007791,Web,1,0,0,0,
S-007792,Store,1,1,1,1,
S-007793,Store,1,1,1,1,
S-007794,App,1,1,0,0,payment_fail
S-007795,App,1,1,0,0,shipping_cost
S-007796,Web,1,0,0,0,
S-007797,Store,1,1,0,0,shipping_cost
S-007798,App,1,1,0,0,changed_mind
S-007799,Web,1,1,1,1,
S-007800,Web,1,1,1,1,
S-007801,Web,1,1,1,1,
S-007802,Store,1,1,1,1,
S-007803,Store,1,1,1,1,
S-007804,Web,1,1,1,1,
S-007805,Web,1,1,0,0,shipping_cost
S-007806,Store,1,0,0,0,
S-007807,Web,1,0,0,0,
S-007808,Web,1,1,1,1,
S-007809,App,1,1,1,1,
S-007810,Web,1,0,0,0,
S-007811,App,1,1,0,0,changed_mind
S-007812,Web,1,1,1,1,
S-007813,Web,1,1,0,0,checkout_friction
S-007814,App,1,1,0,0,shipping_cost
S-007815,Web,1,1,0,0,changed_mind
S-007816,App,1,1,1,1,
S-007817,Store,1,0,0,0,
S-007818,Web,1,1,0,0,payment_fail
S-007819,Web,1,1,0,0,payment_fail
S-007820,Web,1,1,0,0,shipping_cost
S-007821,App,1,1,1,1,
S-007822,App,1,1,0,0,payment_fail
S-007823,Store,1,1,1,1,
S-007824,Web,1,0,0,0,
S-007825,Web,1,0,0,0,
S-007826,Web,1,0,0,0,
S-007827,Web,1,0,0,0,
S-007828,App,1,1,0,0,changed_mind
S-007829,App,1,1,1,1,
S-007830,App,1,0,0,0,
S-007831,Web,1,0,0,0,
S-007832,Store,1,1,1,1,
S-007833,App,1,1,0,0,changed_mind
S-007834,App,1,1,1,1,
S-007835,Web,1,1,1,1,
S-007836,App,1,1,1,1,
S-007837,App,1,1,1,1,
S-007838,App,1,1,0,0,stock_out
S-007839,Web,1,1,1,1,
S-007840,Web,1,1,0,0,changed_mind
S-007841,Web,1,1,1,1,
S-007842,Web,1,1,1,1,
S-007843,App,1,1,1,1,
S-007844,Web,1,1,1,1,
S-007845,App,1,1,0,0,changed_mind
S-007846,Web,1,0,0,0,
S-007847,Web,1,1,1,1,
S-007848,Web,1,1,0,0,shipping_cost
S-007849,Web,1,1,0,0,payment_fail
S-007850,Web,1,1,0,0,payment_fail
S-007851,App,1,1,1,1,
S-007852,App,1,1,1,1,
S-007853,App,1,1,1,1,
S-007854,Web,1,0,0,0,
S-007855,App,1,0,0,0,
S-007856,Store,1,0,0,0,
S-007857,App,1,1,1,1,
S-007858,Store,1,1,0,0,changed_mind
S-007859,Web,1,0,0,0,
S-007860,Web,1,1,1,1,
S-007861,App,1,1,1,1,
S-007862,App,1,1,0,0,checkout_friction
S-007863,Store,1,0,0,0,
S-007864,App,1,1,1,1,
S-007865,Web,1,1,0,0,payment_fail
S-007866,App,1,0,0,0,
S-007867,Web,1,1,0,0,changed_mind
S-007868,App,1,1,1,1,
S-007869,Web,1,0,0,0,
S-007870,App,1,0,0,0,
S-007871,App,1,0,0,0,
S-007872,App,1,1,1,1,
S-007873,Web,1,1,0,0,stock_out
S-007874,Web,1,0,0,0,
S-007875,Web,1,0,0,0,
S-007876,Web,1,1,0,0,stock_out
S-007877,App,1,1,1,1,
S-007878,Web,1,1,1,1,
S-007879,Web,1,0,0,0,
S-007880,Web,1,1,1,1,
S-007881,Store,1,0,0,0,
S-007882,Web,1,1,0,0,changed_mind
S-007883,Web,1,1,1,1,
S-007884,App,1,1,1,1,
S-007885,Web,1,1,1,1,
S-007886,App,1,1,0,0,changed_mind
S-007887,Web,1,1,1,1,
S-007888,Web,1,1,0,0,changed_mind
S-007889,Web,1,1,1,1,
S-007890,App,1,0,0,0,
S-007891,Web,1,1,1,1,
S-007892,Web,1,0,0,0,
S-007893,App,1,0,0,0,
S-007894,Web,1,1,1,1,
S-007895,Store,1,1,0,0,checkout_friction
S-007896,Web,1,0,0,0,
S-007897,App,1,1,0,0,payment_fail
S-007898,Web,1,1,1,1,
S-007899,App,1,1,1,1,
S-007900,Web,1,1,0,0,checkout_friction
S-007901,Web,1,0,0,0,
S-007902,App,1,1,0,0,payment_fail
S-007903,Web,1,1,1,1,
S-007904,Web,1,1,0,0,stock_out
S-007905,Web,1,1,1,1,
S-007906,Web,1,0,0,0,
S-007907,Web,1,1,1,1,
S-007908,Web,1,1,1,1,
S-007909,App,1,1,0,0,payment_fail
S-007910,App,1,0,0,0,
S-007911,Web,1,0,0,0,
S-007912,Web,1,0,0,0,
S-007913,App,1,1,0,0,payment_fail
S-007914,Web,1,1,1,1,
S-007915,App,1,1,1,1,
S-007916,App,1,0,0,0,
S-007917,Web,1,1,1,1,
S-007918,Web,1,1,1,1,
S-007919,Web,1,1,0,0,payment_fail
S-007920,Store,1,0,0,0,
S-007921,App,1,0,0,0,
S-007922,Web,1,0,0,0,
S-007923,App,1,1,1,1,
S-007924,Web,1,1,1,1,
S-007925,Web,1,0,0,0,
S-007926,Web,1,1,1,1,
S-007927,Web,1,1,0,0,shipping_cost
S-007928,Store,1,1,1,1,
S-007929,App,1,0,0,0,
S-007930,App,1,1,0,0,shipping_cost
S-007931,App,1,1,0,0,payment_fail
S-007932,App,1,1,1,1,
S-007933,Web,1,1,0,0,shipping_cost
S-007934,Web,1,0,0,0,
S-007935,Store,1,1,1,1,
S-007936,Web,1,1,0,0,shipping_cost
S-007937,Web,1,1,0,0,stock_out
S-007938,Web,1,1,0,0,checkout_friction
S-007939,App,1,1,0,0,changed_mind
S-007940,Store,1,1,1,1,
S-007941,Web,1,0,0,0,
S-007942,App,1,0,0,0,
S-007943,Web,1,1,0,0,payment_fail
S-007944,App,1,1,1,1,
S-007945,App,1,0,0,0,
S-007946,Web,1,1,1,1,
S-007947,App,1,0,0,0,
S-007948,App,1,1,1,1,
S-007949,Web,1,1,1,1,
S-007950,App,1,1,0,0,shipping_cost
S-007951,Web,1,1,0,0,checkout_friction
S-007952,Web,1,1,1,1,
S-007953,Store,1,1,0,0,payment_fail
S-007954,App,1,1,0,0,shipping_cost
S-007955,App,1,1,1,1,
S-007956,App,1,1,0,0,checkout_friction
S-007957,App,1,1,1,1,
S-007958,App,1,1,0,0,checkout_friction
S-007959,App,1,1,0,0,shipping_cost
S-007960,Web,1,0,0,0,
S-007961,App,1,0,0,0,
S-007962,Web,1,1,1,1,
S-007963,App,1,1,0,0,changed_mind
S-007964,Web,1,1,0,0,shipping_cost
S-007965,Web,1,1,0,0,stock_out
S-007966,Web,1,1,0,0,payment_fail
S-007967,Store,1,1,1,1,
S-007968,Web,1,0,0,0,
S-007969,App,1,1,0,0,payment_fail
S-007970,Web,1,1,0,0,changed_mind
S-007971,App,1,1,1,1,
S-007972,App,1,1,0,0,payment_fail
S-007973,Web,1,0,0,0,
S-007974,App,1,0,0,0,
S-007975,Web,1,1,1,1,
S-007976,Web,1,0,0,0,
S-007977,App,1,0,0,0,
S-007978,App,1,0,0,0,
S-007979,App,1,0,0,0,
S-007980,Web,1,1,0,0,changed_mind
S-007981,Web,1,0,0,0,
S-007982,Web,1,1,1,1,
S-007983,Web,1,1,1,1,
S-007984,App,1,0,0,0,
S-007985,Web,1,1,1,1,
S-007986,Web,1,1,0,0,shipping_cost
S-007987,App,1,1,1,1,
S-007988,Web,1,1,1,1,
S-007989,Web,1,1,1,1,
S-007990,App,1,1,1,1,
S-007991,Store,1,1,0,0,checkout_friction
S-007992,Web,1,0,0,0,
S-007993,Web,1,1,1,1,
S-007994,Store,1,1,0,0,stock_out
S-007995,App,1,1,0,0,shipping_cost
S-007996,Web,1,0,0,0,
S-007997,App,1,1,0,0,stock_out
S-007998,Web,1,1,1,1,
S-007999,App,1,0,0,0,
S-008000,Web,1,0,0,0,
S-008001,App,1,0,0,0,
S-008002,App,1,1,1,1,
S-008003,Web,1,1,0,0,payment_fail
S-008004,App,1,1,0,0,shipping_cost
S-008005,App,1,1,1,1,
S-008006,Web,1,1,0,0,payment_fail
S-008007,Web,1,1,1,1,
S-008008,Web,1,1,1,1,
S-008009,Web,1,0,0,0,
S-008010,Store,1,1,1,1,
S-008011,Web,1,0,0,0,
S-008012,App,1,1,1,1,
S-008013,Store,1,0,0,0,
S-008014,App,1,1,0,0,checkout_friction
S-008015,Store,1,1,1,1,
S-008016,Web,1,1,1,1,
S-008017,Web,1,0,0,0,
S-008018,App,1,1,1,1,
S-008019,App,1,1,0,0,stock_out
S-008020,App,1,1,1,1,
S-008021,Web,1,1,1,1,
S-008022,App,1,1,1,1,
S-008023,App,1,1,1,1,
S-008024,Web,1,1,1,1,
S-008025,Web,1,0,0,0,
S-008026,App,1,1,0,0,checkout_friction
S-008027,Store,1,1,0,0,checkout_friction
S-008028,Store,1,1,0,0,checkout_friction
S-008029,App,1,1,0,0,payment_fail
S-008030,App,1,1,1,1,
S-008031,App,1,0,0,0,
S-008032,Web,1,1,0,0,checkout_friction
S-008033,Store,1,1,1,1,
S-008034,Store,1,0,0,0,
S-008035,App,1,0,0,0,
S-008036,Web,1,0,0,0,
S-008037,Web,1,1,1,1,
S-008038,Web,1,0,0,0,
S-008039,App,1,1,1,1,
S-008040,App,1,1,0,0,changed_mind
S-008041,Web,1,1,1,1,
S-008042,App,1,0,0,0,
S-008043,Web,1,0,0,0,
S-008044,App,1,1,1,1,
S-008045,App,1,1,1,1,
S-008046,Web,1,0,0,0,
S-008047,App,1,1,1,1,
S-008048,App,1,0,0,0,
S-008049,App,1,1,1,1,
S-008050,Web,1,1,0,0,shipping_cost
S-008051,Web,1,1,1,1,
S-008052,Web,1,1,1,1,
S-008053,Web,1,0,0,0,
S-008054,Web,1,1,0,0,changed_mind
S-008055,App,1,1,0,0,shipping_cost
S-008056,Web,1,0,0,0,
S-008057,Web,1,0,0,0,
S-008058,Web,1,1,0,0,shipping_cost
S-008059,Web,1,1,1,1,
S-008060,App,1,1,1,1,
S-008061,Web,1,1,0,0,payment_fail
S-008062,App,1,0,0,0,
S-008063,App,1,1,0,0,payment_fail
S-008064,App,1,1,1,1,
S-008065,Web,1,1,1,1,
S-008066,Web,1,1,1,1,
S-008067,Web,1,1,1,1,
S-008068,Web,1,0,0,0,
S-008069,App,1,1,1,1,
S-008070,App,1,1,0,0,shipping_cost
S-008071,Store,1,0,0,0,
S-008072,App,1,1,0,0,checkout_friction
S-008073,App,1,1,0,0,changed_mind
S-008074,Web,1,1,0,0,changed_mind
S-008075,Web,1,1,1,1,
S-008076,Web,1,0,0,0,
S-008077,App,1,1,0,0,shipping_cost
S-008078,Web,1,0,0,0,
S-008079,Web,1,0,0,0,
S-008080,Web,1,1,0,0,shipping_cost
S-008081,App,1,1,0,0,payment_fail
S-008082,App,1,1,1,1,
S-008083,Web,1,1,1,1,
S-008084,App,1,1,0,0,stock_out
S-008085,Web,1,0,0,0,
S-008086,App,1,1,0,0,payment_fail
S-008087,App,1,1,0,0,stock_out
S-008088,Web,1,0,0,0,
S-008089,Web,1,1,1,1,
S-008090,Web,1,0,0,0,
S-008091,App,1,1,1,1,
S-008092,Web,1,0,0,0,
S-008093,Web,1,0,0,0,
S-008094,App,1,1,1,1,
S-008095,Web,1,1,1,1,
S-008096,Web,1,0,0,0,
S-008097,App,1,1,0,0,stock_out
S-008098,Web,1,1,1,1,
S-008099,App,1,1,1,1,
S-008100,App,1,1,1,1,
S-008101,Store,1,1,1,1,
S-008102,Store,1,0,0,0,
S-008103,Web,1,1,0,0,changed_mind
S-008104,App,1,1,0,0,checkout_friction
S-008105,Store,1,1,0,0,shipping_cost
S-008106,Web,1,1,1,1,
S-008107,App,1,0,0,0,
S-008108,App,1,1,0,0,checkout_friction
S-008109,App,1,1,1,1,
S-008110,Web,1,1,0,0,stock_out
S-008111,Web,1,0,0,0,
S-008112,App,1,1,0,0,stock_out
S-008113,Web,1,1,0,0,changed_mind
S-008114,App,1,1,0,0,stock_out
S-008115,Web,1,1,0,0,checkout_friction
S-008116,App,1,1,1,1,
S-008117,App,1,0,0,0,
S-008118,Web,1,1,0,0,shipping_cost
S-008119,Web,1,0,0,0,
S-008120,Web,1,1,0,0,stock_out
S-008121,Web,1,1,1,1,
S-008122,Web,1,1,1,1,
S-008123,App,1,1,1,1,
S-008124,App,1,1,0,0,stock_out
S-008125,Web,1,0,0,0,
S-008126,App,1,1,1,1,
S-008127,Web,1,0,0,0,
S-008128,App,1,0,0,0,
S-008129,Web,1,0,0,0,
S-008130,Web,1,1,1,1,
S-008131,Web,1,1,1,1,
S-008132,Web,1,1,1,1,
S-008133,Web,1,0,0,0,
S-008134,Web,1,1,1,1,
S-008135,Web,1,1,1,1,
S-008136,Web,1,1,1,1,
S-008137,App,1,0,0,0,
S-008138,Web,1,1,0,0,shipping_cost
S-008139,App,1,1,0,0,checkout_friction
S-008140,Web,1,0,0,0,
S-008141,Web,1,1,1,1,
S-008142,Web,1,1,1,1,
S-008143,Web,1,1,1,1,
S-008144,App,1,1,0,0,shipping_cost
S-008145,Web,1,1,0,0,changed_mind
S-008146,App,1,1,1,1,
S-008147,Web,1,1,1,1,
S-008148,Web,1,1,1,1,
S-008149,App,1,0,0,0,
S-008150,App,1,1,0,0,payment_fail
S-008151,Web,1,1,1,1,
S-008152,App,1,0,0,0,
S-008153,Web,1,1,0,0,payment_fail
S-008154,App,1,1,1,1,
S-008155,Web,1,1,1,1,
S-008156,Store,1,1,1,1,
S-008157,Store,1,0,0,0,
S-008158,App,1,0,0,0,
S-008159,App,1,1,1,1,
S-008160,Web,1,1,1,1,
S-008161,Web,1,1,1,1,
S-008162,Web,1,1,0,0,stock_out
S-008163,Web,1,1,1,1,
S-008164,Web,1,0,0,0,
S-008165,Web,1,1,0,0,shipping_cost
S-008166,Web,1,1,1,1,
S-008167,Web,1,1,0,0,shipping_cost
S-008168,Web,1,0,0,0,
S-008169,Web,1,0,0,0,
S-008170,App,1,0,0,0,
S-008171,Store,1,0,0,0,
S-008172,App,1,1,1,1,
S-008173,Web,1,0,0,0,
S-008174,Web,1,1,1,1,
S-008175,Web,1,1,0,0,payment_fail
S-008176,App,1,0,0,0,
S-008177,Web,1,1,1,1,
S-008178,Web,1,1,1,1,
S-008179,Web,1,1,0,0,shipping_cost
S-008180,Web,1,0,0,0,
S-008181,Web,1,0,0,0,
S-008182,Store,1,0,0,0,
S-008183,Web,1,1,1,1,
S-008184,Web,1,1,1,1,
S-008185,App,1,1,1,1,
S-008186,Web,1,1,0,0,stock_out
S-008187,Web,1,1,0,0,checkout_friction
S-008188,Store,1,1,0,0,payment_fail
S-008189,Web,1,1,0,0,changed_mind
S-008190,Web,1,1,0,0,shipping_cost
S-008191,Web,1,1,0,0,changed_mind
S-008192,Web,1,1,0,0,shipping_cost
S-008193,App,1,0,0,0,
S-008194,Store,1,1,1,1,
S-008195,App,1,1,1,1,
S-008196,Web,1,1,0,0,shipping_cost
S-008197,Web,1,1,1,1,
S-008198,App,1,1,0,0,shipping_cost
S-008199,App,1,0,0,0,
S-008200,App,1,1,0,0,changed_mind
S-008201,Web,1,1,0,0,changed_mind
S-008202,Web,1,1,0,0,shipping_cost
S-008203,Web,1,1,1,1,
S-008204,Web,1,1,0,0,stock_out
S-008205,App,1,1,0,0,stock_out
S-008206,Web,1,1,1,1,
S-008207,Web,1,1,0,0,shipping_cost
S-008208,Web,1,1,0,0,stock_out
S-008209,App,1,1,0,0,checkout_friction
S-008210,Web,1,1,1,1,
S-008211,App,1,1,0,0,payment_fail
S-008212,Web,1,1,0,0,changed_mind
S-008213,App,1,1,1,1,
S-008214,Web,1,1,1,1,
S-008215,Store,1,1,1,1,
S-008216,Web,1,1,0,0,shipping_cost
S-008217,Store,1,0,0,0,
S-008218,App,1,1,0,0,stock_out
S-008219,Web,1,1,1,1,
S-008220,App,1,1,0,0,payment_fail
S-008221,Web,1,1,0,0,changed_mind
S-008222,App,1,1,1,1,
S-008223,App,1,1,0,0,payment_fail
S-008224,App,1,1,0,0,changed_mind
S-008225,App,1,1,1,1,
S-008226,Web,1,0,0,0,
S-008227,Web,1,0,0,0,
S-008228,App,1,1,1,1,
S-008229,Web,1,1,1,1,
S-008230,Web,1,1,1,1,
S-008231,App,1,1,0,0,checkout_friction
S-008232,Web,1,1,0,0,shipping_cost
S-008233,Web,1,1,1,1,
S-008234,App,1,0,0,0,
S-008235,Web,1,1,1,1,
S-008236,Store,1,1,1,1,
S-008237,Store,1,0,0,0,
S-008238,Web,1,1,1,1,
S-008239,App,1,0,0,0,
S-008240,App,1,0,0,0,
S-008241,Web,1,0,0,0,
S-008242,Web,1,1,1,1,
S-008243,Store,1,0,0,0,
S-008244,App,1,0,0,0,
S-008245,App,1,0,0,0,
S-008246,App,1,0,0,0,
S-008247,App,1,0,0,0,
S-008248,Web,1,1,0,0,checkout_friction
S-008249,Web,1,0,0,0,
S-008250,App,1,1,1,1,
S-008251,Web,1,0,0,0,
S-008252,Web,1,1,0,0,checkout_friction
S-008253,Web,1,1,0,0,checkout_friction
S-008254,Store,1,1,1,1,
S-008255,Web,1,1,0,0,payment_fail
S-008256,Web,1,1,1,1,
S-008257,App,1,1,0,0,stock_out
S-008258,Store,1,1,1,1,
S-008259,Web,1,1,0,0,payment_fail
S-008260,Web,1,1,1,1,
S-008261,Web,1,0,0,0,
S-008262,App,1,1,0,0,shipping_cost
S-008263,App,1,0,0,0,
S-008264,Web,1,1,1,1,
S-008265,Web,1,1,1,1,
S-008266,Web,1,0,0,0,
S-008267,Web,1,1,0,0,checkout_friction
S-008268,App,1,1,1,1,
S-008269,Web,1,1,0,0,changed_mind
S-008270,Web,1,1,0,0,changed_mind
S-008271,Web,1,0,0,0,
S-008272,Web,1,0,0,0,
S-008273,Web,1,1,0,0,shipping_cost
S-008274,Store,1,1,0,0,stock_out
S-008275,Web,1,0,0,0,
S-008276,Store,1,1,1,1,
S-008277,App,1,1,1,1,
S-008278,Web,1,1,0,0,stock_out
S-008279,App,1,0,0,0,
S-008280,Web,1,1,1,1,
S-008281,App,1,1,0,0,shipping_cost
S-008282,Web,1,1,0,0,checkout_friction
S-008283,Web,1,1,0,0,payment_fail
S-008284,Web,1,1,0,0,payment_fail
S-008285,Web,1,1,1,1,
S-008286,Store,1,1,1,1,
S-008287,App,1,1,0,0,changed_mind
S-008288,App,1,1,0,0,checkout_friction
S-008289,Web,1,1,0,0,payment_fail
S-008290,App,1,1,1,1,
S-008291,Store,1,0,0,0,
S-008292,App,1,1,0,0,payment_fail
S-008293,Web,1,1,1,1,
S-008294,Web,1,1,0,0,payment_fail
S-008295,Web,1,1,0,0,checkout_friction
S-008296,Web,1,1,1,1,
S-008297,App,1,1,0,0,payment_fail
S-008298,App,1,0,0,0,
S-008299,Web,1,1,0,0,changed_mind
S-008300,Web,1,0,0,0,
S-008301,Web,1,1,0,0,checkout_friction
S-008302,Web,1,1,0,0,payment_fail
S-008303,Web,1,1,0,0,changed_mind
S-008304,Web,1,1,1,1,
S-008305,App,1,1,1,1,
S-008306,Web,1,1,0,0,changed_mind
S-008307,App,1,1,0,0,stock_out
S-008308,Web,1,1,0,0,shipping_cost
S-008309,App,1,1,1,1,
S-008310,Store,1,0,0,0,
S-008311,Web,1,1,1,1,
S-008312,Web,1,1,0,0,shipping_cost
S-008313,App,1,1,1,1,
S-008314,Web,1,1,1,1,
S-008315,App,1,1,1,1,
S-008316,App,1,1,1,1,
S-008317,Web,1,1,0,0,payment_fail
S-008318,Web,1,1,0,0,stock_out
S-008319,Web,1,1,0,0,stock_out
S-008320,Web,1,0,0,0,
S-008321,Web,1,1,1,1,
S-008322,Web,1,1,0,0,payment_fail
S-008323,App,1,1,1,1,
S-008324,Web,1,1,1,1,
S-008325,Web,1,1,1,1,
S-008326,Web,1,1,1,1,
S-008327,Web,1,0,0,0,
S-008328,Web,1,0,0,0,
S-008329,Web,1,1,0,0,shipping_cost
S-008330,Web,1,1,1,1,
S-008331,Web,1,1,1,1,
S-008332,Web,1,1,1,1,
S-008333,Web,1,1,0,0,checkout_friction
S-008334,App,1,0,0,0,
S-008335,Web,1,1,0,0,payment_fail
S-008336,Web,1,1,0,0,shipping_cost
S-008337,Web,1,1,1,1,
S-008338,App,1,0,0,0,
S-008339,App,1,1,0,0,changed_mind
S-008340,Store,1,1,1,1,
S-008341,Web,1,1,0,0,shipping_cost
S-008342,Web,1,1,0,0,payment_fail
S-008343,Web,1,1,0,0,shipping_cost
S-008344,Web,1,1,0,0,payment_fail
S-008345,App,1,0,0,0,
S-008346,Web,1,1,1,1,
S-008347,App,1,1,0,0,changed_mind
S-008348,Web,1,1,0,0,stock_out
S-008349,Web,1,0,0,0,
S-008350,Web,1,1,0,0,changed_mind
S-008351,App,1,1,1,1,
S-008352,Web,1,1,0,0,payment_fail
S-008353,Web,1,1,0,0,stock_out
S-008354,Web,1,1,1,1,
S-008355,App,1,1,1,1,
S-008356,Web,1,1,1,1,
S-008357,Store,1,0,0,0,
S-008358,Web,1,1,1,1,
S-008359,App,1,1,0,0,payment_fail
S-008360,Web,1,1,0,0,stock_out
S-008361,Store,1,1,0,0,shipping_cost
S-008362,Web,1,1,0,0,stock_out
S-008363,Store,1,1,0,0,payment_fail
S-008364,App,1,1,1,1,
S-008365,App,1,1,1,1,
S-008366,App,1,1,1,1,
S-008367,Web,1,0,0,0,
S-008368,Web,1,1,0,0,payment_fail
S-008369,Web,1,0,0,0,
S-008370,App,1,1,0,0,shipping_cost
S-008371,Web,1,1,1,1,
S-008372,Web,1,1,1,1,
S-008373,Web,1,0,0,0,
S-008374,App,1,1,1,1,
S-008375,Web,1,1,1,1,
S-008376,Web,1,1,1,1,
S-008377,Web,1,1,0,0,payment_fail
S-008378,Web,1,0,0,0,
S-008379,Web,1,1,0,0,payment_fail
S-008380,Web,1,1,0,0,stock_out
S-008381,Web,1,0,0,0,
S-008382,Web,1,1,0,0,stock_out
S-008383,Web,1,0,0,0,
S-008384,Web,1,0,0,0,
S-008385,App,1,0,0,0,
S-008386,Web,1,1,1,1,
S-008387,Web,1,1,1,1,
S-008388,Store,1,0,0,0,
S-008389,App,1,1,0,0,payment_fail
S-008390,Web,1,0,0,0,
S-008391,Web,1,1,1,1,
S-008392,App,1,0,0,0,
S-008393,Web,1,1,1,1,
S-008394,App,1,1,0,0,checkout_friction
S-008395,App,1,1,0,0,stock_out
S-008396,App,1,0,0,0,
S-008397,App,1,1,0,0,checkout_friction
S-008398,App,1,1,0,0,changed_mind
S-008399,Web,1,0,0,0,
S-008400,Web,1,0,0,0,
S-008401,App,1,1,1,1,
S-008402,Store,1,1,0,0,changed_mind
S-008403,App,1,1,1,1,
S-008404,Web,1,0,0,0,
S-008405,Web,1,1,0,0,changed_mind
S-008406,Web,1,1,1,1,
S-008407,App,1,1,1,1,
S-008408,Web,1,1,0,0,changed_mind
S-008409,Web,1,0,0,0,
S-008410,App,1,1,1,1,
S-008411,Web,1,0,0,0,
S-008412,App,1,1,0,0,checkout_friction
S-008413,Web,1,1,0,0,payment_fail
S-008414,App,1,0,0,0,
S-008415,Web,1,1,0,0,shipping_cost
S-008416,App,1,1,0,0,payment_fail
S-008417,App,1,0,0,0,
S-008418,Web,1,1,1,1,
S-008419,Web,1,1,1,1,
S-008420,Web,1,1,0,0,checkout_friction
S-008421,App,1,0,0,0,
S-008422,Web,1,1,1,1,
S-008423,App,1,0,0,0,
S-008424,Web,1,0,0,0,
S-008425,Web,1,1,0,0,shipping_cost
S-008426,Web,1,1,1,1,
S-008427,App,1,1,0,0,changed_mind
S-008428,App,1,1,0,0,stock_out
S-008429,Store,1,1,0,0,checkout_friction
S-008430,App,1,1,0,0,payment_fail
S-008431,Web,1,0,0,0,
S-008432,Web,1,1,1,1,
S-008433,App,1,1,1,1,
S-008434,App,1,0,0,0,
S-008435,Web,1,1,1,1,
S-008436,Store,1,1,1,1,
S-008437,App,1,0,0,0,
S-008438,Store,1,1,1,1,
S-008439,Web,1,0,0,0,
S-008440,App,1,1,0,0,stock_out
S-008441,Web,1,1,1,1,
S-008442,App,1,0,0,0,
S-008443,App,1,1,1,1,
S-008444,App,1,1,1,1,
S-008445,Web,1,1,1,1,
S-008446,Web,1,1,0,0,checkout_friction
S-008447,Web,1,0,0,0,
S-008448,App,1,0,0,0,
S-008449,Web,1,1,0,0,payment_fail
S-008450,App,1,0,0,0,
S-008451,Store,1,1,1,1,
S-008452,App,1,1,1,1,
S-008453,Web,1,1,1,1,
S-008454,Web,1,1,1,1,
S-008455,Store,1,1,1,1,
S-008456,Web,1,1,0,0,stock_out
S-008457,Web,1,1,0,0,shipping_cost
S-008458,App,1,1,1,1,
S-008459,App,1,1,1,1,
S-008460,App,1,1,1,1,
S-008461,Web,1,0,0,0,
S-008462,App,1,0,0,0,
S-008463,Web,1,1,1,1,
S-008464,App,1,1,0,0,changed_mind
S-008465,Web,1,1,0,0,changed_mind
S-008466,App,1,1,0,0,payment_fail
S-008467,Web,1,1,1,1,
S-008468,Web,1,1,1,1,
S-008469,Web,1,1,1,1,
S-008470,App,1,0,0,0,
S-008471,App,1,1,0,0,payment_fail
S-008472,Web,1,1,1,1,
S-008473,Store,1,0,0,0,
S-008474,Web,1,1,1,1,
S-008475,Web,1,0,0,0,
S-008476,Web,1,1,1,1,
S-008477,App,1,0,0,0,
S-008478,App,1,1,0,0,payment_fail
S-008479,Web,1,1,1,1,
S-008480,App,1,1,0,0,payment_fail
S-008481,Web,1,0,0,0,
S-008482,Web,1,1,1,1,
S-008483,Web,1,1,0,0,changed_mind
S-008484,Store,1,0,0,0,
S-008485,Web,1,1,0,0,shipping_cost
S-008486,App,1,1,1,1,
S-008487,Web,1,1,1,1,
S-008488,App,1,1,1,1,
S-008489,Web,1,1,0,0,payment_fail
S-008490,App,1,1,1,1,
S-008491,App,1,0,0,0,
S-008492,Web,1,0,0,0,
S-008493,Web,1,0,0,0,
S-008494,App,1,1,0,0,changed_mind
S-008495,Web,1,0,0,0,
S-008496,Web,1,1,1,1,
S-008497,App,1,1,1,1,
S-008498,App,1,1,0,0,changed_mind
S-008499,App,1,0,0,0,
S-008500,Web,1,1,1,1,
S-008501,Web,1,1,1,1,
S-008502,Web,1,0,0,0,
S-008503,Web,1,1,1,1,
S-008504,App,1,1,1,1,
S-008505,Web,1,0,0,0,
S-008506,Web,1,1,1,1,
S-008507,App,1,1,0,0,changed_mind
S-008508,Web,1,1,1,1,
S-008509,Web,1,0,0,0,
S-008510,Web,1,1,0,0,checkout_friction
S-008511,App,1,1,0,0,shipping_cost
S-008512,Web,1,0,0,0,
S-008513,App,1,1,1,1,
S-008514,Web,1,1,0,0,stock_out
S-008515,Web,1,0,0,0,
S-008516,Web,1,1,0,0,payment_fail
S-008517,App,1,1,0,0,stock_out
S-008518,Web,1,1,1,1,
S-008519,Store,1,1,1,1,
S-008520,Web,1,0,0,0,
S-008521,App,1,1,0,0,checkout_friction
S-008522,Web,1,1,1,1,
S-008523,Web,1,0,0,0,
S-008524,App,1,1,1,1,
S-008525,App,1,1,1,1,
S-008526,Web,1,1,0,0,stock_out
S-008527,App,1,1,0,0,changed_mind
S-008528,Web,1,1,0,0,changed_mind
S-008529,Web,1,1,1,1,
S-008530,Web,1,1,1,1,
S-008531,Web,1,1,1,1,
S-008532,Web,1,0,0,0,
S-008533,Store,1,1,1,1,
S-008534,Web,1,1,1,1,
S-008535,Web,1,0,0,0,
S-008536,App,1,1,1,1,
S-008537,App,1,1,1,1,
S-008538,Web,1,1,0,0,shipping_cost
S-008539,Store,1,1,1,1,
S-008540,Web,1,0,0,0,
S-008541,Web,1,1,1,1,
S-008542,App,1,1,1,1,
S-008543,Web,1,1,0,0,changed_mind
S-008544,Web,1,1,0,0,stock_out
S-008545,Web,1,1,1,1,
S-008546,App,1,1,0,0,checkout_friction
S-008547,Web,1,1,1,1,
S-008548,Web,1,1,0,0,shipping_cost
S-008549,Web,1,0,0,0,
S-008550,App,1,1,0,0,payment_fail
S-008551,App,1,1,1,1,
S-008552,Web,1,1,1,1,
S-008553,App,1,1,1,1,
S-008554,App,1,1,1,1,
S-008555,Web,1,1,1,1,
S-008556,Web,1,1,0,0,changed_mind
S-008557,Web,1,1,0,0,payment_fail
S-008558,App,1,1,0,0,payment_fail
S-008559,Web,1,1,1,1,
S-008560,Web,1,1,0,0,shipping_cost
S-008561,Web,1,1,0,0,stock_out
S-008562,Web,1,1,1,1,
S-008563,App,1,1,1,1,
S-008564,App,1,1,1,1,
S-008565,App,1,1,0,0,payment_fail
S-008566,Web,1,1,1,1,
S-008567,Web,1,0,0,0,
S-008568,App,1,0,0,0,
S-008569,App,1,1,0,0,payment_fail
S-008570,App,1,0,0,0,
S-008571,App,1,1,0,0,payment_fail
S-008572,App,1,1,1,1,
S-008573,Web,1,1,1,1,
S-008574,Web,1,1,1,1,
S-008575,Web,1,0,0,0,
S-008576,App,1,1,0,0,checkout_friction
S-008577,App,1,1,0,0,changed_mind
S-008578,App,1,1,0,0,payment_fail
S-008579,Web,1,1,0,0,payment_fail
S-008580,Web,1,1,1,1,
S-008581,Web,1,1,0,0,changed_mind
S-008582,Web,1,1,1,1,
S-008583,Web,1,0,0,0,
S-008584,App,1,0,0,0,
S-008585,App,1,1,0,0,shipping_cost
S-008586,Web,1,0,0,0,
S-008587,App,1,0,0,0,
S-008588,Web,1,0,0,0,
S-008589,App,1,1,1,1,
S-008590,App,1,0,0,0,
S-008591,Web,1,0,0,0,
S-008592,App,1,1,0,0,changed_mind
S-008593,Web,1,1,0,0,shipping_cost
S-008594,Web,1,1,0,0,checkout_friction
S-008595,Web,1,1,0,0,shipping_cost
S-008596,Web,1,1,0,0,changed_mind
S-008597,Web,1,0,0,0,
S-008598,Web,1,1,1,1,
S-008599,Web,1,1,0,0,payment_fail
S-008600,App,1,1,1,1,
S-008601,Web,1,1,1,1,
S-008602,App,1,1,1,1,
S-008603,Store,1,1,1,1,
S-008604,Web,1,1,0,0,checkout_friction
S-008605,Web,1,0,0,0,
S-008606,App,1,1,1,1,
S-008607,Web,1,1,0,0,checkout_friction
S-008608,Web,1,1,1,1,
S-008609,App,1,1,0,0,stock_out
S-008610,Web,1,0,0,0,
S-008611,Web,1,0,0,0,
S-008612,App,1,0,0,0,
S-008613,Web,1,1,1,1,
S-008614,Web,1,1,1,1,
S-008615,App,1,1,1,1,
S-008616,Store,1,0,0,0,
S-008617,App,1,0,0,0,
S-008618,Web,1,1,0,0,shipping_cost
S-008619,Web,1,1,0,0,payment_fail
S-008620,Web,1,1,1,1,
S-008621,Web,1,1,0,0,stock_out
S-008622,App,1,1,0,0,stock_out
S-008623,App,1,1,1,1,
S-008624,Web,1,0,0,0,
S-008625,App,1,0,0,0,
S-008626,Web,1,1,1,1,
S-008627,Web,1,1,0,0,payment_fail
S-008628,Web,1,1,0,0,shipping_cost
S-008629,Web,1,0,0,0,
S-008630,App,1,1,1,1,
S-008631,Web,1,1,1,1,
S-008632,App,1,1,0,0,shipping_cost
S-008633,App,1,1,1,1,
S-008634,App,1,0,0,0,
S-008635,Store,1,1,1,1,
S-008636,App,1,1,1,1,
S-008637,App,1,0,0,0,
S-008638,Store,1,1,0,0,stock_out
S-008639,Web,1,1,1,1,
S-008640,Store,1,0,0,0,
S-008641,Web,1,1,1,1,
S-008642,App,1,0,0,0,
S-008643,Store,1,1,1,1,
S-008644,App,1,1,1,1,
S-008645,App,1,0,0,0,
S-008646,Web,1,1,1,1,
S-008647,App,1,0,0,0,
S-008648,Web,1,1,0,0,changed_mind
S-008649,Web,1,1,1,1,
S-008650,App,1,1,0,0,changed_mind
S-008651,App,1,1,0,0,changed_mind
S-008652,Web,1,0,0,0,
S-008653,App,1,1,1,1,
S-008654,Web,1,1,0,0,payment_fail
S-008655,App,1,0,0,0,
S-008656,Web,1,0,0,0,
S-008657,Store,1,1,1,1,
S-008658,Web,1,1,1,1,
S-008659,App,1,1,1,1,
S-008660,App,1,0,0,0,
S-008661,Web,1,0,0,0,
S-008662,App,1,1,0,0,shipping_cost
S-008663,App,1,1,1,1,
S-008664,Web,1,0,0,0,
S-008665,Web,1,1,0,0,payment_fail
S-008666,Web,1,1,0,0,stock_out
S-008667,Store,1,0,0,0,
S-008668,Web,1,0,0,0,
S-008669,Web,1,1,1,1,
S-008670,Web,1,0,0,0,
S-008671,Web,1,1,0,0,shipping_cost
S-008672,Web,1,1,1,1,
S-008673,Web,1,1,1,1,
S-008674,Web,1,1,1,1,
S-008675,Web,1,0,0,0,
S-008676,Web,1,0,0,0,
S-008677,App,1,1,1,1,
S-008678,Web,1,1,0,0,shipping_cost
S-008679,App,1,0,0,0,
S-008680,App,1,1,0,0,payment_fail
S-008681,Web,1,0,0,0,
S-008682,App,1,0,0,0,
S-008683,Store,1,1,1,1,
S-008684,Web,1,0,0,0,
S-008685,App,1,1,0,0,payment_fail
S-008686,App,1,1,1,1,
S-008687,App,1,0,0,0,
S-008688,App,1,0,0,0,
S-008689,Web,1,1,1,1,
S-008690,App,1,1,1,1,
S-008691,Web,1,1,1,1,
S-008692,Web,1,1,1,1,
S-008693,Web,1,1,1,1,
S-008694,App,1,0,0,0,
S-008695,Web,1,1,0,0,changed_mind
S-008696,Web,1,1,0,0,payment_fail
S-008697,Web,1,1,1,1,
S-008698,App,1,0,0,0,
S-008699,Web,1,1,1,1,
S-008700,App,1,1,1,1,
S-008701,App,1,1,0,0,payment_fail
S-008702,App,1,1,0,0,stock_out
S-008703,Web,1,1,1,1,
S-008704,Web,1,1,1,1,
S-008705,App,1,1,1,1,
S-008706,App,1,1,1,1,
S-008707,Store,1,1,1,1,
S-008708,Web,1,0,0,0,
S-008709,App,1,0,0,0,
S-008710,Web,1,1,0,0,shipping_cost
S-008711,App,1,1,0,0,shipping_cost
S-008712,Web,1,1,1,1,
S-008713,Web,1,1,0,0,shipping_cost
S-008714,Web,1,1,1,1,
S-008715,Web,1,1,1,1,
S-008716,App,1,0,0,0,
S-008717,Web,1,1,0,0,stock_out
S-008718,App,1,0,0,0,
S-008719,Store,1,0,0,0,
S-008720,Web,1,1,0,0,shipping_cost
S-008721,Web,1,0,0,0,
S-008722,Web,1,1,1,1,
S-008723,App,1,1,0,0,stock_out
S-008724,Web,1,1,1,1,
S-008725,Web,1,1,0,0,checkout_friction
S-008726,Web,1,1,1,1,
S-008727,Web,1,1,1,1,
S-008728,Web,1,0,0,0,
S-008729,Web,1,1,1,1,
S-008730,Web,1,0,0,0,
S-008731,Web,1,1,1,1,
S-008732,Web,1,1,0,0,changed_mind
S-008733,App,1,1,1,1,
S-008734,Web,1,0,0,0,
S-008735,Web,1,0,0,0,
S-008736,App,1,0,0,0,
S-008737,App,1,1,1,1,
S-008738,Web,1,1,0,0,shipping_cost
S-008739,Web,1,0,0,0,
S-008740,App,1,0,0,0,
S-008741,Web,1,1,1,1,
S-008742,Web,1,0,0,0,
S-008743,Web,1,1,0,0,stock_out
S-008744,Web,1,1,1,1,
S-008745,App,1,1,1,1,
S-008746,Web,1,0,0,0,
S-008747,Web,1,0,0,0,
S-008748,Web,1,0,0,0,
S-008749,App,1,1,1,1,
S-008750,Web,1,0,0,0,
S-008751,Web,1,1,0,0,shipping_cost
S-008752,App,1,1,1,1,
S-008753,Web,1,1,1,1,
S-008754,Web,1,0,0,0,
S-008755,App,1,1,1,1,
S-008756,App,1,1,0,0,shipping_cost
S-008757,Web,1,0,0,0,
S-008758,Web,1,1,1,1,
S-008759,App,1,1,1,1,
S-008760,Web,1,1,1,1,
S-008761,App,1,0,0,0,
S-008762,Web,1,0,0,0,
S-008763,Web,1,0,0,0,
S-008764,Web,1,1,1,1,
S-008765,Web,1,1,1,1,
S-008766,Web,1,1,1,1,
S-008767,Web,1,0,0,0,
S-008768,Web,1,1,0,0,changed_mind
S-008769,Store,1,1,1,1,
S-008770,Web,1,1,1,1,
S-008771,Web,1,0,0,0,
S-008772,App,1,1,0,0,shipping_cost
S-008773,Web,1,1,1,1,
S-008774,Web,1,1,0,0,payment_fail
S-008775,Web,1,1,0,0,shipping_cost
S-008776,Web,1,1,1,1,
S-008777,App,1,1,1,1,
S-008778,Web,1,0,0,0,
S-008779,Web,1,0,0,0,
S-008780,App,1,1,1,1,
S-008781,App,1,1,1,1,
S-008782,Web,1,0,0,0,
S-008783,Web,1,0,0,0,
S-008784,Web,1,1,0,0,payment_fail
S-008785,Web,1,1,0,0,shipping_cost
S-008786,App,1,1,1,1,
S-008787,App,1,0,0,0,
S-008788,Web,1,0,0,0,
S-008789,App,1,1,1,1,
S-008790,Web,1,0,0,0,
S-008791,App,1,1,0,0,changed_mind
S-008792,Web,1,1,1,1,
S-008793,Store,1,1,1,1,
S-008794,Store,1,0,0,0,
S-008795,Store,1,1,1,1,
S-008796,Web,1,1,1,1,
S-008797,Web,1,1,0,0,checkout_friction
S-008798,Web,1,1,0,0,payment_fail
S-008799,App,1,1,1,1,
S-008800,App,1,1,0,0,changed_mind
S-008801,Web,1,1,0,0,shipping_cost
S-008802,Web,1,0,0,0,
S-008803,App,1,1,1,1,
S-008804,App,1,1,0,0,payment_fail
S-008805,App,1,1,0,0,payment_fail
S-008806,App,1,1,0,0,payment_fail
S-008807,App,1,1,1,1,
S-008808,App,1,0,0,0,
S-008809,Web,1,1,1,1,
S-008810,Store,1,1,0,0,payment_fail
S-008811,Web,1,0,0,0,
S-008812,App,1,1,1,1,
S-008813,App,1,1,1,1,
S-008814,App,1,1,0,0,payment_fail
S-008815,App,1,1,1,1,
S-008816,Web,1,1,1,1,
S-008817,Web,1,1,1,1,
S-008818,App,1,1,1,1,
S-008819,Web,1,1,1,1,
S-008820,Store,1,1,1,1,
S-008821,Web,1,1,0,0,shipping_cost
S-008822,Web,1,1,0,0,changed_mind
S-008823,Web,1,1,1,1,
S-008824,App,1,1,0,0,payment_fail
S-008825,App,1,1,0,0,payment_fail
S-008826,Web,1,1,0,0,payment_fail
S-008827,Web,1,1,0,0,changed_mind
S-008828,App,1,0,0,0,
S-008829,Web,1,1,0,0,shipping_cost
S-008830,Web,1,1,0,0,changed_mind
S-008831,App,1,1,1,1,
S-008832,App,1,1,0,0,payment_fail
S-008833,Web,1,1,0,0,payment_fail
S-008834,Web,1,1,1,1,
S-008835,Web,1,0,0,0,
S-008836,App,1,1,1,1,
S-008837,Web,1,1,0,0,checkout_friction
S-008838,Store,1,1,1,1,
S-008839,Web,1,1,0,0,payment_fail
S-008840,Web,1,1,0,0,payment_fail
S-008841,Web,1,1,1,1,
S-008842,Web,1,1,1,1,
S-008843,App,1,1,1,1,
S-008844,App,1,1,0,0,payment_fail
S-008845,App,1,0,0,0,
S-008846,App,1,1,0,0,checkout_friction
S-008847,Web,1,1,1,1,
S-008848,App,1,1,1,1,
S-008849,Store,1,0,0,0,
S-008850,App,1,0,0,0,
S-008851,App,1,0,0,0,
S-008852,App,1,1,1,1,
S-008853,App,1,1,1,1,
S-008854,Web,1,1,1,1,
S-008855,Web,1,0,0,0,
S-008856,Web,1,1,1,1,
S-008857,App,1,1,1,1,
S-008858,Web,1,1,0,0,changed_mind
S-008859,App,1,1,0,0,changed_mind
S-008860,Web,1,1,1,1,
S-008861,Web,1,1,0,0,checkout_friction
S-008862,App,1,1,1,1,
S-008863,Web,1,1,1,1,
S-008864,Store,1,1,0,0,payment_fail
S-008865,Web,1,0,0,0,
S-008866,Web,1,0,0,0,
S-008867,App,1,1,1,1,
S-008868,App,1,1,0,0,checkout_friction
S-008869,App,1,0,0,0,
S-008870,Web,1,1,0,0,payment_fail
S-008871,Web,1,1,0,0,changed_mind
S-008872,Web,1,1,1,1,
S-008873,Web,1,1,0,0,shipping_cost
S-008874,App,1,1,1,1,
S-008875,Web,1,1,0,0,shipping_cost
S-008876,Web,1,1,1,1,
S-008877,Web,1,1,1,1,
S-008878,Web,1,0,0,0,
S-008879,Web,1,1,1,1,
S-008880,Web,1,1,1,1,
S-008881,Web,1,1,0,0,checkout_friction
S-008882,App,1,0,0,0,
S-008883,Web,1,1,0,0,payment_fail
S-008884,App,1,0,0,0,
S-008885,Web,1,0,0,0,
S-008886,Store,1,1,1,1,
S-008887,App,1,0,0,0,
S-008888,Web,1,1,1,1,
S-008889,Web,1,1,0,0,checkout_friction
S-008890,Store,1,1,1,1,
S-008891,App,1,0,0,0,
S-008892,Web,1,1,0,0,shipping_cost
S-008893,App,1,1,0,0,changed_mind
S-008894,App,1,1,0,0,checkout_friction
S-008895,Web,1,1,0,0,payment_fail
S-008896,App,1,0,0,0,
S-008897,App,1,0,0,0,
S-008898,Store,1,1,1,1,
S-008899,Web,1,0,0,0,
S-008900,Web,1,0,0,0,
S-008901,Web,1,0,0,0,
S-008902,App,1,1,0,0,checkout_friction
S-008903,Web,1,1,1,1,
S-008904,Web,1,1,1,1,
S-008905,Web,1,1,0,0,changed_mind
S-008906,Store,1,1,1,1,
S-008907,Web,1,1,1,1,
S-008908,App,1,1,1,1,
S-008909,App,1,1,1,1,
S-008910,App,1,1,1,1,
S-008911,Web,1,1,1,1,
S-008912,Web,1,1,1,1,
S-008913,App,1,1,1,1,
S-008914,App,1,1,1,1,
S-008915,App,1,0,0,0,
S-008916,App,1,1,0,0,stock_out
S-008917,Web,1,1,0,0,payment_fail
S-008918,Web,1,1,1,1,
S-008919,Web,1,0,0,0,
S-008920,Web,1,1,1,1,
S-008921,App,1,1,0,0,changed_mind
S-008922,Web,1,1,1,1,
S-008923,App,1,1,1,1,
S-008924,Web,1,0,0,0,
S-008925,Web,1,0,0,0,
S-008926,Web,1,1,1,1,
S-008927,Web,1,1,1,1,
S-008928,Web,1,0,0,0,
S-008929,Web,1,0,0,0,
S-008930,App,1,1,0,0,changed_mind
S-008931,Web,1,0,0,0,
S-008932,App,1,1,0,0,shipping_cost
S-008933,App,1,1,0,0,payment_fail
S-008934,Web,1,1,1,1,
S-008935,Store,1,0,0,0,
S-008936,App,1,1,1,1,
S-008937,App,1,1,1,1,
S-008938,Web,1,0,0,0,
S-008939,Web,1,1,1,1,
S-008940,Web,1,1,0,0,payment_fail
S-008941,Web,1,1,1,1,
S-008942,Web,1,1,1,1,
S-008943,Web,1,1,1,1,
S-008944,Store,1,1,1,1,
S-008945,App,1,0,0,0,
S-008946,Web,1,1,1,1,
S-008947,App,1,1,1,1,
S-008948,Web,1,1,0,0,checkout_friction
S-008949,Web,1,1,1,1,
S-008950,Web,1,1,0,0,payment_fail
S-008951,App,1,0,0,0,
S-008952,App,1,1,1,1,
S-008953,Web,1,1,0,0,stock_out
S-008954,Web,1,0,0,0,
S-008955,App,1,1,1,1,
S-008956,Store,1,0,0,0,
S-008957,App,1,0,0,0,
S-008958,Web,1,0,0,0,
S-008959,Web,1,1,1,1,
S-008960,Web,1,1,0,0,checkout_friction
S-008961,App,1,1,1,1,
S-008962,Web,1,1,0,0,payment_fail
S-008963,App,1,1,0,0,payment_fail
S-008964,App,1,1,0,0,changed_mind
S-008965,App,1,0,0,0,
S-008966,Web,1,1,0,0,payment_fail
S-008967,Web,1,1,0,0,changed_mind
S-008968,App,1,0,0,0,
S-008969,App,1,1,1,1,
S-008970,Web,1,0,0,0,
S-008971,App,1,1,1,1,
S-008972,App,1,1,1,1,
S-008973,Web,1,1,0,0,changed_mind
S-008974,App,1,0,0,0,
S-008975,App,1,1,1,1,
S-008976,Store,1,1,1,1,
S-008977,Web,1,1,1,1,
S-008978,Web,1,1,1,1,
S-008979,App,1,1,0,0,changed_mind
S-008980,Web,1,1,0,0,shipping_cost
S-008981,Store,1,1,1,1,
S-008982,App,1,0,0,0,
S-008983,Web,1,0,0,0,
S-008984,Web,1,1,0,0,changed_mind
S-008985,Web,1,1,0,0,changed_mind
S-008986,Web,1,1,0,0,payment_fail
S-008987,Web,1,0,0,0,
S-008988,App,1,1,1,1,
S-008989,Web,1,0,0,0,
S-008990,Web,1,1,0,0,changed_mind
S-008991,Store,1,1,0,0,checkout_friction
S-008992,Web,1,1,1,1,
S-008993,App,1,0,0,0,
S-008994,Store,1,0,0,0,
S-008995,Web,1,1,0,0,changed_mind
S-008996,Store,1,1,1,1,
S-008997,Web,1,1,1,1,
S-008998,App,1,0,0,0,
S-008999,App,1,1,1,1,
S-009000,Store,1,1,1,1,
S-009001,Store,1,1,0,0,shipping_cost
S-009002,App,1,1,1,1,
S-009003,Web,1,1,0,0,shipping_cost
S-009004,Store,1,0,0,0,
S-009005,Web,1,1,1,1,
S-009006,Web,1,1,0,0,payment_fail
S-009007,Web,1,1,1,1,
S-009008,App,1,0,0,0,
S-009009,Web,1,1,1,1,
S-009010,Web,1,0,0,0,
S-009011,Web,1,1,1,1,
S-009012,App,1,0,0,0,
S-009013,Web,1,1,0,0,payment_fail
S-009014,Web,1,1,1,1,
S-009015,Web,1,1,0,0,payment_fail
S-009016,Web,1,1,1,1,
S-009017,App,1,0,0,0,
S-009018,App,1,1,1,1,
S-009019,Store,1,1,0,0,checkout_friction
S-009020,App,1,1,1,1,
S-009021,Web,1,1,1,1,
S-009022,Web,1,0,0,0,
S-009023,Store,1,1,1,1,
S-009024,App,1,0,0,0,
S-009025,Store,1,0,0,0,
S-009026,Web,1,1,1,1,
S-009027,Store,1,1,1,1,
S-009028,App,1,0,0,0,
S-009029,Web,1,0,0,0,
S-009030,Web,1,1,0,0,payment_fail
S-009031,Web,1,1,0,0,stock_out
S-009032,App,1,1,1,1,
S-009033,App,1,1,1,1,
S-009034,Web,1,1,1,1,
S-009035,App,1,1,0,0,payment_fail
S-009036,App,1,1,1,1,
S-009037,Web,1,0,0,0,
S-009038,App,1,1,1,1,
S-009039,App,1,1,1,1,
S-009040,Web,1,1,1,1,
S-009041,Web,1,0,0,0,
S-009042,Store,1,1,1,1,
S-009043,Web,1,1,1,1,
S-009044,Web,1,0,0,0,
S-009045,App,1,1,0,0,shipping_cost
S-009046,Web,1,1,0,0,shipping_cost
S-009047,Web,1,0,0,0,
S-009048,Web,1,0,0,0,
S-009049,App,1,0,0,0,
S-009050,Web,1,1,1,1,
S-009051,Web,1,1,1,1,
S-009052,Web,1,1,1,1,
S-009053,Web,1,1,0,0,shipping_cost
S-009054,App,1,1,1,1,
S-009055,Web,1,0,0,0,
S-009056,Web,1,0,0,0,
S-009057,Web,1,0,0,0,
S-009058,Store,1,1,1,1,
S-009059,Store,1,1,1,1,
S-009060,Web,1,1,0,0,stock_out
S-009061,App,1,0,0,0,
S-009062,Web,1,1,0,0,checkout_friction
S-009063,Web,1,1,1,1,
S-009064,Web,1,1,1,1,
S-009065,Web,1,1,0,0,checkout_friction
S-009066,Web,1,1,0,0,payment_fail
S-009067,Store,1,0,0,0,
S-009068,Web,1,1,1,1,
S-009069,App,1,1,1,1,
S-009070,App,1,0,0,0,
S-009071,Store,1,1,0,0,stock_out
S-009072,Web,1,1,1,1,
S-009073,Web,1,1,1,1,
S-009074,Web,1,1,1,1,
S-009075,Store,1,1,0,0,payment_fail
S-009076,Web,1,1,0,0,checkout_friction
S-009077,App,1,1,1,1,
S-009078,App,1,0,0,0,
S-009079,Web,1,1,1,1,
S-009080,Web,1,1,1,1,
S-009081,Web,1,0,0,0,
S-009082,App,1,1,1,1,
S-009083,Web,1,1,1,1,
S-009084,Web,1,0,0,0,
S-009085,Web,1,0,0,0,
S-009086,Web,1,1,0,0,changed_mind
S-009087,Web,1,1,1,1,
S-009088,Web,1,1,1,1,
S-009089,Web,1,0,0,0,
S-009090,Web,1,1,1,1,
S-009091,Web,1,0,0,0,
S-009092,Web,1,1,0,0,shipping_cost
S-009093,Store,1,1,0,0,payment_fail
S-009094,Web,1,0,0,0,
S-009095,Web,1,1,0,0,payment_fail
S-009096,Web,1,0,0,0,
S-009097,Web,1,1,0,0,payment_fail
S-009098,App,1,1,0,0,checkout_friction
S-009099,App,1,1,0,0,stock_out
S-009100,App,1,1,1,1,
S-009101,App,1,0,0,0,
S-009102,App,1,0,0,0,
S-009103,Web,1,1,1,1,
S-009104,Web,1,0,0,0,
S-009105,Web,1,0,0,0,
S-009106,Web,1,1,0,0,checkout_friction
S-009107,Web,1,1,0,0,payment_fail
S-009108,Store,1,1,1,1,
S-009109,App,1,1,1,1,
S-009110,App,1,1,0,0,changed_mind
S-009111,Web,1,1,1,1,
S-009112,App,1,1,1,1,
S-009113,App,1,1,0,0,payment_fail
S-009114,Web,1,1,1,1,
S-009115,App,1,1,1,1,
S-009116,Web,1,1,0,0,changed_mind
S-009117,App,1,0,0,0,
S-009118,Web,1,0,0,0,
S-009119,Web,1,1,1,1,
S-009120,Web,1,1,1,1,
S-009121,Store,1,1,1,1,
S-009122,App,1,1,0,0,shipping_cost
S-009123,Web,1,1,1,1,
S-009124,App,1,1,1,1,
S-009125,Store,1,0,0,0,
S-009126,App,1,0,0,0,
S-009127,App,1,0,0,0,
S-009128,Web,1,0,0,0,
S-009129,App,1,0,0,0,
S-009130,App,1,0,0,0,
S-009131,Store,1,1,0,0,shipping_cost
S-009132,Web,1,1,1,1,
S-009133,Web,1,1,1,1,
S-009134,Web,1,0,0,0,
S-009135,Web,1,1,1,1,
S-009136,App,1,1,0,0,changed_mind
S-009137,App,1,1,1,1,
S-009138,Web,1,1,1,1,
S-009139,Web,1,1,1,1,
S-009140,App,1,1,0,0,payment_fail
S-009141,App,1,1,0,0,shipping_cost
S-009142,App,1,1,0,0,changed_mind
S-009143,Web,1,1,1,1,
S-009144,Web,1,1,1,1,
S-009145,Web,1,1,0,0,payment_fail
S-009146,App,1,0,0,0,
S-009147,App,1,0,0,0,
S-009148,App,1,1,0,0,checkout_friction
S-009149,Store,1,0,0,0,
S-009150,Store,1,0,0,0,
S-009151,Web,1,1,0,0,changed_mind
S-009152,Web,1,1,0,0,stock_out
S-009153,Web,1,1,0,0,changed_mind
S-009154,Web,1,1,1,1,
S-009155,App,1,0,0,0,
S-009156,App,1,1,1,1,
S-009157,App,1,1,1,1,
S-009158,Web,1,0,0,0,
S-009159,Web,1,1,0,0,stock_out
S-009160,Web,1,1,1,1,
S-009161,Web,1,1,1,1,
S-009162,Web,1,1,0,0,stock_out
S-009163,App,1,1,1,1,
S-009164,App,1,0,0,0,
S-009165,Web,1,1,1,1,
S-009166,Web,1,1,1,1,
S-009167,Web,1,1,0,0,checkout_friction
S-009168,App,1,1,0,0,changed_mind
S-009169,App,1,1,1,1,
S-009170,Web,1,1,1,1,
S-009171,Store,1,1,0,0,payment_fail
S-009172,App,1,0,0,0,
S-009173,App,1,1,0,0,payment_fail
S-009174,Web,1,1,1,1,
S-009175,Web,1,1,1,1,
S-009176,Store,1,1,0,0,changed_mind
S-009177,Web,1,1,1,1,
S-009178,App,1,1,1,1,
S-009179,Web,1,1,0,0,payment_fail
S-009180,App,1,0,0,0,
S-009181,App,1,1,0,0,payment_fail
S-009182,App,1,1,1,1,
S-009183,Web,1,1,1,1,
S-009184,Web,1,0,0,0,
S-009185,Web,1,1,0,0,payment_fail
S-009186,Store,1,1,0,0,changed_mind
S-009187,Store,1,1,1,1,
S-009188,Web,1,0,0,0,
S-009189,Store,1,1,0,0,payment_fail
S-009190,App,1,1,1,1,
S-009191,Web,1,1,0,0,changed_mind
S-009192,App,1,1,0,0,stock_out
S-009193,App,1,1,1,1,
S-009194,Web,1,1,1,1,
S-009195,Web,1,1,1,1,
S-009196,Web,1,1,1,1,
S-009197,Web,1,1,1,1,
S-009198,Web,1,1,0,0,stock_out
S-009199,Web,1,1,1,1,
S-009200,Web,1,1,1,1,
S-009201,Web,1,1,0,0,shipping_cost
S-009202,App,1,0,0,0,
S-009203,Store,1,0,0,0,
S-009204,Web,1,1,0,0,changed_mind
S-009205,Web,1,0,0,0,
S-009206,App,1,1,1,1,
S-009207,Web,1,0,0,0,
S-009208,Store,1,1,0,0,changed_mind
S-009209,Web,1,0,0,0,
S-009210,Web,1,0,0,0,
S-009211,App,1,1,1,1,
S-009212,Web,1,1,0,0,shipping_cost
S-009213,Web,1,1,0,0,changed_mind
S-009214,App,1,0,0,0,
S-009215,Web,1,1,0,0,payment_fail
S-009216,Web,1,0,0,0,
S-009217,Store,1,1,1,1,
S-009218,Store,1,1,0,0,checkout_friction
S-009219,Web,1,0,0,0,
S-009220,App,1,0,0,0,
S-009221,App,1,1,1,1,
S-009222,App,1,0,0,0,
S-009223,Store,1,1,0,0,payment_fail
S-009224,Web,1,1,1,1,
S-009225,Web,1,0,0,0,
S-009226,Web,1,1,0,0,stock_out
S-009227,App,1,1,0,0,changed_mind
S-009228,Web,1,0,0,0,
S-009229,Web,1,1,1,1,
S-009230,Web,1,1,1,1,
S-009231,App,1,1,1,1,
S-009232,Web,1,1,0,0,payment_fail
S-009233,App,1,0,0,0,
S-009234,App,1,1,0,0,stock_out
S-009235,Web,1,1,0,0,payment_fail
S-009236,Web,1,1,0,0,stock_out
S-009237,App,1,1,1,1,
S-009238,Web,1,1,0,0,changed_mind
S-009239,Store,1,1,0,0,payment_fail
S-009240,Web,1,1,1,1,
S-009241,Web,1,1,0,0,payment_fail
S-009242,App,1,1,0,0,stock_out
S-009243,App,1,0,0,0,
S-009244,Web,1,1,0,0,shipping_cost
S-009245,App,1,0,0,0,
S-009246,Web,1,1,1,1,
S-009247,Web,1,1,1,1,
S-009248,Store,1,1,0,0,checkout_friction
S-009249,Web,1,0,0,0,
S-009250,Web,1,1,1,1,
S-009251,App,1,1,1,1,
S-009252,Web,1,1,0,0,stock_out
S-009253,Web,1,1,1,1,
S-009254,App,1,0,0,0,
S-009255,App,1,1,1,1,
S-009256,Web,1,1,1,1,
S-009257,Web,1,1,1,1,
S-009258,Store,1,1,1,1,
S-009259,Store,1,1,1,1,
S-009260,Web,1,1,0,0,changed_mind
S-009261,Web,1,1,0,0,payment_fail
S-009262,Web,1,1,1,1,
S-009263,Web,1,1,0,0,stock_out
S-009264,Web,1,1,0,0,checkout_friction
S-009265,App,1,1,1,1,
S-009266,Web,1,1,0,0,payment_fail
S-009267,Web,1,1,1,1,
S-009268,Store,1,1,1,1,
S-009269,Web,1,1,1,1,
S-009270,Web,1,1,1,1,
S-009271,Web,1,1,1,1,
S-009272,Web,1,0,0,0,
S-009273,App,1,0,0,0,
S-009274,Web,1,1,1,1,
S-009275,App,1,1,1,1,
S-009276,Web,1,1,0,0,shipping_cost
S-009277,App,1,1,1,1,
S-009278,Web,1,1,1,1,
S-009279,Store,1,0,0,0,
S-009280,Web,1,1,1,1,
S-009281,Web,1,1,0,0,payment_fail
S-009282,App,1,1,1,1,
S-009283,App,1,1,0,0,shipping_cost
S-009284,App,1,0,0,0,
S-009285,App,1,1,0,0,stock_out
S-009286,App,1,0,0,0,
S-009287,App,1,1,0,0,shipping_cost
S-009288,App,1,1,0,0,changed_mind
S-009289,Store,1,0,0,0,
S-009290,App,1,1,0,0,shipping_cost
S-009291,App,1,1,1,1,
S-009292,App,1,0,0,0,
S-009293,Web,1,1,1,1,
S-009294,Web,1,1,1,1,
S-009295,Store,1,0,0,0,
S-009296,Web,1,1,0,0,payment_fail
S-009297,Store,1,1,1,1,
S-009298,Web,1,1,0,0,payment_fail
S-009299,App,1,1,1,1,
S-009300,App,1,1,0,0,checkout_friction
S-009301,App,1,1,0,0,changed_mind
S-009302,App,1,1,1,1,
S-009303,Store,1,1,1,1,
S-009304,App,1,1,0,0,shipping_cost
S-009305,App,1,1,1,1,
S-009306,Web,1,1,0,0,stock_out
S-009307,App,1,0,0,0,
S-009308,Web,1,1,0,0,payment_fail
S-009309,Web,1,1,0,0,payment_fail
S-009310,Web,1,1,0,0,payment_fail
S-009311,Store,1,1,0,0,checkout_friction
S-009312,App,1,0,0,0,
S-009313,Store,1,1,1,1,
S-009314,Web,1,1,0,0,stock_out
S-009315,Web,1,1,0,0,changed_mind
S-009316,Store,1,1,1,1,
S-009317,Web,1,1,0,0,payment_fail
S-009318,App,1,0,0,0,
S-009319,App,1,1,0,0,payment_fail
S-009320,App,1,1,1,1,
S-009321,Web,1,0,0,0,
S-009322,Store,1,1,0,0,changed_mind
S-009323,Web,1,0,0,0,
S-009324,Web,1,1,0,0,shipping_cost
S-009325,App,1,1,0,0,checkout_friction
S-009326,Web,1,1,0,0,stock_out
S-009327,Web,1,1,0,0,shipping_cost
S-009328,Web,1,1,1,1,
S-009329,Web,1,1,1,1,
S-009330,Web,1,1,1,1,
S-009331,Web,1,0,0,0,
S-009332,Web,1,1,1,1,
S-009333,App,1,1,0,0,stock_out
S-009334,Web,1,1,1,1,
S-009335,Web,1,1,1,1,
S-009336,App,1,1,0,0,checkout_friction
S-009337,Web,1,1,0,0,shipping_cost
S-009338,App,1,1,1,1,
S-009339,Web,1,1,0,0,changed_mind
S-009340,App,1,1,1,1,
S-009341,App,1,0,0,0,
S-009342,App,1,0,0,0,
S-009343,Web,1,1,0,0,checkout_friction
S-009344,Web,1,1,1,1,
S-009345,Web,1,1,0,0,payment_fail
S-009346,Web,1,1,0,0,checkout_friction
S-009347,App,1,1,1,1,
S-009348,Web,1,1,1,1,
S-009349,App,1,1,0,0,payment_fail
S-009350,Web,1,1,1,1,
S-009351,Web,1,1,0,0,changed_mind
S-009352,Web,1,1,0,0,stock_out
S-009353,App,1,0,0,0,
S-009354,App,1,1,1,1,
S-009355,Web,1,0,0,0,
S-009356,Web,1,0,0,0,
S-009357,Web,1,0,0,0,
S-009358,Store,1,1,0,0,changed_mind
S-009359,Web,1,1,1,1,
S-009360,Web,1,1,1,1,
S-009361,Web,1,1,1,1,
S-009362,Web,1,1,0,0,shipping_cost
S-009363,Web,1,1,0,0,changed_mind
S-009364,App,1,0,0,0,
S-009365,App,1,1,1,1,
S-009366,Web,1,1,1,1,
S-009367,App,1,1,1,1,
S-009368,Web,1,1,0,0,payment_fail
S-009369,Store,1,1,0,0,payment_fail
S-009370,Store,1,1,1,1,
S-009371,App,1,1,0,0,payment_fail
S-009372,Web,1,1,0,0,changed_mind
S-009373,Web,1,0,0,0,
S-009374,App,1,1,1,1,
S-009375,Web,1,1,0,0,shipping_cost
S-009376,Web,1,0,0,0,
S-009377,App,1,0,0,0,
S-009378,Web,1,1,1,1,
S-009379,App,1,1,0,0,payment_fail
S-009380,Web,1,1,0,0,checkout_friction
S-009381,Web,1,0,0,0,
S-009382,Web,1,1,1,1,
S-009383,Store,1,0,0,0,
S-009384,Web,1,1,1,1,
S-009385,App,1,1,0,0,shipping_cost
S-009386,App,1,1,1,1,
S-009387,App,1,0,0,0,
S-009388,Web,1,1,0,0,shipping_cost
S-009389,App,1,1,1,1,
S-009390,Web,1,1,0,0,shipping_cost
S-009391,App,1,1,1,1,
S-009392,App,1,1,0,0,payment_fail
S-009393,Web,1,0,0,0,
S-009394,Web,1,1,1,1,
S-009395,Web,1,1,1,1,
S-009396,App,1,1,1,1,
S-009397,App,1,1,0,0,stock_out
S-009398,Web,1,1,0,0,shipping_cost
S-009399,Web,1,1,1,1,
S-009400,App,1,0,0,0,
S-009401,App,1,0,0,0,
S-009402,App,1,1,0,0,payment_fail
S-009403,App,1,1,1,1,
S-009404,Web,1,1,1,1,
S-009405,Store,1,1,0,0,checkout_friction
S-009406,Web,1,1,1,1,
S-009407,Web,1,1,0,0,stock_out
S-009408,Web,1,1,0,0,stock_out
S-009409,Web,1,0,0,0,
S-009410,Web,1,1,1,1,
S-009411,Web,1,1,1,1,
S-009412,App,1,1,1,1,
S-009413,Store,1,0,0,0,
S-009414,Web,1,1,1,1,
S-009415,Web,1,0,0,0,
S-009416,Web,1,0,0,0,
S-009417,Web,1,0,0,0,
S-009418,App,1,1,1,1,
S-009419,Web,1,1,0,0,checkout_friction
S-009420,Web,1,1,1,1,
S-009421,App,1,1,1,1,
S-009422,Web,1,0,0,0,
S-009423,Web,1,1,1,1,
S-009424,App,1,0,0,0,
S-009425,Web,1,1,1,1,
S-009426,App,1,0,0,0,
S-009427,Web,1,0,0,0,
S-009428,App,1,1,1,1,
S-009429,Web,1,1,0,0,checkout_friction
S-009430,Web,1,0,0,0,
S-009431,App,1,1,0,0,shipping_cost
S-009432,Web,1,1,0,0,changed_mind
S-009433,App,1,1,1,1,
S-009434,Web,1,0,0,0,
S-009435,App,1,1,0,0,changed_mind
S-009436,Web,1,1,0,0,payment_fail
S-009437,Web,1,1,0,0,payment_fail
S-009438,App,1,1,1,1,
S-009439,App,1,1,1,1,
S-009440,Store,1,1,0,0,payment_fail
S-009441,App,1,0,0,0,
S-009442,Web,1,1,0,0,changed_mind
S-009443,App,1,1,0,0,stock_out
S-009444,Web,1,1,0,0,stock_out
S-009445,App,1,1,0,0,shipping_cost
S-009446,Web,1,1,0,0,payment_fail
S-009447,Store,1,0,0,0,
S-009448,App,1,1,1,1,
S-009449,App,1,0,0,0,
S-009450,Store,1,0,0,0,
S-009451,Web,1,0,0,0,
S-009452,Web,1,1,1,1,
S-009453,App,1,1,1,1,
S-009454,App,1,0,0,0,
S-009455,Web,1,1,1,1,
S-009456,Store,1,1,1,1,
S-009457,Web,1,1,1,1,
S-009458,App,1,1,1,1,
S-009459,Web,1,0,0,0,
S-009460,Web,1,1,0,0,shipping_cost
S-009461,App,1,1,1,1,
S-009462,App,1,0,0,0,
S-009463,Web,1,1,1,1,
S-009464,Store,1,1,1,1,
S-009465,App,1,1,0,0,changed_mind
S-009466,App,1,0,0,0,
S-009467,Web,1,1,0,0,checkout_friction
S-009468,App,1,0,0,0,
S-009469,App,1,1,1,1,
S-009470,App,1,0,0,0,
S-009471,App,1,1,0,0,checkout_friction
S-009472,App,1,1,1,1,
S-009473,Web,1,1,0,0,checkout_friction
S-009474,Web,1,0,0,0,
S-009475,App,1,0,0,0,
S-009476,Web,1,0,0,0,
S-009477,App,1,1,0,0,checkout_friction
S-009478,App,1,1,0,0,checkout_friction
S-009479,Store,1,1,0,0,shipping_cost
S-009480,Store,1,1,1,1,
S-009481,App,1,0,0,0,
S-009482,Web,1,1,1,1,
S-009483,App,1,1,0,0,payment_fail
S-009484,Web,1,1,1,1,
S-009485,App,1,0,0,0,
S-009486,Web,1,1,1,1,
S-009487,Web,1,1,1,1,
S-009488,App,1,1,1,1,
S-009489,Web,1,0,0,0,
S-009490,Web,1,0,0,0,
S-009491,Store,1,1,1,1,
S-009492,App,1,1,0,0,payment_fail
S-009493,Web,1,1,0,0,shipping_cost
S-009494,Web,1,0,0,0,
S-009495,Web,1,1,1,1,
S-009496,Web,1,1,1,1,
S-009497,Web,1,1,1,1,
S-009498,Web,1,1,0,0,payment_fail
S-009499,Web,1,0,0,0,
S-009500,Web,1,1,0,0,payment_fail
S-009501,Web,1,1,1,1,
S-009502,Web,1,0,0,0,
S-009503,App,1,1,0,0,checkout_friction
S-009504,Store,1,1,0,0,payment_fail
S-009505,App,1,1,0,0,checkout_friction
S-009506,Web,1,0,0,0,
S-009507,Web,1,0,0,0,
S-009508,App,1,0,0,0,
S-009509,Web,1,1,1,1,
S-009510,Web,1,0,0,0,
S-009511,App,1,1,0,0,stock_out
S-009512,Web,1,1,1,1,
S-009513,App,1,1,0,0,changed_mind
S-009514,Web,1,0,0,0,
S-009515,Web,1,1,1,1,
S-009516,Web,1,0,0,0,
S-009517,Web,1,1,0,0,changed_mind
S-009518,Web,1,1,1,1,
S-009519,App,1,1,0,0,shipping_cost
S-009520,App,1,1,1,1,
S-009521,Web,1,1,0,0,changed_mind
S-009522,Web,1,1,0,0,payment_fail
S-009523,Web,1,1,1,1,
S-009524,App,1,1,1,1,
S-009525,Web,1,1,0,0,checkout_friction
S-009526,Web,1,1,1,1,
S-009527,Web,1,1,0,0,shipping_cost
S-009528,Web,1,1,0,0,payment_fail
S-009529,Store,1,1,1,1,
S-009530,App,1,1,1,1,
S-009531,Store,1,1,0,0,stock_out
S-009532,Web,1,1,1,1,
S-009533,App,1,1,0,0,changed_mind
S-009534,Web,1,0,0,0,
S-009535,Web,1,1,1,1,
S-009536,Web,1,0,0,0,
S-009537,Store,1,0,0,0,
S-009538,Web,1,1,1,1,
S-009539,App,1,0,0,0,
S-009540,Web,1,0,0,0,
S-009541,App,1,1,0,0,shipping_cost
S-009542,Web,1,0,0,0,
S-009543,Web,1,1,0,0,changed_mind
S-009544,App,1,1,1,1,
S-009545,Web,1,1,1,1,
S-009546,Web,1,0,0,0,
S-009547,Store,1,1,1,1,
S-009548,Web,1,1,0,0,payment_fail
S-009549,Web,1,0,0,0,
S-009550,App,1,1,1,1,
S-009551,Web,1,1,0,0,changed_mind
S-009552,App,1,1,1,1,
S-009553,App,1,1,1,1,
S-009554,Web,1,1,0,0,payment_fail
S-009555,Web,1,1,1,1,
S-009556,Web,1,0,0,0,
S-009557,Web,1,0,0,0,
S-009558,Web,1,0,0,0,
S-009559,Web,1,1,1,1,
S-009560,Web,1,1,0,0,payment_fail
S-009561,App,1,1,1,1,
S-009562,Web,1,0,0,0,
S-009563,Web,1,0,0,0,
S-009564,App,1,1,1,1,
S-009565,App,1,1,0,0,payment_fail
S-009566,Web,1,1,1,1,
S-009567,App,1,1,1,1,
S-009568,App,1,0,0,0,
S-009569,App,1,0,0,0,
S-009570,App,1,1,1,1,
S-009571,Web,1,0,0,0,
S-009572,Web,1,1,1,1,
S-009573,App,1,1,0,0,shipping_cost
S-009574,Web,1,1,1,1,
S-009575,Web,1,1,1,1,
S-009576,App,1,0,0,0,
S-009577,Web,1,1,1,1,
S-009578,App,1,1,0,0,shipping_cost
S-009579,Web,1,1,0,0,shipping_cost
S-009580,App,1,1,0,0,payment_fail
S-009581,App,1,0,0,0,
S-009582,App,1,1,0,0,payment_fail
S-009583,App,1,1,1,1,
S-009584,Web,1,1,1,1,
S-009585,Web,1,1,1,1,
S-009586,Web,1,1,0,0,changed_mind
S-009587,Store,1,1,1,1,
S-009588,Web,1,1,1,1,
S-009589,App,1,0,0,0,
S-009590,Web,1,1,1,1,
S-009591,App,1,1,0,0,payment_fail
S-009592,Store,1,0,0,0,
S-009593,Web,1,1,0,0,changed_mind
S-009594,Web,1,1,1,1,
S-009595,Web,1,1,1,1,
S-009596,Web,1,1,0,0,checkout_friction
S-009597,App,1,0,0,0,
S-009598,Web,1,1,1,1,
S-009599,Web,1,1,0,0,shipping_cost
S-009600,Web,1,1,1,1,
S-009601,Web,1,1,1,1,
S-009602,Web,1,1,0,0,checkout_friction
S-009603,App,1,1,1,1,
S-009604,Store,1,0,0,0,
S-009605,App,1,1,1,1,
S-009606,Web,1,1,1,1,
S-009607,Store,1,1,0,0,payment_fail
S-009608,Store,1,1,1,1,
S-009609,Web,1,1,0,0,payment_fail
S-009610,Web,1,1,1,1,
S-009611,Web,1,1,1,1,
S-009612,Web,1,1,1,1,
S-009613,App,1,1,0,0,stock_out
S-009614,App,1,0,0,0,
S-009615,App,1,0,0,0,
S-009616,Store,1,1,0,0,stock_out
S-009617,Web,1,1,0,0,stock_out
S-009618,Web,1,1,0,0,payment_fail
S-009619,App,1,0,0,0,
S-009620,Web,1,1,0,0,stock_out
S-009621,App,1,0,0,0,
S-009622,Web,1,1,0,0,shipping_cost
S-009623,Web,1,0,0,0,
S-009624,Store,1,0,0,0,
S-009625,App,1,1,1,1,
S-009626,App,1,1,0,0,shipping_cost
S-009627,Web,1,1,0,0,payment_fail
S-009628,App,1,0,0,0,
S-009629,App,1,1,1,1,
S-009630,App,1,0,0,0,
S-009631,Web,1,0,0,0,
S-009632,App,1,1,0,0,checkout_friction
S-009633,App,1,1,1,1,
S-009634,App,1,1,1,1,
S-009635,App,1,1,0,0,payment_fail
S-009636,App,1,1,0,0,stock_out
S-009637,Web,1,1,0,0,changed_mind
S-009638,Store,1,1,1,1,
S-009639,App,1,1,1,1,
S-009640,Web,1,1,0,0,stock_out
S-009641,Web,1,1,0,0,stock_out
S-009642,Web,1,1,1,1,
S-009643,Store,1,1,0,0,checkout_friction
S-009644,Store,1,1,1,1,
S-009645,Store,1,0,0,0,
S-009646,App,1,1,0,0,payment_fail
S-009647,Web,1,0,0,0,
S-009648,Web,1,1,1,1,
S-009649,App,1,1,1,1,
S-009650,App,1,1,0,0,payment_fail
S-009651,Web,1,0,0,0,
S-009652,App,1,1,1,1,
S-009653,App,1,1,1,1,
S-009654,App,1,1,0,0,changed_mind
S-009655,Web,1,1,1,1,
S-009656,Web,1,1,1,1,
S-009657,App,1,1,1,1,
S-009658,Web,1,1,1,1,
S-009659,App,1,1,0,0,shipping_cost
S-009660,Store,1,1,1,1,
S-009661,Web,1,1,1,1,
S-009662,Web,1,1,0,0,payment_fail
S-009663,Store,1,1,0,0,payment_fail
S-009664,App,1,0,0,0,
S-009665,Web,1,1,1,1,
S-009666,Web,1,1,1,1,
S-009667,Web,1,1,1,1,
S-009668,App,1,0,0,0,
S-009669,App,1,1,1,1,
S-009670,App,1,1,0,0,shipping_cost
S-009671,App,1,1,0,0,payment_fail
S-009672,Store,1,1,0,0,payment_fail
S-009673,Web,1,1,1,1,
S-009674,App,1,1,1,1,
S-009675,Web,1,1,0,0,checkout_friction
S-009676,Web,1,0,0,0,
S-009677,Web,1,1,0,0,shipping_cost
S-009678,Web,1,1,0,0,checkout_friction
S-009679,Web,1,0,0,0,
S-009680,Web,1,1,1,1,
S-009681,Web,1,1,0,0,checkout_friction
S-009682,App,1,0,0,0,
S-009683,Store,1,1,1,1,
S-009684,App,1,1,1,1,
S-009685,App,1,1,1,1,
S-009686,Store,1,0,0,0,
S-009687,App,1,0,0,0,
S-009688,Web,1,1,1,1,
S-009689,App,1,0,0,0,
S-009690,App,1,1,1,1,
S-009691,App,1,1,1,1,
S-009692,App,1,0,0,0,
S-009693,Web,1,0,0,0,
S-009694,Web,1,1,0,0,payment_fail
S-009695,Web,1,1,1,1,
S-009696,App,1,1,1,1,
S-009697,Web,1,0,0,0,
S-009698,Web,1,0,0,0,
S-009699,Web,1,0,0,0,
S-009700,App,1,1,0,0,stock_out
S-009701,App,1,1,1,1,
S-009702,App,1,1,0,0,changed_mind
S-009703,Web,1,0,0,0,
S-009704,App,1,0,0,0,
S-009705,Web,1,0,0,0,
S-009706,App,1,0,0,0,
S-009707,Web,1,1,1,1,
S-009708,App,1,1,0,0,changed_mind
S-009709,Web,1,1,0,0,payment_fail
S-009710,Web,1,1,0,0,payment_fail
S-009711,App,1,1,1,1,
S-009712,Web,1,1,0,0,payment_fail
S-009713,Web,1,1,1,1,
S-009714,Web,1,0,0,0,
S-009715,Web,1,1,0,0,changed_mind
S-009716,Web,1,0,0,0,
S-009717,App,1,1,0,0,checkout_friction
S-009718,Web,1,0,0,0,
S-009719,App,1,0,0,0,
S-009720,App,1,1,0,0,changed_mind
S-009721,App,1,1,0,0,stock_out
S-009722,Web,1,1,0,0,checkout_friction
S-009723,App,1,1,1,1,
S-009724,Store,1,1,0,0,changed_mind
S-009725,Web,1,1,1,1,
S-009726,Web,1,0,0,0,
S-009727,Web,1,0,0,0,
S-009728,Store,1,1,0,0,payment_fail
S-009729,Web,1,0,0,0,
S-009730,Web,1,0,0,0,
S-009731,Web,1,0,0,0,
S-009732,Web,1,1,1,1,
S-009733,Web,1,0,0,0,
S-009734,Web,1,1,1,1,
S-009735,App,1,1,1,1,
S-009736,App,1,1,0,0,checkout_friction
S-009737,Web,1,1,1,1,
S-009738,Web,1,1,0,0,shipping_cost
S-009739,Web,1,1,0,0,payment_fail
S-009740,Web,1,0,0,0,
S-009741,App,1,0,0,0,
S-009742,Web,1,1,0,0,changed_mind
S-009743,Store,1,1,1,1,
S-009744,Store,1,1,0,0,checkout_friction
S-009745,Web,1,0,0,0,
S-009746,App,1,0,0,0,
S-009747,Web,1,1,1,1,
S-009748,Web,1,1,1,1,
S-009749,App,1,1,0,0,payment_fail
S-009750,Web,1,1,0,0,shipping_cost
S-009751,Web,1,1,1,1,
S-009752,Web,1,1,1,1,
S-009753,Web,1,1,1,1,
S-009754,Web,1,1,0,0,payment_fail
S-009755,Store,1,0,0,0,
S-009756,Web,1,0,0,0,
S-009757,Web,1,1,0,0,payment_fail
S-009758,Web,1,1,1,1,
S-009759,Store,1,1,0,0,payment_fail
S-009760,App,1,0,0,0,
S-009761,Web,1,1,1,1,
S-009762,Web,1,1,0,0,stock_out
S-009763,Web,1,1,1,1,
S-009764,Web,1,1,0,0,checkout_friction
S-009765,App,1,1,1,1,
S-009766,Web,1,1,1,1,
S-009767,Store,1,0,0,0,
S-009768,Web,1,1,0,0,payment_fail
S-009769,Web,1,1,1,1,
S-009770,Store,1,1,0,0,shipping_cost
S-009771,App,1,1,1,1,
S-009772,App,1,1,0,0,payment_fail
S-009773,App,1,1,1,1,
S-009774,App,1,1,1,1,
S-009775,Web,1,0,0,0,
S-009776,App,1,0,0,0,
S-009777,Store,1,1,0,0,payment_fail
S-009778,Web,1,1,1,1,
S-009779,Web,1,0,0,0,
S-009780,App,1,1,1,1,
S-009781,Store,1,1,1,1,
S-009782,App,1,1,1,1,
S-009783,Store,1,1,1,1,
S-009784,App,1,0,0,0,
S-009785,Web,1,1,0,0,changed_mind
S-009786,App,1,1,1,1,
S-009787,App,1,0,0,0,
S-009788,App,1,0,0,0,
S-009789,Web,1,0,0,0,
S-009790,App,1,1,0,0,changed_mind
S-009791,Web,1,1,1,1,
S-009792,Web,1,1,0,0,changed_mind
S-009793,App,1,0,0,0,
S-009794,Web,1,1,1,1,
S-009795,App,1,0,0,0,
S-009796,App,1,1,0,0,shipping_cost
S-009797,App,1,0,0,0,
S-009798,App,1,1,0,0,changed_mind
S-009799,Web,1,1,1,1,
S-009800,Web,1,0,0,0,
S-009801,Web,1,0,0,0,
S-009802,App,1,0,0,0,
S-009803,App,1,0,0,0,
S-009804,App,1,0,0,0,
S-009805,Store,1,0,0,0,
S-009806,Web,1,0,0,0,
S-009807,App,1,0,0,0,
S-009808,App,1,1,1,1,
S-009809,Web,1,1,0,0,payment_fail
S-009810,Web,1,1,1,1,
S-009811,App,1,1,0,0,payment_fail
S-009812,App,1,1,1,1,
S-009813,Web,1,1,1,1,
S-009814,Web,1,1,0,0,checkout_friction
S-009815,Web,1,1,1,1,
S-009816,Web,1,1,1,1,
S-009817,Store,1,1,1,1,
S-009818,Web,1,0,0,0,
S-009819,Web,1,0,0,0,
S-009820,Web,1,1,1,1,
S-009821,Web,1,0,0,0,
S-009822,Web,1,1,0,0,stock_out
S-009823,Web,1,1,0,0,checkout_friction
S-009824,Web,1,0,0,0,
S-009825,Web,1,0,0,0,
S-009826,Web,1,1,1,1,
S-009827,Web,1,1,0,0,checkout_friction
S-009828,Web,1,1,0,0,changed_mind
S-009829,App,1,1,0,0,checkout_friction
S-009830,Web,1,1,0,0,shipping_cost
S-009831,App,1,1,1,1,
S-009832,Web,1,1,1,1,
S-009833,Web,1,1,1,1,
S-009834,Web,1,1,1,1,
S-009835,Web,1,1,0,0,payment_fail
S-009836,Web,1,0,0,0,
S-009837,Web,1,1,1,1,
S-009838,App,1,1,1,1,
S-009839,Web,1,0,0,0,
S-009840,Web,1,0,0,0,
S-009841,App,1,1,1,1,
S-009842,App,1,1,0,0,payment_fail
S-009843,Web,1,1,0,0,payment_fail
S-009844,App,1,0,0,0,
S-009845,App,1,1,0,0,payment_fail
S-009846,Web,1,1,1,1,
S-009847,Web,1,0,0,0,
S-009848,Web,1,0,0,0,
S-009849,Web,1,1,0,0,shipping_cost
S-009850,App,1,1,0,0,stock_out
S-009851,App,1,1,1,1,
S-009852,App,1,1,1,1,
S-009853,Web,1,1,1,1,
S-009854,Web,1,1,0,0,stock_out
S-009855,App,1,1,1,1,
S-009856,App,1,1,0,0,changed_mind
S-009857,Web,1,0,0,0,
S-009858,Web,1,1,1,1,
S-009859,App,1,0,0,0,
S-009860,App,1,1,0,0,payment_fail
S-009861,Web,1,1,0,0,stock_out
S-009862,App,1,1,1,1,
S-009863,Web,1,1,0,0,shipping_cost
S-009864,Web,1,0,0,0,
S-009865,Web,1,1,1,1,
S-009866,App,1,1,1,1,
S-009867,Web,1,1,1,1,
S-009868,Web,1,1,0,0,payment_fail
S-009869,Web,1,1,0,0,shipping_cost
S-009870,Web,1,0,0,0,
S-009871,Web,1,1,0,0,shipping_cost
S-009872,Store,1,1,0,0,payment_fail
S-009873,App,1,1,1,1,
S-009874,Web,1,1,1,1,
S-009875,App,1,0,0,0,
S-009876,Web,1,1,1,1,
S-009877,App,1,0,0,0,
S-009878,Web,1,0,0,0,
S-009879,Web,1,1,1,1,
S-009880,Web,1,1,0,0,stock_out
S-009881,App,1,1,1,1,
S-009882,App,1,1,1,1,
S-009883,Web,1,1,1,1,
S-009884,Web,1,1,1,1,
S-009885,Web,1,1,1,1,
S-009886,Web,1,1,0,0,stock_out
S-009887,Web,1,0,0,0,
S-009888,Web,1,1,0,0,changed_mind
S-009889,App,1,1,1,1,
S-009890,Web,1,1,1,1,
S-009891,Web,1,1,0,0,payment_fail
S-009892,Store,1,0,0,0,
S-009893,Web,1,0,0,0,
S-009894,Web,1,1,1,1,
S-009895,App,1,1,1,1,
S-009896,App,1,1,1,1,
S-009897,Web,1,1,1,1,
S-009898,Web,1,0,0,0,
S-009899,Web,1,1,1,1,
S-009900,Web,1,1,1,1,
S-009901,Web,1,1,1,1,
S-009902,App,1,0,0,0,
S-009903,Web,1,1,1,1,
S-009904,App,1,1,0,0,stock_out
S-009905,Store,1,0,0,0,
S-009906,Web,1,1,1,1,
S-009907,App,1,1,1,1,
S-009908,Web,1,0,0,0,
S-009909,App,1,0,0,0,
S-009910,App,1,1,0,0,changed_mind
S-009911,Web,1,1,1,1,
S-009912,Web,1,0,0,0,
S-009913,Web,1,0,0,0,
S-009914,Web,1,1,1,1,
S-009915,Web,1,1,1,1,
S-009916,Store,1,0,0,0,
S-009917,Web,1,1,1,1,
S-009918,App,1,1,1,1,
S-009919,Web,1,0,0,0,
S-009920,Web,1,1,0,0,payment_fail
S-009921,Store,1,1,1,1,
S-009922,App,1,1,0,0,changed_mind
S-009923,Store,1,1,0,0,shipping_cost
S-009924,App,1,1,1,1,
S-009925,Web,1,0,0,0,
S-009926,App,1,0,0,0,
S-009927,Web,1,1,0,0,shipping_cost
S-009928,App,1,1,1,1,
S-009929,Web,1,1,1,1,
S-009930,Web,1,1,1,1,
S-009931,App,1,0,0,0,
S-009932,Store,1,1,0,0,payment_fail
S-009933,Web,1,1,0,0,changed_mind
S-009934,Web,1,0,0,0,
S-009935,Store,1,1,1,1,
S-009936,Web,1,0,0,0,
S-009937,Web,1,1,1,1,
S-009938,Web,1,1,1,1,
S-009939,App,1,0,0,0,
S-009940,Store,1,1,0,0,payment_fail
S-009941,Web,1,1,0,0,payment_fail
S-009942,Web,1,1,1,1,
S-009943,App,1,1,0,0,payment_fail
S-009944,Web,1,0,0,0,
S-009945,Store,1,1,1,1,
S-009946,App,1,1,1,1,
S-009947,Web,1,0,0,0,
S-009948,App,1,1,0,0,checkout_friction
S-009949,Web,1,1,1,1,
S-009950,App,1,1,0,0,shipping_cost
S-009951,Web,1,1,1,1,
S-009952,Web,1,1,0,0,shipping_cost
S-009953,Web,1,1,1,1,
S-009954,Web,1,1,0,0,shipping_cost
S-009955,Web,1,0,0,0,
S-009956,Web,1,1,1,1,
S-009957,Web,1,0,0,0,
S-009958,App,1,1,0,0,checkout_friction
S-009959,App,1,1,1,1,
S-009960,Web,1,1,0,0,changed_mind
S-009961,Store,1,1,1,1,
S-009962,App,1,1,0,0,checkout_friction
S-009963,App,1,1,1,1,
S-009964,App,1,1,1,1,
S-009965,App,1,1,0,0,shipping_cost
S-009966,Web,1,0,0,0,
S-009967,Web,1,1,1,1,
S-009968,Store,1,1,1,1,
S-009969,Web,1,1,0,0,payment_fail
S-009970,App,1,1,1,1,
S-009971,Web,1,1,0,0,changed_mind
S-009972,Web,1,1,1,1,
S-009973,Web,1,1,1,1,
S-009974,Web,1,1,0,0,shipping_cost
S-009975,App,1,0,0,0,
S-009976,Web,1,0,0,0,
S-009977,Web,1,0,0,0,
S-009978,Web,1,0,0,0,
S-009979,App,1,1,1,1,
S-009980,Store,1,1,0,0,stock_out
S-009981,Web,1,0,0,0,
S-009982,Web,1,1,1,1,
S-009983,App,1,1,0,0,checkout_friction
S-009984,Web,1,1,0,0,shipping_cost
S-009985,Store,1,1,1,1,
S-009986,Store,1,0,0,0,
S-009987,Web,1,1,0,0,checkout_friction
S-009988,Web,1,1,1,1,
S-009989,App,1,0,0,0,
S-009990,Web,1,1,1,1,
S-009991,App,1,1,1,1,
S-009992,Web,1,1,0,0,changed_mind
S-009993,Web,1,1,0,0,payment_fail
S-009994,Web,1,1,1,1,
S-009995,Web,1,0,0,0,
S-009996,Web,1,1,1,1,
S-009997,Store,1,1,1,1,
S-009998,Store,1,1,0,0,shipping_cost
S-009999,Store,1,0,0,0,
S-010000,Web,1,0,0,0,
S-010001,Web,1,1,1,1,
S-010002,App,1,0,0,0,
S-010003,Web,1,0,0,0,
S-010004,App,1,1,1,1,
S-010005,Store,1,1,0,0,payment_fail
S-010006,App,1,1,0,0,stock_out
S-010007,App,1,1,1,1,
S-010008,App,1,1,1,1,
S-010009,App,1,1,1,1,
S-010010,Web,1,0,0,0,
S-010011,App,1,0,0,0,
S-010012,Store,1,0,0,0,
S-010013,Web,1,1,1,1,
S-010014,App,1,1,1,1,
S-010015,App,1,0,0,0,
S-010016,App,1,0,0,0,
S-010017,App,1,1,0,0,payment_fail
S-010018,Web,1,0,0,0,
S-010019,App,1,1,1,1,
S-010020,Web,1,0,0,0,
S-010021,Web,1,1,0,0,shipping_cost
S-010022,Web,1,1,1,1,
S-010023,Store,1,1,0,0,changed_mind
S-010024,Web,1,1,0,0,payment_fail
S-010025,App,1,1,1,1,
S-010026,Web,1,1,1,1,
S-010027,App,1,1,0,0,payment_fail
S-010028,Web,1,1,1,1,
S-010029,App,1,1,0,0,changed_mind
S-010030,App,1,1,1,1,
S-010031,Web,1,1,0,0,payment_fail
S-010032,Web,1,1,0,0,shipping_cost
S-010033,App,1,1,1,1,
S-010034,Store,1,1,1,1,
S-010035,Web,1,1,1,1,
S-010036,Web,1,1,1,1,
S-010037,App,1,0,0,0,
S-010038,App,1,1,0,0,shipping_cost
S-010039,Web,1,1,0,0,payment_fail
S-010040,Web,1,1,0,0,payment_fail
S-010041,Web,1,0,0,0,
S-010042,Web,1,1,1,1,
S-010043,Web,1,1,0,0,stock_out
S-010044,App,1,0,0,0,
S-010045,App,1,0,0,0,
S-010046,Web,1,1,0,0,checkout_friction
S-010047,App,1,1,1,1,
S-010048,App,1,1,0,0,payment_fail
S-010049,Web,1,1,1,1,
S-010050,Web,1,0,0,0,
S-010051,Web,1,1,1,1,
S-010052,Web,1,1,1,1,
S-010053,App,1,1,0,0,checkout_friction
S-010054,Web,1,1,1,1,
S-010055,Web,1,1,0,0,changed_mind
S-010056,Store,1,0,0,0,
S-010057,App,1,1,0,0,changed_mind
S-010058,Web,1,1,0,0,stock_out
S-010059,App,1,1,1,1,
S-010060,Web,1,1,1,1,
S-010061,Web,1,0,0,0,
S-010062,App,1,0,0,0,
S-010063,Web,1,1,1,1,
S-010064,Web,1,1,0,0,stock_out
S-010065,Web,1,1,1,1,
S-010066,Store,1,1,1,1,
S-010067,Web,1,0,0,0,
S-010068,Web,1,1,0,0,stock_out
S-010069,Web,1,1,1,1,
S-010070,App,1,1,0,0,shipping_cost
S-010071,Web,1,0,0,0,
S-010072,App,1,1,1,1,
S-010073,Store,1,1,1,1,
S-010074,App,1,1,1,1,
S-010075,Store,1,0,0,0,
S-010076,Web,1,1,0,0,changed_mind
S-010077,Web,1,0,0,0,
S-010078,Web,1,1,1,1,
S-010079,Web,1,1,1,1,
S-010080,Web,1,0,0,0,
S-010081,Web,1,0,0,0,
S-010082,Web,1,1,0,0,shipping_cost
S-010083,App,1,0,0,0,
S-010084,App,1,1,0,0,payment_fail
S-010085,App,1,1,1,1,
S-010086,Store,1,1,1,1,
S-010087,Store,1,1,1,1,
S-010088,Web,1,1,1,1,
S-010089,Web,1,1,1,1,
S-010090,App,1,0,0,0,
S-010091,Web,1,1,1,1,
S-010092,App,1,1,1,1,
S-010093,Web,1,0,0,0,
S-010094,App,1,0,0,0,
S-010095,Store,1,0,0,0,
S-010096,Store,1,1,1,1,
S-010097,Store,1,1,1,1,
S-010098,Store,1,1,1,1,
S-010099,Web,1,0,0,0,
S-010100,Web,1,0,0,0,
S-010101,App,1,1,1,1,
S-010102,Web,1,1,1,1,
S-010103,Web,1,1,0,0,changed_mind
S-010104,App,1,1,1,1,
S-010105,App,1,0,0,0,
S-010106,App,1,1,1,1,
S-010107,App,1,1,1,1,
S-010108,Web,1,0,0,0,
S-010109,Web,1,1,1,1,
S-010110,App,1,1,0,0,payment_fail
S-010111,Web,1,0,0,0,
S-010112,Web,1,1,1,1,
S-010113,Web,1,0,0,0,
S-010114,App,1,1,0,0,payment_fail
S-010115,Web,1,0,0,0,
S-010116,Web,1,1,0,0,payment_fail
S-010117,Web,1,1,1,1,
S-010118,Web,1,0,0,0,
S-010119,Store,1,1,0,0,payment_fail
S-010120,App,1,1,1,1,
S-010121,Store,1,1,0,0,changed_mind
S-010122,App,1,1,1,1,
S-010123,App,1,1,0,0,changed_mind
S-010124,App,1,1,1,1,
S-010125,Web,1,1,0,0,shipping_cost
S-010126,Web,1,1,0,0,payment_fail
S-010127,App,1,1,0,0,shipping_cost
S-010128,App,1,1,1,1,
S-010129,App,1,1,1,1,
S-010130,Store,1,1,1,1,
S-010131,App,1,0,0,0,
S-010132,Web,1,1,0,0,shipping_cost
S-010133,Web,1,1,0,0,stock_out
S-010134,Web,1,1,0,0,changed_mind
S-010135,Web,1,1,1,1,
S-010136,App,1,0,0,0,
S-010137,Store,1,1,1,1,
S-010138,Web,1,0,0,0,
S-010139,App,1,1,1,1,
S-010140,Web,1,1,1,1,
S-010141,App,1,0,0,0,
S-010142,App,1,0,0,0,
S-010143,Web,1,0,0,0,
S-010144,App,1,1,0,0,shipping_cost
S-010145,App,1,1,1,1,
S-010146,Web,1,1,1,1,
S-010147,Web,1,1,1,1,
S-010148,Store,1,1,1,1,
S-010149,App,1,1,0,0,shipping_cost
S-010150,Web,1,1,0,0,checkout_friction
S-010151,App,1,1,1,1,
S-010152,App,1,1,0,0,stock_out
S-010153,App,1,0,0,0,
S-010154,Store,1,0,0,0,
S-010155,Web,1,1,0,0,shipping_cost
S-010156,App,1,1,1,1,
S-010157,Web,1,1,1,1,
S-010158,Web,1,1,1,1,
S-010159,App,1,1,1,1,
S-010160,App,1,1,1,1,
S-010161,Web,1,1,0,0,shipping_cost
S-010162,Web,1,0,0,0,
S-010163,App,1,1,1,1,
S-010164,App,1,1,1,1,
S-010165,Web,1,0,0,0,
S-010166,Web,1,0,0,0,
S-010167,Web,1,1,0,0,payment_fail
S-010168,App,1,1,0,0,checkout_friction
S-010169,Web,1,1,1,1,
S-010170,Store,1,1,0,0,shipping_cost
S-010171,Web,1,1,0,0,payment_fail
S-010172,Store,1,0,0,0,
S-010173,Web,1,0,0,0,
S-010174,App,1,1,1,1,
S-010175,Store,1,0,0,0,
S-010176,App,1,1,1,1,
S-010177,Web,1,0,0,0,
S-010178,Store,1,1,1,1,
S-010179,Web,1,1,0,0,checkout_friction
S-010180,Web,1,1,0,0,stock_out
S-010181,App,1,1,1,1,
S-010182,App,1,0,0,0,
S-010183,Web,1,1,1,1,
S-010184,Web,1,0,0,0,
S-010185,Web,1,1,1,1,
S-010186,App,1,1,0,0,payment_fail
S-010187,Store,1,1,1,1,
S-010188,App,1,1,0,0,payment_fail
S-010189,Web,1,1,0,0,payment_fail
S-010190,Web,1,0,0,0,
S-010191,App,1,1,0,0,changed_mind
S-010192,Web,1,1,1,1,
S-010193,App,1,1,1,1,
S-010194,App,1,1,1,1,
S-010195,Web,1,1,0,0,payment_fail
S-010196,App,1,1,1,1,
S-010197,App,1,1,0,0,checkout_friction
S-010198,Store,1,1,0,0,checkout_friction
S-010199,App,1,0,0,0,
S-010200,Web,1,1,0,0,changed_mind
S-010201,Web,1,1,1,1,
S-010202,Web,1,1,1,1,
S-010203,Store,1,1,0,0,changed_mind
S-010204,App,1,1,1,1,
S-010205,Web,1,1,0,0,shipping_cost
S-010206,App,1,0,0,0,
S-010207,Web,1,1,0,0,payment_fail
S-010208,Web,1,1,0,0,stock_out
S-010209,App,1,0,0,0,
S-010210,App,1,1,0,0,payment_fail
S-010211,Web,1,1,1,1,
S-010212,Web,1,1,1,1,
S-010213,App,1,1,1,1,
S-010214,Web,1,1,1,1,
S-010215,Web,1,1,1,1,
S-010216,Store,1,1,1,1,
S-010217,Store,1,1,0,0,payment_fail
S-010218,App,1,0,0,0,
S-010219,Web,1,1,1,1,
S-010220,Web,1,0,0,0,
S-010221,App,1,1,1,1,
S-010222,App,1,1,0,0,shipping_cost
S-010223,App,1,1,1,1,
S-010224,App,1,0,0,0,
S-010225,App,1,1,1,1,
S-010226,Web,1,1,1,1,
S-010227,App,1,1,1,1,
S-010228,App,1,1,0,0,payment_fail
S-010229,Web,1,1,1,1,
S-010230,Web,1,0,0,0,
S-010231,Web,1,0,0,0,
S-010232,App,1,1,0,0,shipping_cost
S-010233,App,1,0,0,0,
S-010234,Web,1,1,1,1,
S-010235,Store,1,1,1,1,
S-010236,Web,1,1,0,0,stock_out
S-010237,App,1,1,1,1,
S-010238,Web,1,0,0,0,
S-010239,Web,1,1,1,1,
S-010240,App,1,1,1,1,
S-010241,Web,1,0,0,0,
S-010242,Web,1,1,1,1,
S-010243,App,1,1,1,1,
S-010244,Store,1,1,1,1,
S-010245,Web,1,1,0,0,stock_out
S-010246,Web,1,1,0,0,changed_mind
S-010247,Web,1,1,1,1,
S-010248,Web,1,1,0,0,stock_out
S-010249,Store,1,1,0,0,shipping_cost
S-010250,Store,1,1,0,0,stock_out
S-010251,Web,1,1,0,0,changed_mind
S-010252,Web,1,0,0,0,
S-010253,Web,1,1,1,1,
S-010254,App,1,0,0,0,
S-010255,Web,1,1,0,0,payment_fail
S-010256,App,1,0,0,0,
S-010257,Web,1,1,1,1,
S-010258,Web,1,0,0,0,
S-010259,App,1,1,1,1,
S-010260,App,1,1,1,1,
S-010261,Store,1,1,1,1,
S-010262,Web,1,1,0,0,checkout_friction
S-010263,Web,1,1,0,0,payment_fail
S-010264,Web,1,0,0,0,
S-010265,App,1,1,0,0,payment_fail
S-010266,Web,1,0,0,0,
S-010267,Web,1,0,0,0,
S-010268,App,1,1,0,0,payment_fail
S-010269,App,1,1,1,1,
S-010270,App,1,1,0,0,shipping_cost
S-010271,Web,1,1,1,1,
S-010272,Web,1,1,0,0,shipping_cost
S-010273,Web,1,1,1,1,
S-010274,App,1,1,0,0,changed_mind
S-010275,App,1,1,0,0,checkout_friction
S-010276,Web,1,1,1,1,
S-010277,App,1,0,0,0,
S-010278,App,1,1,0,0,shipping_cost
S-010279,Web,1,1,1,1,
S-010280,Web,1,0,0,0,
S-010281,App,1,1,0,0,changed_mind
S-010282,Web,1,1,0,0,shipping_cost
S-010283,Web,1,0,0,0,
S-010284,Web,1,0,0,0,
S-010285,Web,1,1,0,0,stock_out
S-010286,App,1,0,0,0,
S-010287,Web,1,0,0,0,
S-010288,Store,1,1,1,1,
S-010289,Web,1,1,1,1,
S-010290,Web,1,1,1,1,
S-010291,App,1,1,0,0,payment_fail
S-010292,Web,1,0,0,0,
S-010293,App,1,0,0,0,
S-010294,Web,1,0,0,0,
S-010295,Store,1,0,0,0,
S-010296,App,1,0,0,0,
S-010297,Web,1,1,0,0,payment_fail
S-010298,Web,1,0,0,0,
S-010299,App,1,1,1,1,
S-010300,App,1,0,0,0,
S-010301,Web,1,1,1,1,
S-010302,Store,1,1,1,1,
S-010303,Web,1,1,0,0,changed_mind
S-010304,App,1,1,0,0,changed_mind
S-010305,App,1,1,0,0,stock_out
S-010306,Web,1,1,1,1,
S-010307,App,1,1,1,1,
S-010308,Web,1,0,0,0,
S-010309,App,1,1,0,0,changed_mind
S-010310,Web,1,1,0,0,stock_out
S-010311,Web,1,0,0,0,
S-010312,Web,1,1,1,1,
S-010313,Web,1,1,1,1,
S-010314,Web,1,1,1,1,
S-010315,Web,1,0,0,0,
S-010316,Web,1,1,0,0,shipping_cost
S-010317,App,1,1,0,0,payment_fail
S-010318,Web,1,1,0,0,payment_fail
S-010319,Web,1,1,0,0,payment_fail
S-010320,App,1,1,0,0,shipping_cost
S-010321,Web,1,1,1,1,
S-010322,Web,1,1,1,1,
S-010323,Store,1,1,0,0,shipping_cost
S-010324,Store,1,1,1,1,
S-010325,Web,1,0,0,0,
S-010326,App,1,1,0,0,shipping_cost
S-010327,Web,1,0,0,0,
S-010328,App,1,1,0,0,changed_mind
S-010329,App,1,1,0,0,shipping_cost
S-010330,App,1,1,0,0,changed_mind
S-010331,Web,1,1,1,1,
S-010332,Web,1,1,0,0,changed_mind
S-010333,Web,1,1,0,0,shipping_cost
S-010334,Web,1,1,1,1,
S-010335,Web,1,1,1,1,
S-010336,App,1,0,0,0,
S-010337,Web,1,1,1,1,
S-010338,App,1,1,1,1,
S-010339,Web,1,1,1,1,
S-010340,App,1,1,1,1,
S-010341,App,1,1,1,1,
S-010342,Store,1,1,0,0,shipping_cost
S-010343,Store,1,1,1,1,
S-010344,Web,1,0,0,0,
S-010345,App,1,1,1,1,
S-010346,Web,1,0,0,0,
S-010347,Web,1,1,1,1,
S-010348,Web,1,1,1,1,
S-010349,Web,1,0,0,0,
S-010350,Store,1,0,0,0,
S-010351,App,1,1,1,1,
S-010352,App,1,1,0,0,changed_mind
S-010353,Store,1,1,0,0,changed_mind
S-010354,App,1,1,1,1,
S-010355,Web,1,0,0,0,
S-010356,Web,1,1,0,0,shipping_cost
S-010357,Web,1,1,0,0,shipping_cost
S-010358,App,1,1,1,1,
S-010359,Web,1,1,1,1,
S-010360,App,1,1,1,1,
S-010361,Web,1,1,0,0,changed_mind
S-010362,Web,1,1,0,0,changed_mind
S-010363,App,1,1,0,0,payment_fail
S-010364,App,1,0,0,0,
S-010365,App,1,1,1,1,
S-010366,Web,1,1,1,1,
S-010367,App,1,0,0,0,
S-010368,App,1,1,1,1,
S-010369,Web,1,1,0,0,shipping_cost
S-010370,Web,1,1,1,1,
S-010371,Web,1,1,0,0,checkout_friction
S-010372,App,1,1,0,0,payment_fail
S-010373,Web,1,1,0,0,checkout_friction
S-010374,Web,1,0,0,0,
S-010375,App,1,0,0,0,
S-010376,Web,1,1,0,0,payment_fail
S-010377,Web,1,1,1,1,
S-010378,Web,1,0,0,0,
S-010379,App,1,1,1,1,
S-010380,App,1,1,1,1,
S-010381,Store,1,1,1,1,
S-010382,Web,1,1,0,0,changed_mind
S-010383,App,1,1,0,0,shipping_cost
S-010384,Web,1,1,1,1,
S-010385,Web,1,1,1,1,
S-010386,Web,1,1,0,0,payment_fail
S-010387,App,1,0,0,0,
S-010388,App,1,1,1,1,
S-010389,App,1,1,0,0,checkout_friction
S-010390,App,1,1,1,1,
S-010391,App,1,0,0,0,
S-010392,Store,1,1,0,0,shipping_cost
S-010393,Web,1,0,0,0,
S-010394,Web,1,1,1,1,
S-010395,Web,1,1,0,0,checkout_friction
S-010396,Web,1,0,0,0,
S-010397,Store,1,1,1,1,
S-010398,Store,1,1,1,1,
S-010399,Web,1,0,0,0,
S-010400,Web,1,0,0,0,
S-010401,Web,1,0,0,0,
S-010402,Web,1,1,0,0,shipping_cost
S-010403,Web,1,1,0,0,checkout_friction
S-010404,App,1,1,1,1,
S-010405,App,1,1,0,0,checkout_friction
S-010406,Web,1,1,1,1,
S-010407,Web,1,1,1,1,
S-010408,App,1,0,0,0,
S-010409,Web,1,1,1,1,
S-010410,App,1,0,0,0,
S-010411,Web,1,0,0,0,
S-010412,App,1,1,0,0,changed_mind
S-010413,Web,1,1,0,0,payment_fail
S-010414,Web,1,0,0,0,
S-010415,Store,1,1,0,0,changed_mind
S-010416,Web,1,0,0,0,
S-010417,Web,1,1,1,1,
S-010418,Web,1,1,0,0,changed_mind
S-010419,Web,1,1,1,1,
S-010420,App,1,1,0,0,checkout_friction
S-010421,Web,1,1,1,1,
S-010422,App,1,0,0,0,
S-010423,App,1,1,1,1,
S-010424,Web,1,1,0,0,shipping_cost
S-010425,Web,1,0,0,0,
S-010426,Web,1,1,0,0,payment_fail
S-010427,Web,1,1,1,1,
S-010428,Web,1,0,0,0,
S-010429,Web,1,1,0,0,payment_fail
S-010430,Web,1,1,0,0,changed_mind
S-010431,App,1,1,1,1,
S-010432,Web,1,1,0,0,checkout_friction
S-010433,Web,1,1,0,0,payment_fail
S-010434,App,1,1,1,1,
S-010435,Store,1,1,1,1,
S-010436,App,1,0,0,0,
S-010437,Web,1,1,0,0,stock_out
S-010438,Web,1,0,0,0,
S-010439,Store,1,1,1,1,
S-010440,App,1,1,1,1,
S-010441,Web,1,1,1,1,
S-010442,Store,1,1,1,1,
S-010443,Web,1,0,0,0,
S-010444,Web,1,0,0,0,
S-010445,Web,1,1,1,1,
S-010446,Web,1,1,1,1,
S-010447,Store,1,1,1,1,
S-010448,Web,1,1,1,1,
S-010449,Store,1,1,1,1,
S-010450,Web,1,1,0,0,checkout_friction
S-010451,Store,1,0,0,0,
S-010452,Web,1,1,1,1,
S-010453,Web,1,1,0,0,payment_fail
S-010454,Web,1,1,0,0,payment_fail
S-010455,Web,1,1,0,0,changed_mind
S-010456,App,1,0,0,0,
S-010457,Web,1,0,0,0,
S-010458,Web,1,0,0,0,
S-010459,App,1,0,0,0,
S-010460,Web,1,1,0,0,changed_mind
S-010461,App,1,1,0,0,payment_fail
S-010462,App,1,1,0,0,stock_out
S-010463,Store,1,0,0,0,
S-010464,Store,1,1,1,1,
S-010465,Web,1,1,1,1,
S-010466,Store,1,0,0,0,
S-010467,Store,1,1,1,1,
S-010468,Web,1,0,0,0,
S-010469,Web,1,1,0,0,changed_mind
S-010470,Web,1,0,0,0,
S-010471,Web,1,1,0,0,checkout_friction
S-010472,App,1,0,0,0,
S-010473,Web,1,1,0,0,checkout_friction
S-010474,App,1,0,0,0,
S-010475,App,1,1,0,0,stock_out
S-010476,Web,1,0,0,0,
S-010477,App,1,0,0,0,
S-010478,Web,1,1,1,1,
S-010479,App,1,1,0,0,changed_mind
S-010480,Web,1,0,0,0,
S-010481,Web,1,1,0,0,payment_fail
S-010482,Web,1,1,1,1,
S-010483,App,1,1,1,1,
S-010484,Web,1,1,1,1,
S-010485,App,1,1,1,1,
S-010486,Web,1,1,1,1,
S-010487,Web,1,1,1,1,
S-010488,Web,1,0,0,0,
S-010489,Web,1,1,0,0,changed_mind
S-010490,Store,1,1,1,1,
S-010491,Web,1,0,0,0,
S-010492,Web,1,1,0,0,payment_fail
S-010493,Web,1,1,0,0,changed_mind
S-010494,Web,1,1,1,1,
S-010495,Store,1,1,0,0,payment_fail
S-010496,App,1,1,1,1,
S-010497,Web,1,0,0,0,
S-010498,App,1,0,0,0,
S-010499,Web,1,0,0,0,
S-010500,Web,1,0,0,0,
S-010501,Web,1,0,0,0,
S-010502,App,1,1,0,0,changed_mind
S-010503,Web,1,1,1,1,
S-010504,App,1,1,1,1,
S-010505,Web,1,1,1,1,
S-010506,Web,1,1,1,1,
S-010507,Web,1,0,0,0,
S-010508,App,1,1,0,0,payment_fail
S-010509,Web,1,1,1,1,
S-010510,Web,1,0,0,0,
S-010511,App,1,1,0,0,shipping_cost
S-010512,App,1,1,0,0,payment_fail
S-010513,Web,1,0,0,0,
S-010514,App,1,1,1,1,
S-010515,Web,1,0,0,0,
S-010516,Web,1,1,1,1,
S-010517,Web,1,1,0,0,changed_mind
S-010518,App,1,1,1,1,
S-010519,App,1,1,1,1,
S-010520,Web,1,0,0,0,
S-010521,App,1,1,1,1,
S-010522,App,1,0,0,0,
S-010523,Web,1,1,0,0,stock_out
S-010524,Web,1,0,0,0,
S-010525,Web,1,1,1,1,
S-010526,Web,1,0,0,0,
S-010527,Web,1,0,0,0,
S-010528,App,1,0,0,0,
S-010529,Web,1,1,0,0,payment_fail
S-010530,Web,1,1,1,1,
S-010531,Web,1,1,0,0,checkout_friction
S-010532,App,1,1,1,1,
S-010533,App,1,0,0,0,
S-010534,App,1,1,1,1,
S-010535,App,1,0,0,0,
S-010536,Web,1,1,1,1,
S-010537,App,1,1,1,1,
S-010538,Store,1,1,1,1,
S-010539,Web,1,1,0,0,checkout_friction
S-010540,Web,1,1,1,1,
S-010541,Web,1,1,1,1,
S-010542,App,1,1,0,0,shipping_cost
S-010543,Web,1,1,0,0,changed_mind
S-010544,Web,1,0,0,0,
S-010545,Web,1,1,0,0,shipping_cost
S-010546,Store,1,1,1,1,
S-010547,Web,1,0,0,0,
S-010548,Web,1,1,0,0,payment_fail
S-010549,App,1,1,1,1,
S-010550,Web,1,1,0,0,changed_mind
S-010551,App,1,1,1,1,
S-010552,App,1,1,0,0,payment_fail
S-010553,App,1,0,0,0,
S-010554,Web,1,1,1,1,
S-010555,Store,1,1,1,1,
S-010556,Web,1,1,0,0,checkout_friction
S-010557,Web,1,0,0,0,
S-010558,Web,1,1,1,1,
S-010559,Web,1,0,0,0,
S-010560,Store,1,0,0,0,
S-010561,App,1,1,1,1,
S-010562,Store,1,1,0,0,checkout_friction
S-010563,App,1,1,0,0,stock_out
S-010564,Web,1,1,0,0,changed_mind
S-010565,Web,1,0,0,0,
S-010566,Store,1,0,0,0,
S-010567,Web,1,1,1,1,
S-010568,App,1,0,0,0,
S-010569,Web,1,1,1,1,
S-010570,Web,1,1,0,0,changed_mind
S-010571,Web,1,0,0,0,
S-010572,Web,1,1,0,0,checkout_friction
S-010573,App,1,1,1,1,
S-010574,App,1,1,1,1,
S-010575,Web,1,1,1,1,
S-010576,Web,1,1,1,1,
S-010577,Web,1,1,1,1,
S-010578,App,1,1,1,1,
S-010579,App,1,1,1,1,
S-010580,App,1,1,0,0,payment_fail
S-010581,Store,1,1,1,1,
S-010582,Web,1,1,1,1,
S-010583,Web,1,1,0,0,payment_fail
S-010584,App,1,1,0,0,changed_mind
S-010585,Web,1,0,0,0,
S-010586,App,1,1,1,1,
S-010587,App,1,1,1,1,
S-010588,App,1,1,0,0,shipping_cost
S-010589,App,1,1,1,1,
S-010590,Web,1,0,0,0,
S-010591,Store,1,1,1,1,
S-010592,Web,1,1,1,1,
S-010593,Store,1,1,0,0,shipping_cost
S-010594,Store,1,0,0,0,
S-010595,Web,1,0,0,0,
S-010596,App,1,1,1,1,
S-010597,Web,1,1,1,1,
S-010598,Web,1,1,1,1,
S-010599,Web,1,1,0,0,payment_fail
S-010600,Web,1,1,0,0,changed_mind
S-010601,Web,1,0,0,0,
S-010602,Store,1,1,1,1,
S-010603,Web,1,1,1,1,
S-010604,Web,1,1,0,0,payment_fail
S-010605,Web,1,0,0,0,
S-010606,Web,1,1,1,1,
S-010607,Store,1,1,0,0,payment_fail
S-010608,Web,1,0,0,0,
S-010609,App,1,1,1,1,
S-010610,Web,1,1,0,0,payment_fail
S-010611,Web,1,1,0,0,shipping_cost
S-010612,Store,1,1,1,1,
S-010613,Web,1,1,0,0,checkout_friction
S-010614,App,1,1,0,0,shipping_cost
S-010615,Web,1,1,1,1,
S-010616,App,1,1,1,1,
S-010617,Web,1,1,1,1,
S-010618,Web,1,1,1,1,
S-010619,App,1,1,0,0,changed_mind
S-010620,App,1,0,0,0,
S-010621,App,1,0,0,0,
S-010622,Web,1,1,1,1,
S-010623,Web,1,1,1,1,
S-010624,Web,1,1,1,1,
S-010625,Web,1,0,0,0,
S-010626,App,1,1,1,1,
S-010627,Web,1,1,1,1,
S-010628,App,1,1,0,0,stock_out
S-010629,Web,1,1,0,0,shipping_cost
S-010630,Store,1,1,1,1,
S-010631,Web,1,1,1,1,
S-010632,App,1,1,1,1,
S-010633,Store,1,0,0,0,
S-010634,Web,1,0,0,0,
S-010635,Store,1,1,0,0,stock_out
S-010636,Store,1,1,0,0,changed_mind
S-010637,Web,1,1,1,1,
S-010638,Web,1,1,0,0,changed_mind
S-010639,Web,1,1,0,0,payment_fail
S-010640,App,1,1,1,1,
S-010641,Web,1,1,1,1,
S-010642,Web,1,1,1,1,
S-010643,App,1,1,1,1,
S-010644,Web,1,1,1,1,
S-010645,Web,1,1,1,1,
S-010646,App,1,1,1,1,
S-010647,App,1,1,1,1,
S-010648,Web,1,1,0,0,payment_fail
S-010649,App,1,1,1,1,
S-010650,Web,1,1,1,1,
S-010651,Web,1,1,1,1,
S-010652,Web,1,1,0,0,checkout_friction
S-010653,Web,1,0,0,0,
S-010654,Web,1,1,1,1,
S-010655,App,1,1,1,1,
S-010656,Web,1,1,1,1,
S-010657,App,1,1,1,1,
S-010658,Web,1,1,1,1,
S-010659,Web,1,0,0,0,
S-010660,Web,1,1,0,0,stock_out
S-010661,App,1,1,1,1,
S-010662,App,1,0,0,0,
S-010663,Web,1,1,1,1,
S-010664,Web,1,0,0,0,
S-010665,Web,1,1,0,0,checkout_friction
S-010666,Web,1,0,0,0,
S-010667,App,1,0,0,0,
S-010668,Web,1,1,1,1,
S-010669,App,1,1,1,1,
S-010670,Store,1,1,1,1,
S-010671,Web,1,1,1,1,
S-010672,Web,1,0,0,0,
S-010673,Web,1,0,0,0,
S-010674,App,1,1,1,1,
S-010675,Web,1,1,1,1,
S-010676,Web,1,0,0,0,
S-010677,Store,1,1,1,1,
S-010678,App,1,0,0,0,
S-010679,Web,1,1,0,0,checkout_friction
S-010680,App,1,1,0,0,payment_fail
S-010681,App,1,1,1,1,
S-010682,Web,1,1,0,0,stock_out
S-010683,App,1,1,0,0,shipping_cost
S-010684,App,1,0,0,0,
S-010685,Store,1,1,1,1,
S-010686,App,1,0,0,0,
S-010687,App,1,1,1,1,
S-010688,Web,1,1,1,1,
S-010689,Web,1,1,0,0,stock_out
S-010690,App,1,1,0,0,payment_fail
S-010691,Web,1,1,1,1,
S-010692,App,1,1,0,0,shipping_cost
S-010693,Web,1,1,1,1,
S-010694,Web,1,1,1,1,
S-010695,Web,1,0,0,0,
S-010696,Store,1,0,0,0,
S-010697,Web,1,0,0,0,
S-010698,Web,1,1,0,0,stock_out
S-010699,App,1,1,1,1,
S-010700,Web,1,0,0,0,
S-010701,Web,1,0,0,0,
S-010702,Web,1,0,0,0,
S-010703,Web,1,1,0,0,stock_out
S-010704,Web,1,0,0,0,
S-010705,Web,1,1,0,0,changed_mind
S-010706,Web,1,1,1,1,
S-010707,Web,1,0,0,0,
S-010708,Web,1,1,1,1,
S-010709,Web,1,1,0,0,shipping_cost
S-010710,Web,1,0,0,0,
S-010711,Web,1,0,0,0,
S-010712,Web,1,0,0,0,
S-010713,Web,1,0,0,0,
S-010714,Web,1,1,1,1,
S-010715,Web,1,1,0,0,shipping_cost
S-010716,Web,1,1,0,0,checkout_friction
S-010717,Web,1,1,0,0,shipping_cost
S-010718,App,1,1,1,1,
S-010719,Web,1,1,1,1,
S-010720,Web,1,1,0,0,shipping_cost
S-010721,Web,1,0,0,0,
S-010722,App,1,1,1,1,
S-010723,Web,1,1,1,1,
S-010724,Web,1,1,1,1,
S-010725,App,1,0,0,0,
S-010726,Store,1,1,1,1,
S-010727,App,1,1,0,0,changed_mind
S-010728,Store,1,1,0,0,shipping_cost
S-010729,App,1,1,0,0,changed_mind
S-010730,Store,1,1,0,0,shipping_cost
S-010731,App,1,0,0,0,
S-010732,Store,1,1,1,1,
S-010733,App,1,0,0,0,
S-010734,Web,1,0,0,0,
S-010735,Web,1,1,0,0,stock_out
S-010736,Web,1,0,0,0,
S-010737,Web,1,1,1,1,
S-010738,Web,1,1,1,1,
S-010739,Web,1,0,0,0,
S-010740,App,1,1,0,0,checkout_friction
S-010741,App,1,1,0,0,checkout_friction
S-010742,Web,1,1,1,1,
S-010743,App,1,1,0,0,changed_mind
S-010744,Web,1,1,1,1,
S-010745,Web,1,1,1,1,
S-010746,Store,1,1,1,1,
S-010747,Web,1,1,1,1,
S-010748,App,1,0,0,0,
S-010749,App,1,1,1,1,
S-010750,Web,1,0,0,0,
S-010751,App,1,1,0,0,shipping_cost
S-010752,App,1,1,0,0,stock_out
S-010753,Web,1,1,0,0,stock_out
S-010754,App,1,0,0,0,
S-010755,App,1,0,0,0,
S-010756,App,1,1,1,1,
S-010757,Web,1,1,1,1,
S-010758,Web,1,1,0,0,changed_mind
S-010759,Store,1,1,1,1,
S-010760,Web,1,1,0,0,changed_mind
S-010761,App,1,1,1,1,
S-010762,Web,1,1,1,1,
S-010763,Web,1,1,0,0,stock_out
S-010764,App,1,1,1,1,
S-010765,App,1,1,1,1,
S-010766,Web,1,0,0,0,
S-010767,App,1,0,0,0,
S-010768,Web,1,1,0,0,changed_mind
S-010769,Web,1,1,1,1,
S-010770,Store,1,1,1,1,
S-010771,Store,1,0,0,0,
S-010772,Web,1,1,1,1,
S-010773,App,1,1,1,1,
S-010774,App,1,1,1,1,
S-010775,Store,1,1,1,1,
S-010776,Web,1,0,0,0,
S-010777,Web,1,1,0,0,stock_out
S-010778,App,1,0,0,0,
S-010779,Web,1,1,1,1,
S-010780,App,1,1,0,0,payment_fail
S-010781,Store,1,0,0,0,
S-010782,Web,1,1,0,0,shipping_cost
S-010783,Web,1,0,0,0,
S-010784,App,1,1,1,1,
S-010785,App,1,1,1,1,
S-010786,Web,1,1,1,1,
S-010787,App,1,1,1,1,
S-010788,Web,1,1,0,0,changed_mind
S-010789,Web,1,0,0,0,
S-010790,Web,1,1,1,1,
S-010791,Web,1,1,1,1,
S-010792,App,1,0,0,0,
S-010793,Store,1,0,0,0,
S-010794,App,1,1,0,0,payment_fail
S-010795,Web,1,1,1,1,
S-010796,Web,1,0,0,0,
S-010797,Web,1,0,0,0,
S-010798,Web,1,1,1,1,
S-010799,Web,1,1,1,1,
S-010800,Store,1,1,0,0,checkout_friction
S-010801,Web,1,0,0,0,
S-010802,App,1,1,0,0,changed_mind
S-010803,App,1,1,0,0,payment_fail
S-010804,App,1,0,0,0,
S-010805,App,1,1,1,1,
S-010806,Web,1,1,0,0,stock_out
S-010807,Web,1,1,1,1,
S-010808,Web,1,1,1,1,
S-010809,Web,1,1,1,1,
S-010810,App,1,1,1,1,
S-010811,Web,1,0,0,0,
S-010812,App,1,1,0,0,stock_out
S-010813,Web,1,0,0,0,
S-010814,App,1,1,1,1,
S-010815,App,1,1,1,1,
S-010816,Web,1,1,0,0,stock_out
S-010817,Web,1,1,1,1,
S-010818,Web,1,1,1,1,
S-010819,App,1,1,1,1,
S-010820,Web,1,0,0,0,
S-010821,Web,1,1,1,1,
S-010822,Store,1,1,1,1,
S-010823,App,1,1,0,0,shipping_cost
S-010824,Web,1,1,0,0,checkout_friction
S-010825,App,1,0,0,0,
S-010826,App,1,1,1,1,
S-010827,Web,1,1,0,0,shipping_cost
S-010828,Web,1,1,0,0,changed_mind
S-010829,Web,1,1,1,1,
S-010830,Web,1,0,0,0,
S-010831,Web,1,1,1,1,
S-010832,Web,1,1,1,1,
S-010833,Store,1,1,0,0,payment_fail
S-010834,Web,1,1,0,0,changed_mind
S-010835,App,1,1,1,1,
S-010836,Web,1,0,0,0,
S-010837,App,1,1,1,1,
S-010838,App,1,1,0,0,stock_out
S-010839,App,1,0,0,0,
S-010840,App,1,0,0,0,
S-010841,Store,1,1,1,1,
S-010842,App,1,1,1,1,
S-010843,Web,1,1,1,1,
S-010844,Web,1,1,1,1,
S-010845,Web,1,0,0,0,
S-010846,Web,1,0,0,0,
S-010847,Web,1,1,1,1,
S-010848,Web,1,0,0,0,
S-010849,App,1,1,1,1,
S-010850,Store,1,1,1,1,
S-010851,Web,1,0,0,0,
S-010852,Web,1,0,0,0,
S-010853,Store,1,1,1,1,
S-010854,Web,1,1,1,1,
S-010855,Web,1,1,1,1,
S-010856,App,1,1,1,1,
S-010857,Web,1,1,1,1,
S-010858,Web,1,1,0,0,changed_mind
S-010859,App,1,1,0,0,shipping_cost
S-010860,Web,1,0,0,0,
S-010861,App,1,1,0,0,stock_out
S-010862,App,1,1,0,0,changed_mind
S-010863,App,1,1,0,0,payment_fail
S-010864,Store,1,0,0,0,
S-010865,Store,1,1,1,1,
S-010866,Web,1,0,0,0,
S-010867,Web,1,0,0,0,
S-010868,App,1,1,0,0,checkout_friction
S-010869,Web,1,1,1,1,
S-010870,App,1,1,0,0,stock_out
S-010871,App,1,1,1,1,
S-010872,Store,1,1,0,0,checkout_friction
S-010873,Web,1,1,0,0,checkout_friction
S-010874,Web,1,1,0,0,checkout_friction
S-010875,Web,1,0,0,0,
S-010876,App,1,1,1,1,
S-010877,Store,1,0,0,0,
S-010878,Web,1,1,1,1,
S-010879,Web,1,0,0,0,
S-010880,Web,1,1,0,0,stock_out
S-010881,Web,1,0,0,0,
S-010882,Web,1,1,0,0,changed_mind
S-010883,Store,1,1,1,1,
S-010884,Web,1,1,0,0,payment_fail
S-010885,Store,1,1,1,1,
S-010886,Web,1,0,0,0,
S-010887,Web,1,1,1,1,
S-010888,Web,1,0,0,0,
S-010889,Web,1,1,1,1,
S-010890,Web,1,1,0,0,changed_mind
S-010891,Store,1,0,0,0,
S-010892,Web,1,0,0,0,
S-010893,App,1,1,1,1,
S-010894,Web,1,1,0,0,stock_out
S-010895,Web,1,1,0,0,changed_mind
S-010896,App,1,1,1,1,
S-010897,Store,1,0,0,0,
S-010898,App,1,0,0,0,
S-010899,Web,1,1,0,0,checkout_friction
S-010900,Web,1,0,0,0,
S-010901,App,1,1,1,1,
S-010902,Web,1,0,0,0,
S-010903,Web,1,1,0,0,payment_fail
S-010904,App,1,0,0,0,
S-010905,Web,1,1,1,1,
S-010906,Web,1,1,0,0,shipping_cost
S-010907,App,1,1,1,1,
S-010908,App,1,1,1,1,
S-010909,Web,1,0,0,0,
S-010910,App,1,0,0,0,
S-010911,Web,1,1,1,1,
S-010912,Store,1,1,0,0,changed_mind
S-010913,Web,1,1,1,1,
S-010914,App,1,0,0,0,
S-010915,App,1,1,0,0,shipping_cost
S-010916,Web,1,0,0,0,
S-010917,Web,1,0,0,0,
S-010918,Web,1,1,0,0,payment_fail
S-010919,Web,1,1,0,0,payment_fail
S-010920,Web,1,0,0,0,
S-010921,Store,1,1,0,0,stock_out
S-010922,Store,1,1,0,0,shipping_cost
S-010923,App,1,1,0,0,payment_fail
S-010924,Web,1,1,0,0,payment_fail
S-010925,Store,1,0,0,0,
S-010926,App,1,1,1,1,
S-010927,Web,1,1,0,0,shipping_cost
S-010928,App,1,1,1,1,
S-010929,App,1,1,1,1,
S-010930,App,1,0,0,0,
S-010931,Web,1,1,0,0,payment_fail
S-010932,App,1,0,0,0,
S-010933,Web,1,1,0,0,stock_out
S-010934,Store,1,1,1,1,
S-010935,Store,1,1,0,0,stock_out
S-010936,App,1,1,1,1,
S-010937,Web,1,0,0,0,
S-010938,Web,1,1,1,1,
S-010939,Web,1,1,1,1,
S-010940,App,1,1,1,1,
S-010941,App,1,1,0,0,payment_fail
S-010942,App,1,1,1,1,
S-010943,Web,1,1,1,1,
S-010944,Store,1,1,0,0,changed_mind
S-010945,App,1,1,0,0,payment_fail
S-010946,App,1,1,0,0,shipping_cost
S-010947,Web,1,0,0,0,
S-010948,App,1,1,0,0,checkout_friction
S-010949,App,1,1,1,1,
S-010950,App,1,0,0,0,
S-010951,App,1,0,0,0,
S-010952,App,1,1,1,1,
S-010953,Web,1,1,0,0,changed_mind
S-010954,App,1,1,1,1,
S-010955,App,1,1,0,0,checkout_friction
S-010956,App,1,1,0,0,payment_fail
S-010957,Web,1,0,0,0,
S-010958,Web,1,1,1,1,
S-010959,App,1,1,1,1,
S-010960,Web,1,1,1,1,
S-010961,App,1,1,1,1,
S-010962,App,1,0,0,0,
S-010963,App,1,1,0,0,shipping_cost
S-010964,App,1,1,1,1,
S-010965,App,1,1,0,0,shipping_cost
S-010966,Web,1,1,0,0,shipping_cost
S-010967,Web,1,1,1,1,
S-010968,Web,1,1,0,0,checkout_friction
S-010969,Web,1,0,0,0,
S-010970,Web,1,1,0,0,payment_fail
S-010971,App,1,0,0,0,
S-010972,App,1,1,1,1,
S-010973,Web,1,1,1,1,
S-010974,Web,1,0,0,0,
S-010975,Web,1,1,0,0,checkout_friction
S-010976,Web,1,1,1,1,
S-010977,Web,1,0,0,0,
S-010978,Web,1,1,1,1,
S-010979,Web,1,1,1,1,
S-010980,App,1,1,1,1,
S-010981,App,1,1,0,0,checkout_friction
S-010982,Store,1,1,0,0,changed_mind
S-010983,Web,1,0,0,0,
S-010984,App,1,1,0,0,shipping_cost
S-010985,App,1,0,0,0,
S-010986,Store,1,1,0,0,changed_mind
S-010987,Web,1,1,0,0,shipping_cost
S-010988,Web,1,1,1,1,
S-010989,Web,1,1,0,0,stock_out
S-010990,Web,1,1,0,0,shipping_cost
S-010991,App,1,1,0,0,checkout_friction
S-010992,App,1,0,0,0,
S-010993,Web,1,1,1,1,
S-010994,Web,1,1,1,1,
S-010995,App,1,1,1,1,
S-010996,Store,1,1,0,0,changed_mind
S-010997,Web,1,1,1,1,
S-010998,App,1,1,1,1,
S-010999,Web,1,0,0,0,
S-011000,Store,1,0,0,0,
S-011001,App,1,0,0,0,
S-011002,App,1,1,0,0,changed_mind
S-011003,Store,1,1,1,1,
S-011004,Web,1,0,0,0,
S-011005,App,1,1,0,0,stock_out
S-011006,App,1,1,0,0,changed_mind
S-011007,App,1,0,0,0,
S-011008,Web,1,1,0,0,checkout_friction
S-011009,Web,1,0,0,0,
S-011010,App,1,1,1,1,
S-011011,App,1,1,0,0,payment_fail
S-011012,App,1,0,0,0,
S-011013,Web,1,1,1,1,
S-011014,App,1,0,0,0,
S-011015,Web,1,1,0,0,checkout_friction
S-011016,Web,1,0,0,0,
S-011017,Web,1,0,0,0,
S-011018,App,1,1,0,0,stock_out
S-011019,App,1,1,0,0,checkout_friction
S-011020,Web,1,1,1,1,
S-011021,App,1,1,0,0,shipping_cost
S-011022,App,1,1,0,0,stock_out
S-011023,Web,1,0,0,0,
S-011024,Web,1,1,1,1,
S-011025,Web,1,1,1,1,
S-011026,Web,1,0,0,0,
S-011027,Web,1,1,0,0,shipping_cost
S-011028,Web,1,1,0,0,stock_out
S-011029,Web,1,1,1,1,
S-011030,App,1,0,0,0,
S-011031,Store,1,1,0,0,payment_fail
S-011032,Web,1,1,0,0,shipping_cost
S-011033,Web,1,1,0,0,shipping_cost
S-011034,App,1,1,0,0,shipping_cost
S-011035,Web,1,1,1,1,
S-011036,Web,1,0,0,0,
S-011037,Web,1,0,0,0,
S-011038,App,1,1,1,1,
S-011039,Web,1,1,1,1,
S-011040,Web,1,0,0,0,
S-011041,App,1,1,1,1,
S-011042,Store,1,0,0,0,
S-011043,Web,1,1,1,1,
S-011044,Web,1,0,0,0,
S-011045,Web,1,1,1,1,
S-011046,Web,1,0,0,0,
S-011047,Web,1,0,0,0,
S-011048,App,1,1,0,0,shipping_cost
S-011049,App,1,1,0,0,stock_out
S-011050,App,1,1,1,1,
S-011051,Web,1,1,1,1,
S-011052,App,1,1,0,0,payment_fail
S-011053,Web,1,0,0,0,
S-011054,Store,1,0,0,0,
S-011055,Store,1,0,0,0,
S-011056,Web,1,1,0,0,stock_out
S-011057,Store,1,1,1,1,
S-011058,App,1,0,0,0,
S-011059,App,1,1,1,1,
S-011060,App,1,0,0,0,
S-011061,Web,1,1,1,1,
S-011062,Web,1,1,1,1,
S-011063,App,1,1,1,1,
S-011064,Web,1,1,0,0,payment_fail
S-011065,App,1,1,0,0,stock_out
S-011066,App,1,1,0,0,stock_out
S-011067,App,1,1,1,1,
S-011068,App,1,1,0,0,shipping_cost
S-011069,App,1,1,1,1,
S-011070,Web,1,1,0,0,stock_out
S-011071,Web,1,1,0,0,checkout_friction
S-011072,Web,1,1,1,1,
S-011073,App,1,1,0,0,stock_out
S-011074,App,1,0,0,0,
S-011075,Store,1,1,0,0,shipping_cost
S-011076,Web,1,1,1,1,
S-011077,Web,1,1,0,0,shipping_cost
S-011078,Web,1,0,0,0,
S-011079,Web,1,1,1,1,
S-011080,Web,1,1,1,1,
S-011081,Store,1,1,1,1,
S-011082,Web,1,1,0,0,stock_out
S-011083,App,1,1,0,0,shipping_cost
S-011084,Web,1,1,1,1,
S-011085,Web,1,1,0,0,stock_out
S-011086,Web,1,1,1,1,
S-011087,App,1,1,0,0,shipping_cost
S-011088,Store,1,1,1,1,
S-011089,Web,1,0,0,0,
S-011090,Web,1,1,1,1,
S-011091,Web,1,0,0,0,
S-011092,Web,1,1,0,0,stock_out
S-011093,Web,1,1,0,0,payment_fail
S-011094,App,1,1,1,1,
S-011095,Store,1,0,0,0,
S-011096,Web,1,1,0,0,payment_fail
S-011097,App,1,1,1,1,
S-011098,Web,1,1,1,1,
S-011099,Web,1,0,0,0,
S-011100,Store,1,1,1,1,
S-011101,Web,1,1,1,1,
S-011102,App,1,1,0,0,checkout_friction
S-011103,Web,1,1,1,1,
S-011104,Web,1,1,0,0,checkout_friction
S-011105,Web,1,0,0,0,
S-011106,App,1,1,1,1,
S-011107,Web,1,0,0,0,
S-011108,Store,1,1,1,1,
S-011109,App,1,1,0,0,checkout_friction
S-011110,Web,1,0,0,0,
S-011111,Store,1,1,1,1,
S-011112,Web,1,1,0,0,checkout_friction
S-011113,Web,1,1,1,1,
S-011114,Web,1,1,1,1,
S-011115,App,1,1,1,1,
S-011116,App,1,1,0,0,shipping_cost
S-011117,Web,1,1,0,0,shipping_cost
S-011118,App,1,1,0,0,payment_fail
S-011119,App,1,0,0,0,
S-011120,Web,1,0,0,0,
S-011121,Web,1,1,0,0,changed_mind
S-011122,Web,1,1,1,1,
S-011123,Web,1,1,1,1,
S-011124,App,1,1,1,1,
S-011125,Store,1,1,0,0,payment_fail
S-011126,App,1,0,0,0,
S-011127,Web,1,1,1,1,
S-011128,App,1,1,1,1,
S-011129,Store,1,1,0,0,checkout_friction
S-011130,Web,1,0,0,0,
S-011131,Web,1,1,1,1,
S-011132,Web,1,0,0,0,
S-011133,Web,1,1,1,1,
S-011134,Store,1,1,1,1,
S-011135,App,1,1,0,0,payment_fail
S-011136,App,1,0,0,0,
S-011137,Store,1,0,0,0,
S-011138,Web,1,1,1,1,
S-011139,Web,1,1,0,0,payment_fail
S-011140,Web,1,0,0,0,
S-011141,App,1,1,0,0,payment_fail
S-011142,App,1,1,1,1,
S-011143,App,1,1,1,1,
S-011144,Web,1,1,1,1,
S-011145,Web,1,1,0,0,payment_fail
S-011146,Web,1,1,0,0,payment_fail
S-011147,Web,1,1,1,1,
S-011148,App,1,1,1,1,
S-011149,Web,1,1,0,0,changed_mind
S-011150,Web,1,0,0,0,
S-011151,Web,1,0,0,0,
S-011152,App,1,0,0,0,
S-011153,App,1,1,0,0,shipping_cost
S-011154,Web,1,1,1,1,
S-011155,Web,1,1,1,1,
S-011156,Web,1,0,0,0,
S-011157,App,1,0,0,0,
S-011158,Web,1,1,1,1,
S-011159,App,1,1,0,0,changed_mind
S-011160,App,1,1,1,1,
S-011161,Web,1,1,0,0,checkout_friction
S-011162,Web,1,0,0,0,
S-011163,App,1,1,1,1,
S-011164,Web,1,0,0,0,
S-011165,App,1,1,0,0,changed_mind
S-011166,Web,1,0,0,0,
S-011167,App,1,1,1,1,
S-011168,Web,1,1,0,0,changed_mind
S-011169,App,1,0,0,0,
S-011170,Web,1,1,0,0,shipping_cost
S-011171,App,1,1,0,0,payment_fail
S-011172,App,1,1,0,0,shipping_cost
S-011173,App,1,1,1,1,
S-011174,Web,1,1,1,1,
S-011175,Web,1,1,1,1,
S-011176,Web,1,0,0,0,
S-011177,App,1,0,0,0,
S-011178,App,1,1,1,1,
S-011179,App,1,1,1,1,
S-011180,Web,1,1,0,0,checkout_friction
S-011181,Web,1,0,0,0,
S-011182,App,1,0,0,0,
S-011183,App,1,1,1,1,
S-011184,Web,1,1,1,1,
S-011185,App,1,1,1,1,
S-011186,Web,1,0,0,0,
S-011187,Web,1,1,1,1,
S-011188,Web,1,0,0,0,
S-011189,App,1,0,0,0,
S-011190,Web,1,0,0,0,
S-011191,App,1,1,1,1,
S-011192,Web,1,0,0,0,
S-011193,Web,1,1,0,0,changed_mind
S-011194,Web,1,1,1,1,
S-011195,Web,1,1,0,0,payment_fail
S-011196,App,1,1,1,1,
S-011197,Web,1,0,0,0,
S-011198,App,1,1,0,0,shipping_cost
S-011199,App,1,0,0,0,
S-011200,App,1,1,1,1,
S-011201,App,1,0,0,0,
S-011202,Web,1,0,0,0,
S-011203,App,1,1,0,0,stock_out
S-011204,Web,1,1,0,0,changed_mind
S-011205,Store,1,0,0,0,
S-011206,App,1,1,1,1,
S-011207,Web,1,1,1,1,
S-011208,Store,1,1,1,1,
S-011209,App,1,1,1,1,
S-011210,Web,1,1,0,0,changed_mind
S-011211,Web,1,1,0,0,checkout_friction
S-011212,App,1,1,1,1,
S-011213,Web,1,1,1,1,
S-011214,App,1,0,0,0,
S-011215,Store,1,0,0,0,
S-011216,Web,1,1,0,0,changed_mind
S-011217,Store,1,1,1,1,
S-011218,App,1,1,1,1,
S-011219,Store,1,1,0,0,changed_mind
S-011220,Web,1,1,0,0,payment_fail
S-011221,Web,1,1,1,1,
S-011222,Web,1,1,0,0,payment_fail
S-011223,Web,1,1,0,0,checkout_friction
S-011224,Web,1,1,1,1,
S-011225,App,1,0,0,0,
S-011226,Web,1,1,0,0,changed_mind
S-011227,App,1,1,1,1,
S-011228,App,1,1,0,0,shipping_cost
S-011229,Web,1,1,0,0,changed_mind
S-011230,Store,1,0,0,0,
S-011231,Web,1,1,1,1,
S-011232,Store,1,1,0,0,payment_fail
S-011233,App,1,1,1,1,
S-011234,Web,1,1,1,1,
S-011235,Web,1,1,0,0,stock_out
S-011236,Store,1,1,1,1,
S-011237,Web,1,0,0,0,
S-011238,App,1,1,0,0,payment_fail
S-011239,Web,1,1,0,0,stock_out
S-011240,App,1,0,0,0,
S-011241,Web,1,1,1,1,
S-011242,App,1,0,0,0,
S-011243,Web,1,0,0,0,
S-011244,Web,1,0,0,0,
S-011245,Web,1,1,1,1,
S-011246,Web,1,1,1,1,
S-011247,Web,1,0,0,0,
S-011248,App,1,1,0,0,changed_mind
S-011249,Store,1,0,0,0,
S-011250,Web,1,0,0,0,
S-011251,Web,1,0,0,0,
S-011252,Web,1,0,0,0,
S-011253,App,1,1,0,0,payment_fail
S-011254,App,1,1,0,0,payment_fail
S-011255,App,1,0,0,0,
S-011256,Web,1,0,0,0,
S-011257,Web,1,1,0,0,stock_out
S-011258,Web,1,1,1,1,
S-011259,Web,1,1,1,1,
S-011260,App,1,1,0,0,payment_fail
S-011261,Store,1,1,1,1,
S-011262,App,1,0,0,0,
S-011263,App,1,0,0,0,
S-011264,App,1,1,1,1,
S-011265,Web,1,0,0,0,
S-011266,Web,1,1,0,0,payment_fail
S-011267,Web,1,0,0,0,
S-011268,Web,1,1,0,0,stock_out
S-011269,App,1,1,0,0,shipping_cost
S-011270,App,1,1,1,1,
S-011271,Store,1,1,1,1,
S-011272,Web,1,1,0,0,shipping_cost
S-011273,Web,1,1,0,0,payment_fail
S-011274,Web,1,0,0,0,
S-011275,App,1,0,0,0,
S-011276,Web,1,1,1,1,
S-011277,Web,1,1,0,0,checkout_friction
S-011278,Web,1,1,1,1,
S-011279,Store,1,1,0,0,shipping_cost
S-011280,App,1,1,1,1,
S-011281,Web,1,1,1,1,
S-011282,Web,1,1,1,1,
S-011283,Web,1,0,0,0,
S-011284,App,1,1,1,1,
S-011285,Web,1,0,0,0,
S-011286,Web,1,1,1,1,
S-011287,Store,1,1,1,1,
S-011288,App,1,1,1,1,
S-011289,Web,1,1,1,1,
S-011290,App,1,0,0,0,
S-011291,Web,1,0,0,0,
S-011292,Web,1,1,0,0,payment_fail
S-011293,Web,1,1,0,0,shipping_cost
S-011294,Web,1,1,0,0,payment_fail
S-011295,Store,1,1,1,1,
S-011296,Web,1,1,1,1,
S-011297,Web,1,1,1,1,
S-011298,App,1,1,1,1,
S-011299,Web,1,1,0,0,shipping_cost
S-011300,App,1,1,1,1,
S-011301,Web,1,0,0,0,
S-011302,App,1,1,0,0,payment_fail
S-011303,Web,1,1,1,1,
S-011304,Web,1,1,0,0,payment_fail
S-011305,Web,1,1,1,1,
S-011306,Web,1,0,0,0,
S-011307,Store,1,1,0,0,shipping_cost
S-011308,App,1,1,1,1,
S-011309,Store,1,1,0,0,checkout_friction
S-011310,Web,1,1,1,1,
S-011311,App,1,0,0,0,
S-011312,App,1,1,1,1,
S-011313,App,1,0,0,0,
S-011314,Web,1,0,0,0,
S-011315,Web,1,1,1,1,
S-011316,Store,1,1,1,1,
S-011317,Web,1,1,1,1,
S-011318,App,1,1,1,1,
S-011319,Web,1,1,0,0,payment_fail
S-011320,Web,1,0,0,0,
S-011321,App,1,0,0,0,
S-011322,Store,1,1,0,0,payment_fail
S-011323,Web,1,1,1,1,
S-011324,Store,1,1,0,0,checkout_friction
S-011325,Web,1,1,1,1,
S-011326,Web,1,0,0,0,
S-011327,App,1,0,0,0,
S-011328,Web,1,1,0,0,checkout_friction
S-011329,Web,1,1,1,1,
S-011330,App,1,1,1,1,
S-011331,App,1,1,1,1,
S-011332,Web,1,1,1,1,
S-011333,Web,1,1,1,1,
S-011334,Web,1,1,0,0,changed_mind
S-011335,Web,1,0,0,0,
S-011336,Web,1,0,0,0,
S-011337,Web,1,1,1,1,
S-011338,App,1,0,0,0,
S-011339,Web,1,1,0,0,payment_fail
S-011340,Web,1,1,1,1,
S-011341,App,1,1,1,1,
S-011342,Web,1,1,0,0,shipping_cost
S-011343,Web,1,1,1,1,
S-011344,App,1,1,1,1,
S-011345,App,1,1,1,1,
S-011346,App,1,0,0,0,
S-011347,Web,1,0,0,0,
S-011348,Web,1,1,0,0,payment_fail
S-011349,App,1,1,1,1,
S-011350,App,1,0,0,0,
S-011351,App,1,1,1,1,
S-011352,Store,1,1,1,1,
S-011353,App,1,0,0,0,
S-011354,App,1,0,0,0,
S-011355,App,1,1,1,1,
S-011356,Web,1,1,1,1,
S-011357,Web,1,1,1,1,
S-011358,Store,1,1,1,1,
S-011359,Web,1,1,0,0,payment_fail
S-011360,App,1,0,0,0,
S-011361,Web,1,1,1,1,
S-011362,Web,1,1,1,1,
S-011363,Web,1,1,1,1,
S-011364,Web,1,1,1,1,
S-011365,Web,1,1,0,0,shipping_cost
S-011366,Web,1,1,0,0,changed_mind
S-011367,App,1,1,0,0,shipping_cost
S-011368,Web,1,1,0,0,changed_mind
S-011369,Web,1,0,0,0,
S-011370,App,1,1,0,0,shipping_cost
S-011371,Web,1,0,0,0,
S-011372,Web,1,1,0,0,shipping_cost
S-011373,Web,1,1,0,0,stock_out
S-011374,Store,1,1,1,1,
S-011375,Web,1,1,1,1,
S-011376,Web,1,0,0,0,
S-011377,Web,1,1,1,1,
S-011378,Web,1,1,0,0,checkout_friction
S-011379,App,1,1,0,0,shipping_cost
S-011380,App,1,1,0,0,changed_mind
S-011381,Web,1,1,0,0,payment_fail
S-011382,App,1,1,1,1,
S-011383,Web,1,1,1,1,
S-011384,Web,1,1,0,0,payment_fail
S-011385,App,1,1,0,0,stock_out
S-011386,Web,1,0,0,0,
S-011387,App,1,0,0,0,
S-011388,App,1,1,1,1,
S-011389,Web,1,1,1,1,
S-011390,Web,1,1,1,1,
S-011391,App,1,1,1,1,
S-011392,Web,1,1,1,1,
S-011393,App,1,0,0,0,
S-011394,Web,1,1,0,0,payment_fail
S-011395,App,1,0,0,0,
S-011396,Web,1,1,1,1,
S-011397,App,1,1,0,0,shipping_cost
S-011398,App,1,1,1,1,
S-011399,Web,1,1,0,0,shipping_cost
S-011400,App,1,1,0,0,payment_fail
S-011401,Web,1,0,0,0,
S-011402,Web,1,1,1,1,
S-011403,App,1,0,0,0,
S-011404,Web,1,0,0,0,
S-011405,Web,1,1,1,1,
S-011406,App,1,1,0,0,payment_fail
S-011407,Store,1,1,0,0,shipping_cost
S-011408,App,1,0,0,0,
S-011409,App,1,1,1,1,
S-011410,Web,1,1,0,0,checkout_friction
S-011411,App,1,1,0,0,changed_mind
S-011412,Store,1,1,0,0,shipping_cost
S-011413,Web,1,1,1,1,
S-011414,Web,1,1,0,0,payment_fail
S-011415,Web,1,0,0,0,
S-011416,App,1,1,1,1,
S-011417,Web,1,1,0,0,changed_mind
S-011418,Web,1,1,1,1,
S-011419,App,1,1,1,1,
S-011420,App,1,1,0,0,payment_fail
S-011421,Web,1,1,0,0,changed_mind
S-011422,Web,1,1,1,1,
S-011423,Web,1,0,0,0,
S-011424,Store,1,0,0,0,
S-011425,App,1,1,1,1,
S-011426,App,1,1,1,1,
S-011427,App,1,1,0,0,stock_out
S-011428,Store,1,1,1,1,
S-011429,App,1,1,0,0,shipping_cost
S-011430,Web,1,0,0,0,
S-011431,App,1,1,0,0,shipping_cost
S-011432,Web,1,1,1,1,
S-011433,Web,1,1,1,1,
S-011434,Web,1,1,1,1,
S-011435,App,1,1,0,0,payment_fail
S-011436,Web,1,1,0,0,payment_fail
S-011437,Web,1,0,0,0,
S-011438,Web,1,1,1,1,
S-011439,App,1,1,1,1,
S-011440,Web,1,1,1,1,
S-011441,App,1,1,1,1,
S-011442,App,1,1,0,0,shipping_cost
S-011443,Web,1,1,0,0,checkout_friction
S-011444,Web,1,0,0,0,
S-011445,App,1,1,1,1,
S-011446,Web,1,1,0,0,payment_fail
S-011447,Web,1,1,1,1,
S-011448,Web,1,1,0,0,changed_mind
S-011449,Web,1,1,0,0,changed_mind
S-011450,App,1,0,0,0,
S-011451,Web,1,0,0,0,
S-011452,Web,1,1,1,1,
S-011453,Web,1,1,0,0,payment_fail
S-011454,App,1,1,0,0,payment_fail
S-011455,Web,1,0,0,0,
S-011456,App,1,1,0,0,shipping_cost
S-011457,Web,1,0,0,0,
S-011458,App,1,1,1,1,
S-011459,App,1,1,1,1,
S-011460,Web,1,0,0,0,
S-011461,Web,1,1,1,1,
S-011462,Web,1,0,0,0,
S-011463,Web,1,1,1,1,
S-011464,App,1,1,1,1,
S-011465,Web,1,1,1,1,
S-011466,App,1,0,0,0,
S-011467,Web,1,1,1,1,
S-011468,App,1,1,1,1,
S-011469,Web,1,1,0,0,changed_mind
S-011470,Store,1,0,0,0,
S-011471,Web,1,1,0,0,shipping_cost
S-011472,Web,1,1,0,0,stock_out
S-011473,Web,1,1,1,1,
S-011474,Web,1,1,0,0,checkout_friction
S-011475,App,1,0,0,0,
S-011476,Store,1,1,0,0,stock_out
S-011477,App,1,0,0,0,
S-011478,Web,1,0,0,0,
S-011479,Web,1,1,0,0,checkout_friction
S-011480,App,1,1,1,1,
S-011481,Web,1,0,0,0,
S-011482,Web,1,1,1,1,
S-011483,App,1,1,0,0,stock_out
S-011484,App,1,0,0,0,
S-011485,Store,1,0,0,0,
S-011486,Web,1,1,0,0,checkout_friction
S-011487,Web,1,1,1,1,
S-011488,Web,1,1,1,1,
S-011489,App,1,1,1,1,
S-011490,Web,1,0,0,0,
S-011491,Web,1,1,1,1,
S-011492,Web,1,0,0,0,
S-011493,Web,1,1,0,0,stock_out
S-011494,App,1,0,0,0,
S-011495,App,1,1,0,0,stock_out
S-011496,Web,1,1,0,0,stock_out
S-011497,Store,1,1,0,0,checkout_friction
S-011498,Web,1,0,0,0,
S-011499,App,1,0,0,0,
S-011500,App,1,1,1,1,
S-011501,Web,1,1,1,1,
S-011502,App,1,1,1,1,
S-011503,Web,1,0,0,0,
S-011504,Web,1,0,0,0,
S-011505,Web,1,0,0,0,
S-011506,App,1,1,1,1,
S-011507,App,1,0,0,0,
S-011508,Web,1,1,0,0,shipping_cost
S-011509,Web,1,1,0,0,changed_mind
S-011510,Web,1,1,0,0,changed_mind
S-011511,App,1,1,0,0,checkout_friction
S-011512,Web,1,0,0,0,
S-011513,Web,1,0,0,0,
S-011514,Web,1,1,0,0,shipping_cost
S-011515,Store,1,1,1,1,
S-011516,Store,1,1,1,1,
S-011517,App,1,1,0,0,stock_out
S-011518,App,1,1,0,0,stock_out
S-011519,App,1,1,0,0,checkout_friction
S-011520,App,1,1,0,0,payment_fail
S-011521,Web,1,1,1,1,
S-011522,App,1,1,0,0,stock_out
S-011523,Store,1,0,0,0,
S-011524,Web,1,0,0,0,
S-011525,Web,1,1,1,1,
S-011526,App,1,0,0,0,
S-011527,App,1,0,0,0,
S-011528,App,1,1,1,1,
S-011529,Web,1,1,1,1,
S-011530,Web,1,1,0,0,stock_out
S-011531,App,1,1,1,1,
S-011532,Web,1,1,1,1,
S-011533,Web,1,1,1,1,
S-011534,App,1,0,0,0,
S-011535,App,1,1,1,1,
S-011536,App,1,0,0,0,
S-011537,App,1,1,1,1,
S-011538,Store,1,0,0,0,
S-011539,Web,1,0,0,0,
S-011540,Web,1,0,0,0,
S-011541,App,1,1,0,0,checkout_friction
S-011542,App,1,1,0,0,checkout_friction
S-011543,Web,1,1,0,0,changed_mind
S-011544,Web,1,1,0,0,changed_mind
S-011545,App,1,1,0,0,payment_fail
S-011546,Web,1,1,1,1,
S-011547,Web,1,1,1,1,
S-011548,App,1,1,0,0,checkout_friction
S-011549,App,1,1,1,1,
S-011550,App,1,1,0,0,payment_fail
S-011551,Web,1,1,1,1,
S-011552,Web,1,1,0,0,stock_out
S-011553,Web,1,0,0,0,
S-011554,Web,1,1,1,1,
S-011555,App,1,1,1,1,
S-011556,App,1,0,0,0,
S-011557,Web,1,0,0,0,
S-011558,Web,1,1,1,1,
S-011559,App,1,0,0,0,
S-011560,Web,1,1,0,0,stock_out
S-011561,App,1,1,1,1,
S-011562,Web,1,1,1,1,
S-011563,Web,1,1,0,0,shipping_cost
S-011564,Web,1,1,0,0,payment_fail
S-011565,App,1,1,1,1,
S-011566,Web,1,0,0,0,
S-011567,App,1,1,1,1,
S-011568,App,1,1,1,1,
S-011569,Web,1,1,1,1,
S-011570,Web,1,1,0,0,payment_fail
S-011571,Web,1,1,1,1,
S-011572,Web,1,0,0,0,
S-011573,Web,1,1,1,1,
S-011574,Web,1,1,1,1,
S-011575,App,1,1,1,1,
S-011576,Store,1,1,0,0,checkout_friction
S-011577,Web,1,0,0,0,
S-011578,Web,1,1,1,1,
S-011579,Web,1,1,1,1,
S-011580,Web,1,0,0,0,
S-011581,Web,1,0,0,0,
S-011582,App,1,1,0,0,changed_mind
S-011583,App,1,1,0,0,payment_fail
S-011584,App,1,0,0,0,
S-011585,Web,1,1,1,1,
S-011586,Web,1,1,0,0,stock_out
S-011587,App,1,1,1,1,
S-011588,App,1,0,0,0,
S-011589,App,1,0,0,0,
S-011590,Store,1,1,1,1,
S-011591,Web,1,1,1,1,
S-011592,App,1,0,0,0,
S-011593,Web,1,1,0,0,payment_fail
S-011594,App,1,1,0,0,checkout_friction
S-011595,Web,1,1,1,1,
S-011596,App,1,1,0,0,shipping_cost
S-011597,App,1,1,1,1,
S-011598,App,1,1,1,1,
S-011599,Web,1,1,0,0,payment_fail
S-011600,Web,1,1,0,0,payment_fail
S-011601,App,1,1,1,1,
S-011602,Web,1,1,1,1,
S-011603,Store,1,1,0,0,changed_mind
S-011604,Web,1,1,0,0,shipping_cost
S-011605,Store,1,1,0,0,stock_out
S-011606,Web,1,1,1,1,
S-011607,App,1,1,0,0,shipping_cost
S-011608,Web,1,1,0,0,shipping_cost
S-011609,App,1,1,0,0,payment_fail
S-011610,Web,1,1,0,0,payment_fail
S-011611,Web,1,0,0,0,
S-011612,App,1,1,1,1,
S-011613,App,1,1,1,1,
S-011614,Store,1,1,0,0,checkout_friction
S-011615,App,1,1,0,0,payment_fail
S-011616,Web,1,0,0,0,
S-011617,Store,1,1,0,0,checkout_friction
S-011618,App,1,0,0,0,
S-011619,App,1,1,1,1,
S-011620,App,1,0,0,0,
S-011621,Web,1,1,0,0,shipping_cost
S-011622,App,1,0,0,0,
S-011623,App,1,1,1,1,
S-011624,Store,1,1,0,0,payment_fail
S-011625,Web,1,1,0,0,payment_fail
S-011626,Web,1,1,0,0,payment_fail
S-011627,App,1,1,1,1,
S-011628,Web,1,0,0,0,
S-011629,Store,1,1,0,0,stock_out
S-011630,Web,1,1,1,1,
S-011631,Web,1,1,1,1,
S-011632,Web,1,1,1,1,
S-011633,App,1,1,0,0,changed_mind
S-011634,Web,1,1,0,0,shipping_cost
S-011635,Store,1,1,0,0,changed_mind
S-011636,Web,1,0,0,0,
S-011637,Web,1,1,0,0,changed_mind
S-011638,App,1,1,1,1,
S-011639,App,1,1,1,1,
S-011640,Web,1,0,0,0,
S-011641,App,1,0,0,0,
S-011642,Web,1,1,1,1,
S-011643,App,1,0,0,0,
S-011644,App,1,1,1,1,
S-011645,App,1,0,0,0,
S-011646,Web,1,1,1,1,
S-011647,Web,1,1,1,1,
S-011648,Web,1,1,1,1,
S-011649,App,1,1,1,1,
S-011650,Web,1,1,1,1,
S-011651,App,1,1,1,1,
S-011652,Web,1,0,0,0,
S-011653,App,1,0,0,0,
S-011654,App,1,1,0,0,checkout_friction
S-011655,App,1,1,1,1,
S-011656,Store,1,0,0,0,
S-011657,Web,1,1,0,0,checkout_friction
S-011658,Web,1,1,0,0,changed_mind
S-011659,Web,1,1,1,1,
S-011660,Web,1,1,0,0,stock_out
S-011661,Web,1,1,1,1,
S-011662,App,1,1,0,0,stock_out
S-011663,App,1,0,0,0,
S-011664,Web,1,1,1,1,
S-011665,Web,1,0,0,0,
S-011666,Web,1,1,0,0,shipping_cost
S-011667,Web,1,1,1,1,
S-011668,Web,1,1,0,0,stock_out
S-011669,Web,1,1,1,1,
S-011670,Store,1,1,1,1,
S-011671,Web,1,1,1,1,
S-011672,Store,1,1,0,0,payment_fail
S-011673,Store,1,0,0,0,
S-011674,Web,1,1,1,1,
S-011675,Web,1,0,0,0,
S-011676,Web,1,1,0,0,stock_out
S-011677,Web,1,0,0,0,
S-011678,App,1,1,0,0,checkout_friction
S-011679,App,1,1,1,1,
S-011680,Web,1,1,1,1,
S-011681,Store,1,0,0,0,
S-011682,App,1,1,1,1,
S-011683,Web,1,1,1,1,
S-011684,Web,1,1,0,0,payment_fail
S-011685,Web,1,1,1,1,
S-011686,Web,1,0,0,0,
S-011687,Web,1,1,0,0,stock_out
S-011688,Web,1,0,0,0,
S-011689,App,1,1,0,0,checkout_friction
S-011690,App,1,0,0,0,
S-011691,App,1,1,1,1,
S-011692,Web,1,0,0,0,
S-011693,Web,1,1,1,1,
S-011694,App,1,0,0,0,
S-011695,Web,1,1,1,1,
S-011696,App,1,1,1,1,
S-011697,Web,1,1,0,0,payment_fail
S-011698,Web,1,0,0,0,
S-011699,Web,1,0,0,0,
S-011700,Web,1,1,0,0,changed_mind
S-011701,Web,1,1,1,1,
S-011702,Web,1,0,0,0,
S-011703,App,1,1,1,1,
S-011704,Store,1,0,0,0,
S-011705,Store,1,1,0,0,checkout_friction
S-011706,App,1,1,0,0,checkout_friction
S-011707,Store,1,1,0,0,payment_fail
S-011708,App,1,1,1,1,
S-011709,Web,1,1,1,1,
S-011710,Web,1,1,0,0,shipping_cost
S-011711,Store,1,1,0,0,changed_mind
S-011712,Web,1,1,0,0,payment_fail
S-011713,App,1,1,1,1,
S-011714,App,1,1,0,0,shipping_cost
S-011715,App,1,0,0,0,
S-011716,Web,1,1,1,1,
S-011717,Web,1,1,1,1,
S-011718,App,1,1,0,0,payment_fail
S-011719,Web,1,0,0,0,
S-011720,Web,1,0,0,0,
S-011721,Web,1,1,0,0,payment_fail
S-011722,Web,1,1,1,1,
S-011723,Web,1,1,0,0,changed_mind
S-011724,Web,1,0,0,0,
S-011725,Web,1,1,0,0,changed_mind
S-011726,Web,1,1,1,1,
S-011727,Web,1,1,1,1,
S-011728,Web,1,1,1,1,
S-011729,Store,1,1,0,0,changed_mind
S-011730,App,1,1,1,1,
S-011731,Store,1,1,1,1,
S-011732,Store,1,0,0,0,
S-011733,Store,1,0,0,0,
S-011734,Web,1,1,0,0,stock_out
S-011735,App,1,1,1,1,
S-011736,Web,1,1,1,1,
S-011737,App,1,1,0,0,shipping_cost
S-011738,Web,1,1,0,0,payment_fail
S-011739,Web,1,1,1,1,
S-011740,Web,1,1,0,0,payment_fail
S-011741,Web,1,0,0,0,
S-011742,Web,1,0,0,0,
S-011743,Web,1,0,0,0,
S-011744,Web,1,0,0,0,
S-011745,Web,1,1,0,0,payment_fail
S-011746,Web,1,1,0,0,shipping_cost
S-011747,App,1,0,0,0,
S-011748,Web,1,0,0,0,
S-011749,Web,1,0,0,0,
S-011750,Web,1,1,0,0,payment_fail
S-011751,App,1,1,1,1,
S-011752,Store,1,0,0,0,
S-011753,App,1,0,0,0,
S-011754,Store,1,1,0,0,payment_fail
S-011755,Web,1,1,1,1,
S-011756,Web,1,1,0,0,payment_fail
S-011757,Store,1,1,1,1,
S-011758,Store,1,1,0,0,changed_mind
S-011759,App,1,1,1,1,
S-011760,Web,1,1,1,1,
S-011761,Web,1,1,1,1,
S-011762,App,1,1,0,0,changed_mind
S-011763,Web,1,1,0,0,checkout_friction
S-011764,App,1,1,1,1,
S-011765,Web,1,0,0,0,
S-011766,App,1,1,0,0,stock_out
S-011767,App,1,1,1,1,
S-011768,Web,1,0,0,0,
S-011769,Web,1,1,0,0,changed_mind
S-011770,App,1,0,0,0,
S-011771,App,1,1,1,1,
S-011772,Store,1,0,0,0,
S-011773,App,1,1,0,0,payment_fail
S-011774,Web,1,1,1,1,
S-011775,App,1,1,1,1,
S-011776,App,1,1,1,1,
S-011777,Store,1,1,0,0,changed_mind
S-011778,Web,1,1,1,1,
S-011779,Web,1,1,1,1,
S-011780,App,1,1,0,0,payment_fail
S-011781,App,1,1,1,1,
S-011782,Web,1,0,0,0,
S-011783,Web,1,1,1,1,
S-011784,App,1,1,0,0,shipping_cost
S-011785,Web,1,1,0,0,shipping_cost
S-011786,App,1,1,1,1,
S-011787,App,1,1,1,1,
S-011788,Store,1,0,0,0,
S-011789,Web,1,0,0,0,
S-011790,App,1,1,1,1,
S-011791,App,1,1,0,0,shipping_cost
S-011792,Web,1,1,1,1,
S-011793,App,1,1,1,1,
S-011794,Web,1,1,1,1,
S-011795,Web,1,1,0,0,payment_fail
S-011796,Web,1,1,1,1,
S-011797,App,1,1,1,1,
S-011798,App,1,1,0,0,changed_mind
S-011799,Web,1,0,0,0,
S-011800,Web,1,1,1,1,
S-011801,Store,1,1,1,1,
S-011802,Web,1,1,0,0,stock_out
S-011803,Web,1,1,0,0,stock_out
S-011804,App,1,0,0,0,
S-011805,Web,1,1,1,1,
S-011806,Web,1,0,0,0,
S-011807,Web,1,1,0,0,changed_mind
S-011808,App,1,1,0,0,changed_mind
S-011809,Web,1,1,0,0,payment_fail
S-011810,Web,1,0,0,0,
S-011811,App,1,1,0,0,stock_out
S-011812,Web,1,0,0,0,
S-011813,Web,1,1,1,1,
S-011814,Store,1,1,1,1,
S-011815,Web,1,1,0,0,changed_mind
S-011816,App,1,1,1,1,
S-011817,Web,1,1,0,0,payment_fail
S-011818,App,1,1,1,1,
S-011819,Web,1,1,1,1,
S-011820,App,1,1,0,0,shipping_cost
S-011821,Web,1,1,1,1,
S-011822,App,1,1,1,1,
S-011823,App,1,1,1,1,
S-011824,Store,1,1,1,1,
S-011825,Web,1,1,1,1,
S-011826,Web,1,1,1,1,
S-011827,App,1,0,0,0,
S-011828,App,1,0,0,0,
S-011829,App,1,1,0,0,checkout_friction
S-011830,Web,1,1,0,0,changed_mind
S-011831,App,1,1,0,0,shipping_cost
S-011832,Web,1,0,0,0,
S-011833,Web,1,0,0,0,
S-011834,Web,1,1,1,1,
S-011835,Web,1,0,0,0,
S-011836,Web,1,0,0,0,
S-011837,Web,1,1,0,0,changed_mind
S-011838,Web,1,1,1,1,
S-011839,App,1,1,1,1,
S-011840,Web,1,0,0,0,
S-011841,Web,1,1,1,1,
S-011842,Web,1,1,1,1,
S-011843,Web,1,1,0,0,shipping_cost
S-011844,Web,1,0,0,0,
S-011845,Web,1,0,0,0,
S-011846,App,1,1,1,1,
S-011847,Web,1,1,0,0,shipping_cost
S-011848,App,1,1,0,0,shipping_cost
S-011849,Web,1,0,0,0,
S-011850,Web,1,0,0,0,
S-011851,Web,1,1,0,0,shipping_cost
S-011852,Web,1,1,0,0,changed_mind
S-011853,App,1,0,0,0,
S-011854,Web,1,1,1,1,
S-011855,Web,1,1,0,0,payment_fail
S-011856,Web,1,1,0,0,stock_out
S-011857,App,1,1,0,0,shipping_cost
S-011858,Web,1,0,0,0,
S-011859,App,1,0,0,0,
S-011860,Web,1,1,1,1,
S-011861,Web,1,1,1,1,
S-011862,Web,1,1,0,0,changed_mind
S-011863,App,1,1,1,1,
S-011864,Web,1,1,0,0,changed_mind
S-011865,Web,1,1,0,0,changed_mind
S-011866,App,1,1,1,1,
S-011867,Store,1,1,1,1,
S-011868,App,1,0,0,0,
S-011869,Store,1,0,0,0,
S-011870,Web,1,1,0,0,changed_mind
S-011871,Web,1,0,0,0,
S-011872,App,1,1,1,1,
S-011873,App,1,1,0,0,checkout_friction
S-011874,Web,1,1,1,1,
S-011875,App,1,1,0,0,changed_mind
S-011876,App,1,0,0,0,
S-011877,App,1,1,1,1,
S-011878,App,1,1,0,0,stock_out
S-011879,Web,1,1,1,1,
S-011880,Web,1,1,0,0,stock_out
S-011881,App,1,1,0,0,payment_fail
S-011882,App,1,1,1,1,
S-011883,Web,1,1,0,0,shipping_cost
S-011884,Web,1,1,0,0,shipping_cost
S-011885,Web,1,0,0,0,
S-011886,Web,1,1,0,0,payment_fail
S-011887,Web,1,1,1,1,
S-011888,App,1,1,1,1,
S-011889,App,1,0,0,0,
S-011890,Web,1,1,1,1,
S-011891,Web,1,1,0,0,shipping_cost
S-011892,Web,1,1,0,0,shipping_cost
S-011893,App,1,1,0,0,changed_mind
S-011894,Web,1,0,0,0,
S-011895,Store,1,1,1,1,
S-011896,Web,1,1,0,0,payment_fail
S-011897,Web,1,1,0,0,stock_out
S-011898,Web,1,1,0,0,shipping_cost
S-011899,Web,1,0,0,0,
S-011900,Web,1,1,0,0,stock_out
S-011901,App,1,1,0,0,payment_fail
S-011902,Web,1,0,0,0,
S-011903,Store,1,1,0,0,shipping_cost
S-011904,Store,1,1,1,1,
S-011905,Web,1,1,1,1,
S-011906,Web,1,1,1,1,
S-011907,Store,1,1,1,1,
S-011908,Web,1,1,0,0,payment_fail
S-011909,App,1,1,1,1,
S-011910,App,1,1,1,1,
S-011911,App,1,0,0,0,
S-011912,Web,1,1,1,1,
S-011913,Store,1,1,1,1,
S-011914,App,1,1,1,1,
S-011915,Web,1,0,0,0,
S-011916,App,1,1,0,0,changed_mind
S-011917,App,1,1,1,1,
S-011918,App,1,1,1,1,
S-011919,Web,1,1,0,0,shipping_cost
S-011920,Web,1,0,0,0,
S-011921,App,1,1,0,0,checkout_friction
S-011922,Web,1,1,1,1,
S-011923,Web,1,0,0,0,
S-011924,Web,1,0,0,0,
S-011925,Web,1,0,0,0,
S-011926,Web,1,0,0,0,
S-011927,App,1,0,0,0,
S-011928,Web,1,1,1,1,
S-011929,Web,1,1,0,0,shipping_cost
S-011930,Web,1,0,0,0,
S-011931,Web,1,1,1,1,
S-011932,Web,1,1,1,1,
S-011933,Web,1,1,1,1,
S-011934,App,1,1,0,0,changed_mind
S-011935,Web,1,1,0,0,payment_fail
S-011936,Web,1,0,0,0,
S-011937,App,1,0,0,0,
S-011938,App,1,1,1,1,
S-011939,App,1,1,0,0,changed_mind
S-011940,Web,1,0,0,0,
S-011941,Web,1,1,1,1,
S-011942,Store,1,1,1,1,
S-011943,App,1,1,1,1,
S-011944,App,1,1,0,0,shipping_cost
S-011945,App,1,1,1,1,
S-011946,Web,1,1,0,0,shipping_cost
S-011947,Web,1,1,0,0,payment_fail
S-011948,Web,1,0,0,0,
S-011949,Web,1,0,0,0,
S-011950,App,1,1,0,0,payment_fail
S-011951,Store,1,1,0,0,payment_fail
S-011952,App,1,0,0,0,
S-011953,Store,1,1,1,1,
S-011954,Web,1,0,0,0,
S-011955,Web,1,1,1,1,
S-011956,Web,1,1,0,0,checkout_friction
S-011957,Web,1,1,1,1,
S-011958,Web,1,1,0,0,shipping_cost
S-011959,App,1,0,0,0,
S-011960,App,1,1,0,0,payment_fail
S-011961,App,1,0,0,0,
S-011962,App,1,1,1,1,
S-011963,Web,1,1,0,0,checkout_friction
S-011964,App,1,0,0,0,
S-011965,Web,1,1,1,1,
S-011966,Store,1,1,0,0,payment_fail
S-011967,Web,1,1,0,0,shipping_cost
S-011968,Store,1,1,1,1,
S-011969,Web,1,1,0,0,stock_out
S-011970,Web,1,1,0,0,checkout_friction
S-011971,App,1,1,1,1,
S-011972,Web,1,0,0,0,
S-011973,Web,1,1,1,1,
S-011974,Web,1,1,0,0,stock_out
S-011975,App,1,1,1,1,
S-011976,Web,1,0,0,0,
S-011977,Web,1,1,1,1,
S-011978,Web,1,1,1,1,
S-011979,App,1,0,0,0,
S-011980,Store,1,0,0,0,
S-011981,Web,1,1,1,1,
S-011982,Web,1,0,0,0,
S-011983,Web,1,1,1,1,
S-011984,App,1,1,1,1,
S-011985,Web,1,1,1,1,
S-011986,Store,1,1,1,1,
S-011987,Web,1,1,1,1,
S-011988,App,1,0,0,0,
S-011989,Web,1,1,1,1,
S-011990,Web,1,0,0,0,
S-011991,App,1,1,0,0,shipping_cost
S-011992,Web,1,1,1,1,
S-011993,App,1,0,0,0,
S-011994,Web,1,0,0,0,
S-011995,Web,1,0,0,0,
S-011996,Web,1,1,0,0,checkout_friction
S-011997,App,1,1,1,1,
S-011998,App,1,1,0,0,payment_fail
S-011999,Web,1,1,0,0,checkout_friction
S-012000,Web,1,1,0,0,stock_out
S-012001,Web,1,1,1,1,
S-012002,Web,1,1,1,1,
S-012003,Web,1,1,0,0,checkout_friction
S-012004,Web,1,1,1,1,
S-012005,Web,1,1,1,1,
S-012006,Web,1,1,0,0,payment_fail
S-012007,Web,1,1,1,1,
S-012008,Web,1,1,0,0,payment_fail
S-012009,App,1,1,0,0,changed_mind
S-012010,Web,1,0,0,0,
S-012011,App,1,1,1,1,
S-012012,Web,1,1,1,1,
S-012013,Web,1,1,0,0,changed_mind
S-012014,Web,1,1,0,0,changed_mind
S-012015,App,1,0,0,0,
S-012016,App,1,0,0,0,
S-012017,Web,1,0,0,0,
S-012018,App,1,1,1,1,
S-012019,Store,1,1,0,0,checkout_friction
S-012020,Store,1,0,0,0,
S-012021,Web,1,0,0,0,
S-012022,Web,1,1,1,1,
S-012023,Web,1,1,0,0,changed_mind
S-012024,Web,1,1,1,1,
S-012025,Web,1,1,1,1,
S-012026,Web,1,1,1,1,
S-012027,App,1,1,0,0,shipping_cost
S-012028,App,1,1,1,1,
S-012029,App,1,1,0,0,shipping_cost
S-012030,Web,1,1,1,1,
S-012031,App,1,1,0,0,payment_fail
S-012032,App,1,1,1,1,
S-012033,Web,1,1,0,0,payment_fail
S-012034,Web,1,1,0,0,payment_fail
S-012035,Web,1,1,0,0,stock_out
S-012036,Web,1,1,1,1,
S-012037,App,1,1,1,1,
S-012038,App,1,1,0,0,stock_out
S-012039,Web,1,1,1,1,
S-012040,Store,1,1,1,1,
S-012041,Store,1,1,0,0,changed_mind
S-012042,Web,1,1,0,0,shipping_cost
S-012043,App,1,0,0,0,
S-012044,App,1,1,1,1,
S-012045,Web,1,1,0,0,changed_mind
S-012046,Web,1,1,1,1,
S-012047,Web,1,0,0,0,
S-012048,Web,1,1,1,1,
S-012049,Web,1,1,1,1,
S-012050,Store,1,1,1,1,
S-012051,Web,1,1,0,0,stock_out
S-012052,Web,1,0,0,0,
S-012053,Web,1,1,0,0,checkout_friction
S-012054,Web,1,0,0,0,
S-012055,Web,1,1,0,0,changed_mind
S-012056,Store,1,0,0,0,
S-012057,Web,1,1,1,1,
S-012058,App,1,0,0,0,
S-012059,App,1,1,0,0,stock_out
S-012060,App,1,0,0,0,
S-012061,App,1,1,0,0,changed_mind
S-012062,Web,1,1,0,0,shipping_cost
S-012063,App,1,1,0,0,checkout_friction
S-012064,Web,1,1,1,1,
S-012065,Web,1,1,1,1,
S-012066,Web,1,1,1,1,
S-012067,App,1,1,1,1,
S-012068,Web,1,1,1,1,
S-012069,Web,1,1,0,0,shipping_cost
S-012070,Web,1,1,0,0,shipping_cost
S-012071,Web,1,0,0,0,
S-012072,Web,1,0,0,0,
S-012073,Store,1,0,0,0,
S-012074,Web,1,1,1,1,
S-012075,Web,1,1,1,1,
S-012076,App,1,0,0,0,
S-012077,Store,1,0,0,0,
S-012078,Web,1,1,1,1,
S-012079,App,1,0,0,0,
S-012080,Web,1,1,0,0,shipping_cost
S-012081,Web,1,1,0,0,changed_mind
S-012082,Web,1,1,0,0,changed_mind
S-012083,App,1,1,0,0,changed_mind
S-012084,Web,1,1,0,0,shipping_cost
S-012085,App,1,1,0,0,payment_fail
S-012086,App,1,0,0,0,
S-012087,App,1,1,0,0,checkout_friction
S-012088,Web,1,0,0,0,
S-012089,Web,1,1,1,1,
S-012090,App,1,1,0,0,shipping_cost
S-012091,Store,1,1,0,0,checkout_friction
S-012092,App,1,1,0,0,payment_fail
S-012093,Web,1,0,0,0,
S-012094,Web,1,0,0,0,
S-012095,App,1,1,1,1,
S-012096,Store,1,1,1,1,
S-012097,App,1,1,0,0,changed_mind
S-012098,App,1,1,0,0,changed_mind
S-012099,Web,1,1,0,0,stock_out
S-012100,Web,1,1,1,1,
S-012101,App,1,1,0,0,payment_fail
S-012102,Web,1,1,0,0,checkout_friction
S-012103,App,1,0,0,0,
S-012104,App,1,1,1,1,
S-012105,App,1,1,0,0,changed_mind
S-012106,Store,1,1,0,0,changed_mind
S-012107,App,1,0,0,0,
S-012108,App,1,1,1,1,
S-012109,App,1,0,0,0,
S-012110,Web,1,1,0,0,changed_mind
S-012111,Store,1,1,1,1,
S-012112,Web,1,0,0,0,
S-012113,App,1,0,0,0,
S-012114,Web,1,1,1,1,
S-012115,Web,1,1,0,0,payment_fail
S-012116,Web,1,1,1,1,
S-012117,Store,1,1,0,0,shipping_cost
S-012118,Web,1,1,0,0,payment_fail
S-012119,Web,1,0,0,0,
S-012120,Web,1,1,1,1,
S-012121,App,1,0,0,0,
S-012122,App,1,1,1,1,
S-012123,App,1,1,0,0,shipping_cost
S-012124,Web,1,1,0,0,changed_mind
S-012125,App,1,1,0,0,shipping_cost
S-012126,Store,1,1,1,1,
S-012127,Web,1,1,1,1,
S-012128,Web,1,1,1,1,
S-012129,App,1,0,0,0,
S-012130,Web,1,1,1,1,
S-012131,Web,1,1,1,1,
S-012132,Web,1,0,0,0,
S-012133,Web,1,0,0,0,
S-012134,Web,1,1,1,1,
S-012135,App,1,1,1,1,
S-012136,Web,1,1,1,1,
S-012137,Web,1,1,1,1,
S-012138,Web,1,1,1,1,
S-012139,Web,1,1,1,1,
S-012140,App,1,1,0,0,payment_fail
S-012141,App,1,0,0,0,
S-012142,Web,1,1,0,0,payment_fail
S-012143,Web,1,1,1,1,
S-012144,Web,1,1,1,1,
S-012145,Web,1,0,0,0,
S-012146,Store,1,1,1,1,
S-012147,App,1,1,1,1,
S-012148,Store,1,1,1,1,
S-012149,Web,1,1,1,1,
S-012150,Web,1,0,0,0,
S-012151,Store,1,1,0,0,payment_fail
S-012152,Web,1,1,1,1,
S-012153,Web,1,1,1,1,
S-012154,App,1,1,0,0,payment_fail
S-012155,Store,1,1,1,1,
S-012156,Web,1,1,0,0,changed_mind
S-012157,App,1,0,0,0,
S-012158,Web,1,0,0,0,
S-012159,Web,1,1,0,0,payment_fail
S-012160,App,1,1,0,0,checkout_friction
S-012161,Store,1,0,0,0,
S-012162,Web,1,1,1,1,
S-012163,Web,1,1,1,1,
S-012164,App,1,0,0,0,
S-012165,Web,1,0,0,0,
S-012166,App,1,1,0,0,payment_fail
S-012167,Web,1,0,0,0,
S-012168,Store,1,1,1,1,
S-012169,Store,1,1,1,1,
S-012170,Web,1,0,0,0,
S-012171,App,1,1,1,1,
S-012172,Web,1,1,1,1,
S-012173,App,1,1,0,0,payment_fail
S-012174,App,1,0,0,0,
S-012175,Web,1,1,1,1,
S-012176,Store,1,0,0,0,
S-012177,Web,1,1,1,1,
S-012178,App,1,1,0,0,checkout_friction
S-012179,App,1,1,1,1,
S-012180,Web,1,1,1,1,
S-012181,App,1,0,0,0,
S-012182,App,1,1,0,0,shipping_cost
S-012183,Web,1,0,0,0,
S-012184,App,1,1,0,0,shipping_cost
S-012185,App,1,0,0,0,
S-012186,Web,1,1,1,1,
S-012187,Web,1,1,0,0,checkout_friction
S-012188,App,1,1,0,0,checkout_friction
S-012189,Web,1,1,1,1,
S-012190,App,1,1,1,1,
S-012191,App,1,1,1,1,
S-012192,App,1,1,0,0,stock_out
S-012193,Web,1,0,0,0,
S-012194,Web,1,1,1,1,
S-012195,Web,1,1,1,1,
S-012196,Web,1,1,0,0,payment_fail
S-012197,Web,1,1,0,0,changed_mind
S-012198,App,1,1,0,0,checkout_friction
S-012199,Web,1,0,0,0,
S-012200,Web,1,0,0,0,
S-012201,Web,1,1,0,0,checkout_friction
S-012202,App,1,1,0,0,payment_fail
S-012203,Web,1,0,0,0,
S-012204,Web,1,1,1,1,
S-012205,App,1,1,1,1,
S-012206,App,1,1,1,1,
S-012207,App,1,1,1,1,
S-012208,Web,1,1,1,1,
S-012209,App,1,1,0,0,shipping_cost
S-012210,Web,1,0,0,0,
S-012211,Web,1,1,1,1,
S-012212,Web,1,1,0,0,shipping_cost
S-012213,Web,1,0,0,0,
S-012214,Web,1,1,0,0,payment_fail
S-012215,Web,1,1,1,1,
S-012216,App,1,1,1,1,
S-012217,Web,1,1,0,0,changed_mind
S-012218,Web,1,1,1,1,
S-012219,Web,1,1,1,1,
S-012220,Web,1,1,1,1,
S-012221,Web,1,0,0,0,
S-012222,Web,1,1,0,0,payment_fail
S-012223,App,1,0,0,0,
S-012224,Web,1,1,1,1,
S-012225,Web,1,1,0,0,shipping_cost
S-012226,Web,1,1,0,0,payment_fail
S-012227,Web,1,1,1,1,
S-012228,Web,1,1,1,1,
S-012229,App,1,1,1,1,
S-012230,Web,1,1,1,1,
S-012231,Web,1,0,0,0,
S-012232,Store,1,0,0,0,
S-012233,Store,1,0,0,0,
S-012234,App,1,1,0,0,shipping_cost
S-012235,App,1,1,0,0,payment_fail
S-012236,App,1,0,0,0,
S-012237,Web,1,1,0,0,shipping_cost
S-012238,Web,1,0,0,0,
S-012239,Web,1,0,0,0,
S-012240,App,1,1,1,1,
S-012241,Web,1,1,0,0,payment_fail
S-012242,App,1,1,1,1,
S-012243,Store,1,0,0,0,
S-012244,App,1,1,1,1,
S-012245,Web,1,1,1,1,
S-012246,App,1,1,1,1,
S-012247,App,1,1,1,1,
S-012248,Web,1,1,0,0,checkout_friction
S-012249,Store,1,1,0,0,payment_fail
S-012250,Store,1,1,1,1,
S-012251,App,1,1,1,1,
S-012252,Web,1,1,0,0,changed_mind
S-012253,Web,1,0,0,0,
S-012254,Web,1,1,1,1,
S-012255,App,1,1,1,1,
S-012256,Web,1,1,1,1,
S-012257,Web,1,1,1,1,
S-012258,Web,1,0,0,0,
S-012259,App,1,1,0,0,payment_fail
S-012260,Web,1,1,0,0,payment_fail
S-012261,Web,1,1,1,1,
S-012262,Web,1,0,0,0,
S-012263,Web,1,1,0,0,payment_fail
S-012264,Web,1,1,0,0,payment_fail
S-012265,App,1,1,0,0,payment_fail
S-012266,Store,1,1,0,0,shipping_cost
S-012267,Store,1,0,0,0,
S-012268,Web,1,0,0,0,
S-012269,Store,1,0,0,0,
S-012270,Web,1,1,0,0,changed_mind
S-012271,Web,1,1,0,0,payment_fail
S-012272,Web,1,1,1,1,
S-012273,App,1,1,0,0,shipping_cost
S-012274,Web,1,0,0,0,
S-012275,Web,1,1,1,1,
S-012276,Web,1,1,1,1,
S-012277,Web,1,1,0,0,changed_mind
S-012278,App,1,0,0,0,
S-012279,Web,1,1,1,1,
S-012280,Web,1,0,0,0,
S-012281,App,1,1,1,1,
S-012282,Web,1,1,1,1,
S-012283,Web,1,0,0,0,
S-012284,App,1,1,1,1,
S-012285,Store,1,1,0,0,payment_fail
S-012286,App,1,1,0,0,shipping_cost
S-012287,Store,1,1,0,0,payment_fail
S-012288,Web,1,1,1,1,
S-012289,App,1,1,0,0,payment_fail
S-012290,Web,1,1,1,1,
S-012291,Web,1,1,1,1,
S-012292,Web,1,1,1,1,
S-012293,App,1,0,0,0,
S-012294,App,1,0,0,0,
S-012295,App,1,1,1,1,
S-012296,Web,1,1,1,1,
S-012297,App,1,1,1,1,
S-012298,Store,1,0,0,0,
S-012299,App,1,1,0,0,shipping_cost
S-012300,App,1,0,0,0,
S-012301,App,1,1,1,1,
S-012302,App,1,1,1,1,
S-012303,Store,1,1,1,1,
S-012304,Store,1,1,0,0,checkout_friction
S-012305,Web,1,1,0,0,checkout_friction
S-012306,Web,1,1,1,1,
S-012307,Store,1,1,1,1,
S-012308,App,1,1,0,0,checkout_friction
S-012309,App,1,1,0,0,shipping_cost
S-012310,Store,1,0,0,0,
S-012311,App,1,0,0,0,
S-012312,App,1,0,0,0,
S-012313,App,1,1,1,1,
S-012314,App,1,1,0,0,payment_fail
S-012315,Web,1,1,0,0,shipping_cost
S-012316,Web,1,1,0,0,payment_fail
S-012317,Web,1,1,1,1,
S-012318,Web,1,1,1,1,
S-012319,App,1,1,1,1,
S-012320,App,1,1,1,1,
S-012321,Web,1,0,0,0,
S-012322,Web,1,0,0,0,
S-012323,Store,1,0,0,0,
S-012324,Web,1,0,0,0,
S-012325,Web,1,1,0,0,payment_fail
S-012326,Web,1,1,0,0,payment_fail
S-012327,Web,1,1,1,1,
S-012328,App,1,1,1,1,
S-012329,Web,1,1,0,0,shipping_cost
S-012330,App,1,0,0,0,
S-012331,Web,1,1,1,1,
S-012332,Store,1,1,1,1,
S-012333,App,1,1,0,0,shipping_cost
S-012334,Web,1,1,0,0,payment_fail
S-012335,Web,1,1,1,1,
S-012336,Web,1,1,0,0,stock_out
S-012337,App,1,1,1,1,
S-012338,Web,1,0,0,0,
S-012339,App,1,1,0,0,shipping_cost
S-012340,Web,1,0,0,0,
S-012341,Web,1,1,1,1,
S-012342,Store,1,0,0,0,
S-012343,Web,1,1,0,0,checkout_friction
S-012344,Web,1,1,1,1,
S-012345,Web,1,1,1,1,
S-012346,App,1,1,1,1,
S-012347,Store,1,0,0,0,
S-012348,App,1,1,0,0,payment_fail
S-012349,Web,1,0,0,0,
S-012350,Web,1,1,0,0,changed_mind
S-012351,Web,1,1,0,0,payment_fail
S-012352,Web,1,1,0,0,shipping_cost
S-012353,Web,1,1,1,1,
S-012354,Web,1,1,1,1,
S-012355,Web,1,1,1,1,
S-012356,App,1,1,1,1,
S-012357,App,1,0,0,0,
S-012358,Web,1,0,0,0,
S-012359,Web,1,1,0,0,payment_fail
S-012360,Web,1,1,0,0,payment_fail
S-012361,Web,1,1,0,0,changed_mind
S-012362,Store,1,0,0,0,
S-012363,App,1,1,0,0,payment_fail
S-012364,Web,1,1,0,0,payment_fail
S-012365,Web,1,1,0,0,checkout_friction
S-012366,Web,1,1,1,1,
S-012367,App,1,1,1,1,
S-012368,Web,1,1,1,1,
S-012369,App,1,1,1,1,
S-012370,Store,1,0,0,0,
S-012371,Web,1,1,0,0,payment_fail
S-012372,Web,1,1,0,0,changed_mind
S-012373,Store,1,1,1,1,
S-012374,Store,1,1,1,1,
S-012375,Web,1,1,0,0,changed_mind
S-012376,App,1,1,1,1,
S-012377,Store,1,1,1,1,
S-012378,App,1,1,0,0,payment_fail
S-012379,App,1,1,1,1,
S-012380,Web,1,1,0,0,shipping_cost
S-012381,Web,1,1,0,0,payment_fail
S-012382,Web,1,1,1,1,
S-012383,Web,1,0,0,0,
S-012384,Web,1,1,0,0,stock_out
S-012385,Web,1,0,0,0,
S-012386,Web,1,0,0,0,
S-012387,Store,1,1,1,1,
S-012388,Web,1,1,1,1,
S-012389,Web,1,1,1,1,
S-012390,App,1,1,0,0,payment_fail
S-012391,Web,1,1,1,1,
S-012392,App,1,1,0,0,payment_fail
S-012393,Web,1,1,0,0,shipping_cost
S-012394,Store,1,1,1,1,
S-012395,Web,1,0,0,0,
S-012396,Web,1,1,1,1,
S-012397,Web,1,0,0,0,
S-012398,Web,1,1,1,1,
S-012399,Store,1,1,1,1,
S-012400,App,1,1,0,0,checkout_friction
S-012401,App,1,1,0,0,stock_out
S-012402,Web,1,1,0,0,checkout_friction
S-012403,App,1,1,0,0,changed_mind
S-012404,Web,1,1,1,1,
S-012405,Web,1,1,1,1,
S-012406,Web,1,0,0,0,
S-012407,App,1,1,1,1,
S-012408,App,1,1,1,1,
S-012409,Store,1,1,1,1,
S-012410,App,1,1,1,1,
S-012411,Web,1,1,1,1,
S-012412,Web,1,1,1,1,
S-012413,Web,1,1,1,1,
S-012414,App,1,0,0,0,
S-012415,Web,1,1,1,1,
S-012416,Web,1,1,0,0,changed_mind
S-012417,Store,1,1,0,0,shipping_cost
S-012418,App,1,1,1,1,
S-012419,Web,1,1,1,1,
S-012420,App,1,0,0,0,
S-012421,Store,1,1,1,1,
S-012422,Web,1,1,1,1,
S-012423,Web,1,1,1,1,
S-012424,Web,1,0,0,0,
S-012425,Web,1,1,0,0,checkout_friction
S-012426,Web,1,0,0,0,
S-012427,Web,1,1,0,0,changed_mind
S-012428,Web,1,1,0,0,shipping_cost
S-012429,Web,1,1,1,1,
S-012430,Web,1,0,0,0,
S-012431,Store,1,1,0,0,changed_mind
S-012432,Web,1,1,0,0,changed_mind
S-012433,Web,1,1,1,1,
S-012434,App,1,1,0,0,payment_fail
S-012435,App,1,1,0,0,shipping_cost
S-012436,Web,1,1,0,0,shipping_cost
S-012437,Web,1,1,0,0,stock_out
S-012438,App,1,1,0,0,shipping_cost
S-012439,Web,1,1,0,0,stock_out
S-012440,Web,1,1,1,1,
S-012441,App,1,1,0,0,shipping_cost
S-012442,Web,1,0,0,0,
S-012443,Web,1,0,0,0,
S-012444,Web,1,1,0,0,stock_out
S-012445,Web,1,1,1,1,
S-012446,Web,1,1,0,0,payment_fail
S-012447,App,1,1,1,1,
S-012448,Web,1,1,0,0,checkout_friction
S-012449,Web,1,1,0,0,shipping_cost
S-012450,Web,1,0,0,0,
S-012451,Web,1,1,1,1,
S-012452,Web,1,0,0,0,
S-012453,Web,1,0,0,0,
S-012454,App,1,0,0,0,
S-012455,App,1,0,0,0,
S-012456,Web,1,1,1,1,
S-012457,Web,1,1,1,1,
S-012458,App,1,1,1,1,
S-012459,Web,1,1,1,1,
S-012460,Store,1,1,1,1,
S-012461,Web,1,1,1,1,
S-012462,Web,1,1,1,1,
S-012463,Web,1,0,0,0,
S-012464,Web,1,1,0,0,payment_fail
S-012465,Web,1,1,0,0,payment_fail
S-012466,Web,1,0,0,0,
S-012467,App,1,1,1,1,
S-012468,Web,1,1,0,0,payment_fail
S-012469,Store,1,1,0,0,shipping_cost
S-012470,App,1,1,1,1,
S-012471,Web,1,1,1,1,
S-012472,Web,1,1,0,0,stock_out
S-012473,Web,1,1,0,0,checkout_friction
S-012474,Web,1,1,1,1,
S-012475,Web,1,1,1,1,
S-012476,Web,1,1,0,0,changed_mind
S-012477,Web,1,1,0,0,changed_mind
S-012478,App,1,1,0,0,shipping_cost
S-012479,Web,1,1,1,1,
S-012480,App,1,1,1,1,
S-012481,Web,1,1,0,0,stock_out
S-012482,Web,1,0,0,0,
S-012483,Store,1,1,1,1,
S-012484,App,1,0,0,0,
S-012485,Web,1,0,0,0,
S-012486,App,1,1,0,0,stock_out
S-012487,Web,1,1,1,1,
S-012488,App,1,1,1,1,
S-012489,Web,1,0,0,0,
S-012490,Web,1,0,0,0,
S-012491,Web,1,1,1,1,
S-012492,Web,1,0,0,0,
S-012493,Web,1,1,1,1,
S-012494,Web,1,0,0,0,
S-012495,Store,1,1,1,1,
S-012496,App,1,1,0,0,shipping_cost
S-012497,Web,1,1,0,0,checkout_friction
S-012498,Store,1,1,1,1,
S-012499,App,1,0,0,0,
S-012500,Web,1,0,0,0,
S-012501,Store,1,1,1,1,
S-012502,Web,1,1,0,0,shipping_cost
S-012503,Web,1,1,1,1,
S-012504,App,1,0,0,0,
S-012505,Web,1,1,1,1,
S-012506,Web,1,0,0,0,
S-012507,Web,1,1,1,1,
S-012508,App,1,1,1,1,
S-012509,App,1,0,0,0,
S-012510,Web,1,1,1,1,
S-012511,Store,1,1,1,1,
S-012512,Web,1,1,0,0,stock_out
S-012513,Web,1,1,0,0,checkout_friction
S-012514,App,1,1,1,1,
S-012515,Web,1,1,0,0,stock_out
S-012516,App,1,1,0,0,payment_fail
S-012517,App,1,1,1,1,
S-012518,Web,1,1,0,0,changed_mind
S-012519,Store,1,0,0,0,
S-012520,Web,1,1,1,1,
S-012521,Web,1,0,0,0,
S-012522,App,1,1,0,0,payment_fail
S-012523,App,1,0,0,0,
S-012524,Web,1,1,1,1,
S-012525,Web,1,1,1,1,
S-012526,Web,1,1,1,1,
S-012527,Web,1,1,1,1,
S-012528,Web,1,1,1,1,
S-012529,Web,1,1,0,0,stock_out
S-012530,Store,1,1,0,0,shipping_cost
S-012531,App,1,1,1,1,
S-012532,Web,1,1,1,1,
S-012533,App,1,1,1,1,
S-012534,App,1,1,1,1,
S-012535,App,1,1,0,0,changed_mind
S-012536,App,1,0,0,0,
S-012537,Web,1,0,0,0,
S-012538,Web,1,1,1,1,
S-012539,Web,1,1,0,0,checkout_friction
S-012540,App,1,1,0,0,payment_fail
S-012541,Web,1,1,0,0,shipping_cost
S-012542,Web,1,1,1,1,
S-012543,Web,1,1,0,0,changed_mind
S-012544,Web,1,1,0,0,shipping_cost
S-012545,Web,1,0,0,0,
S-012546,Store,1,1,0,0,payment_fail
S-012547,App,1,1,0,0,payment_fail
S-012548,Web,1,1,0,0,shipping_cost
S-012549,Web,1,1,1,1,
S-012550,App,1,0,0,0,
S-012551,Web,1,1,1,1,
S-012552,Web,1,1,0,0,changed_mind
S-012553,App,1,0,0,0,
S-012554,Web,1,0,0,0,
S-012555,App,1,1,0,0,changed_mind
S-012556,Web,1,0,0,0,
S-012557,Web,1,1,1,1,
S-012558,Web,1,1,0,0,payment_fail
S-012559,App,1,1,0,0,shipping_cost
S-012560,Web,1,0,0,0,
S-012561,App,1,1,1,1,
S-012562,App,1,1,1,1,
S-012563,App,1,1,0,0,shipping_cost
S-012564,Web,1,1,1,1,
S-012565,Web,1,1,0,0,payment_fail
S-012566,Web,1,0,0,0,
S-012567,App,1,1,1,1,
S-012568,Web,1,1,1,1,
S-012569,Web,1,1,0,0,stock_out
S-012570,App,1,1,1,1,
S-012571,Web,1,1,0,0,shipping_cost
S-012572,Web,1,1,0,0,changed_mind
S-012573,Web,1,1,1,1,
S-012574,Web,1,0,0,0,
S-012575,Web,1,1,1,1,
S-012576,Store,1,1,1,1,
S-012577,Web,1,1,1,1,
S-012578,Web,1,1,0,0,checkout_friction
S-012579,App,1,1,0,0,changed_mind
S-012580,Store,1,1,1,1,
S-012581,Web,1,0,0,0,
S-012582,Web,1,1,1,1,
S-012583,App,1,1,0,0,changed_mind
S-012584,App,1,1,0,0,payment_fail
S-012585,App,1,1,1,1,
S-012586,Web,1,1,1,1,
S-012587,Web,1,1,1,1,
S-012588,App,1,1,1,1,
S-012589,App,1,0,0,0,
S-012590,Web,1,0,0,0,
S-012591,Web,1,1,1,1,
S-012592,App,1,1,1,1,
S-012593,App,1,0,0,0,
S-012594,Web,1,0,0,0,
S-012595,Store,1,1,1,1,
S-012596,Web,1,0,0,0,
S-012597,App,1,0,0,0,
S-012598,Web,1,1,0,0,payment_fail
S-012599,Web,1,0,0,0,
S-012600,App,1,0,0,0,
S-012601,Web,1,1,0,0,payment_fail
S-012602,Web,1,1,0,0,stock_out
S-012603,App,1,1,0,0,stock_out
S-012604,Web,1,1,1,1,
S-012605,Web,1,1,0,0,payment_fail
S-012606,Web,1,0,0,0,
S-012607,Web,1,1,0,0,payment_fail
S-012608,Store,1,1,1,1,
S-012609,App,1,1,1,1,
S-012610,Web,1,0,0,0,
S-012611,Web,1,1,1,1,
S-012612,App,1,1,0,0,shipping_cost
S-012613,App,1,0,0,0,
S-012614,Web,1,0,0,0,
S-012615,Web,1,0,0,0,
S-012616,App,1,1,0,0,changed_mind
S-012617,Web,1,0,0,0,
S-012618,Web,1,1,0,0,changed_mind
S-012619,App,1,1,1,1,
S-012620,Web,1,1,1,1,
S-012621,App,1,1,0,0,changed_mind
S-012622,App,1,0,0,0,
S-012623,App,1,1,1,1,
S-012624,App,1,1,0,0,checkout_friction
S-012625,Web,1,1,0,0,shipping_cost
S-012626,Web,1,0,0,0,
S-012627,App,1,0,0,0,
S-012628,App,1,1,0,0,changed_mind
S-012629,Web,1,1,1,1,
S-012630,Web,1,1,0,0,changed_mind
S-012631,Web,1,0,0,0,
S-012632,Web,1,1,1,1,
S-012633,Web,1,1,1,1,
S-012634,Store,1,1,0,0,shipping_cost
S-012635,Web,1,1,1,1,
S-012636,Web,1,1,0,0,checkout_friction
S-012637,Web,1,0,0,0,
S-012638,App,1,0,0,0,
S-012639,App,1,1,0,0,payment_fail
S-012640,Web,1,1,0,0,stock_out
S-012641,Web,1,1,1,1,
S-012642,App,1,1,1,1,
S-012643,Web,1,1,1,1,
S-012644,App,1,0,0,0,
S-012645,App,1,0,0,0,
S-012646,Web,1,1,0,0,stock_out
S-012647,App,1,1,1,1,
S-012648,Store,1,0,0,0,
S-012649,App,1,1,0,0,checkout_friction
S-012650,Web,1,0,0,0,
S-012651,App,1,1,1,1,
S-012652,Web,1,1,0,0,changed_mind
S-012653,App,1,1,0,0,shipping_cost
S-012654,App,1,0,0,0,
S-012655,App,1,1,0,0,stock_out
S-012656,Store,1,1,0,0,stock_out
S-012657,Web,1,1,0,0,changed_mind
S-012658,Web,1,1,0,0,stock_out
S-012659,Web,1,0,0,0,
S-012660,App,1,1,1,1,
S-012661,Web,1,1,0,0,payment_fail
S-012662,App,1,1,1,1,
S-012663,App,1,1,0,0,changed_mind
S-012664,App,1,1,1,1,
S-012665,Web,1,1,0,0,checkout_friction
S-012666,App,1,0,0,0,
S-012667,App,1,1,1,1,
S-012668,Web,1,1,1,1,
S-012669,Web,1,1,1,1,
S-012670,Web,1,0,0,0,
S-012671,App,1,1,0,0,shipping_cost
S-012672,App,1,1,1,1,
S-012673,App,1,1,1,1,
S-012674,App,1,1,1,1,
S-012675,Store,1,1,0,0,shipping_cost
S-012676,Web,1,1,0,0,checkout_friction
S-012677,Web,1,1,1,1,
S-012678,App,1,1,1,1,
S-012679,Web,1,1,0,0,stock_out
S-012680,Web,1,1,1,1,
S-012681,Web,1,1,0,0,checkout_friction
S-012682,Web,1,1,0,0,shipping_cost
S-012683,App,1,0,0,0,
S-012684,Web,1,1,0,0,checkout_friction
S-012685,Web,1,1,1,1,
S-012686,Web,1,1,1,1,
S-012687,App,1,1,1,1,
S-012688,Web,1,1,1,1,
S-012689,Web,1,1,0,0,payment_fail
S-012690,Web,1,1,0,0,changed_mind
S-012691,Web,1,1,1,1,
S-012692,Store,1,1,0,0,shipping_cost
S-012693,Web,1,1,1,1,
S-012694,Web,1,1,1,1,
S-012695,App,1,0,0,0,
S-012696,Web,1,1,1,1,
S-012697,Web,1,0,0,0,
S-012698,Store,1,1,1,1,
S-012699,Web,1,1,0,0,stock_out
S-012700,Web,1,1,0,0,checkout_friction
S-012701,App,1,0,0,0,
S-012702,Web,1,0,0,0,
S-012703,Web,1,1,0,0,stock_out
S-012704,Web,1,1,0,0,changed_mind
S-012705,App,1,1,1,1,
S-012706,App,1,0,0,0,
S-012707,Web,1,1,0,0,shipping_cost
S-012708,App,1,0,0,0,
S-012709,Store,1,1,1,1,
S-012710,Web,1,0,0,0,
S-012711,App,1,1,0,0,changed_mind
S-012712,Web,1,1,1,1,
S-012713,App,1,1,0,0,changed_mind
S-012714,Web,1,1,1,1,
S-012715,Web,1,1,0,0,payment_fail
S-012716,App,1,1,1,1,
S-012717,Web,1,1,0,0,changed_mind
S-012718,App,1,1,1,1,
S-012719,App,1,1,0,0,checkout_friction
S-012720,Web,1,1,1,1,
S-012721,App,1,0,0,0,
S-012722,Web,1,1,0,0,stock_out
S-012723,Web,1,1,1,1,
S-012724,Web,1,1,1,1,
S-012725,Web,1,0,0,0,
S-012726,Web,1,0,0,0,
S-012727,App,1,0,0,0,
S-012728,Web,1,0,0,0,
S-012729,Store,1,1,0,0,stock_out
S-012730,Web,1,1,1,1,
S-012731,Web,1,1,0,0,shipping_cost
S-012732,Web,1,1,0,0,changed_mind
S-012733,App,1,1,0,0,payment_fail
S-012734,App,1,1,0,0,shipping_cost
S-012735,Web,1,1,1,1,
S-012736,App,1,1,0,0,shipping_cost
S-012737,App,1,0,0,0,
S-012738,Web,1,1,0,0,payment_fail
S-012739,Web,1,1,1,1,
S-012740,Web,1,0,0,0,
S-012741,Web,1,1,0,0,payment_fail
S-012742,Web,1,1,0,0,changed_mind
S-012743,Web,1,1,1,1,
S-012744,Web,1,1,1,1,
S-012745,Store,1,1,1,1,
S-012746,Web,1,1,0,0,shipping_cost
S-012747,App,1,1,0,0,shipping_cost
S-012748,Web,1,1,0,0,payment_fail
S-012749,Web,1,1,1,1,
S-012750,Web,1,1,1,1,
S-012751,Store,1,1,1,1,
S-012752,Web,1,0,0,0,
S-012753,Web,1,1,1,1,
S-012754,Web,1,1,0,0,changed_mind
S-012755,Web,1,0,0,0,
S-012756,Web,1,1,0,0,shipping_cost
S-012757,Store,1,1,1,1,
S-012758,Web,1,0,0,0,
S-012759,Web,1,1,1,1,
S-012760,App,1,1,1,1,
S-012761,Web,1,1,1,1,
S-012762,Web,1,1,0,0,shipping_cost
S-012763,App,1,0,0,0,
S-012764,Web,1,1,1,1,
S-012765,Web,1,1,0,0,changed_mind
S-012766,Web,1,1,0,0,payment_fail
S-012767,Web,1,1,1,1,
S-012768,Web,1,1,0,0,checkout_friction
S-012769,Store,1,1,1,1,
S-012770,App,1,1,1,1,
S-012771,App,1,1,0,0,payment_fail
S-012772,Web,1,1,0,0,shipping_cost
S-012773,App,1,1,0,0,payment_fail
S-012774,Web,1,1,1,1,
S-012775,Store,1,1,0,0,changed_mind
S-012776,App,1,1,0,0,shipping_cost
S-012777,Store,1,1,0,0,checkout_friction
S-012778,Web,1,1,1,1,
S-012779,Web,1,1,1,1,
S-012780,App,1,1,0,0,shipping_cost
S-012781,Web,1,1,0,0,changed_mind
S-012782,Web,1,0,0,0,
S-012783,Web,1,0,0,0,
S-012784,Web,1,1,1,1,
S-012785,Web,1,1,0,0,payment_fail
S-012786,Web,1,1,1,1,
S-012787,Web,1,1,1,1,
S-012788,Web,1,1,0,0,payment_fail
S-012789,Web,1,0,0,0,
S-012790,Web,1,1,1,1,
S-012791,Web,1,0,0,0,
S-012792,Web,1,1,1,1,
S-012793,Web,1,1,0,0,shipping_cost
S-012794,Web,1,0,0,0,
S-012795,Store,1,0,0,0,
S-012796,Web,1,1,0,0,changed_mind
S-012797,Store,1,1,0,0,shipping_cost
S-012798,Store,1,1,1,1,
S-012799,Web,1,0,0,0,
S-012800,Web,1,1,1,1,
S-012801,Web,1,1,1,1,
S-012802,App,1,1,0,0,checkout_friction
S-012803,Store,1,1,1,1,
S-012804,Web,1,1,1,1,
S-012805,App,1,1,1,1,
S-012806,Web,1,1,1,1,
S-012807,Web,1,1,0,0,stock_out
S-012808,Web,1,1,1,1,
S-012809,App,1,1,1,1,
S-012810,App,1,0,0,0,
S-012811,App,1,0,0,0,
S-012812,Web,1,1,0,0,checkout_friction
S-012813,Web,1,1,0,0,shipping_cost
S-012814,Web,1,1,0,0,stock_out
S-012815,Web,1,1,1,1,
S-012816,Web,1,1,1,1,
S-012817,Web,1,0,0,0,
S-012818,Web,1,1,0,0,changed_mind
S-012819,Web,1,1,0,0,changed_mind
S-012820,App,1,1,0,0,checkout_friction
S-012821,App,1,1,1,1,
S-012822,Store,1,0,0,0,
S-012823,App,1,1,0,0,changed_mind
S-012824,Web,1,1,1,1,
S-012825,Web,1,1,0,0,checkout_friction
S-012826,Web,1,1,1,1,
S-012827,Web,1,0,0,0,
S-012828,Web,1,1,0,0,stock_out
S-012829,Store,1,1,1,1,
S-012830,App,1,1,0,0,payment_fail
S-012831,App,1,1,0,0,changed_mind
S-012832,App,1,0,0,0,
S-012833,Web,1,1,0,0,shipping_cost
S-012834,Web,1,0,0,0,
S-012835,App,1,1,1,1,
S-012836,Web,1,1,1,1,
S-012837,Web,1,1,0,0,checkout_friction
S-012838,App,1,0,0,0,
S-012839,Web,1,0,0,0,
S-012840,Web,1,1,1,1,
S-012841,Web,1,0,0,0,
S-012842,App,1,1,1,1,
S-012843,App,1,1,0,0,stock_out
S-012844,Web,1,1,1,1,
S-012845,Web,1,0,0,0,
S-012846,Web,1,1,1,1,
S-012847,Web,1,1,0,0,payment_fail
S-012848,App,1,1,0,0,payment_fail
S-012849,Web,1,1,0,0,payment_fail
S-012850,Web,1,0,0,0,
S-012851,Web,1,1,1,1,
S-012852,Web,1,0,0,0,
S-012853,App,1,0,0,0,
S-012854,Web,1,1,1,1,
S-012855,App,1,1,1,1,
S-012856,App,1,1,0,0,shipping_cost
S-012857,App,1,1,0,0,payment_fail
S-012858,Web,1,1,1,1,
S-012859,Web,1,0,0,0,
S-012860,App,1,1,0,0,stock_out
S-012861,Web,1,1,1,1,
S-012862,App,1,1,0,0,changed_mind
S-012863,Web,1,1,1,1,
S-012864,App,1,1,0,0,stock_out
S-012865,Store,1,1,1,1,
S-012866,Web,1,0,0,0,
S-012867,Web,1,1,0,0,payment_fail
S-012868,Web,1,1,1,1,
S-012869,App,1,1,1,1,
S-012870,App,1,0,0,0,
S-012871,App,1,1,0,0,changed_mind
S-012872,Web,1,0,0,0,
S-012873,App,1,0,0,0,
S-012874,Web,1,1,0,0,payment_fail
S-012875,Web,1,0,0,0,
S-012876,Web,1,1,1,1,
S-012877,App,1,0,0,0,
S-012878,Web,1,1,1,1,
S-012879,App,1,0,0,0,
S-012880,App,1,1,1,1,
S-012881,Web,1,1,1,1,
S-012882,Store,1,0,0,0,
S-012883,Web,1,1,1,1,
S-012884,Web,1,0,0,0,
S-012885,App,1,0,0,0,
S-012886,App,1,1,0,0,checkout_friction
S-012887,App,1,1,0,0,payment_fail
S-012888,App,1,1,0,0,payment_fail
S-012889,App,1,0,0,0,
S-012890,Web,1,1,1,1,
S-012891,Web,1,1,0,0,payment_fail
S-012892,Web,1,0,0,0,
S-012893,Web,1,1,1,1,
S-012894,Web,1,0,0,0,
S-012895,App,1,1,0,0,stock_out
S-012896,Web,1,1,1,1,
S-012897,Web,1,1,1,1,
S-012898,Web,1,0,0,0,
S-012899,Web,1,0,0,0,
S-012900,App,1,1,1,1,
S-012901,Store,1,1,1,1,
S-012902,Web,1,1,1,1,
S-012903,Store,1,1,0,0,payment_fail
S-012904,Web,1,1,1,1,
S-012905,Web,1,1,1,1,
S-012906,Web,1,0,0,0,
S-012907,Web,1,1,1,1,
S-012908,Store,1,1,0,0,changed_mind
S-012909,Web,1,0,0,0,
S-012910,Web,1,1,1,1,
S-012911,Web,1,1,1,1,
S-012912,Web,1,0,0,0,
S-012913,Web,1,0,0,0,
S-012914,App,1,1,1,1,
S-012915,App,1,0,0,0,
S-012916,Web,1,1,1,1,
S-012917,App,1,0,0,0,
S-012918,Web,1,0,0,0,
S-012919,App,1,1,0,0,stock_out
S-012920,App,1,1,0,0,stock_out
S-012921,App,1,1,1,1,
S-012922,Web,1,0,0,0,
S-012923,Web,1,1,0,0,payment_fail
S-012924,App,1,1,1,1,
S-012925,Web,1,1,0,0,payment_fail
S-012926,App,1,0,0,0,
S-012927,Web,1,1,0,0,shipping_cost
S-012928,Web,1,1,0,0,payment_fail
S-012929,Store,1,1,1,1,
S-012930,App,1,0,0,0,
S-012931,Web,1,1,1,1,
S-012932,Web,1,0,0,0,
S-012933,Web,1,1,0,0,changed_mind
S-012934,Store,1,1,1,1,
S-012935,Web,1,1,0,0,shipping_cost
S-012936,App,1,1,1,1,
S-012937,Web,1,1,0,0,shipping_cost
S-012938,Web,1,1,1,1,
S-012939,Web,1,1,1,1,
S-012940,Web,1,1,0,0,payment_fail
S-012941,App,1,0,0,0,
S-012942,App,1,1,1,1,
S-012943,Web,1,0,0,0,
S-012944,Web,1,1,0,0,changed_mind
S-012945,Web,1,0,0,0,
S-012946,App,1,1,0,0,payment_fail
S-012947,App,1,1,0,0,changed_mind
S-012948,Web,1,1,1,1,
S-012949,App,1,1,0,0,payment_fail
S-012950,Web,1,1,1,1,
S-012951,Web,1,0,0,0,
S-012952,App,1,1,0,0,checkout_friction
S-012953,Web,1,1,1,1,
S-012954,Web,1,1,0,0,changed_mind
S-012955,App,1,1,1,1,
S-012956,Web,1,1,0,0,payment_fail
S-012957,Store,1,0,0,0,
S-012958,App,1,1,1,1,
S-012959,Web,1,1,0,0,payment_fail
S-012960,Web,1,1,0,0,shipping_cost
S-012961,Web,1,0,0,0,
S-012962,App,1,1,0,0,payment_fail
S-012963,Web,1,1,0,0,payment_fail
S-012964,App,1,1,0,0,checkout_friction
S-012965,App,1,1,1,1,
S-012966,Web,1,1,1,1,
S-012967,Web,1,0,0,0,
S-012968,App,1,1,0,0,changed_mind
S-012969,Web,1,1,0,0,payment_fail
S-012970,Web,1,1,1,1,
S-012971,App,1,1,0,0,changed_mind
S-012972,Web,1,1,1,1,
S-012973,Store,1,1,1,1,
S-012974,App,1,1,1,1,
S-012975,Web,1,0,0,0,
S-012976,Web,1,0,0,0,
S-012977,Web,1,1,1,1,
S-012978,App,1,1,0,0,payment_fail
S-012979,Web,1,0,0,0,
S-012980,Web,1,1,0,0,checkout_friction
S-012981,Web,1,1,0,0,payment_fail
S-012982,Web,1,1,0,0,stock_out
S-012983,Store,1,1,1,1,
S-012984,Web,1,1,1,1,
S-012985,Store,1,0,0,0,
S-012986,App,1,1,1,1,
S-012987,Web,1,0,0,0,
S-012988,Store,1,0,0,0,
S-012989,Web,1,1,1,1,
S-012990,Web,1,1,0,0,stock_out
S-012991,App,1,1,1,1,
S-012992,Web,1,1,0,0,payment_fail
S-012993,Web,1,0,0,0,
S-012994,Store,1,1,0,0,payment_fail
S-012995,Web,1,1,1,1,
S-012996,App,1,1,0,0,shipping_cost
S-012997,App,1,1,0,0,checkout_friction
S-012998,Web,1,0,0,0,
S-012999,App,1,1,1,1,
S-013000,App,1,0,0,0,
S-013001,App,1,1,0,0,changed_mind
S-013002,Store,1,0,0,0,
S-013003,Web,1,1,0,0,changed_mind
S-013004,Web,1,1,1,1,
S-013005,Web,1,1,0,0,stock_out
S-013006,Store,1,1,1,1,
S-013007,App,1,0,0,0,
S-013008,App,1,1,1,1,
S-013009,App,1,1,0,0,stock_out
S-013010,App,1,0,0,0,
S-013011,App,1,1,1,1,
S-013012,App,1,1,1,1,
S-013013,Web,1,0,0,0,
S-013014,App,1,1,0,0,shipping_cost
S-013015,App,1,0,0,0,
S-013016,Store,1,1,1,1,
S-013017,Web,1,1,1,1,
S-013018,Web,1,1,1,1,
S-013019,Web,1,0,0,0,
S-013020,Web,1,0,0,0,
S-013021,Store,1,1,0,0,changed_mind
S-013022,App,1,1,0,0,stock_out
S-013023,Web,1,1,0,0,payment_fail
S-013024,Store,1,1,1,1,
S-013025,Store,1,1,1,1,
S-013026,Web,1,1,1,1,
S-013027,App,1,1,1,1,
S-013028,App,1,0,0,0,
S-013029,Web,1,0,0,0,
S-013030,Web,1,1,0,0,checkout_friction
S-013031,App,1,0,0,0,
S-013032,App,1,0,0,0,
S-013033,Web,1,0,0,0,
S-013034,App,1,1,1,1,
S-013035,App,1,1,1,1,
S-013036,App,1,0,0,0,
S-013037,Web,1,1,0,0,payment_fail
S-013038,App,1,1,0,0,payment_fail
S-013039,Web,1,1,0,0,stock_out
S-013040,Web,1,0,0,0,
S-013041,Web,1,1,0,0,shipping_cost
S-013042,Web,1,1,0,0,payment_fail
S-013043,Web,1,1,1,1,
S-013044,Web,1,0,0,0,
S-013045,Web,1,1,0,0,payment_fail
S-013046,Web,1,0,0,0,
S-013047,App,1,1,1,1,
S-013048,Store,1,1,0,0,changed_mind
S-013049,Web,1,0,0,0,
S-013050,App,1,0,0,0,
S-013051,App,1,1,0,0,stock_out
S-013052,Web,1,0,0,0,
S-013053,Web,1,1,0,0,payment_fail
S-013054,Web,1,0,0,0,
S-013055,Web,1,1,0,0,payment_fail
S-013056,App,1,1,0,0,shipping_cost
S-013057,App,1,1,0,0,checkout_friction
S-013058,App,1,1,1,1,
S-013059,Store,1,1,1,1,
S-013060,Web,1,0,0,0,
S-013061,Web,1,1,1,1,
S-013062,Web,1,0,0,0,
S-013063,Web,1,1,0,0,payment_fail
S-013064,App,1,1,1,1,
S-013065,Web,1,1,1,1,
S-013066,App,1,1,0,0,checkout_friction
S-013067,Web,1,1,1,1,
S-013068,App,1,0,0,0,
S-013069,Web,1,1,0,0,checkout_friction
S-013070,Store,1,1,0,0,shipping_cost
S-013071,Web,1,1,1,1,
S-013072,App,1,1,1,1,
S-013073,Web,1,1,1,1,
S-013074,App,1,1,1,1,
S-013075,App,1,1,1,1,
S-013076,Web,1,1,0,0,stock_out
S-013077,Web,1,1,1,1,
S-013078,Store,1,1,1,1,
S-013079,Web,1,0,0,0,
S-013080,Web,1,0,0,0,
S-013081,Web,1,1,0,0,changed_mind
S-013082,Web,1,0,0,0,
S-013083,App,1,1,0,0,changed_mind
S-013084,Web,1,1,1,1,
S-013085,App,1,1,1,1,
S-013086,Web,1,0,0,0,
S-013087,App,1,1,0,0,shipping_cost
S-013088,Web,1,1,1,1,
S-013089,Store,1,0,0,0,
S-013090,App,1,1,1,1,
S-013091,App,1,0,0,0,
S-013092,App,1,1,1,1,
S-013093,Web,1,1,1,1,
S-013094,App,1,1,0,0,stock_out
S-013095,Web,1,0,0,0,
S-013096,Web,1,1,1,1,
S-013097,Web,1,0,0,0,
S-013098,Web,1,1,0,0,stock_out
S-013099,Store,1,0,0,0,
S-013100,Store,1,1,1,1,
S-013101,Web,1,1,0,0,stock_out
S-013102,Web,1,0,0,0,
S-013103,Web,1,1,1,1,
S-013104,Store,1,1,1,1,
S-013105,App,1,1,0,0,checkout_friction
S-013106,Web,1,0,0,0,
S-013107,Web,1,1,1,1,
S-013108,App,1,0,0,0,
S-013109,Web,1,1,1,1,
S-013110,App,1,1,0,0,shipping_cost
S-013111,App,1,1,1,1,
S-013112,App,1,0,0,0,
S-013113,App,1,0,0,0,
S-013114,Web,1,1,1,1,
S-013115,App,1,1,1,1,
S-013116,App,1,1,1,1,
S-013117,Web,1,1,1,1,
S-013118,App,1,1,1,1,
S-013119,Web,1,1,1,1,
S-013120,App,1,1,1,1,
S-013121,Web,1,1,0,0,stock_out
S-013122,Web,1,1,0,0,checkout_friction
S-013123,Store,1,1,0,0,payment_fail
S-013124,App,1,1,1,1,
S-013125,Web,1,1,0,0,payment_fail
S-013126,Web,1,1,0,0,shipping_cost
S-013127,Web,1,1,1,1,
S-013128,Web,1,1,0,0,checkout_friction
S-013129,App,1,1,0,0,shipping_cost
S-013130,Web,1,1,0,0,stock_out
S-013131,Web,1,0,0,0,
S-013132,App,1,1,1,1,
S-013133,Store,1,1,1,1,
S-013134,Web,1,0,0,0,
S-013135,App,1,1,1,1,
S-013136,Web,1,1,1,1,
S-013137,Web,1,0,0,0,
S-013138,App,1,0,0,0,
S-013139,Web,1,1,0,0,payment_fail
S-013140,Web,1,1,1,1,
S-013141,Store,1,1,0,0,shipping_cost
S-013142,App,1,1,1,1,
S-013143,App,1,1,0,0,changed_mind
S-013144,Web,1,1,1,1,
S-013145,Web,1,1,1,1,
S-013146,Web,1,0,0,0,
S-013147,App,1,1,0,0,payment_fail
S-013148,App,1,1,1,1,
S-013149,Store,1,0,0,0,
S-013150,Web,1,1,0,0,checkout_friction
S-013151,App,1,0,0,0,
S-013152,App,1,1,0,0,payment_fail
S-013153,Store,1,1,0,0,checkout_friction
S-013154,Store,1,0,0,0,
S-013155,App,1,1,1,1,
S-013156,Web,1,0,0,0,
S-013157,Web,1,1,0,0,payment_fail
S-013158,Web,1,1,0,0,checkout_friction
S-013159,App,1,1,0,0,changed_mind
S-013160,Store,1,1,0,0,payment_fail
S-013161,App,1,1,0,0,payment_fail
S-013162,Web,1,1,0,0,payment_fail
S-013163,Web,1,1,1,1,
S-013164,Web,1,1,0,0,changed_mind
S-013165,App,1,1,1,1,
S-013166,App,1,1,1,1,
S-013167,Web,1,1,1,1,
S-013168,Web,1,1,1,1,
S-013169,Web,1,0,0,0,
S-013170,Web,1,1,0,0,stock_out
S-013171,Web,1,1,1,1,
S-013172,App,1,1,0,0,shipping_cost
S-013173,Web,1,0,0,0,
S-013174,App,1,1,1,1,
S-013175,Web,1,1,1,1,
S-013176,Web,1,0,0,0,
S-013177,App,1,1,0,0,shipping_cost
S-013178,Web,1,1,1,1,
S-013179,Store,1,0,0,0,
S-013180,Web,1,1,1,1,
S-013181,Web,1,1,0,0,changed_mind
S-013182,Store,1,1,0,0,changed_mind
S-013183,Web,1,1,1,1,
S-013184,App,1,1,0,0,changed_mind
S-013185,App,1,1,0,0,shipping_cost
S-013186,App,1,1,1,1,
S-013187,App,1,1,1,1,
S-013188,Web,1,1,0,0,stock_out
S-013189,App,1,1,1,1,
S-013190,App,1,1,0,0,checkout_friction
S-013191,Web,1,1,1,1,
S-013192,App,1,0,0,0,
S-013193,Web,1,1,1,1,
S-013194,Web,1,0,0,0,
S-013195,Web,1,1,0,0,shipping_cost
S-013196,Web,1,1,0,0,payment_fail
S-013197,Web,1,1,1,1,
S-013198,App,1,1,0,0,payment_fail
S-013199,Web,1,0,0,0,
S-013200,Web,1,0,0,0,
S-013201,App,1,1,1,1,
S-013202,Web,1,1,1,1,
S-013203,Web,1,1,1,1,
S-013204,App,1,1,1,1,
S-013205,Web,1,0,0,0,
S-013206,Web,1,0,0,0,
S-013207,App,1,1,0,0,changed_mind
S-013208,Web,1,0,0,0,
S-013209,App,1,1,0,0,shipping_cost
S-013210,Web,1,1,0,0,checkout_friction
S-013211,App,1,0,0,0,
S-013212,Store,1,0,0,0,
S-013213,Web,1,0,0,0,
S-013214,Web,1,1,1,1,
S-013215,Web,1,0,0,0,
S-013216,Web,1,1,0,0,changed_mind
S-013217,Web,1,0,0,0,
S-013218,App,1,0,0,0,
S-013219,Web,1,1,1,1,
S-013220,App,1,0,0,0,
S-013221,Web,1,0,0,0,
S-013222,Web,1,0,0,0,
S-013223,App,1,0,0,0,
S-013224,App,1,1,0,0,changed_mind
S-013225,Web,1,1,1,1,
S-013226,Web,1,0,0,0,
S-013227,Web,1,1,1,1,
S-013228,App,1,1,1,1,
S-013229,App,1,1,0,0,stock_out
S-013230,Web,1,1,1,1,
S-013231,Web,1,0,0,0,
S-013232,Web,1,1,0,0,payment_fail
S-013233,Web,1,1,0,0,stock_out
S-013234,Web,1,1,1,1,
S-013235,App,1,1,0,0,payment_fail
S-013236,Web,1,1,0,0,changed_mind
S-013237,Store,1,1,1,1,
S-013238,Web,1,0,0,0,
S-013239,Web,1,0,0,0,
S-013240,Web,1,1,1,1,
S-013241,Web,1,1,0,0,checkout_friction
S-013242,Web,1,0,0,0,
S-013243,Web,1,1,1,1,
S-013244,App,1,1,0,0,stock_out
S-013245,App,1,1,1,1,
S-013246,Web,1,1,1,1,
S-013247,Web,1,1,1,1,
S-013248,Web,1,1,0,0,checkout_friction
S-013249,Web,1,1,1,1,
S-013250,App,1,0,0,0,
S-013251,App,1,0,0,0,
S-013252,Web,1,1,0,0,shipping_cost
S-013253,Web,1,0,0,0,
S-013254,Web,1,1,1,1,
S-013255,Web,1,1,0,0,stock_out
S-013256,App,1,1,1,1,
S-013257,Web,1,1,0,0,changed_mind
S-013258,Web,1,1,0,0,changed_mind
S-013259,Store,1,0,0,0,
S-013260,App,1,1,1,1,
S-013261,Web,1,1,0,0,payment_fail
S-013262,Web,1,1,1,1,
S-013263,Web,1,1,1,1,
S-013264,App,1,1,1,1,
S-013265,Web,1,1,0,0,payment_fail
S-013266,Web,1,1,1,1,
S-013267,Web,1,1,0,0,changed_mind
S-013268,App,1,1,0,0,payment_fail
S-013269,App,1,1,1,1,
S-013270,Web,1,1,1,1,
S-013271,Store,1,0,0,0,
S-013272,Web,1,1,1,1,
S-013273,App,1,1,1,1,
S-013274,App,1,0,0,0,
S-013275,App,1,0,0,0,
S-013276,Web,1,1,0,0,stock_out
S-013277,Web,1,1,1,1,
S-013278,App,1,1,0,0,stock_out
S-013279,Web,1,0,0,0,
S-013280,App,1,1,1,1,
S-013281,Web,1,0,0,0,
S-013282,Web,1,1,0,0,checkout_friction
S-013283,Web,1,1,1,1,
S-013284,Web,1,1,0,0,payment_fail
S-013285,Web,1,1,0,0,checkout_friction
S-013286,Store,1,1,1,1,
S-013287,App,1,0,0,0,
S-013288,Web,1,0,0,0,
S-013289,Web,1,1,1,1,
S-013290,Web,1,0,0,0,
S-013291,Web,1,1,1,1,
S-013292,App,1,1,0,0,payment_fail
S-013293,App,1,1,0,0,shipping_cost
S-013294,Web,1,0,0,0,
S-013295,App,1,1,0,0,stock_out
S-013296,Web,1,1,0,0,payment_fail
S-013297,App,1,1,1,1,
S-013298,Web,1,1,1,1,
S-013299,App,1,1,0,0,payment_fail
S-013300,Web,1,0,0,0,
S-013301,Web,1,1,1,1,
S-013302,App,1,1,1,1,
S-013303,App,1,1,0,0,payment_fail
S-013304,App,1,1,1,1,
S-013305,App,1,1,0,0,changed_mind
S-013306,App,1,1,1,1,
S-013307,App,1,1,0,0,stock_out
S-013308,App,1,1,1,1,
S-013309,Web,1,1,0,0,payment_fail
S-013310,Web,1,0,0,0,
S-013311,Web,1,0,0,0,
S-013312,Store,1,1,1,1,
S-013313,Web,1,1,0,0,payment_fail
S-013314,Store,1,1,0,0,changed_mind
S-013315,Web,1,1,0,0,payment_fail
S-013316,Store,1,1,0,0,stock_out
S-013317,Web,1,0,0,0,
S-013318,App,1,0,0,0,
S-013319,App,1,1,1,1,
S-013320,App,1,1,0,0,checkout_friction
S-013321,App,1,1,0,0,stock_out
S-013322,Web,1,1,0,0,checkout_friction
S-013323,App,1,1,1,1,
S-013324,App,1,1,0,0,changed_mind
S-013325,App,1,1,0,0,stock_out
S-013326,App,1,1,1,1,
S-013327,Web,1,1,1,1,
S-013328,Web,1,0,0,0,
S-013329,Web,1,1,1,1,
S-013330,App,1,0,0,0,
S-013331,Web,1,0,0,0,
S-013332,App,1,1,0,0,payment_fail
S-013333,Web,1,1,1,1,
S-013334,App,1,1,0,0,payment_fail
S-013335,App,1,0,0,0,
S-013336,App,1,1,1,1,
S-013337,Web,1,0,0,0,
S-013338,App,1,1,1,1,
S-013339,App,1,0,0,0,
S-013340,Web,1,1,0,0,changed_mind
S-013341,Web,1,0,0,0,
S-013342,App,1,0,0,0,
S-013343,Store,1,0,0,0,
S-013344,App,1,0,0,0,
S-013345,Web,1,0,0,0,
S-013346,App,1,1,0,0,payment_fail
S-013347,Web,1,1,0,0,checkout_friction
S-013348,Web,1,1,0,0,changed_mind
S-013349,Web,1,1,1,1,
S-013350,App,1,1,0,0,checkout_friction
S-013351,Web,1,1,1,1,
S-013352,Web,1,1,0,0,shipping_cost
S-013353,Web,1,0,0,0,
S-013354,Web,1,1,1,1,
S-013355,Web,1,0,0,0,
S-013356,Web,1,0,0,0,
S-013357,App,1,0,0,0,
S-013358,App,1,1,1,1,
S-013359,App,1,1,0,0,shipping_cost
S-013360,Web,1,0,0,0,
S-013361,Web,1,1,1,1,
S-013362,Web,1,0,0,0,
S-013363,Web,1,1,0,0,stock_out
S-013364,Web,1,0,0,0,
S-013365,Web,1,1,0,0,payment_fail
S-013366,App,1,1,0,0,changed_mind
S-013367,Web,1,1,0,0,changed_mind
S-013368,App,1,1,0,0,checkout_friction
S-013369,Web,1,1,0,0,stock_out
S-013370,App,1,1,1,1,
S-013371,Web,1,0,0,0,
S-013372,Web,1,1,1,1,
S-013373,Web,1,0,0,0,
S-013374,App,1,1,1,1,
S-013375,App,1,1,1,1,
S-013376,App,1,1,1,1,
S-013377,Web,1,1,1,1,
S-013378,Web,1,1,1,1,
S-013379,Store,1,0,0,0,
S-013380,App,1,1,1,1,
S-013381,Store,1,1,0,0,payment_fail
S-013382,App,1,1,0,0,shipping_cost
S-013383,App,1,1,0,0,changed_mind
S-013384,App,1,1,0,0,payment_fail
S-013385,Web,1,1,0,0,shipping_cost
S-013386,Web,1,1,0,0,shipping_cost
S-013387,App,1,1,1,1,
S-013388,App,1,1,0,0,payment_fail
S-013389,App,1,1,1,1,
S-013390,App,1,0,0,0,
S-013391,App,1,1,0,0,changed_mind
S-013392,Web,1,0,0,0,
S-013393,Web,1,1,0,0,payment_fail
S-013394,App,1,0,0,0,
S-013395,Store,1,1,1,1,
S-013396,Web,1,0,0,0,
S-013397,Web,1,1,0,0,changed_mind
S-013398,Store,1,1,1,1,
S-013399,App,1,0,0,0,
S-013400,App,1,1,1,1,
S-013401,App,1,1,1,1,
S-013402,App,1,1,1,1,
S-013403,App,1,1,1,1,
S-013404,Web,1,0,0,0,
S-013405,Web,1,0,0,0,
S-013406,Web,1,1,0,0,payment_fail
S-013407,Web,1,0,0,0,
S-013408,Web,1,0,0,0,
S-013409,Web,1,1,1,1,
S-013410,Web,1,0,0,0,
S-013411,Store,1,1,1,1,
S-013412,App,1,1,0,0,stock_out
S-013413,App,1,1,1,1,
S-013414,App,1,1,1,1,
S-013415,Web,1,0,0,0,
S-013416,Store,1,1,1,1,
S-013417,App,1,1,1,1,
S-013418,Store,1,1,0,0,payment_fail
S-013419,Web,1,0,0,0,
S-013420,App,1,0,0,0,
S-013421,Store,1,0,0,0,
S-013422,Web,1,1,0,0,checkout_friction
S-013423,App,1,1,1,1,
S-013424,Web,1,1,0,0,payment_fail
S-013425,Web,1,1,0,0,changed_mind
S-013426,Web,1,1,0,0,shipping_cost
S-013427,App,1,1,0,0,payment_fail
S-013428,App,1,0,0,0,
S-013429,Web,1,1,1,1,
S-013430,Store,1,1,1,1,
S-013431,Web,1,1,1,1,
S-013432,App,1,1,0,0,shipping_cost
S-013433,Web,1,1,0,0,stock_out
S-013434,Store,1,1,1,1,
S-013435,App,1,0,0,0,
S-013436,App,1,1,0,0,checkout_friction
S-013437,Web,1,1,1,1,
S-013438,App,1,0,0,0,
S-013439,Web,1,1,1,1,
S-013440,Web,1,1,1,1,
S-013441,Web,1,1,0,0,shipping_cost
S-013442,Web,1,1,0,0,payment_fail
S-013443,App,1,1,1,1,
S-013444,App,1,1,0,0,stock_out
S-013445,Web,1,0,0,0,
S-013446,Web,1,1,0,0,changed_mind
S-013447,Web,1,0,0,0,
S-013448,App,1,1,0,0,payment_fail
S-013449,Web,1,1,1,1,
S-013450,Store,1,1,0,0,stock_out
S-013451,App,1,1,0,0,changed_mind
S-013452,Web,1,1,0,0,changed_mind
S-013453,App,1,0,0,0,
S-013454,App,1,1,1,1,
S-013455,Web,1,1,0,0,shipping_cost
S-013456,Web,1,1,1,1,
S-013457,Store,1,0,0,0,
S-013458,Web,1,0,0,0,
S-013459,App,1,0,0,0,
S-013460,Web,1,1,1,1,
S-013461,App,1,1,0,0,shipping_cost
S-013462,App,1,1,0,0,payment_fail
S-013463,Web,1,0,0,0,
S-013464,Web,1,1,0,0,stock_out
S-013465,Web,1,1,0,0,payment_fail
S-013466,Web,1,0,0,0,
S-013467,App,1,0,0,0,
S-013468,App,1,1,0,0,stock_out
S-013469,App,1,0,0,0,
S-013470,App,1,1,1,1,
S-013471,App,1,1,1,1,
S-013472,App,1,0,0,0,
S-013473,App,1,1,1,1,
S-013474,Web,1,1,0,0,stock_out
S-013475,Web,1,1,1,1,
S-013476,Web,1,0,0,0,
S-013477,Web,1,1,1,1,
S-013478,App,1,1,0,0,stock_out
S-013479,App,1,1,1,1,
S-013480,Web,1,0,0,0,
S-013481,App,1,1,1,1,
S-013482,Store,1,1,1,1,
S-013483,Web,1,0,0,0,
S-013484,Web,1,1,1,1,
S-013485,Web,1,1,1,1,
S-013486,Web,1,1,1,1,
S-013487,App,1,1,1,1,
S-013488,App,1,1,1,1,
S-013489,App,1,1,1,1,
S-013490,App,1,1,0,0,payment_fail
S-013491,App,1,1,0,0,payment_fail
S-013492,App,1,1,1,1,
S-013493,Web,1,0,0,0,
S-013494,App,1,0,0,0,
S-013495,Store,1,0,0,0,
S-013496,App,1,1,0,0,shipping_cost
S-013497,Store,1,1,0,0,changed_mind
S-013498,Web,1,1,0,0,checkout_friction
S-013499,Web,1,0,0,0,
S-013500,Web,1,1,1,1,
S-013501,Web,1,1,0,0,shipping_cost
S-013502,Web,1,0,0,0,
S-013503,Web,1,1,1,1,
S-013504,App,1,1,1,1,
S-013505,Store,1,1,0,0,checkout_friction
S-013506,Web,1,1,0,0,payment_fail
S-013507,Web,1,1,1,1,
S-013508,App,1,0,0,0,
S-013509,Web,1,0,0,0,
S-013510,Web,1,1,0,0,shipping_cost
S-013511,Web,1,1,1,1,
S-013512,Web,1,1,0,0,payment_fail
S-013513,Store,1,1,1,1,
S-013514,App,1,1,0,0,stock_out
S-013515,Web,1,0,0,0,
S-013516,Web,1,1,1,1,
S-013517,Web,1,1,0,0,payment_fail
S-013518,Web,1,1,0,0,payment_fail
S-013519,App,1,1,1,1,
S-013520,App,1,1,1,1,
S-013521,Web,1,1,1,1,
S-013522,Web,1,1,0,0,stock_out
S-013523,Web,1,1,1,1,
S-013524,Web,1,1,1,1,
S-013525,Web,1,1,1,1,
S-013526,Web,1,1,0,0,changed_mind
S-013527,Web,1,0,0,0,
S-013528,App,1,1,0,0,payment_fail
S-013529,Web,1,1,1,1,
S-013530,Web,1,1,0,0,payment_fail
S-013531,Web,1,1,1,1,
S-013532,App,1,1,1,1,
S-013533,Web,1,1,1,1,
S-013534,Web,1,0,0,0,
S-013535,Store,1,0,0,0,
S-013536,Web,1,1,1,1,
S-013537,App,1,0,0,0,
S-013538,App,1,1,1,1,
S-013539,Web,1,1,0,0,changed_mind
S-013540,Web,1,0,0,0,
S-013541,Web,1,1,0,0,shipping_cost
S-013542,Web,1,1,1,1,
S-013543,Web,1,1,1,1,
S-013544,Web,1,1,1,1,
S-013545,App,1,1,0,0,payment_fail
S-013546,Web,1,0,0,0,
S-013547,Web,1,1,0,0,changed_mind
S-013548,Web,1,0,0,0,
S-013549,App,1,1,1,1,
S-013550,Web,1,0,0,0,
S-013551,Web,1,1,1,1,
S-013552,Store,1,0,0,0,
S-013553,Store,1,1,1,1,
S-013554,App,1,1,0,0,payment_fail
S-013555,App,1,1,1,1,
S-013556,App,1,1,0,0,changed_mind
S-013557,Store,1,1,1,1,
S-013558,App,1,1,0,0,shipping_cost
S-013559,App,1,1,1,1,
S-013560,Web,1,1,1,1,
S-013561,Web,1,0,0,0,
S-013562,Web,1,1,1,1,
S-013563,Web,1,0,0,0,
S-013564,Web,1,1,0,0,payment_fail
S-013565,App,1,1,1,1,
S-013566,Web,1,0,0,0,
S-013567,Web,1,1,0,0,payment_fail
S-013568,App,1,0,0,0,
S-013569,Store,1,1,0,0,payment_fail
S-013570,Web,1,1,1,1,
S-013571,Web,1,1,1,1,
S-013572,App,1,1,1,1,
S-013573,Web,1,1,1,1,
S-013574,App,1,1,1,1,
S-013575,App,1,0,0,0,
S-013576,Web,1,1,0,0,payment_fail
S-013577,Web,1,1,0,0,shipping_cost
S-013578,App,1,1,0,0,checkout_friction
S-013579,Web,1,0,0,0,
S-013580,App,1,1,0,0,stock_out
S-013581,Web,1,1,1,1,
S-013582,Web,1,1,1,1,
S-013583,App,1,1,1,1,
S-013584,App,1,0,0,0,
S-013585,Store,1,1,1,1,
S-013586,App,1,1,1,1,
S-013587,App,1,1,1,1,
S-013588,Web,1,1,1,1,
S-013589,App,1,1,1,1,
S-013590,Web,1,1,1,1,
S-013591,Web,1,1,1,1,
S-013592,App,1,0,0,0,
S-013593,App,1,0,0,0,
S-013594,Web,1,1,1,1,
S-013595,Web,1,1,0,0,shipping_cost
S-013596,Store,1,0,0,0,
S-013597,Web,1,1,1,1,
S-013598,App,1,0,0,0,
S-013599,Web,1,1,0,0,changed_mind
S-013600,Web,1,1,0,0,changed_mind
S-013601,Store,1,1,1,1,
S-013602,Store,1,1,0,0,stock_out
S-013603,App,1,1,0,0,payment_fail
S-013604,Web,1,1,1,1,
S-013605,Web,1,1,1,1,
S-013606,Web,1,1,0,0,shipping_cost
S-013607,Web,1,0,0,0,
S-013608,Web,1,1,0,0,shipping_cost
S-013609,Web,1,1,1,1,
S-013610,App,1,0,0,0,
S-013611,Web,1,0,0,0,
S-013612,App,1,1,1,1,
S-013613,Store,1,1,1,1,
S-013614,App,1,1,0,0,payment_fail
S-013615,Web,1,0,0,0,
S-013616,Web,1,0,0,0,
S-013617,App,1,0,0,0,
S-013618,Web,1,0,0,0,
S-013619,Web,1,1,0,0,shipping_cost
S-013620,Web,1,1,1,1,
S-013621,App,1,1,1,1,
S-013622,Web,1,1,0,0,checkout_friction
S-013623,Web,1,1,1,1,
S-013624,Web,1,0,0,0,
S-013625,Web,1,1,0,0,checkout_friction
S-013626,App,1,1,0,0,payment_fail
S-013627,Web,1,1,1,1,
S-013628,Store,1,0,0,0,
S-013629,Web,1,1,0,0,shipping_cost
S-013630,App,1,0,0,0,
S-013631,Web,1,1,1,1,
S-013632,Web,1,1,0,0,shipping_cost
S-013633,Store,1,0,0,0,
S-013634,App,1,0,0,0,
S-013635,Web,1,0,0,0,
S-013636,Web,1,1,1,1,
S-013637,Web,1,1,1,1,
S-013638,Web,1,1,1,1,
S-013639,App,1,1,1,1,
S-013640,Web,1,1,1,1,
S-013641,Store,1,1,0,0,shipping_cost
S-013642,Web,1,1,1,1,
S-013643,App,1,1,1,1,
S-013644,App,1,0,0,0,
S-013645,App,1,0,0,0,
S-013646,App,1,1,0,0,changed_mind
S-013647,App,1,0,0,0,
S-013648,Web,1,1,0,0,payment_fail
S-013649,App,1,0,0,0,
S-013650,Web,1,1,0,0,stock_out
S-013651,Web,1,1,1,1,
S-013652,Web,1,1,0,0,checkout_friction
S-013653,Web,1,1,1,1,
S-013654,Web,1,1,1,1,
S-013655,App,1,1,0,0,changed_mind
S-013656,Web,1,1,1,1,
S-013657,Web,1,1,0,0,changed_mind
S-013658,App,1,1,0,0,changed_mind
S-013659,Web,1,0,0,0,
S-013660,Web,1,1,0,0,shipping_cost
S-013661,App,1,1,1,1,
S-013662,Web,1,0,0,0,
S-013663,Store,1,0,0,0,
S-013664,App,1,0,0,0,
S-013665,Web,1,0,0,0,
S-013666,Web,1,1,0,0,payment_fail
S-013667,App,1,1,0,0,changed_mind
S-013668,Web,1,1,1,1,
S-013669,App,1,1,0,0,payment_fail
S-013670,Web,1,1,1,1,
S-013671,Web,1,0,0,0,
S-013672,App,1,0,0,0,
S-013673,Web,1,1,1,1,
S-013674,Web,1,0,0,0,
S-013675,App,1,1,1,1,
S-013676,App,1,1,1,1,
S-013677,Web,1,1,1,1,
S-013678,Web,1,1,0,0,stock_out
S-013679,Web,1,1,1,1,
S-013680,Web,1,1,0,0,shipping_cost
S-013681,Web,1,0,0,0,
S-013682,App,1,0,0,0,
S-013683,App,1,1,0,0,shipping_cost
S-013684,App,1,1,1,1,
S-013685,Web,1,1,1,1,
S-013686,Web,1,0,0,0,
S-013687,Web,1,1,1,1,
S-013688,Store,1,1,1,1,
S-013689,Store,1,0,0,0,
S-013690,App,1,1,0,0,shipping_cost
S-013691,Web,1,0,0,0,
S-013692,Web,1,1,0,0,checkout_friction
S-013693,Web,1,1,1,1,
S-013694,Web,1,0,0,0,
S-013695,Web,1,0,0,0,
S-013696,App,1,0,0,0,
S-013697,Web,1,1,1,1,
S-013698,Web,1,1,1,1,
S-013699,Web,1,1,1,1,
S-013700,App,1,1,1,1,
S-013701,App,1,0,0,0,
S-013702,Web,1,0,0,0,
S-013703,Web,1,1,0,0,payment_fail
S-013704,Web,1,1,1,1,
S-013705,App,1,1,0,0,payment_fail
S-013706,Web,1,1,0,0,payment_fail
S-013707,App,1,1,0,0,changed_mind
S-013708,Web,1,0,0,0,
S-013709,Web,1,1,1,1,
S-013710,Web,1,1,1,1,
S-013711,Store,1,1,1,1,
S-013712,App,1,0,0,0,
S-013713,Web,1,0,0,0,
S-013714,Web,1,1,0,0,checkout_friction
S-013715,Web,1,0,0,0,
S-013716,Store,1,0,0,0,
S-013717,Web,1,0,0,0,
S-013718,Web,1,1,0,0,payment_fail
S-013719,App,1,0,0,0,
S-013720,Web,1,1,1,1,
S-013721,App,1,1,1,1,
S-013722,Web,1,0,0,0,
S-013723,App,1,1,1,1,
S-013724,Web,1,1,1,1,
S-013725,App,1,1,1,1,
S-013726,Web,1,0,0,0,
S-013727,Web,1,0,0,0,
S-013728,Web,1,1,1,1,
S-013729,Web,1,1,0,0,checkout_friction
S-013730,Web,1,1,1,1,
S-013731,Web,1,1,1,1,
S-013732,Web,1,1,1,1,
S-013733,Web,1,1,0,0,payment_fail
S-013734,App,1,1,1,1,
S-013735,Web,1,1,1,1,
S-013736,Web,1,1,1,1,
S-013737,App,1,1,1,1,
S-013738,App,1,1,0,0,changed_mind
S-013739,App,1,0,0,0,
S-013740,Web,1,0,0,0,
S-013741,Web,1,1,1,1,
S-013742,Web,1,1,0,0,payment_fail
S-013743,App,1,1,1,1,
S-013744,Web,1,1,0,0,shipping_cost
S-013745,Web,1,0,0,0,
S-013746,Web,1,1,1,1,
S-013747,App,1,1,0,0,changed_mind
S-013748,App,1,0,0,0,
S-013749,Web,1,0,0,0,
S-013750,Web,1,0,0,0,
S-013751,Web,1,1,1,1,
S-013752,Web,1,1,1,1,
S-013753,Web,1,1,1,1,
S-013754,App,1,1,1,1,
S-013755,Web,1,1,1,1,
S-013756,Store,1,1,1,1,
S-013757,Web,1,1,0,0,changed_mind
S-013758,Web,1,0,0,0,
S-013759,Web,1,1,0,0,payment_fail
S-013760,App,1,1,0,0,stock_out
S-013761,Web,1,1,0,0,checkout_friction
S-013762,Web,1,1,0,0,shipping_cost
S-013763,App,1,0,0,0,
S-013764,Web,1,0,0,0,
S-013765,Web,1,0,0,0,
S-013766,Web,1,1,1,1,
S-013767,Web,1,1,1,1,
S-013768,Web,1,1,0,0,changed_mind
S-013769,Web,1,1,0,0,stock_out
S-013770,Store,1,1,1,1,
S-013771,Web,1,0,0,0,
S-013772,Store,1,1,1,1,
S-013773,App,1,1,1,1,
S-013774,Web,1,0,0,0,
S-013775,Web,1,0,0,0,
S-013776,App,1,0,0,0,
S-013777,Web,1,1,0,0,payment_fail
S-013778,Web,1,0,0,0,
S-013779,Web,1,1,1,1,
S-013780,Web,1,0,0,0,
S-013781,Web,1,0,0,0,
S-013782,Web,1,1,0,0,checkout_friction
S-013783,Web,1,1,1,1,
S-013784,Web,1,1,0,0,shipping_cost
S-013785,App,1,1,1,1,
S-013786,Web,1,0,0,0,
S-013787,App,1,1,1,1,
S-013788,Web,1,0,0,0,
S-013789,Store,1,1,1,1,
S-013790,App,1,1,0,0,stock_out
S-013791,App,1,1,0,0,payment_fail
S-013792,App,1,0,0,0,
S-013793,Web,1,0,0,0,
S-013794,App,1,1,0,0,shipping_cost
S-013795,Web,1,0,0,0,
S-013796,Web,1,1,0,0,changed_mind
S-013797,App,1,1,1,1,
S-013798,Web,1,1,1,1,
S-013799,Web,1,1,0,0,changed_mind
S-013800,App,1,1,0,0,checkout_friction
S-013801,Store,1,1,1,1,
S-013802,Web,1,0,0,0,
S-013803,App,1,1,1,1,
S-013804,App,1,1,0,0,checkout_friction
S-013805,Web,1,0,0,0,
S-013806,App,1,1,0,0,payment_fail
S-013807,Web,1,0,0,0,
S-013808,Web,1,1,0,0,payment_fail
S-013809,Web,1,0,0,0,
S-013810,App,1,1,1,1,
S-013811,App,1,1,0,0,shipping_cost
S-013812,Web,1,0,0,0,
S-013813,Web,1,1,1,1,
S-013814,App,1,0,0,0,
S-013815,Web,1,1,0,0,shipping_cost
S-013816,App,1,1,1,1,
S-013817,App,1,1,0,0,shipping_cost
S-013818,Web,1,1,0,0,checkout_friction
S-013819,Web,1,1,0,0,stock_out
S-013820,Web,1,1,1,1,
S-013821,App,1,0,0,0,
S-013822,Web,1,1,1,1,
S-013823,Web,1,1,0,0,payment_fail
S-013824,App,1,1,0,0,shipping_cost
S-013825,Web,1,1,0,0,changed_mind
S-013826,Web,1,0,0,0,
S-013827,Web,1,1,1,1,
S-013828,Web,1,1,0,0,shipping_cost
S-013829,App,1,1,1,1,
S-013830,App,1,1,0,0,payment_fail
S-013831,Store,1,0,0,0,
S-013832,App,1,0,0,0,
S-013833,App,1,1,0,0,shipping_cost
S-013834,App,1,1,0,0,shipping_cost
S-013835,Web,1,1,1,1,
S-013836,Web,1,1,1,1,
S-013837,Web,1,1,0,0,payment_fail
S-013838,App,1,1,1,1,
S-013839,App,1,1,1,1,
S-013840,Web,1,1,0,0,stock_out
S-013841,App,1,0,0,0,
S-013842,App,1,1,1,1,
S-013843,App,1,1,0,0,shipping_cost
S-013844,App,1,0,0,0,
S-013845,Web,1,1,1,1,
S-013846,Web,1,1,1,1,
S-013847,Web,1,1,1,1,
S-013848,Web,1,1,0,0,changed_mind
S-013849,Store,1,1,1,1,
S-013850,Web,1,1,1,1,
S-013851,Web,1,1,0,0,changed_mind
S-013852,Web,1,1,0,0,checkout_friction
S-013853,Web,1,1,0,0,payment_fail
S-013854,Web,1,1,1,1,
S-013855,App,1,0,0,0,
S-013856,Store,1,0,0,0,
S-013857,App,1,1,1,1,
S-013858,App,1,1,1,1,
S-013859,Web,1,0,0,0,
S-013860,App,1,1,0,0,payment_fail
S-013861,Web,1,0,0,0,
S-013862,App,1,1,0,0,shipping_cost
S-013863,Store,1,1,1,1,
S-013864,App,1,0,0,0,
S-013865,Store,1,1,1,1,
S-013866,App,1,1,0,0,shipping_cost
S-013867,App,1,1,1,1,
S-013868,Web,1,1,1,1,
S-013869,Web,1,1,1,1,
S-013870,Web,1,1,0,0,shipping_cost
S-013871,App,1,1,0,0,stock_out
S-013872,Web,1,1,1,1,
S-013873,Web,1,1,0,0,payment_fail
S-013874,App,1,1,0,0,payment_fail
S-013875,Web,1,1,1,1,
S-013876,Web,1,1,1,1,
S-013877,Web,1,1,1,1,
S-013878,Web,1,1,1,1,
S-013879,Web,1,0,0,0,
S-013880,Web,1,1,1,1,
S-013881,Web,1,1,1,1,
S-013882,Web,1,1,1,1,
S-013883,App,1,1,0,0,shipping_cost
S-013884,Store,1,1,0,0,stock_out
S-013885,Web,1,1,1,1,
S-013886,App,1,1,0,0,checkout_friction
S-013887,Web,1,0,0,0,
S-013888,Store,1,0,0,0,
S-013889,Web,1,1,1,1,
S-013890,App,1,1,1,1,
S-013891,Web,1,1,1,1,
S-013892,Store,1,1,1,1,
S-013893,Web,1,1,0,0,stock_out
S-013894,Web,1,1,1,1,
S-013895,App,1,1,0,0,changed_mind
S-013896,Web,1,1,1,1,
S-013897,Web,1,1,0,0,stock_out
S-013898,Web,1,1,1,1,
S-013899,App,1,1,1,1,
S-013900,Web,1,0,0,0,
S-013901,App,1,1,0,0,changed_mind
S-013902,App,1,1,0,0,payment_fail
S-013903,Store,1,1,1,1,
S-013904,App,1,1,0,0,changed_mind
S-013905,App,1,0,0,0,
S-013906,App,1,1,1,1,
S-013907,Web,1,1,1,1,
S-013908,Store,1,1,0,0,stock_out
S-013909,Store,1,1,1,1,
S-013910,Web,1,1,1,1,
S-013911,App,1,0,0,0,
S-013912,Web,1,1,1,1,
S-013913,Web,1,1,0,0,shipping_cost
S-013914,Web,1,1,0,0,changed_mind
S-013915,Web,1,1,0,0,shipping_cost
S-013916,Web,1,0,0,0,
S-013917,App,1,0,0,0,
S-013918,App,1,1,0,0,changed_mind
S-013919,Web,1,1,0,0,payment_fail
S-013920,Store,1,1,1,1,
S-013921,App,1,0,0,0,
S-013922,Web,1,1,1,1,
S-013923,App,1,1,0,0,changed_mind
S-013924,App,1,1,1,1,
S-013925,Web,1,1,0,0,checkout_friction
S-013926,App,1,1,1,1,
S-013927,Store,1,0,0,0,
S-013928,Web,1,1,1,1,
S-013929,App,1,1,1,1,
S-013930,Web,1,1,0,0,payment_fail
S-013931,Web,1,1,1,1,
S-013932,Store,1,0,0,0,
S-013933,Web,1,0,0,0,
S-013934,Web,1,1,1,1,
S-013935,Web,1,1,1,1,
S-013936,App,1,1,1,1,
S-013937,App,1,1,1,1,
S-013938,Web,1,1,0,0,shipping_cost
S-013939,Web,1,1,1,1,
S-013940,Store,1,1,1,1,
S-013941,Store,1,1,0,0,payment_fail
S-013942,App,1,1,1,1,
S-013943,Web,1,1,0,0,payment_fail
S-013944,App,1,0,0,0,
S-013945,App,1,1,1,1,
S-013946,Web,1,1,0,0,checkout_friction
S-013947,Store,1,1,0,0,shipping_cost
S-013948,Web,1,1,0,0,shipping_cost
S-013949,App,1,1,1,1,
S-013950,App,1,1,1,1,
S-013951,Web,1,0,0,0,
S-013952,Web,1,1,1,1,
S-013953,App,1,1,0,0,payment_fail
S-013954,App,1,0,0,0,
S-013955,Store,1,1,0,0,checkout_friction
S-013956,Web,1,0,0,0,
S-013957,Web,1,0,0,0,
S-013958,App,1,1,0,0,payment_fail
S-013959,Web,1,1,0,0,stock_out
S-013960,App,1,0,0,0,
S-013961,Web,1,0,0,0,
S-013962,Web,1,0,0,0,
S-013963,App,1,1,0,0,shipping_cost
S-013964,Web,1,1,1,1,
S-013965,Web,1,1,0,0,payment_fail
S-013966,App,1,0,0,0,
S-013967,Web,1,1,0,0,changed_mind
S-013968,Store,1,1,0,0,payment_fail
S-013969,Web,1,0,0,0,
S-013970,App,1,1,1,1,
S-013971,Store,1,0,0,0,
S-013972,Web,1,0,0,0,
S-013973,Web,1,1,0,0,changed_mind
S-013974,Web,1,1,1,1,
S-013975,Web,1,1,1,1,
S-013976,Web,1,1,0,0,payment_fail
S-013977,Web,1,1,1,1,
S-013978,Store,1,0,0,0,
S-013979,App,1,0,0,0,
S-013980,Web,1,1,0,0,stock_out
S-013981,Store,1,1,0,0,stock_out
S-013982,App,1,1,1,1,
S-013983,Web,1,1,0,0,stock_out
S-013984,Web,1,1,0,0,payment_fail
S-013985,Web,1,1,0,0,stock_out
S-013986,Store,1,1,1,1,
S-013987,Store,1,1,0,0,checkout_friction
S-013988,Web,1,1,1,1,
S-013989,Web,1,1,1,1,
S-013990,Store,1,0,0,0,
S-013991,Web,1,1,1,1,
S-013992,App,1,1,1,1,
S-013993,App,1,1,1,1,
S-013994,App,1,0,0,0,
S-013995,Store,1,1,0,0,payment_fail
S-013996,Web,1,1,1,1,
S-013997,Web,1,1,1,1,
S-013998,Web,1,0,0,0,
S-013999,Web,1,1,0,0,payment_fail
S-014000,Web,1,1,0,0,stock_out
S-014001,Web,1,1,1,1,
S-014002,Web,1,0,0,0,
S-014003,App,1,1,0,0,payment_fail
S-014004,App,1,0,0,0,
S-014005,Web,1,1,1,1,
S-014006,Web,1,1,0,0,changed_mind
S-014007,Web,1,0,0,0,
S-014008,App,1,1,0,0,stock_out
S-014009,Web,1,1,0,0,payment_fail
S-014010,Store,1,1,0,0,changed_mind
S-014011,App,1,1,1,1,
S-014012,App,1,1,1,1,
S-014013,Web,1,1,0,0,changed_mind
S-014014,Web,1,1,1,1,
S-014015,Web,1,1,0,0,shipping_cost
S-014016,Web,1,1,1,1,
S-014017,App,1,1,1,1,
S-014018,Store,1,0,0,0,
S-014019,Web,1,0,0,0,
S-014020,Web,1,1,0,0,checkout_friction
S-014021,Web,1,0,0,0,
S-014022,Web,1,1,0,0,payment_fail
S-014023,App,1,0,0,0,
S-014024,App,1,1,1,1,
S-014025,Web,1,0,0,0,
S-014026,Web,1,1,1,1,
S-014027,App,1,1,1,1,
S-014028,Web,1,1,1,1,
S-014029,Web,1,1,1,1,
S-014030,Web,1,1,1,1,
S-014031,Store,1,0,0,0,
S-014032,Web,1,1,1,1,
S-014033,Store,1,1,1,1,
S-014034,Store,1,1,1,1,
S-014035,App,1,1,0,0,shipping_cost
S-014036,Web,1,1,0,0,stock_out
S-014037,App,1,1,0,0,payment_fail
S-014038,Web,1,1,1,1,
S-014039,Web,1,0,0,0,
S-014040,Web,1,1,0,0,stock_out
S-014041,Web,1,0,0,0,
S-014042,App,1,0,0,0,
S-014043,Web,1,1,1,1,
S-014044,App,1,1,1,1,
S-014045,Web,1,1,0,0,payment_fail
S-014046,Web,1,1,1,1,
S-014047,App,1,0,0,0,
S-014048,Web,1,1,1,1,
S-014049,App,1,1,1,1,
S-014050,Web,1,0,0,0,
S-014051,Web,1,0,0,0,
S-014052,Web,1,0,0,0,
S-014053,Web,1,1,0,0,shipping_cost
S-014054,App,1,0,0,0,
S-014055,Web,1,1,0,0,payment_fail
S-014056,Web,1,1,0,0,changed_mind
S-014057,App,1,1,0,0,stock_out
S-014058,Web,1,0,0,0,
S-014059,Store,1,1,1,1,
S-014060,Web,1,1,1,1,
S-014061,Web,1,1,1,1,
S-014062,Web,1,1,1,1,
S-014063,Web,1,1,1,1,
S-014064,App,1,1,1,1,
S-014065,Store,1,0,0,0,
S-014066,Web,1,1,0,0,stock_out
S-014067,Store,1,1,0,0,checkout_friction
S-014068,Web,1,1,1,1,
S-014069,Web,1,0,0,0,
S-014070,Web,1,1,1,1,
S-014071,Web,1,1,1,1,
S-014072,Web,1,1,0,0,changed_mind
S-014073,Web,1,0,0,0,
S-014074,Web,1,1,1,1,
S-014075,App,1,1,0,0,stock_out
S-014076,Store,1,1,0,0,changed_mind
S-014077,Web,1,1,1,1,
S-014078,Web,1,1,1,1,
S-014079,Web,1,1,1,1,
S-014080,App,1,1,0,0,checkout_friction
S-014081,Store,1,1,1,1,
S-014082,Store,1,1,0,0,changed_mind
S-014083,Store,1,0,0,0,
S-014084,App,1,1,0,0,checkout_friction
S-014085,App,1,1,0,0,payment_fail
S-014086,App,1,0,0,0,
S-014087,App,1,1,1,1,
S-014088,App,1,1,1,1,
S-014089,Web,1,1,0,0,shipping_cost
S-014090,App,1,1,1,1,
S-014091,Web,1,0,0,0,
S-014092,Web,1,1,1,1,
S-014093,Store,1,1,1,1,
S-014094,Web,1,1,1,1,
S-014095,Web,1,0,0,0,
S-014096,Web,1,0,0,0,
S-014097,App,1,1,0,0,stock_out
S-014098,Web,1,0,0,0,
S-014099,Web,1,1,0,0,payment_fail
S-014100,App,1,1,1,1,
S-014101,Web,1,0,0,0,
S-014102,Web,1,1,0,0,payment_fail
S-014103,Web,1,0,0,0,
S-014104,App,1,1,0,0,checkout_friction
S-014105,Web,1,1,1,1,
S-014106,Web,1,1,0,0,shipping_cost
S-014107,Web,1,1,1,1,
S-014108,Store,1,0,0,0,
S-014109,Web,1,1,1,1,
S-014110,App,1,1,1,1,
S-014111,Web,1,1,1,1,
S-014112,Web,1,1,0,0,payment_fail
S-014113,App,1,1,0,0,shipping_cost
S-014114,App,1,0,0,0,
S-014115,App,1,1,0,0,shipping_cost
S-014116,Store,1,1,0,0,changed_mind
S-014117,App,1,0,0,0,
S-014118,Web,1,1,0,0,checkout_friction
S-014119,Web,1,0,0,0,
S-014120,App,1,1,0,0,checkout_friction
S-014121,Store,1,0,0,0,
S-014122,Store,1,1,0,0,changed_mind
S-014123,Store,1,0,0,0,
S-014124,App,1,1,1,1,
S-014125,App,1,0,0,0,
S-014126,App,1,1,1,1,
S-014127,App,1,1,0,0,changed_mind
S-014128,Web,1,1,1,1,
S-014129,App,1,0,0,0,
S-014130,Web,1,1,1,1,
S-014131,App,1,0,0,0,
S-014132,Web,1,1,1,1,
S-014133,Web,1,1,0,0,shipping_cost
S-014134,Web,1,1,0,0,checkout_friction
S-014135,App,1,1,0,0,payment_fail
S-014136,App,1,1,1,1,
S-014137,Web,1,0,0,0,
S-014138,Web,1,1,0,0,payment_fail
S-014139,App,1,1,1,1,
S-014140,Store,1,0,0,0,
S-014141,App,1,1,1,1,
S-014142,Store,1,1,0,0,checkout_friction
S-014143,Store,1,1,1,1,
S-014144,Web,1,0,0,0,
S-014145,App,1,1,1,1,
S-014146,Store,1,1,1,1,
S-014147,App,1,0,0,0,
S-014148,Web,1,0,0,0,
S-014149,Web,1,1,0,0,checkout_friction
S-014150,App,1,1,1,1,
S-014151,App,1,1,1,1,
S-014152,Web,1,1,0,0,shipping_cost
S-014153,Web,1,1,1,1,
S-014154,Store,1,1,0,0,changed_mind
S-014155,App,1,1,1,1,
S-014156,Web,1,1,0,0,shipping_cost
S-014157,App,1,1,1,1,
S-014158,Web,1,1,0,0,shipping_cost
S-014159,Web,1,1,0,0,shipping_cost
S-014160,App,1,1,0,0,payment_fail
S-014161,App,1,1,1,1,
S-014162,Store,1,1,1,1,
S-014163,Web,1,1,0,0,changed_mind
S-014164,Store,1,1,1,1,
S-014165,Web,1,0,0,0,
S-014166,Web,1,1,1,1,
S-014167,App,1,1,1,1,
S-014168,App,1,1,0,0,shipping_cost
S-014169,App,1,1,0,0,changed_mind
S-014170,Web,1,0,0,0,
S-014171,Web,1,0,0,0,
S-014172,App,1,1,1,1,
S-014173,App,1,0,0,0,
S-014174,Web,1,1,1,1,
S-014175,Web,1,1,0,0,payment_fail
S-014176,App,1,1,1,1,
S-014177,Web,1,0,0,0,
S-014178,Web,1,1,0,0,checkout_friction
S-014179,Web,1,1,1,1,
S-014180,Web,1,0,0,0,
S-014181,App,1,0,0,0,
S-014182,Web,1,0,0,0,
S-014183,Web,1,0,0,0,
S-014184,Web,1,1,1,1,
S-014185,App,1,1,1,1,
S-014186,Web,1,1,1,1,
S-014187,Store,1,0,0,0,
S-014188,App,1,1,0,0,changed_mind
S-014189,Web,1,1,0,0,checkout_friction
S-014190,Web,1,1,1,1,
S-014191,Store,1,1,1,1,
S-014192,Web,1,0,0,0,
S-014193,Web,1,1,1,1,
S-014194,Store,1,1,1,1,
S-014195,App,1,0,0,0,
S-014196,App,1,1,1,1,
S-014197,Store,1,0,0,0,
S-014198,Web,1,1,1,1,
S-014199,App,1,1,1,1,
S-014200,App,1,1,1,1,
S-014201,App,1,1,1,1,
S-014202,Web,1,1,1,1,
S-014203,Store,1,1,0,0,payment_fail
S-014204,App,1,1,1,1,
S-014205,Web,1,1,1,1,
S-014206,Store,1,0,0,0,
S-014207,Web,1,1,1,1,
S-014208,Web,1,1,0,0,changed_mind
S-014209,App,1,0,0,0,
S-014210,App,1,1,0,0,stock_out
S-014211,Web,1,1,0,0,shipping_cost
S-014212,App,1,1,0,0,payment_fail
S-014213,Web,1,1,0,0,payment_fail
S-014214,Web,1,1,0,0,payment_fail
S-014215,Store,1,1,1,1,
S-014216,Store,1,1,1,1,
S-014217,Store,1,1,0,0,shipping_cost
S-014218,Web,1,1,0,0,shipping_cost
S-014219,App,1,1,0,0,payment_fail
S-014220,App,1,1,1,1,
S-014221,Web,1,1,0,0,changed_mind
S-014222,App,1,1,1,1,
S-014223,App,1,0,0,0,
S-014224,App,1,1,1,1,
S-014225,Web,1,0,0,0,
S-014226,Web,1,1,1,1,
S-014227,Store,1,0,0,0,
S-014228,Web,1,1,0,0,payment_fail
S-014229,Web,1,0,0,0,
S-014230,Web,1,1,0,0,shipping_cost
S-014231,Web,1,0,0,0,
S-014232,Web,1,1,1,1,
S-014233,App,1,0,0,0,
S-014234,Web,1,1,0,0,changed_mind
S-014235,Web,1,1,0,0,payment_fail
S-014236,Web,1,1,1,1,
S-014237,Store,1,1,0,0,payment_fail
S-014238,Web,1,1,1,1,
S-014239,App,1,1,1,1,
S-014240,Web,1,0,0,0,
S-014241,Web,1,0,0,0,
S-014242,Web,1,1,1,1,
S-014243,Web,1,1,0,0,payment_fail
S-014244,App,1,0,0,0,
S-014245,Web,1,1,1,1,
S-014246,Web,1,1,1,1,
S-014247,Web,1,1,1,1,
S-014248,App,1,1,1,1,
S-014249,Web,1,0,0,0,
S-014250,Web,1,1,1,1,
S-014251,Web,1,1,1,1,
S-014252,Web,1,1,0,0,payment_fail
S-014253,App,1,1,1,1,
S-014254,Web,1,0,0,0,
S-014255,App,1,0,0,0,
S-014256,Store,1,0,0,0,
S-014257,App,1,0,0,0,
S-014258,Web,1,0,0,0,
S-014259,App,1,1,0,0,shipping_cost
S-014260,Web,1,1,1,1,
S-014261,App,1,1,1,1,
S-014262,Store,1,1,1,1,
S-014263,Web,1,1,0,0,payment_fail
S-014264,App,1,1,1,1,
S-014265,Web,1,1,1,1,
S-014266,Web,1,1,0,0,payment_fail
S-014267,App,1,0,0,0,
S-014268,App,1,1,0,0,checkout_friction
S-014269,App,1,1,0,0,checkout_friction
S-014270,App,1,1,1,1,
S-014271,Store,1,0,0,0,
S-014272,Store,1,1,0,0,payment_fail
S-014273,App,1,1,1,1,
S-014274,Web,1,0,0,0,
S-014275,App,1,0,0,0,
S-014276,App,1,1,1,1,
S-014277,Web,1,0,0,0,
S-014278,App,1,1,0,0,shipping_cost
S-014279,Store,1,1,1,1,
S-014280,Web,1,1,0,0,shipping_cost
S-014281,App,1,1,1,1,
S-014282,Web,1,1,1,1,
S-014283,App,1,0,0,0,
S-014284,Web,1,1,0,0,stock_out
S-014285,Web,1,0,0,0,
S-014286,Store,1,1,0,0,stock_out
S-014287,App,1,1,0,0,payment_fail
S-014288,App,1,1,1,1,
S-014289,Store,1,1,1,1,
S-014290,Web,1,0,0,0,
S-014291,Web,1,0,0,0,
S-014292,App,1,1,1,1,
S-014293,Web,1,1,1,1,
S-014294,App,1,1,1,1,
S-014295,App,1,0,0,0,
S-014296,App,1,0,0,0,
S-014297,Web,1,1,0,0,payment_fail
S-014298,Web,1,0,0,0,
S-014299,App,1,1,0,0,shipping_cost
S-014300,Web,1,1,0,0,checkout_friction
S-014301,Web,1,0,0,0,
S-014302,Web,1,1,0,0,checkout_friction
S-014303,Web,1,1,1,1,
S-014304,Web,1,1,1,1,
S-014305,Web,1,1,1,1,
S-014306,Store,1,1,1,1,
S-014307,Web,1,0,0,0,
S-014308,Web,1,1,0,0,payment_fail
S-014309,Web,1,1,0,0,changed_mind
S-014310,Store,1,0,0,0,
S-014311,Web,1,1,1,1,
S-014312,Store,1,1,0,0,payment_fail
S-014313,Web,1,1,0,0,changed_mind
S-014314,Web,1,1,1,1,
S-014315,Web,1,1,1,1,
S-014316,App,1,1,1,1,
S-014317,App,1,1,1,1,
S-014318,Web,1,1,1,1,
S-014319,Web,1,0,0,0,
S-014320,Web,1,0,0,0,
S-014321,Store,1,1,0,0,checkout_friction
S-014322,Web,1,1,0,0,shipping_cost
S-014323,App,1,1,1,1,
S-014324,Web,1,1,1,1,
S-014325,App,1,1,0,0,payment_fail
S-014326,App,1,1,1,1,
S-014327,Store,1,1,0,0,changed_mind
S-014328,Web,1,0,0,0,
S-014329,App,1,1,0,0,shipping_cost
S-014330,Store,1,1,1,1,
S-014331,Web,1,1,1,1,
S-014332,Web,1,0,0,0,
S-014333,Store,1,0,0,0,
S-014334,App,1,1,0,0,stock_out
S-014335,Web,1,0,0,0,
S-014336,Web,1,1,1,1,
S-014337,App,1,1,1,1,
S-014338,Web,1,1,0,0,shipping_cost
S-014339,App,1,1,1,1,
S-014340,Web,1,1,0,0,checkout_friction
S-014341,Web,1,1,0,0,payment_fail
S-014342,Web,1,1,1,1,
S-014343,App,1,1,1,1,
S-014344,Web,1,0,0,0,
S-014345,Web,1,1,0,0,payment_fail
S-014346,App,1,1,1,1,
S-014347,App,1,1,1,1,
S-014348,App,1,1,0,0,shipping_cost
S-014349,Web,1,1,1,1,
S-014350,App,1,1,0,0,payment_fail
S-014351,App,1,1,1,1,
S-014352,Web,1,1,1,1,
S-014353,App,1,1,0,0,shipping_cost
S-014354,Store,1,1,0,0,changed_mind
S-014355,Web,1,1,1,1,
S-014356,App,1,1,1,1,
S-014357,App,1,1,0,0,payment_fail
S-014358,App,1,1,1,1,
S-014359,Web,1,1,0,0,payment_fail
S-014360,Web,1,1,1,1,
S-014361,Web,1,1,1,1,
S-014362,App,1,1,0,0,payment_fail
S-014363,App,1,0,0,0,
S-014364,App,1,0,0,0,
S-014365,App,1,0,0,0,
S-014366,Web,1,0,0,0,
S-014367,App,1,1,1,1,
S-014368,App,1,1,1,1,
S-014369,Web,1,1,0,0,payment_fail
S-014370,App,1,1,1,1,
S-014371,App,1,1,1,1,
S-014372,Web,1,0,0,0,
S-014373,Web,1,1,1,1,
S-014374,Web,1,1,0,0,checkout_friction
S-014375,Store,1,1,1,1,
S-014376,App,1,1,1,1,
S-014377,App,1,1,0,0,checkout_friction
S-014378,App,1,1,0,0,payment_fail
S-014379,App,1,0,0,0,
S-014380,Web,1,1,0,0,stock_out
S-014381,Web,1,0,0,0,
S-014382,Web,1,1,0,0,stock_out
S-014383,Web,1,1,0,0,checkout_friction
S-014384,App,1,0,0,0,
S-014385,Web,1,1,0,0,shipping_cost
S-014386,Web,1,1,0,0,shipping_cost
S-014387,Web,1,0,0,0,
S-014388,App,1,1,0,0,shipping_cost
S-014389,Web,1,1,1,1,
S-014390,Web,1,1,0,0,checkout_friction
S-014391,Web,1,1,0,0,stock_out
S-014392,Web,1,1,0,0,shipping_cost
S-014393,Store,1,1,0,0,payment_fail
S-014394,Web,1,1,0,0,stock_out
S-014395,Store,1,1,1,1,
S-014396,Web,1,1,0,0,checkout_friction
S-014397,App,1,1,0,0,shipping_cost
S-014398,Web,1,1,1,1,
S-014399,App,1,1,1,1,
S-014400,Web,1,1,0,0,changed_mind
S-014401,App,1,0,0,0,
S-014402,Web,1,0,0,0,
S-014403,Web,1,1,1,1,
S-014404,Web,1,1,0,0,shipping_cost
S-014405,App,1,1,0,0,shipping_cost
S-014406,Web,1,1,1,1,
S-014407,Web,1,0,0,0,
S-014408,Web,1,1,1,1,
S-014409,App,1,0,0,0,
S-014410,App,1,1,0,0,changed_mind
S-014411,App,1,1,0,0,stock_out
S-014412,Web,1,1,0,0,checkout_friction
S-014413,Store,1,0,0,0,
S-014414,App,1,1,0,0,shipping_cost
S-014415,Web,1,1,1,1,
S-014416,Web,1,1,1,1,
S-014417,Web,1,0,0,0,
S-014418,App,1,1,1,1,
S-014419,Web,1,1,0,0,shipping_cost
S-014420,Web,1,1,0,0,shipping_cost
S-014421,Web,1,1,1,1,
S-014422,Web,1,1,0,0,payment_fail
S-014423,Store,1,1,1,1,
S-014424,Store,1,1,0,0,shipping_cost
S-014425,App,1,1,1,1,
S-014426,Web,1,1,1,1,
S-014427,Store,1,0,0,0,
S-014428,Store,1,0,0,0,
S-014429,Web,1,1,1,1,
S-014430,Web,1,0,0,0,
S-014431,Web,1,1,0,0,payment_fail
S-014432,App,1,1,1,1,
S-014433,Web,1,1,0,0,shipping_cost
S-014434,Store,1,1,0,0,payment_fail
S-014435,App,1,1,1,1,
S-014436,Web,1,1,0,0,shipping_cost
S-014437,App,1,1,1,1,
S-014438,App,1,1,1,1,
S-014439,Web,1,1,0,0,stock_out
S-014440,Web,1,1,0,0,payment_fail
S-014441,Web,1,1,1,1,
S-014442,App,1,1,1,1,
S-014443,App,1,1,0,0,changed_mind
S-014444,Web,1,1,0,0,checkout_friction
S-014445,App,1,1,1,1,
S-014446,Web,1,1,0,0,changed_mind
S-014447,Web,1,1,1,1,
S-014448,Store,1,1,1,1,
S-014449,Web,1,1,0,0,payment_fail
S-014450,Web,1,1,0,0,shipping_cost
S-014451,App,1,1,1,1,
S-014452,Web,1,1,0,0,changed_mind
S-014453,App,1,1,0,0,changed_mind
S-014454,Web,1,0,0,0,
S-014455,Web,1,1,0,0,payment_fail
S-014456,Store,1,0,0,0,
S-014457,Web,1,0,0,0,
S-014458,Web,1,1,1,1,
S-014459,App,1,1,1,1,
S-014460,App,1,0,0,0,
S-014461,Web,1,0,0,0,
S-014462,Web,1,0,0,0,
S-014463,Web,1,1,1,1,
S-014464,Web,1,0,0,0,
S-014465,App,1,0,0,0,
S-014466,App,1,0,0,0,
S-014467,Web,1,1,1,1,
S-014468,Web,1,1,0,0,shipping_cost
S-014469,App,1,1,0,0,changed_mind
S-014470,Web,1,1,1,1,
S-014471,Web,1,1,1,1,
S-014472,Web,1,1,1,1,
S-014473,App,1,1,0,0,payment_fail
S-014474,Web,1,1,0,0,changed_mind
S-014475,Web,1,1,1,1,
S-014476,App,1,0,0,0,
S-014477,Web,1,0,0,0,
S-014478,App,1,1,0,0,payment_fail
S-014479,Web,1,1,1,1,
S-014480,Web,1,0,0,0,
S-014481,Web,1,0,0,0,
S-014482,Web,1,0,0,0,
S-014483,App,1,1,1,1,
S-014484,Web,1,1,1,1,
S-014485,App,1,1,1,1,
S-014486,Web,1,0,0,0,
S-014487,Store,1,1,0,0,shipping_cost
S-014488,App,1,1,1,1,
S-014489,Web,1,0,0,0,
S-014490,Web,1,0,0,0,
S-014491,Web,1,1,0,0,stock_out
S-014492,App,1,1,1,1,
S-014493,App,1,1,1,1,
S-014494,App,1,1,1,1,
S-014495,Web,1,1,0,0,payment_fail
S-014496,Web,1,1,0,0,changed_mind
S-014497,App,1,0,0,0,
S-014498,Web,1,0,0,0,
S-014499,App,1,1,0,0,shipping_cost
S-014500,Web,1,1,0,0,shipping_cost
S-014501,App,1,1,0,0,checkout_friction
S-014502,Web,1,0,0,0,
S-014503,Web,1,0,0,0,
S-014504,Web,1,1,0,0,shipping_cost
S-014505,Web,1,0,0,0,
S-014506,Web,1,0,0,0,
S-014507,App,1,1,0,0,payment_fail
S-014508,Web,1,0,0,0,
S-014509,Web,1,1,0,0,checkout_friction
S-014510,Store,1,0,0,0,
S-014511,App,1,1,1,1,
S-014512,Web,1,1,1,1,
S-014513,Store,1,1,1,1,
S-014514,App,1,0,0,0,
S-014515,Web,1,0,0,0,
S-014516,Store,1,1,0,0,stock_out
S-014517,Web,1,1,1,1,
S-014518,Web,1,0,0,0,
S-014519,App,1,1,1,1,
S-014520,Web,1,1,0,0,changed_mind
S-014521,App,1,0,0,0,
S-014522,Web,1,1,1,1,
S-014523,Web,1,0,0,0,
S-014524,Web,1,1,1,1,
S-014525,App,1,1,1,1,
S-014526,App,1,1,1,1,
S-014527,Web,1,1,0,0,payment_fail
S-014528,App,1,1,0,0,payment_fail
S-014529,Store,1,1,1,1,
S-014530,App,1,0,0,0,
S-014531,Web,1,0,0,0,
S-014532,Web,1,1,0,0,changed_mind
S-014533,Web,1,1,1,1,
S-014534,Web,1,1,1,1,
S-014535,App,1,0,0,0,
S-014536,Web,1,1,1,1,
S-014537,Store,1,0,0,0,
S-014538,Web,1,0,0,0,
S-014539,Web,1,1,1,1,
S-014540,Web,1,1,1,1,
S-014541,App,1,1,0,0,payment_fail
S-014542,App,1,1,0,0,payment_fail
S-014543,App,1,0,0,0,
S-014544,Web,1,1,1,1,
S-014545,App,1,1,1,1,
S-014546,Web,1,1,1,1,
S-014547,Web,1,1,0,0,stock_out
S-014548,Web,1,1,1,1,
S-014549,Web,1,0,0,0,
S-014550,Store,1,0,0,0,
S-014551,App,1,1,1,1,
S-014552,Store,1,0,0,0,
S-014553,App,1,1,1,1,
S-014554,Web,1,1,1,1,
S-014555,App,1,1,1,1,
S-014556,App,1,0,0,0,
S-014557,Web,1,1,0,0,shipping_cost
S-014558,Store,1,1,0,0,payment_fail
S-014559,App,1,1,0,0,payment_fail
S-014560,Web,1,0,0,0,
S-014561,Web,1,1,0,0,shipping_cost
S-014562,App,1,1,1,1,
S-014563,Web,1,1,1,1,
S-014564,Web,1,0,0,0,
S-014565,Web,1,1,1,1,
S-014566,Web,1,1,1,1,
S-014567,Web,1,0,0,0,
S-014568,Web,1,1,0,0,changed_mind
S-014569,App,1,1,1,1,
S-014570,Web,1,1,0,0,checkout_friction
S-014571,App,1,0,0,0,
S-014572,App,1,0,0,0,
S-014573,Web,1,1,1,1,
S-014574,Web,1,1,1,1,
S-014575,Web,1,1,1,1,
S-014576,App,1,0,0,0,
S-014577,Web,1,1,0,0,payment_fail
S-014578,Web,1,1,1,1,
S-014579,Web,1,1,1,1,
S-014580,Web,1,1,0,0,payment_fail
S-014581,Web,1,1,1,1,
S-014582,App,1,0,0,0,
S-014583,App,1,1,1,1,
S-014584,App,1,1,0,0,changed_mind
S-014585,App,1,0,0,0,
S-014586,Store,1,1,0,0,shipping_cost
S-014587,Web,1,1,1,1,
S-014588,Store,1,1,1,1,
S-014589,Web,1,0,0,0,
S-014590,Web,1,1,0,0,shipping_cost
S-014591,Web,1,1,0,0,checkout_friction
S-014592,Web,1,1,0,0,changed_mind
S-014593,Store,1,0,0,0,
S-014594,Web,1,1,1,1,
S-014595,App,1,1,0,0,shipping_cost
S-014596,App,1,0,0,0,
S-014597,Store,1,1,0,0,checkout_friction
S-014598,Web,1,0,0,0,
S-014599,Web,1,1,0,0,payment_fail
S-014600,Web,1,1,1,1,
S-014601,Web,1,0,0,0,
S-014602,Store,1,1,0,0,checkout_friction
S-014603,Web,1,1,1,1,
S-014604,Web,1,1,0,0,changed_mind
S-014605,Store,1,0,0,0,
S-014606,Web,1,1,1,1,
S-014607,Store,1,1,1,1,
S-014608,Store,1,1,1,1,
S-014609,Web,1,1,0,0,changed_mind
S-014610,Web,1,0,0,0,
S-014611,Store,1,0,0,0,
S-014612,Web,1,0,0,0,
S-014613,App,1,0,0,0,
S-014614,Web,1,0,0,0,
S-014615,Web,1,1,1,1,
S-014616,Web,1,0,0,0,
S-014617,App,1,1,1,1,
S-014618,Web,1,1,0,0,checkout_friction
S-014619,App,1,1,0,0,changed_mind
S-014620,Web,1,1,1,1,
S-014621,Web,1,1,1,1,
S-014622,Web,1,1,0,0,shipping_cost
S-014623,Web,1,1,1,1,
S-014624,App,1,1,1,1,
S-014625,Web,1,0,0,0,
S-014626,Web,1,1,1,1,
S-014627,Web,1,1,0,0,payment_fail
S-014628,App,1,1,1,1,
S-014629,App,1,1,1,1,
S-014630,Store,1,1,1,1,
S-014631,App,1,0,0,0,
S-014632,Web,1,1,1,1,
S-014633,Web,1,1,1,1,
S-014634,Web,1,1,0,0,changed_mind
S-014635,App,1,1,1,1,
S-014636,App,1,1,0,0,changed_mind
S-014637,Web,1,1,1,1,
S-014638,Web,1,0,0,0,
S-014639,Store,1,1,1,1,
S-014640,App,1,0,0,0,
S-014641,App,1,1,1,1,
S-014642,App,1,1,0,0,payment_fail
S-014643,Web,1,1,1,1,
S-014644,Web,1,0,0,0,
S-014645,Web,1,1,0,0,stock_out
S-014646,Web,1,1,1,1,
S-014647,Web,1,1,0,0,changed_mind
S-014648,Store,1,1,1,1,
S-014649,Web,1,0,0,0,
S-014650,App,1,0,0,0,
S-014651,Web,1,0,0,0,
S-014652,App,1,1,1,1,
S-014653,Web,1,1,1,1,
S-014654,Store,1,0,0,0,
S-014655,App,1,1,1,1,
S-014656,App,1,1,1,1,
S-014657,App,1,1,0,0,shipping_cost
S-014658,Store,1,0,0,0,
S-014659,Web,1,1,0,0,payment_fail
S-014660,Web,1,1,1,1,
S-014661,Web,1,1,0,0,shipping_cost
S-014662,App,1,0,0,0,
S-014663,Web,1,1,1,1,
S-014664,Store,1,0,0,0,
S-014665,Web,1,1,1,1,
S-014666,App,1,1,0,0,payment_fail
S-014667,Web,1,1,1,1,
S-014668,Web,1,1,1,1,
S-014669,Web,1,1,1,1,
S-014670,Store,1,1,1,1,
S-014671,Web,1,1,0,0,payment_fail
S-014672,Web,1,1,0,0,shipping_cost
S-014673,App,1,1,0,0,payment_fail
S-014674,App,1,1,1,1,
S-014675,Web,1,0,0,0,
S-014676,App,1,1,0,0,payment_fail
S-014677,Store,1,0,0,0,
S-014678,App,1,1,1,1,
S-014679,App,1,1,1,1,
S-014680,Web,1,1,1,1,
S-014681,Web,1,1,1,1,
S-014682,Store,1,1,1,1,
S-014683,Web,1,1,1,1,
S-014684,Web,1,1,1,1,
S-014685,App,1,0,0,0,
S-014686,Web,1,0,0,0,
S-014687,App,1,1,0,0,changed_mind
S-014688,Web,1,1,0,0,shipping_cost
S-014689,Web,1,1,1,1,
S-014690,Web,1,1,1,1,
S-014691,Web,1,1,1,1,
S-014692,Web,1,1,1,1,
S-014693,Web,1,1,0,0,checkout_friction
S-014694,Web,1,1,0,0,checkout_friction
S-014695,App,1,1,1,1,
S-014696,App,1,1,1,1,
S-014697,App,1,1,1,1,
S-014698,Store,1,1,0,0,changed_mind
S-014699,App,1,0,0,0,
S-014700,App,1,1,0,0,checkout_friction
S-014701,Web,1,1,0,0,checkout_friction
S-014702,Web,1,1,0,0,shipping_cost
S-014703,Store,1,1,1,1,
S-014704,Web,1,1,1,1,
S-014705,Web,1,1,1,1,
S-014706,Web,1,1,1,1,
S-014707,Web,1,0,0,0,
S-014708,App,1,1,0,0,stock_out
S-014709,App,1,1,1,1,
S-014710,Web,1,0,0,0,
S-014711,App,1,1,0,0,payment_fail
S-014712,App,1,0,0,0,
S-014713,Web,1,1,1,1,
S-014714,Web,1,1,0,0,changed_mind
S-014715,App,1,1,0,0,shipping_cost
S-014716,App,1,1,1,1,
S-014717,Web,1,1,1,1,
S-014718,Web,1,0,0,0,
S-014719,Store,1,1,1,1,
S-014720,Web,1,1,1,1,
S-014721,Web,1,1,1,1,
S-014722,App,1,0,0,0,
S-014723,Web,1,1,1,1,
S-014724,Web,1,1,0,0,payment_fail
S-014725,Web,1,0,0,0,
S-014726,Web,1,1,0,0,payment_fail
S-014727,App,1,1,0,0,checkout_friction
S-014728,App,1,1,0,0,shipping_cost
S-014729,Web,1,1,1,1,
S-014730,App,1,0,0,0,
S-014731,Web,1,0,0,0,
S-014732,Web,1,1,1,1,
S-014733,App,1,1,1,1,
S-014734,Web,1,1,1,1,
S-014735,Web,1,1,0,0,payment_fail
S-014736,Store,1,1,1,1,
S-014737,Web,1,0,0,0,
S-014738,App,1,1,0,0,payment_fail
S-014739,Web,1,1,1,1,
S-014740,App,1,0,0,0,
S-014741,App,1,0,0,0,
S-014742,App,1,0,0,0,
S-014743,Store,1,1,0,0,shipping_cost
S-014744,Web,1,1,1,1,
S-014745,Web,1,0,0,0,
S-014746,Web,1,1,0,0,stock_out
S-014747,Store,1,1,1,1,
S-014748,Web,1,1,0,0,stock_out
S-014749,Web,1,1,1,1,
S-014750,Web,1,0,0,0,
S-014751,Web,1,0,0,0,
S-014752,Web,1,1,1,1,
S-014753,Web,1,0,0,0,
S-014754,App,1,1,1,1,
S-014755,Web,1,0,0,0,
S-014756,Store,1,0,0,0,
S-014757,Web,1,1,1,1,
S-014758,App,1,0,0,0,
S-014759,App,1,0,0,0,
S-014760,App,1,1,1,1,
S-014761,Web,1,1,1,1,
S-014762,App,1,1,0,0,shipping_cost
S-014763,Store,1,1,0,0,payment_fail
S-014764,App,1,1,1,1,
S-014765,Web,1,0,0,0,
S-014766,Web,1,0,0,0,
S-014767,App,1,1,1,1,
S-014768,Web,1,1,1,1,
S-014769,App,1,0,0,0,
S-014770,App,1,1,1,1,
S-014771,Web,1,1,1,1,
S-014772,Web,1,1,0,0,payment_fail
S-014773,Store,1,1,1,1,
S-014774,App,1,0,0,0,
S-014775,Web,1,0,0,0,
S-014776,App,1,0,0,0,
S-014777,Store,1,1,0,0,shipping_cost
S-014778,App,1,1,1,1,
S-014779,Web,1,0,0,0,
S-014780,Store,1,1,0,0,stock_out
S-014781,Web,1,1,0,0,stock_out
S-014782,Web,1,0,0,0,
S-014783,App,1,0,0,0,
S-014784,Store,1,1,1,1,
S-014785,Web,1,1,0,0,shipping_cost
S-014786,Web,1,0,0,0,
S-014787,Web,1,0,0,0,
S-014788,Web,1,1,0,0,changed_mind
S-014789,App,1,1,0,0,shipping_cost
S-014790,App,1,1,1,1,
S-014791,Web,1,1,1,1,
S-014792,Web,1,1,1,1,
S-014793,Web,1,0,0,0,
S-014794,App,1,1,1,1,
S-014795,Web,1,1,1,1,
S-014796,Web,1,1,0,0,changed_mind
S-014797,Web,1,1,0,0,changed_mind
S-014798,App,1,0,0,0,
S-014799,App,1,0,0,0,
S-014800,Web,1,1,0,0,changed_mind
S-014801,Store,1,0,0,0,
S-014802,App,1,1,0,0,changed_mind
S-014803,App,1,1,1,1,
S-014804,Web,1,1,0,0,checkout_friction
S-014805,Web,1,1,1,1,
S-014806,Web,1,0,0,0,
S-014807,Web,1,1,1,1,
S-014808,Web,1,1,1,1,
S-014809,Web,1,1,0,0,shipping_cost
S-014810,Web,1,1,0,0,payment_fail
S-014811,App,1,1,0,0,payment_fail
S-014812,Web,1,1,0,0,changed_mind
S-014813,App,1,1,1,1,
S-014814,Web,1,1,1,1,
S-014815,Web,1,1,1,1,
S-014816,Web,1,1,0,0,changed_mind
S-014817,Web,1,0,0,0,
S-014818,Web,1,0,0,0,
S-014819,Web,1,1,1,1,
S-014820,Web,1,1,0,0,changed_mind
S-014821,App,1,0,0,0,
S-014822,Store,1,0,0,0,
S-014823,Web,1,1,1,1,
S-014824,Web,1,1,1,1,
S-014825,App,1,1,0,0,stock_out
S-014826,Web,1,1,1,1,
S-014827,App,1,1,0,0,payment_fail
S-014828,App,1,1,1,1,
S-014829,Web,1,1,0,0,changed_mind
S-014830,App,1,1,1,1,
S-014831,App,1,1,0,0,stock_out
S-014832,App,1,1,1,1,
S-014833,Web,1,1,0,0,shipping_cost
S-014834,Web,1,1,0,0,shipping_cost
S-014835,Web,1,0,0,0,
S-014836,Web,1,1,1,1,
S-014837,Web,1,1,1,1,
S-014838,Web,1,0,0,0,
S-014839,Web,1,1,0,0,payment_fail
S-014840,Web,1,1,0,0,shipping_cost
S-014841,Web,1,1,0,0,stock_out
S-014842,Web,1,1,1,1,
S-014843,Web,1,0,0,0,
S-014844,Web,1,1,1,1,
S-014845,App,1,1,1,1,
S-014846,Web,1,0,0,0,
S-014847,Web,1,1,1,1,
S-014848,App,1,0,0,0,
S-014849,Web,1,0,0,0,
S-014850,Web,1,0,0,0,
S-014851,Web,1,0,0,0,
S-014852,Store,1,1,1,1,
S-014853,Web,1,1,1,1,
S-014854,Web,1,1,1,1,
S-014855,App,1,1,0,0,checkout_friction
S-014856,Web,1,1,0,0,changed_mind
S-014857,App,1,0,0,0,
S-014858,Web,1,0,0,0,
S-014859,App,1,0,0,0,
S-014860,App,1,1,1,1,
S-014861,App,1,1,0,0,shipping_cost
S-014862,Web,1,0,0,0,
S-014863,Web,1,1,0,0,changed_mind
S-014864,App,1,1,0,0,stock_out
S-014865,Web,1,1,0,0,shipping_cost
S-014866,App,1,1,1,1,
S-014867,App,1,1,0,0,stock_out
S-014868,Web,1,1,1,1,
S-014869,Web,1,1,1,1,
S-014870,App,1,1,1,1,
S-014871,Web,1,1,0,0,payment_fail
S-014872,App,1,1,0,0,payment_fail
S-014873,App,1,1,1,1,
S-014874,Web,1,1,1,1,
S-014875,Web,1,1,0,0,payment_fail
S-014876,Web,1,0,0,0,
S-014877,App,1,0,0,0,
S-014878,Store,1,0,0,0,
S-014879,Web,1,0,0,0,
S-014880,Web,1,0,0,0,
S-014881,Web,1,1,0,0,payment_fail
S-014882,Web,1,0,0,0,
S-014883,Web,1,0,0,0,
S-014884,Store,1,0,0,0,
S-014885,Web,1,1,1,1,
S-014886,App,1,1,1,1,
S-014887,Web,1,1,1,1,
S-014888,Store,1,1,0,0,checkout_friction
S-014889,Web,1,1,0,0,shipping_cost
S-014890,Web,1,1,0,0,payment_fail
S-014891,App,1,1,1,1,
S-014892,Web,1,1,1,1,
S-014893,App,1,1,1,1,
S-014894,App,1,0,0,0,
S-014895,Web,1,1,0,0,shipping_cost
S-014896,App,1,1,1,1,
S-014897,Web,1,0,0,0,
S-014898,Web,1,1,0,0,shipping_cost
S-014899,App,1,1,0,0,shipping_cost
S-014900,App,1,0,0,0,
S-014901,App,1,1,1,1,
S-014902,App,1,1,0,0,payment_fail
S-014903,Web,1,1,0,0,changed_mind
S-014904,Web,1,1,0,0,payment_fail
S-014905,Web,1,1,1,1,
S-014906,Web,1,0,0,0,
S-014907,App,1,1,0,0,stock_out
S-014908,Web,1,1,1,1,
S-014909,App,1,1,1,1,
S-014910,Web,1,1,0,0,payment_fail
S-014911,App,1,1,1,1,
S-014912,Web,1,1,0,0,stock_out
S-014913,App,1,0,0,0,
S-014914,Store,1,0,0,0,
S-014915,App,1,1,0,0,stock_out
S-014916,Web,1,1,1,1,
S-014917,Web,1,1,0,0,payment_fail
S-014918,Web,1,0,0,0,
S-014919,App,1,0,0,0,
S-014920,Web,1,0,0,0,
S-014921,Store,1,0,0,0,
S-014922,App,1,1,0,0,payment_fail
S-014923,App,1,1,1,1,
S-014924,App,1,1,0,0,checkout_friction
S-014925,App,1,1,1,1,
S-014926,App,1,1,1,1,
S-014927,Web,1,1,0,0,shipping_cost
S-014928,Web,1,1,1,1,
S-014929,Web,1,1,1,1,
S-014930,Web,1,1,1,1,
S-014931,App,1,1,0,0,changed_mind
S-014932,Web,1,1,1,1,
S-014933,App,1,0,0,0,
S-014934,Web,1,0,0,0,
S-014935,Web,1,1,1,1,
S-014936,App,1,0,0,0,
S-014937,App,1,0,0,0,
S-014938,Web,1,1,1,1,
S-014939,Web,1,0,0,0,
S-014940,App,1,0,0,0,
S-014941,Web,1,1,1,1,
S-014942,App,1,0,0,0,
S-014943,Web,1,1,0,0,payment_fail
S-014944,App,1,1,1,1,
S-014945,Web,1,1,0,0,payment_fail
S-014946,App,1,1,0,0,changed_mind
S-014947,Web,1,1,1,1,
S-014948,Web,1,1,1,1,
S-014949,Store,1,1,1,1,
S-014950,Web,1,1,1,1,
S-014951,Web,1,1,1,1,
S-014952,App,1,0,0,0,
S-014953,Web,1,1,1,1,
S-014954,Web,1,0,0,0,
S-014955,App,1,1,1,1,
S-014956,Web,1,1,1,1,
S-014957,Web,1,0,0,0,
S-014958,Web,1,1,1,1,
S-014959,App,1,0,0,0,
S-014960,App,1,1,0,0,checkout_friction
S-014961,Web,1,1,0,0,payment_fail
S-014962,App,1,1,1,1,
S-014963,Web,1,1,0,0,stock_out
S-014964,Web,1,0,0,0,
S-014965,Web,1,1,1,1,
S-014966,App,1,1,0,0,changed_mind
S-014967,Web,1,1,1,1,
S-014968,App,1,1,1,1,
S-014969,Web,1,1,0,0,payment_fail
S-014970,App,1,1,1,1,
S-014971,Web,1,1,1,1,
S-014972,Web,1,1,0,0,shipping_cost
S-014973,Web,1,1,1,1,
S-014974,App,1,1,0,0,payment_fail
S-014975,App,1,1,0,0,shipping_cost
S-014976,Web,1,0,0,0,
S-014977,Web,1,1,0,0,changed_mind
S-014978,Store,1,1,0,0,shipping_cost
S-014979,Web,1,1,0,0,payment_fail
S-014980,Store,1,1,0,0,changed_mind
S-014981,Web,1,1,1,1,
S-014982,Web,1,1,1,1,
S-014983,Web,1,1,0,0,changed_mind
S-014984,Web,1,1,1,1,
S-014985,App,1,1,1,1,
S-014986,Web,1,0,0,0,
S-014987,Store,1,1,0,0,changed_mind
S-014988,Web,1,1,1,1,
S-014989,Web,1,1,0,0,changed_mind
S-014990,Web,1,0,0,0,
S-014991,Web,1,0,0,0,
S-014992,App,1,0,0,0,
S-014993,Web,1,0,0,0,
S-014994,App,1,1,1,1,
S-014995,Web,1,1,1,1,
S-014996,App,1,1,1,1,
S-014997,Store,1,1,1,1,
S-014998,App,1,1,1,1,
S-014999,Web,1,1,0,0,payment_fail
S-015000,Web,1,1,0,0,changed_mind
S-015001,Web,1,1,0,0,shipping_cost
S-015002,App,1,1,1,1,
S-015003,App,1,0,0,0,
S-015004,Web,1,0,0,0,
S-015005,Store,1,1,0,0,shipping_cost
S-015006,Store,1,1,1,1,
S-015007,Web,1,1,1,1,
S-015008,Web,1,1,0,0,payment_fail
S-015009,App,1,1,1,1,
S-015010,Web,1,1,1,1,
S-015011,Web,1,1,1,1,
S-015012,App,1,0,0,0,
S-015013,App,1,1,0,0,changed_mind
S-015014,Web,1,0,0,0,
S-015015,App,1,1,1,1,
S-015016,Web,1,0,0,0,
S-015017,Web,1,0,0,0,
S-015018,App,1,0,0,0,
S-015019,Web,1,0,0,0,
S-015020,Web,1,1,1,1,
S-015021,Web,1,0,0,0,
S-015022,Web,1,0,0,0,
S-015023,Web,1,1,0,0,changed_mind
S-015024,Web,1,0,0,0,
S-015025,Web,1,1,1,1,
S-015026,App,1,1,0,0,shipping_cost
S-015027,Web,1,0,0,0,
S-015028,App,1,0,0,0,
S-015029,App,1,0,0,0,
S-015030,App,1,0,0,0,
S-015031,App,1,1,1,1,
S-015032,Web,1,1,0,0,checkout_friction
S-015033,Web,1,0,0,0,
S-015034,App,1,1,1,1,
S-015035,Web,1,1,0,0,stock_out
S-015036,Web,1,1,1,1,
S-015037,Web,1,1,0,0,payment_fail
S-015038,App,1,1,1,1,
S-015039,Web,1,1,0,0,changed_mind
S-015040,App,1,1,0,0,shipping_cost
S-015041,Web,1,0,0,0,
S-015042,App,1,1,1,1,
S-015043,App,1,1,1,1,
S-015044,Web,1,1,1,1,
S-015045,Web,1,1,1,1,
S-015046,App,1,1,0,0,checkout_friction
S-015047,App,1,1,1,1,
S-015048,Store,1,1,1,1,
S-015049,Web,1,1,0,0,payment_fail
S-015050,Web,1,1,1,1,
S-015051,App,1,1,1,1,
S-015052,App,1,1,1,1,
S-015053,Web,1,0,0,0,
S-015054,Web,1,1,1,1,
S-015055,Web,1,1,1,1,
S-015056,Web,1,1,1,1,
S-015057,Web,1,1,1,1,
S-015058,Web,1,1,1,1,
S-015059,Web,1,1,0,0,shipping_cost
S-015060,Web,1,0,0,0,
S-015061,Web,1,1,1,1,
S-015062,App,1,1,1,1,
S-015063,Store,1,1,1,1,
S-015064,Web,1,0,0,0,
S-015065,App,1,1,0,0,shipping_cost
S-015066,Web,1,0,0,0,
S-015067,Web,1,0,0,0,
S-015068,App,1,1,1,1,
S-015069,Store,1,0,0,0,
S-015070,App,1,1,0,0,payment_fail
S-015071,App,1,1,1,1,
S-015072,Store,1,1,1,1,
S-015073,Web,1,1,1,1,
S-015074,Store,1,1,1,1,
S-015075,Web,1,1,1,1,
S-015076,Web,1,0,0,0,
S-015077,Store,1,1,0,0,changed_mind
S-015078,Web,1,1,1,1,
S-015079,App,1,1,0,0,shipping_cost
S-015080,Web,1,0,0,0,
S-015081,App,1,1,1,1,
S-015082,Web,1,1,1,1,
S-015083,App,1,1,1,1,
S-015084,Web,1,1,1,1,
S-015085,App,1,1,0,0,payment_fail
S-015086,Web,1,1,0,0,changed_mind
S-015087,Web,1,1,0,0,checkout_friction
S-015088,App,1,1,0,0,stock_out
S-015089,Web,1,1,0,0,shipping_cost
S-015090,App,1,1,1,1,
S-015091,Web,1,0,0,0,
S-015092,App,1,0,0,0,
S-015093,App,1,0,0,0,
S-015094,Store,1,1,0,0,shipping_cost
S-015095,App,1,1,1,1,
S-015096,App,1,1,0,0,payment_fail
S-015097,Web,1,1,1,1,
S-015098,App,1,1,0,0,checkout_friction
S-015099,App,1,1,1,1,
S-015100,Web,1,0,0,0,
S-015101,App,1,1,1,1,
S-015102,App,1,1,1,1,
S-015103,Web,1,1,0,0,stock_out
S-015104,Web,1,1,1,1,
S-015105,Store,1,1,1,1,
S-015106,Web,1,0,0,0,
S-015107,App,1,1,1,1,
S-015108,Web,1,1,1,1,
S-015109,Web,1,0,0,0,
S-015110,App,1,1,0,0,changed_mind
S-015111,Store,1,1,1,1,
S-015112,App,1,0,0,0,
S-015113,App,1,0,0,0,
S-015114,Web,1,1,1,1,
S-015115,Web,1,0,0,0,
S-015116,Web,1,1,1,1,
S-015117,Web,1,0,0,0,
S-015118,Web,1,1,1,1,
S-015119,Web,1,0,0,0,
S-015120,Web,1,1,1,1,
S-015121,Store,1,1,0,0,checkout_friction
S-015122,Web,1,1,0,0,payment_fail
S-015123,Web,1,1,0,0,changed_mind
S-015124,Web,1,0,0,0,
S-015125,App,1,1,1,1,
S-015126,Web,1,1,1,1,
S-015127,App,1,1,0,0,payment_fail
S-015128,App,1,0,0,0,
S-015129,Web,1,1,1,1,
S-015130,App,1,1,0,0,payment_fail
S-015131,App,1,0,0,0,
S-015132,Store,1,1,0,0,shipping_cost
S-015133,App,1,0,0,0,
S-015134,Web,1,1,1,1,
S-015135,Web,1,1,1,1,
S-015136,App,1,0,0,0,
S-015137,Web,1,1,0,0,shipping_cost
S-015138,App,1,1,0,0,checkout_friction
S-015139,Web,1,0,0,0,
S-015140,App,1,0,0,0,
S-015141,App,1,1,1,1,
S-015142,Web,1,1,1,1,
S-015143,Web,1,1,0,0,shipping_cost
S-015144,Web,1,1,0,0,stock_out
S-015145,App,1,1,1,1,
S-015146,Web,1,1,0,0,stock_out
S-015147,Store,1,1,1,1,
S-015148,Web,1,1,0,0,changed_mind
S-015149,Web,1,1,0,0,checkout_friction
S-015150,Web,1,1,0,0,shipping_cost
S-015151,Web,1,1,1,1,
S-015152,Web,1,1,1,1,
S-015153,App,1,1,0,0,shipping_cost
S-015154,Web,1,1,1,1,
S-015155,Web,1,0,0,0,
S-015156,App,1,1,1,1,
S-015157,App,1,1,1,1,
S-015158,Web,1,0,0,0,
S-015159,Web,1,0,0,0,
S-015160,Web,1,1,1,1,
S-015161,App,1,0,0,0,
S-015162,Web,1,0,0,0,
S-015163,Web,1,1,0,0,payment_fail
S-015164,Web,1,1,0,0,payment_fail
S-015165,App,1,0,0,0,
S-015166,App,1,1,0,0,checkout_friction
S-015167,Web,1,0,0,0,
S-015168,Web,1,1,1,1,
S-015169,App,1,1,1,1,
S-015170,Web,1,1,0,0,shipping_cost
S-015171,App,1,0,0,0,
S-015172,Web,1,1,1,1,
S-015173,Web,1,0,0,0,
S-015174,Web,1,1,1,1,
S-015175,Web,1,1,0,0,shipping_cost
S-015176,App,1,1,0,0,payment_fail
S-015177,Store,1,1,0,0,shipping_cost
S-015178,Web,1,1,1,1,
S-015179,App,1,1,1,1,
S-015180,Web,1,1,1,1,
S-015181,App,1,0,0,0,
S-015182,Store,1,1,1,1,
S-015183,App,1,1,0,0,stock_out
S-015184,App,1,0,0,0,
S-015185,Web,1,1,0,0,shipping_cost
S-015186,Web,1,1,1,1,
S-015187,Web,1,0,0,0,
S-015188,Web,1,1,1,1,
S-015189,App,1,0,0,0,
S-015190,Web,1,1,1,1,
S-015191,App,1,1,1,1,
S-015192,App,1,1,1,1,
S-015193,Web,1,1,1,1,
S-015194,Web,1,1,0,0,stock_out
S-015195,App,1,0,0,0,
S-015196,App,1,1,0,0,changed_mind
S-015197,App,1,1,1,1,
S-015198,Web,1,0,0,0,
S-015199,Store,1,1,0,0,stock_out
S-015200,Web,1,0,0,0,
S-015201,Store,1,0,0,0,
S-015202,Web,1,1,1,1,
S-015203,Web,1,1,1,1,
S-015204,App,1,0,0,0,
S-015205,App,1,1,1,1,
S-015206,App,1,1,0,0,payment_fail
S-015207,Web,1,1,0,0,changed_mind
S-015208,Web,1,1,1,1,
S-015209,Web,1,1,0,0,payment_fail
S-015210,App,1,1,1,1,
S-015211,App,1,0,0,0,
S-015212,App,1,0,0,0,
S-015213,App,1,1,1,1,
S-015214,Web,1,1,0,0,shipping_cost
S-015215,App,1,0,0,0,
S-015216,Web,1,0,0,0,
S-015217,Web,1,1,0,0,stock_out
S-015218,Web,1,1,0,0,changed_mind
S-015219,App,1,1,1,1,
S-015220,Web,1,1,1,1,
S-015221,Web,1,1,0,0,payment_fail
S-015222,App,1,1,1,1,
S-015223,App,1,1,0,0,checkout_friction
S-015224,App,1,1,0,0,payment_fail
S-015225,App,1,1,1,1,
S-015226,App,1,1,0,0,changed_mind
S-015227,Web,1,1,1,1,
S-015228,Web,1,1,0,0,checkout_friction
S-015229,Store,1,1,0,0,changed_mind
S-015230,Store,1,1,0,0,stock_out
S-015231,App,1,0,0,0,
S-015232,Store,1,1,0,0,changed_mind
S-015233,Web,1,0,0,0,
S-015234,App,1,1,0,0,stock_out
S-015235,Web,1,1,1,1,
S-015236,Web,1,1,0,0,changed_mind
S-015237,App,1,0,0,0,
S-015238,Web,1,1,1,1,
S-015239,Web,1,1,1,1,
S-015240,Web,1,1,1,1,
S-015241,App,1,1,0,0,changed_mind
S-015242,Web,1,1,0,0,payment_fail
S-015243,App,1,1,1,1,
S-015244,App,1,0,0,0,
S-015245,Web,1,1,0,0,stock_out
S-015246,Web,1,0,0,0,
S-015247,Web,1,0,0,0,
S-015248,Web,1,0,0,0,
S-015249,Web,1,0,0,0,
S-015250,Web,1,1,0,0,payment_fail
S-015251,App,1,0,0,0,
S-015252,Web,1,1,1,1,
S-015253,App,1,1,1,1,
S-015254,Web,1,1,1,1,
S-015255,Web,1,1,1,1,
S-015256,App,1,0,0,0,
S-015257,Web,1,1,1,1,
S-015258,App,1,1,1,1,
S-015259,App,1,1,1,1,
S-015260,App,1,1,0,0,checkout_friction
S-015261,App,1,0,0,0,
S-015262,Web,1,1,1,1,
S-015263,Store,1,1,0,0,payment_fail
S-015264,Store,1,1,1,1,
S-015265,Web,1,1,1,1,
S-015266,Web,1,1,0,0,payment_fail
S-015267,Web,1,0,0,0,
S-015268,App,1,1,1,1,
S-015269,Web,1,1,1,1,
S-015270,Web,1,0,0,0,
S-015271,App,1,0,0,0,
S-015272,Web,1,1,1,1,
S-015273,Store,1,1,1,1,
S-015274,Web,1,0,0,0,
S-015275,Web,1,0,0,0,
S-015276,Web,1,1,1,1,
S-015277,Web,1,1,1,1,
S-015278,Web,1,0,0,0,
S-015279,App,1,1,1,1,
S-015280,App,1,1,0,0,checkout_friction
S-015281,Web,1,1,0,0,payment_fail
S-015282,Web,1,0,0,0,
S-015283,App,1,1,0,0,shipping_cost
S-015284,Web,1,1,1,1,
S-015285,Store,1,1,1,1,
S-015286,App,1,1,0,0,stock_out
S-015287,App,1,0,0,0,
S-015288,Web,1,1,1,1,
S-015289,Web,1,1,0,0,payment_fail
S-015290,Web,1,0,0,0,
S-015291,Web,1,1,0,0,payment_fail
S-015292,App,1,0,0,0,
S-015293,App,1,1,1,1,
S-015294,App,1,0,0,0,
S-015295,Web,1,1,1,1,
S-015296,App,1,1,0,0,shipping_cost
S-015297,Web,1,1,1,1,
S-015298,App,1,0,0,0,
S-015299,App,1,1,1,1,
S-015300,App,1,1,0,0,payment_fail
S-015301,Web,1,1,1,1,
S-015302,App,1,1,0,0,payment_fail
S-015303,App,1,1,1,1,
S-015304,Web,1,0,0,0,
S-015305,Web,1,0,0,0,
S-015306,Web,1,1,1,1,
S-015307,App,1,0,0,0,
S-015308,App,1,1,1,1,
S-015309,Web,1,0,0,0,
S-015310,App,1,1,1,1,
S-015311,App,1,0,0,0,
S-015312,Web,1,1,1,1,
S-015313,App,1,1,0,0,payment_fail
S-015314,Web,1,0,0,0,
S-015315,Web,1,1,1,1,
S-015316,App,1,1,1,1,
S-015317,App,1,1,1,1,
S-015318,App,1,1,1,1,
S-015319,Web,1,0,0,0,
S-015320,Web,1,0,0,0,
S-015321,Web,1,0,0,0,
S-015322,App,1,0,0,0,
S-015323,Web,1,1,0,0,shipping_cost
S-015324,App,1,1,1,1,
S-015325,Web,1,0,0,0,
S-015326,Web,1,1,1,1,
S-015327,App,1,0,0,0,
S-015328,Web,1,1,1,1,
S-015329,Store,1,1,1,1,
S-015330,Web,1,0,0,0,
S-015331,Web,1,1,1,1,
S-015332,Web,1,1,1,1,
S-015333,Web,1,1,0,0,shipping_cost
S-015334,App,1,0,0,0,
S-015335,Web,1,1,1,1,
S-015336,App,1,0,0,0,
S-015337,Web,1,0,0,0,
S-015338,Web,1,1,1,1,
S-015339,Web,1,1,0,0,payment_fail
S-015340,App,1,1,0,0,changed_mind
S-015341,App,1,1,1,1,
S-015342,App,1,1,1,1,
S-015343,App,1,1,1,1,
S-015344,App,1,1,1,1,
S-015345,Web,1,1,1,1,
S-015346,Store,1,1,1,1,
S-015347,Web,1,1,1,1,
S-015348,App,1,1,1,1,
S-015349,App,1,1,1,1,
S-015350,Web,1,1,0,0,changed_mind
S-015351,App,1,1,1,1,
S-015352,App,1,1,0,0,payment_fail
S-015353,Web,1,1,0,0,shipping_cost
S-015354,Web,1,1,0,0,checkout_friction
S-015355,Web,1,1,1,1,
S-015356,Web,1,1,0,0,changed_mind
S-015357,Web,1,1,1,1,
S-015358,Web,1,0,0,0,
S-015359,App,1,1,0,0,shipping_cost
S-015360,Web,1,1,1,1,
S-015361,Web,1,1,0,0,shipping_cost
S-015362,Web,1,1,1,1,
S-015363,App,1,1,0,0,payment_fail
S-015364,Web,1,1,1,1,
S-015365,App,1,1,1,1,
S-015366,Web,1,1,1,1,
S-015367,Web,1,1,1,1,
S-015368,Web,1,1,1,1,
S-015369,App,1,1,1,1,
S-015370,Web,1,1,0,0,stock_out
S-015371,App,1,1,0,0,checkout_friction
S-015372,Web,1,1,1,1,
S-015373,App,1,0,0,0,
S-015374,Store,1,1,1,1,
S-015375,Web,1,1,1,1,
S-015376,Web,1,1,0,0,checkout_friction
S-015377,Web,1,1,1,1,
S-015378,Web,1,1,1,1,
S-015379,App,1,1,0,0,payment_fail
S-015380,App,1,0,0,0,
S-015381,App,1,1,0,0,shipping_cost
S-015382,App,1,1,0,0,payment_fail
S-015383,Web,1,0,0,0,
S-015384,Web,1,0,0,0,
S-015385,Web,1,0,0,0,
S-015386,Web,1,0,0,0,
S-015387,Web,1,1,0,0,shipping_cost
S-015388,Web,1,0,0,0,
S-015389,Web,1,1,0,0,shipping_cost
S-015390,Store,1,1,1,1,
S-015391,Store,1,0,0,0,
S-015392,Web,1,1,1,1,
S-015393,App,1,1,1,1,
S-015394,Web,1,1,1,1,
S-015395,Web,1,1,0,0,changed_mind
S-015396,App,1,0,0,0,
S-015397,App,1,1,1,1,
S-015398,Web,1,1,1,1,
S-015399,App,1,1,0,0,payment_fail
S-015400,Web,1,1,1,1,
S-015401,Web,1,0,0,0,
S-015402,Web,1,0,0,0,
S-015403,Web,1,0,0,0,
S-015404,Store,1,1,0,0,checkout_friction
S-015405,App,1,1,1,1,
S-015406,App,1,1,0,0,payment_fail
S-015407,App,1,0,0,0,
S-015408,App,1,1,0,0,payment_fail
S-015409,Web,1,1,0,0,checkout_friction
S-015410,Web,1,1,0,0,stock_out
S-015411,Web,1,1,1,1,
S-015412,App,1,1,0,0,shipping_cost
S-015413,App,1,1,0,0,changed_mind
S-015414,Store,1,1,0,0,payment_fail
S-015415,Web,1,1,1,1,
S-015416,App,1,1,0,0,payment_fail
S-015417,Web,1,0,0,0,
S-015418,Web,1,1,1,1,
S-015419,App,1,1,1,1,
S-015420,App,1,0,0,0,
S-015421,Store,1,1,1,1,
S-015422,Web,1,1,1,1,
S-015423,Web,1,1,0,0,shipping_cost
S-015424,Web,1,1,0,0,shipping_cost
S-015425,App,1,0,0,0,
S-015426,Web,1,1,1,1,
S-015427,App,1,1,0,0,changed_mind
S-015428,Web,1,0,0,0,
S-015429,Web,1,1,0,0,payment_fail
S-015430,Web,1,1,1,1,
S-015431,Web,1,1,0,0,changed_mind
S-015432,Web,1,0,0,0,
S-015433,App,1,1,0,0,stock_out
S-015434,Web,1,0,0,0,
S-015435,Web,1,1,0,0,payment_fail
S-015436,App,1,1,1,1,
S-015437,App,1,1,1,1,
S-015438,App,1,1,0,0,payment_fail
S-015439,Web,1,0,0,0,
S-015440,Web,1,0,0,0,
S-015441,Web,1,1,1,1,
S-015442,Web,1,1,0,0,shipping_cost
S-015443,Web,1,0,0,0,
S-015444,App,1,0,0,0,
S-015445,Web,1,1,0,0,stock_out
S-015446,Web,1,0,0,0,
S-015447,Web,1,1,0,0,changed_mind
S-015448,App,1,0,0,0,
S-015449,App,1,1,0,0,stock_out
S-015450,App,1,0,0,0,
S-015451,Store,1,1,1,1,
S-015452,Store,1,1,1,1,
S-015453,Web,1,1,1,1,
S-015454,App,1,1,1,1,
S-015455,Web,1,1,0,0,shipping_cost
S-015456,App,1,1,0,0,payment_fail
S-015457,Web,1,1,1,1,
S-015458,Web,1,1,0,0,changed_mind
S-015459,App,1,1,0,0,payment_fail
S-015460,Web,1,1,1,1,
S-015461,Web,1,1,1,1,
S-015462,Web,1,1,0,0,stock_out
S-015463,App,1,1,0,0,payment_fail
S-015464,App,1,1,1,1,
S-015465,Web,1,1,0,0,shipping_cost
S-015466,App,1,1,0,0,changed_mind
S-015467,Web,1,1,0,0,shipping_cost
S-015468,App,1,1,1,1,
S-015469,Web,1,1,0,0,changed_mind
S-015470,App,1,1,0,0,shipping_cost
S-015471,Store,1,1,1,1,
S-015472,Web,1,1,1,1,
S-015473,Web,1,1,0,0,checkout_friction
S-015474,Web,1,1,1,1,
S-015475,Web,1,0,0,0,
S-015476,Web,1,1,1,1,
S-015477,Store,1,1,1,1,
S-015478,App,1,1,0,0,stock_out
S-015479,Web,1,0,0,0,
S-015480,Web,1,1,0,0,checkout_friction
S-015481,App,1,1,1,1,
S-015482,Web,1,1,0,0,changed_mind
S-015483,App,1,1,0,0,changed_mind
S-015484,Web,1,1,1,1,
S-015485,App,1,1,0,0,changed_mind
S-015486,Store,1,1,1,1,
S-015487,Web,1,1,0,0,shipping_cost
S-015488,App,1,1,1,1,
S-015489,Web,1,1,0,0,shipping_cost
S-015490,Web,1,1,0,0,changed_mind
S-015491,Store,1,1,0,0,payment_fail
S-015492,App,1,1,1,1,
S-015493,Store,1,1,1,1,
S-015494,Web,1,1,1,1,
S-015495,Web,1,0,0,0,
S-015496,Web,1,1,1,1,
S-015497,Store,1,1,0,0,payment_fail
S-015498,Web,1,1,1,1,
S-015499,Web,1,0,0,0,
S-015500,Web,1,0,0,0,
S-015501,App,1,1,1,1,
S-015502,Store,1,1,0,0,checkout_friction
S-015503,App,1,1,1,1,
S-015504,Web,1,0,0,0,
S-015505,Web,1,1,0,0,payment_fail
S-015506,Web,1,1,1,1,
S-015507,Web,1,1,0,0,changed_mind
S-015508,Web,1,0,0,0,
S-015509,App,1,0,0,0,
S-015510,App,1,1,0,0,changed_mind
S-015511,App,1,1,1,1,
S-015512,App,1,1,1,1,
S-015513,App,1,0,0,0,
S-015514,Web,1,1,0,0,payment_fail
S-015515,Web,1,1,0,0,checkout_friction
S-015516,App,1,1,0,0,payment_fail
S-015517,Web,1,1,1,1,
S-015518,App,1,1,0,0,checkout_friction
S-015519,Store,1,1,0,0,stock_out
S-015520,Web,1,1,1,1,
S-015521,Store,1,0,0,0,
S-015522,Web,1,1,1,1,
S-015523,Web,1,0,0,0,
S-015524,Web,1,0,0,0,
S-015525,App,1,1,1,1,
S-015526,Web,1,1,1,1,
S-015527,App,1,1,0,0,payment_fail
S-015528,App,1,1,1,1,
S-015529,Web,1,1,0,0,payment_fail
S-015530,Web,1,0,0,0,
S-015531,Web,1,0,0,0,
S-015532,Web,1,1,0,0,shipping_cost
S-015533,Web,1,1,0,0,shipping_cost
S-015534,Web,1,1,1,1,
S-015535,App,1,1,1,1,
S-015536,App,1,1,1,1,
S-015537,App,1,1,1,1,
S-015538,App,1,1,1,1,
S-015539,Web,1,0,0,0,
S-015540,Web,1,1,1,1,
S-015541,Web,1,0,0,0,
S-015542,App,1,0,0,0,
S-015543,Web,1,0,0,0,
S-015544,App,1,1,1,1,
S-015545,Web,1,1,1,1,
S-015546,Web,1,0,0,0,
S-015547,Web,1,0,0,0,
S-015548,App,1,1,0,0,payment_fail
S-015549,App,1,0,0,0,
S-015550,Web,1,1,1,1,
S-015551,Web,1,1,0,0,checkout_friction
S-015552,App,1,0,0,0,
S-015553,Web,1,1,0,0,payment_fail
S-015554,App,1,0,0,0,
S-015555,Web,1,1,0,0,stock_out
S-015556,Store,1,0,0,0,
S-015557,Web,1,1,0,0,payment_fail
S-015558,Web,1,0,0,0,
S-015559,Web,1,0,0,0,
S-015560,Web,1,1,0,0,checkout_friction
S-015561,App,1,0,0,0,
S-015562,Web,1,0,0,0,
S-015563,Store,1,1,0,0,payment_fail
S-015564,App,1,1,0,0,shipping_cost
S-015565,Web,1,0,0,0,
S-015566,App,1,1,0,0,changed_mind
S-015567,Web,1,1,1,1,
S-015568,Web,1,1,1,1,
S-015569,Web,1,1,1,1,
S-015570,Web,1,1,0,0,payment_fail
S-015571,Web,1,1,1,1,
S-015572,Web,1,1,0,0,stock_out
S-015573,Web,1,0,0,0,
S-015574,App,1,0,0,0,
S-015575,Web,1,1,1,1,
S-015576,Web,1,0,0,0,
S-015577,App,1,0,0,0,
S-015578,Web,1,1,1,1,
S-015579,App,1,1,1,1,
S-015580,Web,1,1,1,1,
S-015581,App,1,1,0,0,payment_fail
S-015582,Web,1,1,0,0,changed_mind
S-015583,Store,1,0,0,0,
S-015584,App,1,1,1,1,
S-015585,App,1,1,0,0,changed_mind
S-015586,Web,1,0,0,0,
S-015587,App,1,1,0,0,changed_mind
S-015588,Web,1,0,0,0,
S-015589,App,1,0,0,0,
S-015590,Web,1,1,1,1,
S-015591,Store,1,1,1,1,
S-015592,Web,1,0,0,0,
S-015593,Store,1,0,0,0,
S-015594,Web,1,1,1,1,
S-015595,App,1,1,0,0,payment_fail
S-015596,App,1,0,0,0,
S-015597,Web,1,1,0,0,payment_fail
S-015598,Store,1,0,0,0,
S-015599,App,1,0,0,0,
S-015600,App,1,0,0,0,
S-015601,Web,1,1,1,1,
S-015602,Web,1,1,1,1,
S-015603,Web,1,1,1,1,
S-015604,App,1,0,0,0,
S-015605,Web,1,1,0,0,payment_fail
S-015606,Web,1,0,0,0,
S-015607,Store,1,1,1,1,
S-015608,App,1,1,1,1,
S-015609,App,1,1,1,1,
S-015610,App,1,1,1,1,
S-015611,Web,1,1,0,0,shipping_cost
S-015612,Web,1,1,0,0,payment_fail
S-015613,Web,1,1,1,1,
S-015614,Web,1,0,0,0,
S-015615,App,1,1,0,0,checkout_friction
S-015616,App,1,1,1,1,
S-015617,Web,1,1,0,0,changed_mind
S-015618,Web,1,1,0,0,changed_mind
S-015619,App,1,1,0,0,shipping_cost
S-015620,Web,1,1,1,1,
S-015621,App,1,0,0,0,
S-015622,App,1,1,0,0,payment_fail
S-015623,Web,1,1,1,1,
S-015624,App,1,1,1,1,
S-015625,Web,1,1,0,0,changed_mind
S-015626,Web,1,1,0,0,shipping_cost
S-015627,Web,1,0,0,0,
S-015628,Web,1,1,0,0,shipping_cost
S-015629,App,1,1,0,0,shipping_cost
S-015630,Web,1,1,1,1,
S-015631,Web,1,0,0,0,
S-015632,App,1,0,0,0,
S-015633,App,1,0,0,0,
S-015634,App,1,1,1,1,
S-015635,App,1,1,0,0,changed_mind
S-015636,Web,1,1,0,0,checkout_friction
S-015637,Store,1,1,0,0,payment_fail
S-015638,Web,1,0,0,0,
S-015639,App,1,1,1,1,
S-015640,Web,1,0,0,0,
S-015641,Web,1,0,0,0,
S-015642,Web,1,1,1,1,
S-015643,Web,1,1,0,0,shipping_cost
S-015644,Web,1,1,1,1,
S-015645,App,1,1,0,0,payment_fail
S-015646,Web,1,1,0,0,shipping_cost
S-015647,App,1,1,0,0,stock_out
S-015648,App,1,0,0,0,
S-015649,Web,1,0,0,0,
S-015650,App,1,1,1,1,
S-015651,App,1,1,1,1,
S-015652,Web,1,0,0,0,
S-015653,App,1,0,0,0,
S-015654,Web,1,1,1,1,
S-015655,Web,1,1,1,1,
S-015656,Web,1,1,0,0,payment_fail
S-015657,Web,1,0,0,0,
S-015658,Web,1,1,0,0,changed_mind
S-015659,Web,1,1,0,0,shipping_cost
S-015660,App,1,0,0,0,
S-015661,Web,1,1,1,1,
S-015662,App,1,1,0,0,payment_fail
S-015663,Web,1,1,0,0,checkout_friction
S-015664,Store,1,1,1,1,
S-015665,Web,1,1,0,0,shipping_cost
S-015666,App,1,1,1,1,
S-015667,Web,1,0,0,0,
S-015668,Store,1,1,0,0,stock_out
S-015669,App,1,1,0,0,shipping_cost
S-015670,App,1,0,0,0,
S-015671,App,1,0,0,0,
S-015672,Web,1,1,1,1,
S-015673,Store,1,1,1,1,
S-015674,Store,1,1,1,1,
S-015675,Web,1,1,1,1,
S-015676,App,1,1,1,1,
S-015677,App,1,0,0,0,
S-015678,App,1,0,0,0,
S-015679,Store,1,0,0,0,
S-015680,Web,1,0,0,0,
S-015681,Web,1,1,1,1,
S-015682,Web,1,0,0,0,
S-015683,Web,1,1,1,1,
S-015684,App,1,1,0,0,checkout_friction
S-015685,Web,1,1,1,1,
S-015686,App,1,1,1,1,
S-015687,Web,1,0,0,0,
S-015688,App,1,1,1,1,
S-015689,Web,1,0,0,0,
S-015690,Web,1,0,0,0,
S-015691,Web,1,1,1,1,
S-015692,Web,1,1,0,0,shipping_cost
S-015693,App,1,1,1,1,
S-015694,Web,1,1,0,0,shipping_cost
S-015695,App,1,0,0,0,
S-015696,Web,1,1,0,0,stock_out
S-015697,App,1,0,0,0,
S-015698,Store,1,0,0,0,
S-015699,App,1,0,0,0,
S-015700,App,1,1,1,1,
S-015701,App,1,1,1,1,
S-015702,App,1,1,1,1,
S-015703,Store,1,0,0,0,
S-015704,Web,1,0,0,0,
S-015705,App,1,1,0,0,shipping_cost
S-015706,App,1,1,1,1,
S-015707,Web,1,0,0,0,
S-015708,Web,1,0,0,0,
S-015709,App,1,1,0,0,shipping_cost
S-015710,App,1,0,0,0,
S-015711,Store,1,0,0,0,
S-015712,Store,1,1,1,1,
S-015713,App,1,1,0,0,checkout_friction
S-015714,Web,1,1,1,1,
S-015715,App,1,0,0,0,
S-015716,Web,1,1,0,0,changed_mind
S-015717,App,1,0,0,0,
S-015718,Web,1,1,0,0,changed_mind
S-015719,Web,1,1,1,1,
S-015720,App,1,1,1,1,
S-015721,Web,1,1,1,1,
S-015722,Web,1,0,0,0,
S-015723,Web,1,0,0,0,
S-015724,Web,1,0,0,0,
S-015725,App,1,0,0,0,
S-015726,Web,1,0,0,0,
S-015727,Web,1,1,0,0,changed_mind
S-015728,Web,1,1,1,1,
S-015729,Web,1,1,1,1,
S-015730,Web,1,1,1,1,
S-015731,Web,1,1,1,1,
S-015732,Web,1,1,1,1,
S-015733,Web,1,1,1,1,
S-015734,App,1,1,1,1,
S-015735,Store,1,1,1,1,
S-015736,Store,1,1,0,0,stock_out
S-015737,Web,1,1,0,0,checkout_friction
S-015738,Store,1,0,0,0,
S-015739,App,1,1,1,1,
S-015740,App,1,0,0,0,
S-015741,Web,1,0,0,0,
S-015742,Web,1,0,0,0,
S-015743,Web,1,1,0,0,changed_mind
S-015744,App,1,0,0,0,
S-015745,App,1,0,0,0,
S-015746,App,1,1,1,1,
S-015747,Web,1,0,0,0,
S-015748,Web,1,1,0,0,shipping_cost
S-015749,App,1,1,1,1,
S-015750,Web,1,1,1,1,
S-015751,App,1,1,0,0,payment_fail
S-015752,App,1,1,0,0,changed_mind
S-015753,Store,1,0,0,0,
S-015754,Web,1,1,1,1,
S-015755,Store,1,0,0,0,
S-015756,Web,1,1,0,0,stock_out
S-015757,Web,1,1,1,1,
S-015758,Web,1,1,0,0,shipping_cost
S-015759,Web,1,0,0,0,
S-015760,Store,1,1,0,0,payment_fail
S-015761,App,1,1,0,0,shipping_cost
S-015762,Web,1,1,0,0,changed_mind
S-015763,App,1,0,0,0,
S-015764,App,1,1,1,1,
S-015765,App,1,1,0,0,stock_out
S-015766,App,1,0,0,0,
S-015767,Web,1,0,0,0,
S-015768,Web,1,1,0,0,payment_fail
S-015769,Web,1,1,1,1,
S-015770,App,1,1,0,0,changed_mind
S-015771,Web,1,0,0,0,
S-015772,Web,1,1,0,0,stock_out
S-015773,App,1,1,0,0,checkout_friction
S-015774,App,1,1,1,1,
S-015775,App,1,1,1,1,
S-015776,App,1,1,1,1,
S-015777,App,1,1,0,0,payment_fail
S-015778,Web,1,1,0,0,checkout_friction
S-015779,Web,1,1,0,0,changed_mind
S-015780,App,1,1,1,1,
S-015781,Web,1,0,0,0,
S-015782,Web,1,1,0,0,stock_out
S-015783,Web,1,1,0,0,payment_fail
S-015784,App,1,0,0,0,
S-015785,App,1,1,1,1,
S-015786,App,1,1,1,1,
S-015787,Web,1,1,1,1,
S-015788,Web,1,1,1,1,
S-015789,App,1,0,0,0,
S-015790,Store,1,1,0,0,changed_mind
S-015791,Web,1,1,0,0,changed_mind
S-015792,Web,1,1,1,1,
S-015793,App,1,1,1,1,
S-015794,Web,1,1,0,0,shipping_cost
S-015795,Store,1,1,1,1,
S-015796,Web,1,1,1,1,
S-015797,App,1,0,0,0,
S-015798,App,1,1,0,0,shipping_cost
S-015799,Web,1,1,0,0,changed_mind
S-015800,Web,1,1,0,0,changed_mind
S-015801,Web,1,1,0,0,payment_fail
S-015802,Web,1,1,0,0,shipping_cost
S-015803,Store,1,0,0,0,
S-015804,Web,1,1,0,0,payment_fail
S-015805,Web,1,0,0,0,
S-015806,Web,1,1,0,0,checkout_friction
S-015807,App,1,1,0,0,checkout_friction
S-015808,App,1,1,0,0,shipping_cost
S-015809,Web,1,1,1,1,
S-015810,App,1,0,0,0,
S-015811,Web,1,0,0,0,
S-015812,Store,1,1,0,0,payment_fail
S-015813,Store,1,1,0,0,payment_fail
S-015814,Store,1,0,0,0,
S-015815,Web,1,1,1,1,
S-015816,App,1,1,1,1,
S-015817,App,1,1,1,1,
S-015818,App,1,0,0,0,
S-015819,Web,1,1,1,1,
S-015820,Web,1,1,0,0,shipping_cost
S-015821,Web,1,1,0,0,checkout_friction
S-015822,Web,1,1,1,1,
S-015823,Web,1,1,1,1,
S-015824,Store,1,1,1,1,
S-015825,Web,1,0,0,0,
S-015826,App,1,0,0,0,
S-015827,Store,1,0,0,0,
S-015828,Web,1,1,1,1,
S-015829,Store,1,0,0,0,
S-015830,Web,1,1,0,0,changed_mind
S-015831,Web,1,1,0,0,payment_fail
S-015832,Web,1,1,0,0,payment_fail
S-015833,Web,1,1,1,1,
S-015834,Web,1,1,0,0,payment_fail
S-015835,App,1,1,0,0,stock_out
S-015836,App,1,1,0,0,changed_mind
S-015837,Web,1,1,1,1,
S-015838,App,1,1,1,1,
S-015839,Web,1,1,1,1,
S-015840,Web,1,1,1,1,
S-015841,Web,1,0,0,0,
S-015842,Web,1,1,1,1,
S-015843,Web,1,1,1,1,
S-015844,App,1,1,0,0,changed_mind
S-015845,App,1,1,1,1,
S-015846,Web,1,1,1,1,
S-015847,Web,1,1,1,1,
S-015848,Store,1,1,0,0,shipping_cost
S-015849,App,1,1,0,0,checkout_friction
S-015850,Web,1,0,0,0,
S-015851,Web,1,1,0,0,shipping_cost
S-015852,App,1,1,0,0,stock_out
S-015853,Store,1,1,0,0,checkout_friction
S-015854,Web,1,1,1,1,
S-015855,Web,1,1,1,1,
S-015856,Web,1,0,0,0,
S-015857,Web,1,1,1,1,
S-015858,Web,1,1,1,1,
S-015859,Store,1,1,1,1,
S-015860,Web,1,1,1,1,
S-015861,App,1,1,1,1,
S-015862,Web,1,1,0,0,shipping_cost
S-015863,App,1,0,0,0,
S-015864,Web,1,0,0,0,
S-015865,Web,1,0,0,0,
S-015866,Web,1,0,0,0,
S-015867,Web,1,1,1,1,
S-015868,App,1,0,0,0,
S-015869,App,1,1,0,0,checkout_friction
S-015870,Web,1,1,0,0,payment_fail
S-015871,Web,1,1,0,0,changed_mind
S-015872,Web,1,0,0,0,
S-015873,Web,1,1,1,1,
S-015874,App,1,1,0,0,payment_fail
S-015875,Web,1,1,0,0,shipping_cost
S-015876,App,1,1,0,0,payment_fail
S-015877,Web,1,0,0,0,
S-015878,App,1,1,1,1,
S-015879,App,1,1,0,0,payment_fail
S-015880,App,1,0,0,0,
S-015881,Web,1,1,1,1,
S-015882,App,1,1,0,0,payment_fail
S-015883,Web,1,1,1,1,
S-015884,App,1,1,1,1,
S-015885,Web,1,0,0,0,
S-015886,Web,1,0,0,0,
S-015887,Store,1,1,0,0,shipping_cost
S-015888,Web,1,1,1,1,
S-015889,Store,1,0,0,0,
S-015890,Web,1,0,0,0,
S-015891,App,1,1,0,0,changed_mind
S-015892,Web,1,0,0,0,
S-015893,Web,1,1,0,0,shipping_cost
S-015894,App,1,1,1,1,
S-015895,Store,1,1,0,0,shipping_cost
S-015896,Web,1,1,1,1,
S-015897,App,1,1,1,1,
S-015898,Web,1,0,0,0,
S-015899,App,1,1,0,0,checkout_friction
S-015900,Web,1,1,1,1,
S-015901,App,1,1,1,1,
S-015902,App,1,1,0,0,checkout_friction
S-015903,Store,1,1,0,0,payment_fail
S-015904,App,1,1,0,0,shipping_cost
S-015905,Web,1,0,0,0,
S-015906,Web,1,1,0,0,changed_mind
S-015907,App,1,1,1,1,
S-015908,Web,1,1,1,1,
S-015909,App,1,0,0,0,
S-015910,Web,1,0,0,0,
S-015911,Web,1,1,0,0,stock_out
S-015912,Web,1,1,0,0,shipping_cost
S-015913,App,1,1,0,0,stock_out
S-015914,App,1,1,1,1,
S-015915,Web,1,1,0,0,payment_fail
S-015916,Store,1,0,0,0,
S-015917,App,1,1,0,0,shipping_cost
S-015918,App,1,1,1,1,
S-015919,Web,1,0,0,0,
S-015920,Web,1,0,0,0,
S-015921,Web,1,0,0,0,
S-015922,Web,1,1,0,0,stock_out
S-015923,Web,1,1,0,0,changed_mind
S-015924,Web,1,1,0,0,stock_out
S-015925,Web,1,1,0,0,payment_fail
S-015926,Web,1,1,0,0,payment_fail
S-015927,App,1,1,0,0,payment_fail
S-015928,Web,1,1,1,1,
S-015929,App,1,0,0,0,
S-015930,Web,1,1,0,0,payment_fail
S-015931,Web,1,0,0,0,
S-015932,Web,1,1,1,1,
S-015933,Store,1,0,0,0,
S-015934,App,1,1,1,1,
S-015935,Web,1,1,1,1,
S-015936,App,1,1,0,0,payment_fail
S-015937,App,1,1,1,1,
S-015938,Store,1,1,0,0,changed_mind
S-015939,Web,1,1,1,1,
S-015940,Store,1,0,0,0,
S-015941,Web,1,0,0,0,
S-015942,Web,1,1,1,1,
S-015943,Web,1,0,0,0,
S-015944,App,1,0,0,0,
S-015945,Web,1,1,0,0,changed_mind
S-015946,Web,1,0,0,0,
S-015947,Web,1,1,1,1,
S-015948,Web,1,1,1,1,
S-015949,App,1,1,1,1,
S-015950,Web,1,0,0,0,
S-015951,Web,1,1,1,1,
S-015952,Web,1,0,0,0,
S-015953,App,1,0,0,0,
S-015954,Store,1,1,0,0,changed_mind
S-015955,Web,1,1,1,1,
S-015956,App,1,1,0,0,shipping_cost
S-015957,Web,1,1,1,1,
S-015958,Web,1,0,0,0,
S-015959,Web,1,1,1,1,
S-015960,Web,1,0,0,0,
S-015961,Web,1,1,1,1,
S-015962,Web,1,1,1,1,
S-015963,App,1,1,0,0,payment_fail
S-015964,App,1,1,1,1,
S-015965,Web,1,1,0,0,changed_mind
S-015966,Web,1,1,1,1,
S-015967,Web,1,1,1,1,
S-015968,Store,1,1,0,0,payment_fail
S-015969,App,1,1,1,1,
S-015970,Web,1,1,0,0,checkout_friction
S-015971,Web,1,0,0,0,
S-015972,App,1,1,1,1,
S-015973,Web,1,0,0,0,
S-015974,Web,1,0,0,0,
S-015975,Store,1,1,0,0,payment_fail
S-015976,Web,1,1,1,1,
S-015977,App,1,1,0,0,changed_mind
S-015978,App,1,1,1,1,
S-015979,Web,1,0,0,0,
S-015980,App,1,0,0,0,
S-015981,Web,1,0,0,0,
S-015982,Web,1,1,0,0,checkout_friction
S-015983,Web,1,1,0,0,changed_mind
S-015984,Web,1,1,1,1,
S-015985,App,1,1,0,0,changed_mind
S-015986,Web,1,0,0,0,
S-015987,Web,1,0,0,0,
S-015988,Store,1,1,0,0,changed_mind
S-015989,Web,1,0,0,0,
S-015990,App,1,0,0,0,
S-015991,App,1,1,1,1,
S-015992,App,1,1,0,0,payment_fail
S-015993,App,1,1,0,0,changed_mind
S-015994,App,1,0,0,0,
S-015995,Web,1,1,0,0,checkout_friction
S-015996,App,1,1,0,0,checkout_friction
S-015997,Web,1,1,1,1,
S-015998,App,1,1,0,0,shipping_cost
S-015999,App,1,1,1,1,
S-016000,Web,1,1,0,0,shipping_cost
S-016001,Store,1,1,1,1,
S-016002,App,1,1,0,0,stock_out
S-016003,App,1,1,1,1,
S-016004,App,1,1,1,1,
S-016005,Web,1,1,0,0,changed_mind
S-016006,Web,1,1,0,0,payment_fail
S-016007,App,1,0,0,0,
S-016008,App,1,1,1,1,
S-016009,App,1,1,1,1,
S-016010,Web,1,1,1,1,
S-016011,Web,1,1,1,1,
S-016012,Web,1,0,0,0,
S-016013,App,1,0,0,0,
S-016014,Web,1,0,0,0,
S-016015,Web,1,1,1,1,
S-016016,App,1,1,1,1,
S-016017,App,1,1,1,1,
S-016018,App,1,0,0,0,
S-016019,App,1,1,1,1,
S-016020,Web,1,1,1,1,
S-016021,App,1,1,0,0,payment_fail
S-016022,App,1,1,1,1,
S-016023,Web,1,0,0,0,
S-016024,App,1,0,0,0,
S-016025,Web,1,1,0,0,payment_fail
S-016026,Web,1,1,0,0,shipping_cost
S-016027,App,1,0,0,0,
S-016028,Web,1,1,0,0,payment_fail
S-016029,App,1,1,0,0,payment_fail
S-016030,App,1,1,0,0,payment_fail
S-016031,Store,1,1,1,1,
S-016032,App,1,0,0,0,
S-016033,App,1,0,0,0,
S-016034,Store,1,1,1,1,
S-016035,Web,1,1,0,0,checkout_friction
S-016036,Store,1,1,0,0,payment_fail
S-016037,Web,1,1,0,0,payment_fail
S-016038,Web,1,1,1,1,
S-016039,App,1,0,0,0,
S-016040,Web,1,0,0,0,
S-016041,Web,1,0,0,0,
S-016042,Web,1,1,0,0,shipping_cost
S-016043,App,1,1,1,1,
S-016044,App,1,1,0,0,payment_fail
S-016045,Web,1,1,1,1,
S-016046,App,1,1,0,0,checkout_friction
S-016047,Store,1,0,0,0,
S-016048,Web,1,1,0,0,checkout_friction
S-016049,App,1,1,0,0,shipping_cost
S-016050,Web,1,1,1,1,
S-016051,Web,1,0,0,0,
S-016052,Web,1,1,0,0,shipping_cost
S-016053,App,1,0,0,0,
S-016054,Web,1,0,0,0,
S-016055,Web,1,0,0,0,
S-016056,App,1,0,0,0,
S-016057,App,1,1,1,1,
S-016058,Web,1,1,1,1,
S-016059,Web,1,0,0,0,
S-016060,Web,1,1,0,0,shipping_cost
S-016061,Web,1,1,0,0,payment_fail
S-016062,App,1,1,1,1,
S-016063,Store,1,1,1,1,
S-016064,App,1,1,1,1,
S-016065,Web,1,1,1,1,
S-016066,App,1,1,1,1,
S-016067,Web,1,1,1,1,
S-016068,Web,1,1,1,1,
S-016069,App,1,1,1,1,
S-016070,App,1,1,0,0,shipping_cost
S-016071,Web,1,1,1,1,
S-016072,Web,1,0,0,0,
S-016073,Web,1,0,0,0,
S-016074,Web,1,0,0,0,
S-016075,Web,1,1,0,0,payment_fail
S-016076,App,1,1,1,1,
S-016077,App,1,1,1,1,
S-016078,App,1,1,0,0,payment_fail
S-016079,Web,1,1,0,0,changed_mind
S-016080,Web,1,1,1,1,
S-016081,Web,1,1,0,0,payment_fail
S-016082,Web,1,1,1,1,
S-016083,Web,1,0,0,0,
S-016084,Web,1,1,1,1,
S-016085,App,1,1,1,1,
S-016086,Web,1,1,1,1,
S-016087,Web,1,1,1,1,
S-016088,Web,1,0,0,0,
S-016089,App,1,1,0,0,payment_fail
S-016090,Web,1,1,1,1,
S-016091,Store,1,1,1,1,
S-016092,App,1,1,1,1,
S-016093,Web,1,1,1,1,
S-016094,App,1,0,0,0,
S-016095,App,1,1,0,0,shipping_cost
S-016096,Web,1,0,0,0,
S-016097,Web,1,1,1,1,
S-016098,Web,1,1,1,1,
S-016099,Web,1,1,0,0,shipping_cost
S-016100,Web,1,1,0,0,payment_fail
S-016101,Web,1,1,1,1,
S-016102,App,1,1,0,0,payment_fail
S-016103,Web,1,1,1,1,
S-016104,App,1,0,0,0,
S-016105,App,1,1,1,1,
S-016106,Web,1,0,0,0,
S-016107,App,1,1,1,1,
S-016108,App,1,0,0,0,
S-016109,App,1,1,1,1,
S-016110,App,1,1,1,1,
S-016111,Web,1,1,1,1,
S-016112,Web,1,1,1,1,
S-016113,Web,1,0,0,0,
S-016114,Store,1,0,0,0,
S-016115,Store,1,1,0,0,payment_fail
S-016116,Web,1,0,0,0,
S-016117,Web,1,1,0,0,payment_fail
S-016118,Web,1,1,0,0,stock_out
S-016119,Web,1,0,0,0,
S-016120,App,1,1,0,0,checkout_friction
S-016121,Web,1,0,0,0,
S-016122,Web,1,1,1,1,
S-016123,Web,1,1,0,0,shipping_cost
S-016124,Web,1,1,0,0,shipping_cost
S-016125,Web,1,1,1,1,
S-016126,App,1,1,1,1,
S-016127,App,1,1,0,0,stock_out
S-016128,Web,1,1,1,1,
S-016129,Web,1,1,0,0,changed_mind
S-016130,Web,1,1,1,1,
S-016131,Web,1,1,0,0,payment_fail
S-016132,App,1,1,0,0,payment_fail
S-016133,App,1,0,0,0,
S-016134,App,1,0,0,0,
S-016135,App,1,1,0,0,shipping_cost
S-016136,Web,1,1,0,0,changed_mind
S-016137,App,1,1,1,1,
S-016138,Web,1,1,1,1,
S-016139,Web,1,0,0,0,
S-016140,Web,1,1,1,1,
S-016141,Web,1,0,0,0,
S-016142,App,1,1,0,0,payment_fail
S-016143,Web,1,1,1,1,
S-016144,Web,1,1,0,0,shipping_cost
S-016145,Web,1,0,0,0,
S-016146,App,1,1,0,0,shipping_cost
S-016147,App,1,1,0,0,payment_fail
S-016148,Web,1,1,1,1,
S-016149,Web,1,0,0,0,
S-016150,Web,1,1,1,1,
S-016151,App,1,1,1,1,
S-016152,Web,1,1,0,0,shipping_cost
S-016153,Web,1,1,0,0,changed_mind
S-016154,Web,1,0,0,0,
S-016155,App,1,1,0,0,changed_mind
S-016156,App,1,1,1,1,
S-016157,Web,1,1,1,1,
S-016158,Web,1,0,0,0,
S-016159,Web,1,0,0,0,
S-016160,Store,1,0,0,0,
S-016161,Store,1,0,0,0,
S-016162,Web,1,0,0,0,
S-016163,Web,1,1,1,1,
S-016164,Web,1,1,0,0,payment_fail
S-016165,App,1,1,1,1,
S-016166,Web,1,1,1,1,
S-016167,App,1,1,0,0,payment_fail
S-016168,App,1,1,1,1,
S-016169,Store,1,1,1,1,
S-016170,App,1,0,0,0,
S-016171,Web,1,1,1,1,
S-016172,Web,1,1,1,1,
S-016173,Web,1,0,0,0,
S-016174,Web,1,1,0,0,stock_out
S-016175,Web,1,1,0,0,shipping_cost
S-016176,App,1,1,1,1,
S-016177,Web,1,0,0,0,
S-016178,App,1,0,0,0,
S-016179,App,1,1,1,1,
S-016180,Web,1,1,0,0,payment_fail
S-016181,Web,1,1,0,0,payment_fail
S-016182,Web,1,0,0,0,
S-016183,Web,1,1,1,1,
S-016184,App,1,1,1,1,
S-016185,Web,1,1,0,0,stock_out
S-016186,App,1,0,0,0,
S-016187,App,1,1,1,1,
S-016188,Web,1,1,1,1,
S-016189,Web,1,1,1,1,
S-016190,Web,1,0,0,0,
S-016191,Web,1,0,0,0,
S-016192,App,1,1,1,1,
S-016193,App,1,1,0,0,stock_out
S-016194,Web,1,0,0,0,
S-016195,Web,1,1,1,1,
S-016196,App,1,1,1,1,
S-016197,Web,1,1,1,1,
S-016198,Web,1,1,1,1,
S-016199,Web,1,1,0,0,checkout_friction
S-016200,Web,1,1,0,0,changed_mind
S-016201,Web,1,1,1,1,
S-016202,App,1,1,0,0,shipping_cost
S-016203,Web,1,0,0,0,
S-016204,Web,1,1,0,0,shipping_cost
S-016205,Web,1,0,0,0,
S-016206,Web,1,0,0,0,
S-016207,App,1,1,0,0,payment_fail
S-016208,Web,1,1,0,0,changed_mind
S-016209,App,1,1,1,1,
S-016210,App,1,1,0,0,changed_mind
S-016211,Web,1,1,0,0,payment_fail
S-016212,Web,1,0,0,0,
S-016213,App,1,1,1,1,
S-016214,Web,1,1,1,1,
S-016215,Web,1,0,0,0,
S-016216,Web,1,0,0,0,
S-016217,Web,1,1,1,1,
S-016218,Store,1,1,0,0,checkout_friction
S-016219,App,1,0,0,0,
S-016220,Web,1,0,0,0,
S-016221,Web,1,0,0,0,
S-016222,Store,1,0,0,0,
S-016223,Web,1,1,0,0,shipping_cost
S-016224,App,1,1,0,0,payment_fail
S-016225,Web,1,1,0,0,shipping_cost
S-016226,Store,1,1,0,0,checkout_friction
S-016227,Web,1,1,1,1,
S-016228,App,1,0,0,0,
S-016229,Web,1,1,1,1,
S-016230,App,1,1,1,1,
S-016231,App,1,1,1,1,
S-016232,Web,1,1,1,1,
S-016233,Web,1,1,1,1,
S-016234,Web,1,1,0,0,checkout_friction
S-016235,Web,1,1,0,0,shipping_cost
S-016236,Web,1,1,1,1,
S-016237,App,1,1,1,1,
S-016238,Web,1,1,0,0,checkout_friction
S-016239,Web,1,0,0,0,
S-016240,App,1,1,1,1,
S-016241,Web,1,1,0,0,checkout_friction
S-016242,Web,1,1,0,0,stock_out
S-016243,App,1,1,0,0,checkout_friction
S-016244,Store,1,0,0,0,
S-016245,App,1,0,0,0,
S-016246,App,1,0,0,0,
S-016247,Web,1,1,1,1,
S-016248,App,1,0,0,0,
S-016249,Web,1,1,1,1,
S-016250,App,1,0,0,0,
S-016251,App,1,1,0,0,shipping_cost
S-016252,App,1,0,0,0,
S-016253,Store,1,1,0,0,stock_out
S-016254,Web,1,0,0,0,
S-016255,Web,1,1,1,1,
S-016256,App,1,0,0,0,
S-016257,Web,1,1,0,0,changed_mind
S-016258,Web,1,1,0,0,stock_out
S-016259,Web,1,1,0,0,payment_fail
S-016260,App,1,1,0,0,stock_out
S-016261,Store,1,1,0,0,checkout_friction
S-016262,Web,1,1,0,0,shipping_cost
S-016263,Web,1,0,0,0,
S-016264,Web,1,1,0,0,checkout_friction
S-016265,Web,1,1,1,1,
S-016266,Web,1,0,0,0,
S-016267,Web,1,1,0,0,shipping_cost
S-016268,Web,1,1,1,1,
S-016269,Web,1,1,1,1,
S-016270,Web,1,1,0,0,payment_fail
S-016271,Store,1,0,0,0,
S-016272,App,1,1,0,0,payment_fail
S-016273,App,1,0,0,0,
S-016274,Web,1,0,0,0,
S-016275,Web,1,0,0,0,
S-016276,Web,1,1,0,0,stock_out
S-016277,App,1,1,0,0,changed_mind
S-016278,App,1,1,1,1,
S-016279,Web,1,0,0,0,
S-016280,App,1,1,1,1,
S-016281,App,1,0,0,0,
S-016282,Store,1,1,1,1,
S-016283,Web,1,0,0,0,
S-016284,Web,1,1,0,0,shipping_cost
S-016285,Web,1,1,1,1,
S-016286,App,1,1,0,0,changed_mind
S-016287,App,1,1,1,1,
S-016288,Store,1,0,0,0,
S-016289,Web,1,1,1,1,
S-016290,App,1,1,1,1,
S-016291,Web,1,1,0,0,shipping_cost
S-016292,App,1,0,0,0,
S-016293,Web,1,0,0,0,
S-016294,Web,1,0,0,0,
S-016295,Web,1,1,0,0,shipping_cost
S-016296,Store,1,1,1,1,
S-016297,App,1,0,0,0,
S-016298,App,1,0,0,0,
S-016299,Web,1,1,0,0,checkout_friction
S-016300,App,1,0,0,0,
S-016301,Web,1,1,0,0,changed_mind
S-016302,Web,1,1,1,1,
S-016303,Web,1,1,1,1,
S-016304,Store,1,1,1,1,
S-016305,Store,1,1,1,1,
S-016306,Web,1,1,0,0,stock_out
S-016307,App,1,1,0,0,changed_mind
S-016308,Web,1,1,0,0,checkout_friction
S-016309,Web,1,1,1,1,
S-016310,Web,1,0,0,0,
S-016311,Web,1,1,1,1,
S-016312,Web,1,1,1,1,
S-016313,Web,1,1,0,0,payment_fail
S-016314,App,1,1,1,1,
S-016315,Web,1,0,0,0,
S-016316,Web,1,1,0,0,payment_fail
S-016317,App,1,1,0,0,payment_fail
S-016318,App,1,1,0,0,changed_mind
S-016319,Web,1,1,1,1,
S-016320,App,1,0,0,0,
S-016321,Web,1,1,0,0,changed_mind
S-016322,App,1,1,1,1,
S-016323,Web,1,1,0,0,stock_out
S-016324,App,1,0,0,0,
S-016325,Web,1,0,0,0,
S-016326,Web,1,0,0,0,
S-016327,Store,1,0,0,0,
S-016328,App,1,0,0,0,
S-016329,Web,1,1,0,0,shipping_cost
S-016330,App,1,1,1,1,
S-016331,Web,1,0,0,0,
S-016332,Web,1,1,0,0,payment_fail
S-016333,App,1,1,1,1,
S-016334,App,1,1,0,0,changed_mind
S-016335,App,1,0,0,0,
S-016336,Store,1,1,1,1,
S-016337,Web,1,1,1,1,
S-016338,Web,1,1,0,0,checkout_friction
S-016339,App,1,1,1,1,
S-016340,Web,1,1,0,0,shipping_cost
S-016341,Web,1,0,0,0,
S-016342,App,1,1,0,0,payment_fail
S-016343,App,1,1,0,0,shipping_cost
S-016344,Web,1,1,1,1,
S-016345,Web,1,1,0,0,shipping_cost
S-016346,Web,1,0,0,0,
S-016347,Web,1,1,1,1,
S-016348,App,1,1,0,0,payment_fail
S-016349,App,1,0,0,0,
S-016350,Web,1,1,0,0,shipping_cost
S-016351,Web,1,1,1,1,
S-016352,Web,1,0,0,0,
S-016353,Web,1,1,0,0,changed_mind
S-016354,Web,1,1,1,1,
S-016355,Web,1,1,0,0,shipping_cost
S-016356,Web,1,1,1,1,
S-016357,Web,1,1,1,1,
S-016358,Store,1,1,0,0,shipping_cost
S-016359,Web,1,1,1,1,
S-016360,App,1,1,0,0,payment_fail
S-016361,App,1,1,0,0,checkout_friction
S-016362,Store,1,0,0,0,
S-016363,Web,1,1,0,0,shipping_cost
S-016364,Web,1,1,0,0,shipping_cost
S-016365,Store,1,1,1,1,
S-016366,App,1,1,1,1,
S-016367,Store,1,1,1,1,
S-016368,App,1,1,0,0,payment_fail
S-016369,App,1,1,0,0,changed_mind
S-016370,Web,1,1,0,0,checkout_friction
S-016371,Web,1,1,0,0,payment_fail
S-016372,Web,1,1,1,1,
S-016373,Web,1,1,1,1,
S-016374,Store,1,1,1,1,
S-016375,App,1,1,1,1,
S-016376,Web,1,1,0,0,payment_fail
S-016377,App,1,0,0,0,
S-016378,Web,1,1,1,1,
S-016379,Web,1,1,1,1,
S-016380,Web,1,1,1,1,
S-016381,App,1,1,0,0,payment_fail
S-016382,Store,1,1,1,1,
S-016383,Web,1,0,0,0,
S-016384,App,1,1,0,0,changed_mind
S-016385,App,1,1,1,1,
S-016386,Web,1,1,1,1,
S-016387,Web,1,1,0,0,checkout_friction
S-016388,Web,1,0,0,0,
S-016389,App,1,1,1,1,
S-016390,Web,1,0,0,0,
S-016391,App,1,1,0,0,shipping_cost
S-016392,Web,1,1,1,1,
S-016393,Web,1,1,0,0,shipping_cost
S-016394,App,1,1,0,0,stock_out
S-016395,App,1,1,0,0,stock_out
S-016396,App,1,1,0,0,payment_fail
S-016397,App,1,1,0,0,payment_fail
S-016398,App,1,0,0,0,
S-016399,Store,1,1,1,1,
S-016400,Web,1,1,0,0,shipping_cost
S-016401,Web,1,0,0,0,
S-016402,App,1,1,1,1,
S-016403,Web,1,1,0,0,stock_out
S-016404,Web,1,1,0,0,changed_mind
S-016405,App,1,1,0,0,changed_mind
S-016406,App,1,1,1,1,
S-016407,Web,1,0,0,0,
S-016408,Web,1,0,0,0,
S-016409,Web,1,1,1,1,
S-016410,App,1,1,1,1,
S-016411,Web,1,1,0,0,stock_out
S-016412,Web,1,1,1,1,
S-016413,App,1,1,0,0,payment_fail
S-016414,App,1,1,0,0,shipping_cost
S-016415,Web,1,0,0,0,
S-016416,Web,1,1,0,0,payment_fail
S-016417,Web,1,0,0,0,
S-016418,Web,1,1,1,1,
S-016419,Web,1,1,1,1,
S-016420,App,1,0,0,0,
S-016421,Web,1,1,1,1,
S-016422,App,1,1,0,0,checkout_friction
S-016423,Web,1,1,1,1,
S-016424,Store,1,1,1,1,
S-016425,App,1,0,0,0,
S-016426,App,1,1,1,1,
S-016427,App,1,0,0,0,
S-016428,Web,1,1,0,0,changed_mind
S-016429,Web,1,1,0,0,shipping_cost
S-016430,App,1,1,1,1,
S-016431,Web,1,1,0,0,payment_fail
S-016432,Web,1,1,0,0,stock_out
S-016433,Web,1,1,1,1,
S-016434,App,1,0,0,0,
S-016435,App,1,1,1,1,
S-016436,Web,1,1,0,0,stock_out
S-016437,Web,1,1,1,1,
S-016438,Web,1,1,1,1,
S-016439,Web,1,1,0,0,changed_mind
S-016440,Store,1,1,0,0,payment_fail
S-016441,App,1,1,0,0,checkout_friction
S-016442,App,1,1,1,1,
S-016443,Web,1,1,0,0,stock_out
S-016444,Web,1,1,0,0,changed_mind
S-016445,App,1,0,0,0,
S-016446,Web,1,0,0,0,
S-016447,Web,1,1,1,1,
S-016448,Web,1,0,0,0,
S-016449,Web,1,0,0,0,
S-016450,Web,1,1,0,0,changed_mind
S-016451,App,1,1,0,0,checkout_friction
S-016452,Web,1,1,0,0,checkout_friction
S-016453,App,1,1,1,1,
S-016454,Web,1,1,1,1,
S-016455,Web,1,1,1,1,
S-016456,App,1,1,1,1,
S-016457,App,1,1,0,0,changed_mind
S-016458,Web,1,1,0,0,shipping_cost
S-016459,Web,1,0,0,0,
S-016460,Web,1,1,1,1,
S-016461,Web,1,1,1,1,
S-016462,Web,1,1,1,1,
S-016463,App,1,0,0,0,
S-016464,App,1,1,1,1,
S-016465,Store,1,1,0,0,shipping_cost
S-016466,App,1,1,0,0,stock_out
S-016467,App,1,1,1,1,
S-016468,App,1,1,1,1,
S-016469,Store,1,0,0,0,
S-016470,Web,1,1,0,0,changed_mind
S-016471,App,1,1,1,1,
S-016472,Web,1,1,1,1,
S-016473,App,1,1,0,0,payment_fail
S-016474,Store,1,1,0,0,payment_fail
S-016475,Web,1,1,1,1,
S-016476,App,1,0,0,0,
S-016477,App,1,1,1,1,
S-016478,App,1,1,0,0,checkout_friction
S-016479,App,1,1,1,1,
S-016480,App,1,1,1,1,
S-016481,App,1,1,0,0,checkout_friction
S-016482,Store,1,1,0,0,checkout_friction
S-016483,Store,1,1,1,1,
S-016484,Web,1,1,0,0,shipping_cost
S-016485,Store,1,1,1,1,
S-016486,Web,1,1,0,0,stock_out
S-016487,Store,1,0,0,0,
S-016488,Store,1,1,1,1,
S-016489,App,1,1,1,1,
S-016490,Web,1,1,1,1,
S-016491,Web,1,0,0,0,
S-016492,App,1,0,0,0,
S-016493,App,1,1,0,0,stock_out
S-016494,Web,1,1,1,1,
S-016495,App,1,1,0,0,shipping_cost
S-016496,Store,1,1,0,0,payment_fail
S-016497,Web,1,0,0,0,
S-016498,Web,1,0,0,0,
S-016499,App,1,1,0,0,checkout_friction
S-016500,Web,1,1,1,1,
S-016501,App,1,1,0,0,payment_fail
S-016502,App,1,1,1,1,
S-016503,Web,1,1,0,0,changed_mind
S-016504,App,1,1,1,1,
S-016505,Store,1,1,0,0,changed_mind
S-016506,Web,1,1,1,1,
S-016507,Store,1,0,0,0,
S-016508,Web,1,1,1,1,
S-016509,App,1,0,0,0,
S-016510,Web,1,1,1,1,
S-016511,Web,1,1,0,0,changed_mind
S-016512,Web,1,0,0,0,
S-016513,Web,1,0,0,0,
S-016514,App,1,1,1,1,
S-016515,Web,1,1,1,1,
S-016516,Web,1,1,1,1,
S-016517,Web,1,1,0,0,payment_fail
S-016518,Web,1,1,0,0,stock_out
S-016519,Web,1,1,0,0,payment_fail
S-016520,App,1,1,0,0,stock_out
S-016521,Web,1,1,1,1,
S-016522,Web,1,0,0,0,
S-016523,Web,1,0,0,0,
S-016524,Web,1,1,0,0,payment_fail
S-016525,Web,1,1,0,0,changed_mind
S-016526,App,1,1,0,0,stock_out
S-016527,Web,1,1,1,1,
S-016528,Web,1,1,1,1,
S-016529,Web,1,1,1,1,
S-016530,App,1,1,1,1,
S-016531,Web,1,1,1,1,
S-016532,Web,1,1,0,0,payment_fail
S-016533,Web,1,1,1,1,
S-016534,Web,1,1,1,1,
S-016535,App,1,0,0,0,
S-016536,App,1,1,1,1,
S-016537,Web,1,1,0,0,payment_fail
S-016538,App,1,1,1,1,
S-016539,Web,1,1,1,1,
S-016540,Web,1,1,0,0,stock_out
S-016541,Web,1,1,1,1,
S-016542,App,1,1,1,1,
S-016543,Web,1,1,1,1,
S-016544,Web,1,0,0,0,
S-016545,Web,1,1,0,0,payment_fail
S-016546,Web,1,0,0,0,
S-016547,Web,1,1,0,0,payment_fail
S-016548,App,1,0,0,0,
S-016549,App,1,1,1,1,
S-016550,App,1,0,0,0,
S-016551,App,1,0,0,0,
S-016552,Web,1,1,0,0,shipping_cost
S-016553,App,1,0,0,0,
S-016554,Web,1,1,0,0,checkout_friction
S-016555,App,1,1,1,1,
S-016556,Web,1,0,0,0,
S-016557,App,1,0,0,0,
S-016558,App,1,0,0,0,
S-016559,App,1,0,0,0,
S-016560,App,1,1,1,1,
S-016561,App,1,1,1,1,
S-016562,Web,1,0,0,0,
S-016563,App,1,0,0,0,
S-016564,Web,1,1,0,0,changed_mind
S-016565,Web,1,1,0,0,shipping_cost
S-016566,App,1,0,0,0,
S-016567,App,1,0,0,0,
S-016568,App,1,0,0,0,
S-016569,Web,1,1,1,1,
S-016570,App,1,1,0,0,checkout_friction
S-016571,App,1,1,1,1,
S-016572,Web,1,0,0,0,
S-016573,App,1,1,1,1,
S-016574,Web,1,0,0,0,
S-016575,Web,1,1,1,1,
S-016576,Web,1,0,0,0,
S-016577,Store,1,1,1,1,
S-016578,App,1,1,0,0,shipping_cost
S-016579,Web,1,1,1,1,
S-016580,Web,1,0,0,0,
S-016581,Web,1,0,0,0,
S-016582,Store,1,1,0,0,shipping_cost
S-016583,Store,1,1,1,1,
S-016584,Web,1,1,1,1,
S-016585,Web,1,0,0,0,
S-016586,Store,1,0,0,0,
S-016587,Store,1,1,1,1,
S-016588,Store,1,1,1,1,
S-016589,Store,1,1,0,0,shipping_cost
S-016590,App,1,1,1,1,
S-016591,Store,1,1,1,1,
S-016592,App,1,1,0,0,shipping_cost
S-016593,Web,1,1,1,1,
S-016594,Web,1,1,0,0,shipping_cost
S-016595,App,1,1,0,0,changed_mind
S-016596,App,1,1,1,1,
S-016597,App,1,1,0,0,payment_fail
S-016598,Web,1,1,0,0,changed_mind
S-016599,Web,1,0,0,0,
S-016600,Web,1,1,1,1,
S-016601,App,1,1,1,1,
S-016602,Web,1,0,0,0,
S-016603,Web,1,1,1,1,
S-016604,App,1,1,1,1,
S-016605,Web,1,1,1,1,
S-016606,Web,1,1,0,0,payment_fail
S-016607,Web,1,1,0,0,shipping_cost
S-016608,App,1,0,0,0,
S-016609,App,1,1,0,0,payment_fail
S-016610,App,1,1,1,1,
S-016611,Web,1,1,1,1,
S-016612,App,1,1,0,0,changed_mind
S-016613,Web,1,1,1,1,
S-016614,Web,1,0,0,0,
S-016615,App,1,1,0,0,stock_out
S-016616,Web,1,0,0,0,
S-016617,App,1,1,1,1,
S-016618,Web,1,1,1,1,
S-016619,Web,1,0,0,0,
S-016620,Web,1,1,1,1,
S-016621,Web,1,1,0,0,shipping_cost
S-016622,Web,1,1,0,0,payment_fail
S-016623,Web,1,0,0,0,
S-016624,Web,1,1,1,1,
S-016625,Web,1,1,1,1,
S-016626,Web,1,0,0,0,
S-016627,Store,1,1,0,0,payment_fail
S-016628,Web,1,1,1,1,
S-016629,App,1,1,0,0,stock_out
S-016630,Web,1,1,1,1,
S-016631,App,1,1,0,0,payment_fail
S-016632,Web,1,1,1,1,
S-016633,App,1,0,0,0,
S-016634,Web,1,1,1,1,
S-016635,Web,1,1,1,1,
S-016636,App,1,1,0,0,stock_out
S-016637,Web,1,1,1,1,
S-016638,Web,1,1,1,1,
S-016639,Web,1,1,0,0,shipping_cost
S-016640,Web,1,1,1,1,
S-016641,Web,1,1,0,0,payment_fail
S-016642,Web,1,1,1,1,
S-016643,Web,1,1,0,0,stock_out
S-016644,App,1,1,1,1,
S-016645,Web,1,1,0,0,shipping_cost
S-016646,App,1,1,0,0,payment_fail
S-016647,App,1,1,1,1,
S-016648,App,1,0,0,0,
S-016649,Web,1,1,0,0,checkout_friction
S-016650,Web,1,0,0,0,
S-016651,App,1,1,1,1,
S-016652,Web,1,1,1,1,
S-016653,Web,1,1,1,1,
S-016654,Web,1,1,1,1,
S-016655,App,1,1,0,0,payment_fail
S-016656,App,1,1,1,1,
S-016657,Web,1,0,0,0,
S-016658,Web,1,1,0,0,shipping_cost
S-016659,Web,1,0,0,0,
S-016660,Web,1,0,0,0,
S-016661,App,1,1,0,0,shipping_cost
S-016662,App,1,1,1,1,
S-016663,App,1,1,0,0,shipping_cost
S-016664,Web,1,1,1,1,
S-016665,App,1,1,0,0,stock_out
S-016666,Web,1,1,1,1,
S-016667,App,1,1,0,0,payment_fail
S-016668,Web,1,0,0,0,
S-016669,Web,1,1,1,1,
S-016670,App,1,1,1,1,
S-016671,Store,1,1,1,1,
S-016672,Web,1,1,1,1,
S-016673,Web,1,1,0,0,checkout_friction
S-016674,App,1,0,0,0,
S-016675,App,1,1,0,0,changed_mind
S-016676,Web,1,1,1,1,
S-016677,Web,1,0,0,0,
S-016678,App,1,1,0,0,checkout_friction
S-016679,Web,1,1,0,0,stock_out
S-016680,Web,1,1,1,1,
S-016681,App,1,1,1,1,
S-016682,App,1,1,1,1,
S-016683,Web,1,1,1,1,
S-016684,Web,1,1,1,1,
S-016685,Web,1,1,0,0,checkout_friction
S-016686,App,1,1,1,1,
S-016687,App,1,1,0,0,changed_mind
S-016688,Store,1,0,0,0,
S-016689,App,1,1,1,1,
S-016690,App,1,0,0,0,
S-016691,Store,1,1,1,1,
S-016692,Store,1,1,1,1,
S-016693,Web,1,1,0,0,shipping_cost
S-016694,App,1,0,0,0,
S-016695,Web,1,0,0,0,
S-016696,App,1,1,0,0,shipping_cost
S-016697,Web,1,1,1,1,
S-016698,Web,1,1,0,0,changed_mind
S-016699,App,1,1,0,0,shipping_cost
S-016700,Web,1,1,1,1,
S-016701,App,1,1,1,1,
S-016702,Web,1,1,1,1,
S-016703,Web,1,0,0,0,
S-016704,App,1,0,0,0,
S-016705,Web,1,1,0,0,stock_out
S-016706,App,1,0,0,0,
S-016707,Web,1,1,0,0,payment_fail
S-016708,Web,1,1,1,1,
S-016709,Web,1,1,0,0,stock_out
S-016710,Web,1,0,0,0,
S-016711,Web,1,0,0,0,
S-016712,App,1,1,0,0,payment_fail
S-016713,App,1,1,1,1,
S-016714,Web,1,0,0,0,
S-016715,Web,1,1,1,1,
S-016716,Web,1,1,1,1,
S-016717,Store,1,1,0,0,checkout_friction
S-016718,Web,1,1,0,0,payment_fail
S-016719,Web,1,1,1,1,
S-016720,App,1,1,0,0,payment_fail
S-016721,Web,1,1,1,1,
S-016722,Web,1,0,0,0,
S-016723,App,1,1,1,1,
S-016724,Web,1,1,0,0,stock_out
S-016725,App,1,1,1,1,
S-016726,Web,1,1,1,1,
S-016727,Web,1,1,0,0,stock_out
S-016728,Web,1,1,1,1,
S-016729,Web,1,0,0,0,
S-016730,Store,1,0,0,0,
S-016731,Web,1,1,0,0,stock_out
S-016732,Web,1,1,1,1,
S-016733,Web,1,1,1,1,
S-016734,Web,1,0,0,0,
S-016735,Web,1,1,1,1,
S-016736,App,1,1,0,0,checkout_friction
S-016737,Web,1,0,0,0,
S-016738,Web,1,0,0,0,
S-016739,App,1,0,0,0,
S-016740,App,1,1,1,1,
S-016741,Web,1,1,1,1,
S-016742,App,1,1,1,1,
S-016743,Web,1,0,0,0,
S-016744,Web,1,0,0,0,
S-016745,Web,1,1,1,1,
S-016746,Web,1,0,0,0,
S-016747,App,1,1,1,1,
S-016748,Web,1,1,1,1,
S-016749,App,1,0,0,0,
S-016750,App,1,1,1,1,
S-016751,App,1,1,0,0,payment_fail
S-016752,Web,1,1,1,1,
S-016753,Web,1,1,1,1,
S-016754,Store,1,1,0,0,stock_out
S-016755,Web,1,1,1,1,
S-016756,Web,1,0,0,0,
S-016757,App,1,0,0,0,
S-016758,Store,1,1,1,1,
S-016759,Web,1,0,0,0,
S-016760,Store,1,1,0,0,shipping_cost
S-016761,App,1,1,1,1,
S-016762,Web,1,1,1,1,
S-016763,Web,1,0,0,0,
S-016764,App,1,1,1,1,
S-016765,App,1,1,0,0,changed_mind
S-016766,Web,1,0,0,0,
S-016767,Web,1,0,0,0,
S-016768,App,1,0,0,0,
S-016769,Store,1,1,0,0,shipping_cost
S-016770,Web,1,1,1,1,
S-016771,Web,1,1,0,0,payment_fail
S-016772,App,1,1,0,0,changed_mind
S-016773,Web,1,1,0,0,stock_out
S-016774,Web,1,1,0,0,payment_fail
S-016775,App,1,1,1,1,
S-016776,Web,1,1,1,1,
S-016777,App,1,1,1,1,
S-016778,Store,1,1,0,0,checkout_friction
S-016779,Web,1,1,1,1,
S-016780,Web,1,0,0,0,
S-016781,Store,1,1,1,1,
S-016782,Web,1,1,0,0,changed_mind
S-016783,App,1,1,1,1,
S-016784,Web,1,1,0,0,payment_fail
S-016785,Web,1,1,1,1,
S-016786,Web,1,1,1,1,
S-016787,Web,1,1,0,0,changed_mind
S-016788,App,1,1,1,1,
S-016789,Web,1,0,0,0,
S-016790,App,1,1,0,0,payment_fail
S-016791,App,1,1,1,1,
S-016792,Web,1,0,0,0,
S-016793,App,1,1,0,0,payment_fail
S-016794,Web,1,1,0,0,changed_mind
S-016795,Web,1,0,0,0,
S-016796,Web,1,1,1,1,
S-016797,Web,1,1,1,1,
S-016798,Web,1,0,0,0,
S-016799,Web,1,1,1,1,
S-016800,Web,1,0,0,0,
S-016801,App,1,1,1,1,
S-016802,Web,1,1,1,1,
S-016803,App,1,1,0,0,payment_fail
S-016804,App,1,1,1,1,
S-016805,Web,1,1,0,0,payment_fail
S-016806,App,1,1,1,1,
S-016807,App,1,1,0,0,stock_out
S-016808,App,1,0,0,0,
S-016809,App,1,0,0,0,
S-016810,Store,1,1,1,1,
S-016811,App,1,1,0,0,payment_fail
S-016812,App,1,0,0,0,
S-016813,Web,1,1,0,0,stock_out
S-016814,App,1,1,0,0,stock_out
S-016815,App,1,1,0,0,payment_fail
S-016816,Web,1,1,0,0,changed_mind
S-016817,App,1,1,1,1,
S-016818,Web,1,1,1,1,
S-016819,Web,1,1,1,1,
S-016820,Store,1,0,0,0,
S-016821,App,1,1,1,1,
S-016822,App,1,1,1,1,
S-016823,Web,1,0,0,0,
S-016824,Store,1,1,1,1,
S-016825,Web,1,1,1,1,
S-016826,App,1,0,0,0,
S-016827,Web,1,1,0,0,payment_fail
S-016828,Web,1,1,1,1,
S-016829,App,1,0,0,0,
S-016830,App,1,1,1,1,
S-016831,Web,1,0,0,0,
S-016832,App,1,0,0,0,
S-016833,App,1,1,1,1,
S-016834,Web,1,1,1,1,
S-016835,Web,1,1,1,1,
S-016836,App,1,0,0,0,
S-016837,App,1,1,0,0,changed_mind
S-016838,Web,1,0,0,0,
S-016839,Web,1,1,0,0,payment_fail
S-016840,Web,1,1,0,0,checkout_friction
S-016841,Web,1,0,0,0,
S-016842,Store,1,0,0,0,
S-016843,App,1,1,1,1,
S-016844,Store,1,1,1,1,
S-016845,App,1,1,0,0,payment_fail
S-016846,App,1,1,1,1,
S-016847,App,1,0,0,0,
S-016848,App,1,1,1,1,
S-016849,App,1,1,0,0,changed_mind
S-016850,Web,1,1,1,1,
S-016851,Web,1,1,1,1,
S-016852,Web,1,1,1,1,
S-016853,App,1,0,0,0,
S-016854,Web,1,1,0,0,payment_fail
S-016855,Web,1,1,1,1,
S-016856,App,1,1,1,1,
S-016857,App,1,0,0,0,
S-016858,Store,1,1,1,1,
S-016859,Store,1,1,1,1,
S-016860,Store,1,1,1,1,
S-016861,Store,1,1,1,1,
S-016862,Web,1,0,0,0,
S-016863,Web,1,0,0,0,
S-016864,Web,1,1,0,0,payment_fail
S-016865,Store,1,1,0,0,shipping_cost
S-016866,Store,1,1,1,1,
S-016867,App,1,1,0,0,changed_mind
S-016868,App,1,1,1,1,
S-016869,Web,1,1,0,0,checkout_friction
S-016870,Web,1,1,0,0,payment_fail
S-016871,Store,1,1,0,0,payment_fail
S-016872,App,1,1,0,0,shipping_cost
S-016873,Web,1,1,1,1,
S-016874,Web,1,1,1,1,
S-016875,Web,1,0,0,0,
S-016876,Web,1,1,0,0,shipping_cost
S-016877,App,1,1,0,0,checkout_friction
S-016878,App,1,1,0,0,checkout_friction
S-016879,Web,1,1,1,1,
S-016880,App,1,0,0,0,
S-016881,Web,1,1,1,1,
S-016882,App,1,1,1,1,
S-016883,Web,1,0,0,0,
S-016884,App,1,0,0,0,
S-016885,App,1,1,0,0,checkout_friction
S-016886,Web,1,1,1,1,
S-016887,App,1,1,1,1,
S-016888,Web,1,0,0,0,
S-016889,Web,1,1,1,1,
S-016890,Web,1,0,0,0,
S-016891,Web,1,1,1,1,
S-016892,Web,1,1,0,0,payment_fail
S-016893,Web,1,0,0,0,
S-016894,App,1,1,1,1,
S-016895,Web,1,0,0,0,
S-016896,App,1,1,1,1,
S-016897,App,1,1,0,0,shipping_cost
S-016898,Web,1,1,0,0,stock_out
S-016899,Store,1,1,0,0,shipping_cost
S-016900,Web,1,0,0,0,
S-016901,Web,1,0,0,0,
S-016902,Web,1,1,1,1,
S-016903,App,1,1,0,0,changed_mind
S-016904,App,1,0,0,0,
S-016905,Store,1,1,0,0,payment_fail
S-016906,Web,1,1,1,1,
S-016907,Web,1,1,0,0,shipping_cost
S-016908,Web,1,1,1,1,
S-016909,App,1,0,0,0,
S-016910,Web,1,0,0,0,
S-016911,Web,1,1,0,0,checkout_friction
S-016912,Web,1,1,0,0,payment_fail
S-016913,Web,1,0,0,0,
S-016914,Web,1,1,0,0,checkout_friction
S-016915,Web,1,1,0,0,shipping_cost
S-016916,Web,1,1,0,0,payment_fail
S-016917,App,1,1,1,1,
S-016918,Web,1,0,0,0,
S-016919,App,1,1,1,1,
S-016920,Web,1,1,1,1,
S-016921,Web,1,1,0,0,payment_fail
S-016922,App,1,1,0,0,payment_fail
S-016923,Store,1,0,0,0,
S-016924,Web,1,0,0,0,
S-016925,Store,1,1,0,0,changed_mind
S-016926,Web,1,1,0,0,payment_fail
S-016927,Web,1,0,0,0,
S-016928,Web,1,1,1,1,
S-016929,Store,1,1,0,0,changed_mind
S-016930,Web,1,0,0,0,
S-016931,Web,1,0,0,0,
S-016932,App,1,0,0,0,
S-016933,Web,1,1,1,1,
S-016934,App,1,1,1,1,
S-016935,Web,1,1,0,0,checkout_friction
S-016936,Web,1,0,0,0,
S-016937,App,1,1,1,1,
S-016938,Store,1,1,1,1,
S-016939,Web,1,0,0,0,
S-016940,Web,1,1,1,1,
S-016941,App,1,1,1,1,
S-016942,Web,1,1,0,0,shipping_cost
S-016943,Store,1,1,1,1,
S-016944,App,1,1,1,1,
S-016945,Web,1,1,0,0,payment_fail
S-016946,App,1,0,0,0,
S-016947,App,1,1,0,0,shipping_cost
S-016948,Web,1,1,1,1,
S-016949,App,1,1,1,1,
S-016950,Web,1,1,1,1,
S-016951,App,1,1,0,0,stock_out
S-016952,App,1,1,1,1,
S-016953,App,1,0,0,0,
S-016954,Web,1,1,0,0,changed_mind
S-016955,Web,1,1,0,0,payment_fail
S-016956,Web,1,0,0,0,
S-016957,App,1,0,0,0,
S-016958,App,1,1,1,1,
S-016959,Web,1,1,0,0,changed_mind
S-016960,Web,1,0,0,0,
S-016961,App,1,0,0,0,
S-016962,Web,1,0,0,0,
S-016963,App,1,0,0,0,
S-016964,App,1,1,1,1,
S-016965,Store,1,0,0,0,
S-016966,App,1,1,0,0,shipping_cost
S-016967,Web,1,1,0,0,shipping_cost
S-016968,Web,1,1,1,1,
S-016969,App,1,0,0,0,
S-016970,App,1,1,1,1,
S-016971,Web,1,1,0,0,payment_fail
S-016972,App,1,0,0,0,
S-016973,App,1,0,0,0,
S-016974,Web,1,1,0,0,checkout_friction
S-016975,App,1,0,0,0,
S-016976,Web,1,1,0,0,payment_fail
S-016977,App,1,1,0,0,payment_fail
S-016978,Store,1,1,0,0,payment_fail
S-016979,App,1,0,0,0,
S-016980,Web,1,0,0,0,
S-016981,App,1,1,1,1,
S-016982,Web,1,1,0,0,changed_mind
S-016983,Web,1,1,1,1,
S-016984,Web,1,1,1,1,
S-016985,Web,1,1,1,1,
S-016986,Web,1,1,1,1,
S-016987,Web,1,1,0,0,shipping_cost
S-016988,Web,1,1,1,1,
S-016989,App,1,0,0,0,
S-016990,Store,1,1,0,0,payment_fail
S-016991,App,1,1,0,0,shipping_cost
S-016992,App,1,0,0,0,
S-016993,App,1,1,0,0,changed_mind
S-016994,App,1,1,0,0,shipping_cost
S-016995,Web,1,1,1,1,
S-016996,Web,1,1,1,1,
S-016997,Web,1,1,0,0,checkout_friction
S-016998,Web,1,1,1,1,
S-016999,Web,1,0,0,0,
S-017000,Web,1,0,0,0,
S-017001,Web,1,1,1,1,
S-017002,App,1,1,1,1,
S-017003,Web,1,0,0,0,
S-017004,Web,1,1,0,0,shipping_cost
S-017005,App,1,1,1,1,
S-017006,App,1,0,0,0,
S-017007,Web,1,1,0,0,payment_fail
S-017008,Store,1,1,1,1,
S-017009,Web,1,1,0,0,checkout_friction
S-017010,Web,1,1,0,0,stock_out
S-017011,Web,1,1,1,1,
S-017012,App,1,0,0,0,
S-017013,App,1,1,0,0,shipping_cost
S-017014,Web,1,1,0,0,stock_out
S-017015,App,1,1,0,0,changed_mind
S-017016,Store,1,1,1,1,
S-017017,App,1,1,1,1,
S-017018,Web,1,0,0,0,
S-017019,Web,1,1,1,1,
S-017020,App,1,1,1,1,
S-017021,App,1,1,0,0,shipping_cost
S-017022,App,1,0,0,0,
S-017023,Web,1,1,1,1,
S-017024,App,1,0,0,0,
S-017025,Web,1,1,1,1,
S-017026,Web,1,1,0,0,stock_out
S-017027,Web,1,1,1,1,
S-017028,Web,1,1,1,1,
S-017029,App,1,1,0,0,stock_out
S-017030,App,1,1,0,0,shipping_cost
S-017031,Web,1,0,0,0,
S-017032,App,1,0,0,0,
S-017033,Web,1,1,0,0,changed_mind
S-017034,Web,1,1,0,0,shipping_cost
S-017035,Web,1,1,0,0,payment_fail
S-017036,Web,1,1,1,1,
S-017037,App,1,1,0,0,checkout_friction
S-017038,Web,1,1,1,1,
S-017039,Web,1,0,0,0,
S-017040,Web,1,1,1,1,
S-017041,Web,1,1,1,1,
S-017042,Web,1,1,0,0,changed_mind
S-017043,App,1,1,0,0,changed_mind
S-017044,Store,1,1,1,1,
S-017045,App,1,1,0,0,changed_mind
S-017046,Web,1,1,1,1,
S-017047,Web,1,1,0,0,changed_mind
S-017048,Web,1,1,0,0,shipping_cost
S-017049,App,1,0,0,0,
S-017050,App,1,1,1,1,
S-017051,Store,1,0,0,0,
S-017052,Web,1,1,0,0,checkout_friction
S-017053,App,1,1,0,0,changed_mind
S-017054,Web,1,1,1,1,
S-017055,Store,1,1,0,0,changed_mind
S-017056,Web,1,1,1,1,
S-017057,Web,1,0,0,0,
S-017058,App,1,1,1,1,
S-017059,Web,1,1,1,1,
S-017060,Web,1,1,0,0,shipping_cost
S-017061,Web,1,1,1,1,
S-017062,Web,1,1,1,1,
S-017063,Store,1,1,0,0,shipping_cost
S-017064,Store,1,1,0,0,payment_fail
S-017065,App,1,1,1,1,
S-017066,Web,1,0,0,0,
S-017067,Web,1,1,1,1,
S-017068,Web,1,1,0,0,shipping_cost
S-017069,Web,1,1,0,0,payment_fail
S-017070,Store,1,1,0,0,changed_mind
S-017071,Web,1,1,0,0,checkout_friction
S-017072,App,1,0,0,0,
S-017073,Web,1,1,1,1,
S-017074,Web,1,1,1,1,
S-017075,Web,1,0,0,0,
S-017076,App,1,1,0,0,shipping_cost
S-017077,App,1,1,1,1,
S-017078,App,1,1,1,1,
S-017079,Web,1,0,0,0,
S-017080,Web,1,0,0,0,
S-017081,Web,1,1,1,1,
S-017082,App,1,1,0,0,shipping_cost
S-017083,App,1,1,0,0,changed_mind
S-017084,Store,1,1,1,1,
S-017085,App,1,1,0,0,payment_fail
S-017086,App,1,0,0,0,
S-017087,App,1,0,0,0,
S-017088,Web,1,1,1,1,
S-017089,Web,1,1,1,1,
S-017090,App,1,1,1,1,
S-017091,App,1,1,1,1,
S-017092,Web,1,0,0,0,
S-017093,Web,1,1,1,1,
S-017094,Web,1,1,0,0,checkout_friction
S-017095,App,1,0,0,0,
S-017096,Store,1,1,1,1,
S-017097,Web,1,1,0,0,shipping_cost
S-017098,Web,1,1,1,1,
S-017099,Web,1,1,0,0,payment_fail
S-017100,Web,1,1,1,1,
S-017101,App,1,1,0,0,payment_fail
S-017102,Web,1,1,1,1,
S-017103,App,1,1,0,0,checkout_friction
S-017104,Web,1,0,0,0,
S-017105,Web,1,1,0,0,payment_fail
S-017106,Web,1,0,0,0,
S-017107,Store,1,0,0,0,
S-017108,Web,1,1,0,0,changed_mind
S-017109,App,1,1,1,1,
S-017110,Web,1,1,1,1,
S-017111,Web,1,1,1,1,
S-017112,Web,1,0,0,0,
S-017113,App,1,0,0,0,
S-017114,Web,1,1,1,1,
S-017115,Store,1,1,1,1,
S-017116,Store,1,1,0,0,payment_fail
S-017117,Web,1,0,0,0,
S-017118,Web,1,0,0,0,
S-017119,Web,1,1,1,1,
S-017120,Web,1,1,1,1,
S-017121,App,1,0,0,0,
S-017122,Web,1,0,0,0,
S-017123,Web,1,1,0,0,payment_fail
S-017124,App,1,1,1,1,
S-017125,Web,1,0,0,0,
S-017126,Web,1,1,0,0,checkout_friction
S-017127,Store,1,0,0,0,
S-017128,Web,1,1,1,1,
S-017129,Web,1,0,0,0,
S-017130,App,1,1,0,0,payment_fail
S-017131,Web,1,1,0,0,payment_fail
S-017132,Web,1,0,0,0,
S-017133,Web,1,1,0,0,changed_mind
S-017134,Web,1,1,1,1,
S-017135,App,1,0,0,0,
S-017136,Store,1,1,0,0,checkout_friction
S-017137,App,1,0,0,0,
S-017138,Store,1,1,0,0,shipping_cost
S-017139,App,1,0,0,0,
S-017140,App,1,1,1,1,
S-017141,App,1,1,0,0,payment_fail
S-017142,App,1,1,1,1,
S-017143,App,1,1,0,0,checkout_friction
S-017144,Web,1,1,1,1,
S-017145,Web,1,1,0,0,changed_mind
S-017146,Web,1,1,0,0,checkout_friction
S-017147,Store,1,1,1,1,
S-017148,App,1,1,0,0,stock_out
S-017149,App,1,0,0,0,
S-017150,App,1,0,0,0,
S-017151,App,1,1,1,1,
S-017152,Web,1,1,1,1,
S-017153,App,1,0,0,0,
S-017154,Web,1,1,0,0,changed_mind
S-017155,Web,1,1,1,1,
S-017156,Web,1,1,1,1,
S-017157,Web,1,1,1,1,
S-017158,Web,1,1,0,0,shipping_cost
S-017159,Web,1,1,0,0,shipping_cost
S-017160,Web,1,1,1,1,
S-017161,Web,1,1,1,1,
S-017162,Web,1,1,0,0,stock_out
S-017163,App,1,1,1,1,
S-017164,Web,1,1,0,0,stock_out
S-017165,Web,1,1,0,0,checkout_friction
S-017166,App,1,1,1,1,
S-017167,App,1,1,0,0,changed_mind
S-017168,Store,1,0,0,0,
S-017169,App,1,0,0,0,
S-017170,Web,1,1,1,1,
S-017171,Web,1,1,1,1,
S-017172,App,1,1,1,1,
S-017173,App,1,1,0,0,shipping_cost
S-017174,App,1,0,0,0,
S-017175,Web,1,1,1,1,
S-017176,Web,1,0,0,0,
S-017177,Web,1,1,1,1,
S-017178,App,1,1,0,0,shipping_cost
S-017179,App,1,1,1,1,
S-017180,Web,1,0,0,0,
S-017181,Web,1,1,1,1,
S-017182,Store,1,1,0,0,changed_mind
S-017183,App,1,0,0,0,
S-017184,Web,1,1,1,1,
S-017185,Store,1,1,1,1,
S-017186,Web,1,0,0,0,
S-017187,Web,1,1,0,0,shipping_cost
S-017188,Web,1,1,0,0,stock_out
S-017189,App,1,1,1,1,
S-017190,App,1,1,0,0,changed_mind
S-017191,App,1,1,1,1,
S-017192,Web,1,1,1,1,
S-017193,App,1,1,0,0,payment_fail
S-017194,App,1,0,0,0,
S-017195,App,1,1,0,0,changed_mind
S-017196,Web,1,1,1,1,
S-017197,App,1,0,0,0,
S-017198,Store,1,0,0,0,
S-017199,App,1,0,0,0,
S-017200,App,1,1,1,1,
S-017201,Store,1,1,0,0,changed_mind
S-017202,Web,1,0,0,0,
S-017203,Store,1,1,0,0,checkout_friction
S-017204,Web,1,1,1,1,
S-017205,App,1,1,0,0,shipping_cost
S-017206,Web,1,0,0,0,
S-017207,App,1,1,1,1,
S-017208,Web,1,1,1,1,
S-017209,Web,1,1,0,0,changed_mind
S-017210,App,1,1,1,1,
S-017211,Web,1,1,1,1,
S-017212,App,1,0,0,0,
S-017213,Web,1,0,0,0,
S-017214,App,1,1,1,1,
S-017215,App,1,1,1,1,
S-017216,App,1,1,1,1,
S-017217,Web,1,0,0,0,
S-017218,Web,1,1,0,0,shipping_cost
S-017219,App,1,1,0,0,changed_mind
S-017220,Web,1,0,0,0,
S-017221,Web,1,0,0,0,
S-017222,Web,1,1,1,1,
S-017223,Web,1,1,0,0,payment_fail
S-017224,Store,1,1,1,1,
S-017225,Web,1,1,1,1,
S-017226,Web,1,1,1,1,
S-017227,Web,1,0,0,0,
S-017228,App,1,1,0,0,checkout_friction
S-017229,Web,1,0,0,0,
S-017230,Web,1,1,1,1,
S-017231,Store,1,1,0,0,checkout_friction
S-017232,Web,1,0,0,0,
S-017233,App,1,1,1,1,
S-017234,Web,1,0,0,0,
S-017235,Web,1,1,1,1,
S-017236,Web,1,1,1,1,
S-017237,Web,1,1,1,1,
S-017238,App,1,0,0,0,
S-017239,App,1,0,0,0,
S-017240,Web,1,0,0,0,
S-017241,App,1,1,1,1,
S-017242,App,1,1,1,1,
S-017243,Store,1,0,0,0,
S-017244,Web,1,1,1,1,
S-017245,Web,1,1,0,0,changed_mind
S-017246,Web,1,1,0,0,changed_mind
S-017247,Web,1,0,0,0,
S-017248,Web,1,1,0,0,payment_fail
S-017249,Web,1,1,0,0,changed_mind
S-017250,App,1,0,0,0,
S-017251,Web,1,1,1,1,
S-017252,Web,1,1,0,0,shipping_cost
S-017253,Web,1,1,0,0,stock_out
S-017254,App,1,1,0,0,payment_fail
S-017255,App,1,1,1,1,
S-017256,Store,1,0,0,0,
S-017257,Web,1,1,0,0,stock_out
S-017258,App,1,1,1,1,
S-017259,App,1,1,1,1,
S-017260,Web,1,1,0,0,shipping_cost
S-017261,Store,1,1,0,0,changed_mind
S-017262,Web,1,1,1,1,
S-017263,Web,1,1,0,0,changed_mind
S-017264,Web,1,0,0,0,
S-017265,Store,1,0,0,0,
S-017266,Web,1,1,0,0,payment_fail
S-017267,Web,1,1,1,1,
S-017268,Web,1,0,0,0,
S-017269,Web,1,1,0,0,shipping_cost
S-017270,App,1,1,0,0,stock_out
S-017271,App,1,1,0,0,changed_mind
S-017272,Web,1,1,0,0,payment_fail
S-017273,App,1,1,0,0,shipping_cost
S-017274,App,1,0,0,0,
S-017275,Web,1,1,0,0,shipping_cost
S-017276,Web,1,0,0,0,
S-017277,Web,1,1,0,0,changed_mind
S-017278,App,1,1,0,0,changed_mind
S-017279,Web,1,1,0,0,payment_fail
S-017280,App,1,1,1,1,
S-017281,App,1,0,0,0,
S-017282,Web,1,1,1,1,
S-017283,Store,1,1,1,1,
S-017284,Web,1,1,1,1,
S-017285,Web,1,0,0,0,
S-017286,App,1,1,1,1,
S-017287,Web,1,1,0,0,changed_mind
S-017288,Web,1,1,1,1,
S-017289,App,1,1,1,1,
S-017290,App,1,1,0,0,stock_out
S-017291,Web,1,1,1,1,
S-017292,App,1,0,0,0,
S-017293,App,1,0,0,0,
S-017294,App,1,1,1,1,
S-017295,App,1,0,0,0,
S-017296,Web,1,1,1,1,
S-017297,Web,1,1,0,0,stock_out
S-017298,Web,1,1,1,1,
S-017299,App,1,1,1,1,
S-017300,Web,1,1,1,1,
S-017301,Web,1,1,1,1,
S-017302,Web,1,1,1,1,
S-017303,App,1,0,0,0,
S-017304,Web,1,1,0,0,payment_fail
S-017305,Web,1,1,1,1,
S-017306,Web,1,1,0,0,shipping_cost
S-017307,App,1,1,0,0,shipping_cost
S-017308,Web,1,0,0,0,
S-017309,Web,1,0,0,0,
S-017310,Store,1,0,0,0,
S-017311,Web,1,1,1,1,
S-017312,App,1,1,0,0,payment_fail
S-017313,App,1,1,1,1,
S-017314,App,1,1,1,1,
S-017315,Web,1,0,0,0,
S-017316,App,1,1,1,1,
S-017317,Web,1,1,0,0,shipping_cost
S-017318,App,1,1,0,0,payment_fail
S-017319,Web,1,1,0,0,payment_fail
S-017320,Web,1,1,0,0,changed_mind
S-017321,Web,1,1,0,0,payment_fail
S-017322,Store,1,0,0,0,
S-017323,App,1,1,1,1,
S-017324,Web,1,0,0,0,
S-017325,Web,1,1,0,0,stock_out
S-017326,Web,1,1,1,1,
S-017327,Web,1,1,1,1,
S-017328,Web,1,1,1,1,
S-017329,Store,1,1,1,1,
S-017330,Store,1,0,0,0,
S-017331,Web,1,0,0,0,
S-017332,Web,1,1,1,1,
S-017333,Web,1,1,1,1,
S-017334,Web,1,0,0,0,
S-017335,Web,1,1,1,1,
S-017336,App,1,1,1,1,
S-017337,Web,1,0,0,0,
S-017338,Web,1,1,1,1,
S-017339,Web,1,0,0,0,
S-017340,App,1,1,1,1,
S-017341,App,1,1,1,1,
S-017342,App,1,0,0,0,
S-017343,Web,1,1,0,0,payment_fail
S-017344,App,1,1,1,1,
S-017345,Web,1,1,0,0,changed_mind
S-017346,App,1,1,0,0,shipping_cost
S-017347,App,1,1,1,1,
S-017348,Store,1,1,1,1,
S-017349,Web,1,1,0,0,stock_out
S-017350,Web,1,1,0,0,stock_out
S-017351,App,1,1,1,1,
S-017352,Web,1,0,0,0,
S-017353,Web,1,0,0,0,
S-017354,App,1,1,0,0,shipping_cost
S-017355,App,1,0,0,0,
S-017356,Web,1,1,0,0,changed_mind
S-017357,App,1,1,1,1,
S-017358,Web,1,1,0,0,payment_fail
S-017359,Web,1,1,0,0,changed_mind
S-017360,App,1,1,0,0,payment_fail
S-017361,Web,1,1,1,1,
S-017362,Web,1,1,1,1,
S-017363,App,1,1,0,0,shipping_cost
S-017364,App,1,1,1,1,
S-017365,App,1,1,0,0,payment_fail
S-017366,Web,1,1,0,0,checkout_friction
S-017367,App,1,0,0,0,
S-017368,Web,1,1,0,0,shipping_cost
S-017369,App,1,1,0,0,changed_mind
S-017370,App,1,1,0,0,shipping_cost
S-017371,Web,1,0,0,0,
S-017372,App,1,1,1,1,
S-017373,Web,1,0,0,0,
S-017374,Web,1,0,0,0,
S-017375,Web,1,1,0,0,shipping_cost
S-017376,Web,1,1,0,0,payment_fail
S-017377,App,1,1,1,1,
S-017378,Web,1,1,0,0,checkout_friction
S-017379,App,1,0,0,0,
S-017380,Web,1,1,1,1,
S-017381,App,1,1,0,0,stock_out
S-017382,Web,1,1,0,0,payment_fail
S-017383,Web,1,0,0,0,
S-017384,Web,1,0,0,0,
S-017385,Web,1,1,1,1,
S-017386,Web,1,0,0,0,
S-017387,App,1,1,0,0,stock_out
S-017388,Web,1,0,0,0,
S-017389,Web,1,1,1,1,
S-017390,Web,1,1,0,0,shipping_cost
S-017391,Web,1,1,1,1,
S-017392,Web,1,0,0,0,
S-017393,Web,1,1,1,1,
S-017394,Web,1,1,1,1,
S-017395,Web,1,1,0,0,payment_fail
S-017396,Web,1,1,1,1,
S-017397,Store,1,0,0,0,
S-017398,App,1,1,1,1,
S-017399,Web,1,0,0,0,
S-017400,App,1,1,1,1,
S-017401,Web,1,1,0,0,changed_mind
S-017402,Web,1,1,0,0,payment_fail
S-017403,App,1,1,0,0,payment_fail
S-017404,Web,1,1,0,0,changed_mind
S-017405,App,1,1,0,0,payment_fail
S-017406,App,1,1,1,1,
S-017407,Web,1,1,0,0,checkout_friction
S-017408,App,1,1,1,1,
S-017409,Store,1,1,1,1,
S-017410,Web,1,0,0,0,
S-017411,App,1,1,1,1,
S-017412,Web,1,0,0,0,
S-017413,Store,1,1,0,0,changed_mind
S-017414,Web,1,0,0,0,
S-017415,Web,1,1,0,0,stock_out
S-017416,Web,1,1,0,0,changed_mind
S-017417,Web,1,1,1,1,
S-017418,Web,1,1,1,1,
S-017419,App,1,0,0,0,
S-017420,Web,1,0,0,0,
S-017421,Web,1,0,0,0,
S-017422,Web,1,0,0,0,
S-017423,Web,1,1,0,0,checkout_friction
S-017424,App,1,1,1,1,
S-017425,Web,1,1,1,1,
S-017426,Web,1,1,0,0,shipping_cost
S-017427,App,1,1,1,1,
S-017428,Store,1,1,1,1,
S-017429,Web,1,1,1,1,
S-017430,App,1,1,1,1,
S-017431,Store,1,1,1,1,
S-017432,App,1,1,1,1,
S-017433,App,1,1,1,1,
S-017434,App,1,1,1,1,
S-017435,App,1,0,0,0,
S-017436,Web,1,0,0,0,
S-017437,Web,1,1,1,1,
S-017438,App,1,1,0,0,changed_mind
S-017439,Web,1,1,0,0,changed_mind
S-017440,App,1,0,0,0,
S-017441,App,1,0,0,0,
S-017442,Web,1,1,1,1,
S-017443,Web,1,1,1,1,
S-017444,Store,1,0,0,0,
S-017445,Store,1,1,1,1,
S-017446,Web,1,1,1,1,
S-017447,Web,1,1,1,1,
S-017448,Store,1,1,1,1,
S-017449,App,1,1,0,0,checkout_friction
S-017450,Web,1,1,1,1,
S-017451,Web,1,0,0,0,
S-017452,App,1,0,0,0,
S-017453,Web,1,0,0,0,
S-017454,Web,1,1,0,0,payment_fail
S-017455,Store,1,0,0,0,
S-017456,Store,1,1,0,0,changed_mind
S-017457,Web,1,1,0,0,stock_out
S-017458,App,1,0,0,0,
S-017459,Web,1,1,1,1,
S-017460,App,1,0,0,0,
S-017461,Web,1,1,0,0,shipping_cost
S-017462,Store,1,1,1,1,
S-017463,App,1,0,0,0,
S-017464,App,1,1,0,0,checkout_friction
S-017465,Web,1,1,1,1,
S-017466,App,1,1,1,1,
S-017467,App,1,1,1,1,
S-017468,App,1,1,1,1,
S-017469,Web,1,1,1,1,
S-017470,Web,1,0,0,0,
S-017471,Web,1,0,0,0,
S-017472,Web,1,1,0,0,shipping_cost
S-017473,Web,1,1,0,0,payment_fail
S-017474,Web,1,1,0,0,changed_mind
S-017475,Web,1,1,0,0,shipping_cost
S-017476,Web,1,1,1,1,
S-017477,Web,1,1,0,0,payment_fail
S-017478,Web,1,1,1,1,
S-017479,App,1,1,1,1,
S-017480,App,1,0,0,0,
S-017481,Web,1,1,0,0,payment_fail
S-017482,Web,1,1,0,0,payment_fail
S-017483,Web,1,1,1,1,
S-017484,App,1,1,0,0,stock_out
S-017485,Web,1,1,0,0,checkout_friction
S-017486,App,1,1,0,0,changed_mind
S-017487,Web,1,1,0,0,payment_fail
S-017488,App,1,1,0,0,changed_mind
S-017489,App,1,1,0,0,checkout_friction
S-017490,Store,1,1,0,0,stock_out
S-017491,App,1,0,0,0,
S-017492,App,1,1,0,0,shipping_cost
S-017493,Web,1,1,0,0,payment_fail
S-017494,Web,1,1,0,0,checkout_friction
S-017495,Store,1,0,0,0,
S-017496,App,1,0,0,0,
S-017497,Web,1,0,0,0,
S-017498,Web,1,1,0,0,checkout_friction
S-017499,App,1,1,0,0,payment_fail
S-017500,Web,1,0,0,0,
S-017501,App,1,0,0,0,
S-017502,Web,1,1,1,1,
S-017503,App,1,1,0,0,stock_out
S-017504,Web,1,1,1,1,
S-017505,App,1,1,0,0,payment_fail
S-017506,App,1,1,1,1,
S-017507,Web,1,1,1,1,
S-017508,Web,1,0,0,0,
S-017509,App,1,0,0,0,
S-017510,Web,1,0,0,0,
S-017511,Web,1,1,0,0,payment_fail
S-017512,Store,1,1,0,0,stock_out
S-017513,Web,1,1,1,1,
S-017514,App,1,0,0,0,
S-017515,Store,1,1,1,1,
S-017516,App,1,1,0,0,changed_mind
S-017517,App,1,1,0,0,shipping_cost
S-017518,App,1,1,0,0,checkout_friction
S-017519,Web,1,1,1,1,
S-017520,App,1,1,0,0,stock_out
S-017521,Web,1,1,1,1,
S-017522,Web,1,1,0,0,payment_fail
S-017523,App,1,1,0,0,changed_mind
S-017524,Store,1,0,0,0,
S-017525,Web,1,1,0,0,stock_out
S-017526,App,1,0,0,0,
S-017527,App,1,1,0,0,changed_mind
S-017528,Web,1,1,1,1,
S-017529,App,1,0,0,0,
S-017530,Web,1,0,0,0,
S-017531,Store,1,1,1,1,
S-017532,App,1,1,0,0,checkout_friction
S-017533,App,1,1,1,1,
S-017534,Web,1,1,1,1,
S-017535,Web,1,0,0,0,
S-017536,Web,1,1,0,0,changed_mind
S-017537,Store,1,0,0,0,
S-017538,Web,1,0,0,0,
S-017539,Web,1,1,1,1,
S-017540,Web,1,0,0,0,
S-017541,App,1,0,0,0,
S-017542,Web,1,1,1,1,
S-017543,App,1,1,0,0,payment_fail
S-017544,App,1,1,1,1,
S-017545,Web,1,1,0,0,payment_fail
S-017546,App,1,0,0,0,
S-017547,App,1,1,1,1,
S-017548,Web,1,1,1,1,
S-017549,Web,1,0,0,0,
S-017550,App,1,0,0,0,
S-017551,App,1,1,0,0,stock_out
S-017552,Web,1,1,0,0,checkout_friction
S-017553,Web,1,1,0,0,payment_fail
S-017554,Web,1,1,1,1,
S-017555,Web,1,1,0,0,payment_fail
S-017556,App,1,1,0,0,stock_out
S-017557,App,1,0,0,0,
S-017558,Web,1,1,1,1,
S-017559,Web,1,1,1,1,
S-017560,Web,1,0,0,0,
S-017561,Store,1,1,1,1,
S-017562,Web,1,0,0,0,
S-017563,App,1,1,1,1,
S-017564,Web,1,1,1,1,
S-017565,App,1,1,0,0,payment_fail
S-017566,Web,1,1,0,0,payment_fail
S-017567,Web,1,1,0,0,checkout_friction
S-017568,App,1,1,1,1,
S-017569,App,1,1,1,1,
S-017570,Store,1,1,0,0,stock_out
S-017571,App,1,0,0,0,
S-017572,Web,1,0,0,0,
S-017573,Web,1,1,0,0,checkout_friction
S-017574,Web,1,0,0,0,
S-017575,Web,1,1,1,1,
S-017576,Web,1,0,0,0,
S-017577,App,1,1,0,0,changed_mind
S-017578,Web,1,1,1,1,
S-017579,Web,1,1,0,0,shipping_cost
S-017580,Web,1,0,0,0,
S-017581,App,1,0,0,0,
S-017582,Web,1,1,1,1,
S-017583,App,1,1,1,1,
S-017584,App,1,0,0,0,
S-017585,Web,1,1,1,1,
S-017586,Store,1,1,1,1,
S-017587,Store,1,1,1,1,
S-017588,Store,1,1,0,0,checkout_friction
S-017589,Store,1,1,1,1,
S-017590,App,1,1,1,1,
S-017591,App,1,0,0,0,
S-017592,Web,1,1,0,0,shipping_cost
S-017593,Web,1,0,0,0,
S-017594,Web,1,0,0,0,
S-017595,App,1,1,1,1,
S-017596,App,1,1,0,0,payment_fail
S-017597,Web,1,0,0,0,
S-017598,Web,1,1,1,1,
S-017599,Web,1,1,1,1,
S-017600,App,1,1,0,0,checkout_friction
S-017601,Web,1,1,1,1,
S-017602,Web,1,0,0,0,
S-017603,Web,1,1,1,1,
S-017604,App,1,1,0,0,changed_mind
S-017605,Web,1,1,1,1,
S-017606,App,1,1,0,0,checkout_friction
S-017607,App,1,1,1,1,
S-017608,Store,1,1,1,1,
S-017609,Web,1,1,0,0,payment_fail
S-017610,Web,1,1,0,0,checkout_friction
S-017611,Store,1,1,0,0,changed_mind
S-017612,App,1,1,1,1,
S-017613,Web,1,1,1,1,
S-017614,Web,1,1,1,1,
S-017615,Web,1,0,0,0,
S-017616,Web,1,1,1,1,
S-017617,App,1,1,0,0,changed_mind
S-017618,App,1,0,0,0,
S-017619,App,1,1,1,1,
S-017620,App,1,1,1,1,
S-017621,App,1,0,0,0,
S-017622,Web,1,0,0,0,
S-017623,Web,1,1,0,0,checkout_friction
S-017624,App,1,1,0,0,shipping_cost
S-017625,App,1,1,0,0,stock_out
S-017626,Web,1,1,0,0,changed_mind
S-017627,App,1,1,0,0,stock_out
S-017628,Web,1,0,0,0,
S-017629,Web,1,1,1,1,
S-017630,Web,1,1,0,0,checkout_friction
S-017631,Web,1,1,0,0,changed_mind
S-017632,Web,1,1,0,0,payment_fail
S-017633,Web,1,1,0,0,payment_fail
S-017634,App,1,0,0,0,
S-017635,Web,1,0,0,0,
S-017636,Web,1,1,0,0,checkout_friction
S-017637,Web,1,1,1,1,
S-017638,Web,1,1,0,0,checkout_friction
S-017639,Web,1,1,1,1,
S-017640,Web,1,0,0,0,
S-017641,Web,1,1,1,1,
S-017642,App,1,1,0,0,checkout_friction
S-017643,Web,1,1,0,0,payment_fail
S-017644,App,1,1,1,1,
S-017645,App,1,1,0,0,shipping_cost
S-017646,Web,1,0,0,0,
S-017647,Web,1,1,0,0,stock_out
S-017648,Web,1,1,1,1,
S-017649,App,1,1,1,1,
S-017650,Web,1,1,0,0,stock_out
S-017651,App,1,0,0,0,
S-017652,App,1,1,0,0,payment_fail
S-017653,Web,1,1,1,1,
S-017654,Store,1,0,0,0,
S-017655,App,1,1,0,0,changed_mind
S-017656,Web,1,1,1,1,
S-017657,Web,1,1,1,1,
S-017658,Store,1,1,0,0,payment_fail
S-017659,App,1,1,1,1,
S-017660,App,1,1,1,1,
S-017661,Web,1,1,0,0,shipping_cost
S-017662,App,1,0,0,0,
S-017663,App,1,1,0,0,payment_fail
S-017664,Web,1,0,0,0,
S-017665,Store,1,1,0,0,payment_fail
S-017666,Web,1,1,1,1,
S-017667,App,1,1,0,0,payment_fail
S-017668,App,1,1,1,1,
S-017669,Web,1,0,0,0,
S-017670,Web,1,1,1,1,
S-017671,Web,1,1,1,1,
S-017672,Web,1,0,0,0,
S-017673,App,1,1,1,1,
S-017674,Web,1,1,1,1,
S-017675,App,1,1,0,0,checkout_friction
S-017676,Web,1,1,1,1,
S-017677,Web,1,1,1,1,
S-017678,Web,1,1,1,1,
S-017679,App,1,1,0,0,stock_out
S-017680,Store,1,0,0,0,
S-017681,Web,1,1,0,0,checkout_friction
S-017682,Web,1,1,0,0,shipping_cost
S-017683,App,1,1,1,1,
S-017684,Store,1,1,1,1,
S-017685,App,1,1,0,0,shipping_cost
S-017686,App,1,1,1,1,
S-017687,App,1,1,1,1,
S-017688,Web,1,0,0,0,
S-017689,Web,1,0,0,0,
S-017690,Store,1,1,0,0,shipping_cost
S-017691,App,1,0,0,0,
S-017692,App,1,1,0,0,changed_mind
S-017693,Web,1,1,0,0,shipping_cost
S-017694,Web,1,1,0,0,stock_out
S-017695,App,1,1,1,1,
S-017696,Web,1,1,0,0,stock_out
S-017697,Web,1,1,0,0,checkout_friction
S-017698,Web,1,0,0,0,
S-017699,Web,1,1,0,0,payment_fail
S-017700,Web,1,0,0,0,
S-017701,App,1,1,1,1,
S-017702,Web,1,0,0,0,
S-017703,Web,1,1,1,1,
S-017704,Web,1,0,0,0,
S-017705,Store,1,1,1,1,
S-017706,Web,1,0,0,0,
S-017707,App,1,1,1,1,
S-017708,Store,1,1,1,1,
S-017709,App,1,0,0,0,
S-017710,Web,1,1,1,1,
S-017711,Web,1,0,0,0,
S-017712,Web,1,1,1,1,
S-017713,App,1,0,0,0,
S-017714,App,1,1,1,1,
S-017715,App,1,1,0,0,changed_mind
S-017716,Web,1,1,1,1,
S-017717,Store,1,1,1,1,
S-017718,Store,1,1,0,0,payment_fail
S-017719,Web,1,1,1,1,
S-017720,App,1,0,0,0,
S-017721,Web,1,1,1,1,
S-017722,Web,1,1,1,1,
S-017723,Web,1,1,1,1,
S-017724,Web,1,1,0,0,payment_fail
S-017725,App,1,1,1,1,
S-017726,Store,1,0,0,0,
S-017727,Web,1,0,0,0,
S-017728,Web,1,1,1,1,
S-017729,App,1,1,0,0,stock_out
S-017730,App,1,1,1,1,
S-017731,Store,1,1,0,0,changed_mind
S-017732,Web,1,1,0,0,stock_out
S-017733,App,1,1,1,1,
S-017734,Web,1,1,0,0,payment_fail
S-017735,Web,1,0,0,0,
S-017736,App,1,0,0,0,
S-017737,Web,1,1,1,1,
S-017738,Store,1,0,0,0,
S-017739,Web,1,1,0,0,checkout_friction
S-017740,Web,1,0,0,0,
S-017741,Web,1,0,0,0,
S-017742,App,1,1,0,0,checkout_friction
S-017743,Store,1,1,0,0,shipping_cost
S-017744,App,1,1,1,1,
S-017745,App,1,1,0,0,checkout_friction
S-017746,App,1,1,1,1,
S-017747,App,1,0,0,0,
S-017748,Web,1,1,0,0,payment_fail
S-017749,Web,1,0,0,0,
S-017750,App,1,1,0,0,stock_out
S-017751,Web,1,1,0,0,checkout_friction
S-017752,App,1,1,0,0,stock_out
S-017753,Web,1,1,0,0,stock_out
S-017754,Web,1,1,0,0,shipping_cost
S-017755,App,1,1,0,0,stock_out
S-017756,Store,1,1,1,1,
S-017757,App,1,1,0,0,changed_mind
S-017758,Web,1,0,0,0,
S-017759,Web,1,1,0,0,payment_fail
S-017760,Web,1,1,1,1,
S-017761,App,1,1,1,1,
S-017762,Web,1,1,0,0,payment_fail
S-017763,Web,1,1,0,0,stock_out
S-017764,App,1,0,0,0,
S-017765,Web,1,1,1,1,
S-017766,Web,1,1,0,0,changed_mind
S-017767,App,1,1,0,0,changed_mind
S-017768,App,1,0,0,0,
S-017769,App,1,0,0,0,
S-017770,Web,1,0,0,0,
S-017771,App,1,1,1,1,
S-017772,App,1,1,1,1,
S-017773,App,1,0,0,0,
S-017774,Web,1,1,1,1,
S-017775,Web,1,1,1,1,
S-017776,Web,1,1,1,1,
S-017777,Web,1,0,0,0,
S-017778,App,1,0,0,0,
S-017779,Store,1,0,0,0,
S-017780,Store,1,1,0,0,checkout_friction
S-017781,Web,1,1,1,1,
S-017782,Web,1,1,0,0,changed_mind
S-017783,Web,1,0,0,0,
S-017784,Web,1,1,0,0,shipping_cost
S-017785,Web,1,1,1,1,
S-017786,Web,1,1,1,1,
S-017787,Web,1,0,0,0,
S-017788,Web,1,0,0,0,
S-017789,App,1,0,0,0,
S-017790,Web,1,1,1,1,
S-017791,Web,1,0,0,0,
S-017792,App,1,1,1,1,
S-017793,Web,1,1,0,0,shipping_cost
S-017794,App,1,1,1,1,
S-017795,Web,1,0,0,0,
S-017796,Web,1,1,0,0,changed_mind
S-017797,App,1,1,1,1,
S-017798,Store,1,1,1,1,
S-017799,Store,1,1,0,0,stock_out
S-017800,Web,1,0,0,0,
S-017801,Web,1,1,0,0,changed_mind
S-017802,Web,1,1,0,0,changed_mind
S-017803,Web,1,1,0,0,stock_out
S-017804,Store,1,1,1,1,
S-017805,App,1,0,0,0,
S-017806,Web,1,1,1,1,
S-017807,App,1,0,0,0,
S-017808,Store,1,0,0,0,
S-017809,Web,1,1,1,1,
S-017810,App,1,1,1,1,
S-017811,Web,1,1,0,0,stock_out
S-017812,App,1,1,1,1,
S-017813,App,1,1,1,1,
S-017814,Web,1,1,1,1,
S-017815,Web,1,0,0,0,
S-017816,Web,1,1,1,1,
S-017817,App,1,0,0,0,
S-017818,Web,1,1,1,1,
S-017819,Web,1,1,1,1,
S-017820,Web,1,0,0,0,
S-017821,Store,1,0,0,0,
S-017822,Web,1,1,1,1,
S-017823,App,1,1,0,0,stock_out
S-017824,App,1,1,1,1,
S-017825,Web,1,1,1,1,
S-017826,Web,1,1,0,0,payment_fail
S-017827,Web,1,1,1,1,
S-017828,App,1,1,1,1,
S-017829,Web,1,1,1,1,
S-017830,App,1,0,0,0,
S-017831,App,1,1,0,0,stock_out
S-017832,Store,1,0,0,0,
S-017833,Web,1,1,1,1,
S-017834,Web,1,1,1,1,
S-017835,App,1,0,0,0,
S-017836,Web,1,1,0,0,changed_mind
S-017837,App,1,1,1,1,
S-017838,Web,1,1,0,0,payment_fail
S-017839,Web,1,1,1,1,
S-017840,App,1,0,0,0,
S-017841,Web,1,1,1,1,
S-017842,Web,1,0,0,0,
S-017843,Web,1,1,0,0,changed_mind
S-017844,App,1,1,0,0,stock_out
S-017845,Web,1,1,1,1,
S-017846,Web,1,0,0,0,
S-017847,Web,1,0,0,0,
S-017848,Web,1,1,1,1,
S-017849,App,1,1,1,1,
S-017850,Web,1,1,1,1,
S-017851,Web,1,1,0,0,changed_mind
S-017852,App,1,0,0,0,
S-017853,Web,1,1,0,0,stock_out
S-017854,Web,1,1,1,1,
S-017855,App,1,1,1,1,
S-017856,Web,1,1,1,1,
S-017857,Web,1,1,1,1,
S-017858,Web,1,0,0,0,
S-017859,App,1,1,0,0,shipping_cost
S-017860,Web,1,0,0,0,
S-017861,App,1,1,1,1,
S-017862,App,1,1,0,0,payment_fail
S-017863,App,1,0,0,0,
S-017864,App,1,1,1,1,
S-017865,Web,1,1,1,1,
S-017866,App,1,0,0,0,
S-017867,Web,1,1,0,0,shipping_cost
S-017868,App,1,1,0,0,shipping_cost
S-017869,Web,1,1,0,0,changed_mind
S-017870,Web,1,1,0,0,stock_out
S-017871,Web,1,0,0,0,
S-017872,App,1,1,1,1,
S-017873,Web,1,1,0,0,stock_out
S-017874,Web,1,0,0,0,
S-017875,Web,1,1,1,1,
S-017876,Web,1,1,1,1,
S-017877,Store,1,1,1,1,
S-017878,App,1,1,1,1,
S-017879,Web,1,1,0,0,payment_fail
S-017880,Store,1,1,1,1,
S-017881,App,1,0,0,0,
S-017882,Web,1,1,1,1,
S-017883,Web,1,0,0,0,
S-017884,Web,1,1,1,1,
S-017885,App,1,1,0,0,shipping_cost
S-017886,Store,1,0,0,0,
S-017887,Store,1,0,0,0,
S-017888,App,1,1,0,0,payment_fail
S-017889,Web,1,1,0,0,changed_mind
S-017890,App,1,0,0,0,
S-017891,App,1,0,0,0,
S-017892,Web,1,1,0,0,payment_fail
S-017893,Web,1,1,0,0,changed_mind
S-017894,App,1,1,1,1,
S-017895,Web,1,0,0,0,
S-017896,Web,1,1,0,0,stock_out
S-017897,Store,1,1,0,0,changed_mind
S-017898,App,1,1,0,0,shipping_cost
S-017899,Web,1,0,0,0,
S-017900,App,1,0,0,0,
S-017901,App,1,0,0,0,
S-017902,Web,1,1,0,0,shipping_cost
S-017903,Web,1,1,1,1,
S-017904,Web,1,1,0,0,changed_mind
S-017905,App,1,0,0,0,
S-017906,Web,1,1,1,1,
S-017907,Web,1,0,0,0,
S-017908,App,1,1,0,0,changed_mind
S-017909,Web,1,1,0,0,payment_fail
S-017910,Web,1,1,1,1,
S-017911,App,1,0,0,0,
S-017912,Store,1,1,0,0,checkout_friction
S-017913,Web,1,0,0,0,
S-017914,Store,1,1,0,0,changed_mind
S-017915,Web,1,1,0,0,shipping_cost
S-017916,Web,1,1,1,1,
S-017917,Web,1,0,0,0,
S-017918,Web,1,1,1,1,
S-017919,Web,1,0,0,0,
S-017920,Web,1,1,0,0,payment_fail
S-017921,App,1,1,1,1,
S-017922,Web,1,0,0,0,
S-017923,Web,1,1,1,1,
S-017924,Web,1,1,1,1,
S-017925,App,1,1,0,0,shipping_cost
S-017926,Web,1,0,0,0,
S-017927,App,1,1,0,0,shipping_cost
S-017928,Web,1,1,1,1,
S-017929,Store,1,1,0,0,payment_fail
S-017930,Web,1,1,1,1,
S-017931,App,1,0,0,0,
S-017932,App,1,1,1,1,
S-017933,Web,1,1,1,1,
S-017934,App,1,1,1,1,
S-017935,App,1,0,0,0,
S-017936,App,1,1,1,1,
S-017937,Web,1,1,0,0,changed_mind
S-017938,Web,1,1,1,1,
S-017939,App,1,1,0,0,shipping_cost
S-017940,Store,1,0,0,0,
S-017941,Web,1,1,0,0,checkout_friction
S-017942,Web,1,0,0,0,
S-017943,App,1,1,1,1,
S-017944,Web,1,1,0,0,checkout_friction
S-017945,Web,1,1,0,0,payment_fail
S-017946,Web,1,1,1,1,
S-017947,App,1,0,0,0,
S-017948,Web,1,1,0,0,payment_fail
S-017949,Store,1,1,1,1,
S-017950,Web,1,1,1,1,
S-017951,Web,1,1,0,0,stock_out
S-017952,Web,1,1,1,1,
S-017953,Web,1,1,0,0,checkout_friction
S-017954,App,1,1,1,1,
S-017955,Web,1,1,1,1,
S-017956,App,1,1,1,1,
S-017957,Web,1,1,1,1,
S-017958,Web,1,1,0,0,checkout_friction
S-017959,App,1,1,1,1,
S-017960,Web,1,1,0,0,payment_fail
S-017961,Web,1,1,1,1,
S-017962,Web,1,1,0,0,payment_fail
S-017963,Web,1,1,1,1,
S-017964,Web,1,1,1,1,
S-017965,Web,1,1,1,1,
S-017966,Web,1,1,1,1,
S-017967,Web,1,1,0,0,payment_fail
S-017968,Web,1,1,1,1,
S-017969,Web,1,0,0,0,
S-017970,Web,1,1,0,0,stock_out
S-017971,App,1,1,1,1,
S-017972,Web,1,1,0,0,changed_mind
S-017973,Web,1,1,0,0,changed_mind
S-017974,Web,1,0,0,0,
S-017975,Web,1,1,0,0,changed_mind
S-017976,Web,1,1,1,1,
S-017977,Web,1,1,1,1,
S-017978,Web,1,0,0,0,
S-017979,App,1,1,0,0,payment_fail
S-017980,App,1,0,0,0,
S-017981,App,1,0,0,0,
S-017982,App,1,1,0,0,changed_mind
S-017983,App,1,1,1,1,
S-017984,Web,1,0,0,0,
S-017985,Web,1,1,0,0,payment_fail
S-017986,Store,1,1,0,0,changed_mind
S-017987,Web,1,1,1,1,
S-017988,App,1,1,1,1,
S-017989,Web,1,0,0,0,
S-017990,App,1,0,0,0,
S-017991,App,1,1,1,1,
S-017992,Web,1,1,1,1,
S-017993,App,1,1,0,0,stock_out
S-017994,Web,1,0,0,0,
S-017995,Web,1,1,1,1,
S-017996,Store,1,1,1,1,
S-017997,Store,1,1,1,1,
S-017998,Web,1,1,1,1,
S-017999,Store,1,1,1,1,
S-018000,Web,1,1,0,0,changed_mind
S-018001,App,1,0,0,0,
S-018002,Web,1,1,1,1,
S-018003,App,1,1,1,1,
S-018004,App,1,1,0,0,shipping_cost
S-018005,Web,1,1,1,1,
S-018006,App,1,1,1,1,
S-018007,App,1,1,1,1,
S-018008,Store,1,1,1,1,
S-018009,App,1,1,1,1,
S-018010,Web,1,1,0,0,stock_out
S-018011,Web,1,1,1,1,
S-018012,Web,1,1,0,0,stock_out
S-018013,Web,1,1,0,0,payment_fail
S-018014,App,1,1,0,0,payment_fail
S-018015,Web,1,0,0,0,
S-018016,Store,1,1,0,0,changed_mind
S-018017,Web,1,1,0,0,shipping_cost
S-018018,Web,1,1,0,0,payment_fail
S-018019,Web,1,1,0,0,payment_fail
S-018020,Web,1,0,0,0,
S-018021,Web,1,1,0,0,payment_fail
S-018022,Web,1,1,1,1,
S-018023,Web,1,1,1,1,
S-018024,Web,1,1,0,0,shipping_cost
S-018025,Web,1,0,0,0,
S-018026,App,1,1,0,0,changed_mind
S-018027,Web,1,1,1,1,
S-018028,Web,1,0,0,0,
S-018029,Web,1,1,1,1,
S-018030,App,1,0,0,0,
S-018031,Web,1,0,0,0,
S-018032,Web,1,1,1,1,
S-018033,Web,1,0,0,0,
S-018034,App,1,0,0,0,
S-018035,Web,1,1,1,1,
S-018036,App,1,1,1,1,
S-018037,App,1,0,0,0,
S-018038,App,1,0,0,0,
S-018039,Web,1,1,0,0,payment_fail
S-018040,App,1,0,0,0,
S-018041,Store,1,1,1,1,
S-018042,App,1,0,0,0,
S-018043,App,1,0,0,0,
S-018044,App,1,1,1,1,
S-018045,Store,1,1,0,0,stock_out
S-018046,App,1,0,0,0,
S-018047,Web,1,0,0,0,
S-018048,Web,1,1,0,0,shipping_cost
S-018049,Web,1,0,0,0,
S-018050,Web,1,1,0,0,shipping_cost
S-018051,Store,1,1,0,0,payment_fail
S-018052,Web,1,1,1,1,
S-018053,Web,1,0,0,0,
S-018054,App,1,1,1,1,
S-018055,Web,1,0,0,0,
S-018056,Web,1,0,0,0,
S-018057,App,1,1,0,0,stock_out
S-018058,Web,1,1,1,1,
S-018059,Web,1,0,0,0,
S-018060,Web,1,1,1,1,
S-018061,App,1,0,0,0,
S-018062,App,1,0,0,0,
S-018063,App,1,0,0,0,
S-018064,Web,1,1,1,1,
S-018065,Web,1,1,0,0,checkout_friction
S-018066,App,1,1,0,0,shipping_cost
S-018067,App,1,1,1,1,
S-018068,App,1,1,0,0,payment_fail
S-018069,App,1,1,1,1,
S-018070,Web,1,1,1,1,
S-018071,Store,1,1,0,0,payment_fail
S-018072,Web,1,1,0,0,payment_fail
S-018073,Web,1,1,1,1,
S-018074,Web,1,1,1,1,
S-018075,Web,1,1,0,0,stock_out
S-018076,App,1,0,0,0,
S-018077,App,1,1,1,1,
S-018078,App,1,1,0,0,payment_fail
S-018079,Web,1,1,0,0,checkout_friction
S-018080,Web,1,0,0,0,
S-018081,Web,1,1,1,1,
S-018082,App,1,1,1,1,
S-018083,Web,1,1,0,0,changed_mind
S-018084,Store,1,1,0,0,changed_mind
S-018085,App,1,0,0,0,
S-018086,Web,1,1,0,0,stock_out
S-018087,Store,1,0,0,0,
S-018088,App,1,1,0,0,payment_fail
S-018089,Web,1,1,1,1,
S-018090,Store,1,1,0,0,stock_out
S-018091,Web,1,1,0,0,payment_fail
S-018092,Web,1,1,1,1,
S-018093,Web,1,1,1,1,
S-018094,App,1,0,0,0,
S-018095,Web,1,1,0,0,stock_out
S-018096,Web,1,1,1,1,
S-018097,App,1,0,0,0,
S-018098,App,1,1,1,1,
S-018099,App,1,1,0,0,changed_mind
S-018100,Web,1,1,0,0,payment_fail
S-018101,Web,1,1,0,0,stock_out
S-018102,App,1,1,0,0,payment_fail
S-018103,App,1,1,1,1,
S-018104,Web,1,1,1,1,
S-018105,Web,1,0,0,0,
S-018106,App,1,0,0,0,
S-018107,Web,1,1,1,1,
S-018108,Store,1,1,1,1,
S-018109,Web,1,1,0,0,payment_fail
S-018110,App,1,1,1,1,
S-018111,App,1,0,0,0,
S-018112,Web,1,0,0,0,
S-018113,Web,1,1,0,0,stock_out
S-018114,Store,1,1,1,1,
S-018115,Web,1,1,1,1,
S-018116,App,1,1,0,0,shipping_cost
S-018117,Web,1,1,1,1,
S-018118,Web,1,1,1,1,
S-018119,Store,1,1,0,0,checkout_friction
S-018120,Web,1,1,1,1,
S-018121,Web,1,0,0,0,
S-018122,Web,1,1,1,1,
S-018123,App,1,0,0,0,
S-018124,App,1,0,0,0,
S-018125,App,1,1,1,1,
S-018126,Web,1,1,0,0,changed_mind
S-018127,Web,1,1,1,1,
S-018128,App,1,0,0,0,
S-018129,Web,1,1,0,0,changed_mind
S-018130,Web,1,0,0,0,
S-018131,Web,1,1,0,0,shipping_cost
S-018132,Web,1,0,0,0,
S-018133,App,1,1,0,0,payment_fail
S-018134,App,1,1,1,1,
S-018135,Web,1,1,1,1,
S-018136,Store,1,0,0,0,
S-018137,Web,1,0,0,0,
S-018138,App,1,1,1,1,
S-018139,App,1,0,0,0,
S-018140,Web,1,0,0,0,
S-018141,Web,1,1,0,0,checkout_friction
S-018142,Store,1,0,0,0,
S-018143,App,1,1,0,0,payment_fail
S-018144,App,1,1,1,1,
S-018145,App,1,1,1,1,
S-018146,Web,1,1,1,1,
S-018147,Store,1,1,1,1,
S-018148,Store,1,0,0,0,
S-018149,Web,1,0,0,0,
S-018150,App,1,1,1,1,
S-018151,Web,1,1,1,1,
S-018152,App,1,1,0,0,changed_mind
S-018153,Web,1,0,0,0,
S-018154,App,1,1,0,0,payment_fail
S-018155,App,1,1,1,1,
S-018156,Web,1,1,1,1,
S-018157,App,1,1,1,1,
S-018158,App,1,1,1,1,
S-018159,Web,1,1,1,1,
S-018160,Web,1,1,1,1,
S-018161,App,1,0,0,0,
S-018162,Web,1,1,0,0,payment_fail
S-018163,Web,1,1,0,0,changed_mind
S-018164,Web,1,0,0,0,
S-018165,App,1,1,1,1,
S-018166,Store,1,1,1,1,
S-018167,App,1,0,0,0,
S-018168,Web,1,1,0,0,stock_out
S-018169,Web,1,1,1,1,
S-018170,Web,1,0,0,0,
S-018171,App,1,0,0,0,
S-018172,Web,1,1,1,1,
S-018173,Store,1,1,1,1,
S-018174,App,1,1,0,0,stock_out
S-018175,App,1,0,0,0,
S-018176,Web,1,0,0,0,
S-018177,Web,1,1,1,1,
S-018178,Web,1,1,1,1,
S-018179,App,1,1,1,1,
S-018180,Web,1,1,1,1,
S-018181,App,1,1,1,1,
S-018182,App,1,1,0,0,checkout_friction
S-018183,App,1,1,1,1,
S-018184,App,1,1,0,0,shipping_cost
S-018185,App,1,0,0,0,
S-018186,App,1,1,0,0,shipping_cost
S-018187,App,1,1,0,0,payment_fail
S-018188,App,1,1,0,0,stock_out
S-018189,Web,1,1,1,1,
S-018190,App,1,0,0,0,
S-018191,Web,1,1,1,1,
S-018192,Web,1,1,1,1,
S-018193,App,1,1,1,1,
S-018194,Web,1,1,1,1,
S-018195,App,1,1,1,1,
S-018196,Web,1,1,1,1,
S-018197,App,1,1,1,1,
S-018198,Web,1,1,1,1,
S-018199,Web,1,0,0,0,
S-018200,App,1,0,0,0,
S-018201,App,1,0,0,0,
S-018202,Store,1,1,0,0,shipping_cost
S-018203,Web,1,1,0,0,changed_mind
S-018204,Store,1,1,1,1,
S-018205,Web,1,1,0,0,payment_fail
S-018206,Web,1,0,0,0,
S-018207,Web,1,1,0,0,stock_out
S-018208,Web,1,1,0,0,stock_out
S-018209,Web,1,1,0,0,checkout_friction
S-018210,App,1,1,0,0,payment_fail
S-018211,Web,1,0,0,0,
S-018212,App,1,1,1,1,
S-018213,App,1,1,0,0,checkout_friction
S-018214,Web,1,1,0,0,payment_fail
S-018215,App,1,1,1,1,
S-018216,Web,1,1,0,0,shipping_cost
S-018217,Web,1,0,0,0,
S-018218,Web,1,1,1,1,
S-018219,Web,1,1,0,0,payment_fail
S-018220,App,1,1,1,1,
S-018221,Web,1,1,0,0,payment_fail
S-018222,App,1,1,1,1,
S-018223,Web,1,0,0,0,
S-018224,Web,1,0,0,0,
S-018225,App,1,1,0,0,changed_mind
S-018226,Store,1,0,0,0,
S-018227,Web,1,1,1,1,
S-018228,App,1,1,0,0,payment_fail
S-018229,Web,1,1,0,0,shipping_cost
S-018230,Web,1,1,1,1,
S-018231,App,1,1,0,0,changed_mind
S-018232,App,1,0,0,0,
S-018233,Web,1,0,0,0,
S-018234,Store,1,1,0,0,stock_out
S-018235,Web,1,1,1,1,
S-018236,App,1,0,0,0,
S-018237,Web,1,1,0,0,changed_mind
S-018238,Web,1,1,0,0,changed_mind
S-018239,App,1,1,0,0,payment_fail
S-018240,Web,1,0,0,0,
S-018241,Web,1,1,0,0,stock_out
S-018242,Store,1,1,1,1,
S-018243,App,1,1,0,0,payment_fail
S-018244,App,1,1,1,1,
S-018245,Web,1,1,1,1,
S-018246,App,1,1,0,0,payment_fail
S-018247,App,1,1,0,0,payment_fail
S-018248,App,1,1,0,0,changed_mind
S-018249,Web,1,0,0,0,
S-018250,Web,1,1,0,0,shipping_cost
S-018251,App,1,0,0,0,
S-018252,Web,1,0,0,0,
S-018253,Web,1,0,0,0,
S-018254,App,1,0,0,0,
S-018255,Store,1,1,1,1,
S-018256,Web,1,1,0,0,changed_mind
S-018257,Web,1,1,0,0,shipping_cost
S-018258,Web,1,1,1,1,
S-018259,Store,1,1,1,1,
S-018260,App,1,1,0,0,shipping_cost
S-018261,Web,1,0,0,0,
S-018262,Web,1,1,1,1,
S-018263,Web,1,1,0,0,shipping_cost
S-018264,Web,1,1,0,0,payment_fail
S-018265,App,1,1,1,1,
S-018266,App,1,1,0,0,shipping_cost
S-018267,Web,1,1,0,0,changed_mind
S-018268,App,1,1,1,1,
S-018269,Store,1,0,0,0,
S-018270,Web,1,1,1,1,
S-018271,Web,1,1,0,0,changed_mind
S-018272,App,1,1,1,1,
S-018273,Web,1,0,0,0,
S-018274,Web,1,1,1,1,
S-018275,Web,1,1,0,0,payment_fail
S-018276,App,1,1,0,0,changed_mind
S-018277,Web,1,1,1,1,
S-018278,App,1,1,1,1,
S-018279,Store,1,1,0,0,shipping_cost
S-018280,App,1,1,1,1,
S-018281,Web,1,1,1,1,
S-018282,Web,1,1,0,0,payment_fail
S-018283,App,1,1,0,0,payment_fail
S-018284,App,1,1,1,1,
S-018285,Web,1,1,1,1,
S-018286,Store,1,1,1,1,
S-018287,Web,1,1,0,0,shipping_cost
S-018288,Web,1,1,0,0,shipping_cost
S-018289,Web,1,0,0,0,
S-018290,App,1,0,0,0,
S-018291,App,1,1,1,1,
S-018292,Store,1,1,0,0,changed_mind
S-018293,App,1,1,1,1,
S-018294,App,1,0,0,0,
S-018295,Web,1,0,0,0,
S-018296,Web,1,1,1,1,
S-018297,Web,1,1,1,1,
S-018298,Web,1,1,1,1,
S-018299,Web,1,0,0,0,
S-018300,Web,1,0,0,0,
S-018301,Web,1,0,0,0,
S-018302,App,1,0,0,0,
S-018303,App,1,1,0,0,payment_fail
S-018304,Web,1,1,0,0,stock_out
S-018305,Web,1,0,0,0,
S-018306,Web,1,1,1,1,
S-018307,App,1,1,1,1,
S-018308,App,1,1,0,0,shipping_cost
S-018309,App,1,1,1,1,
S-018310,Web,1,1,1,1,
S-018311,App,1,0,0,0,
S-018312,App,1,1,0,0,changed_mind
S-018313,App,1,0,0,0,
S-018314,Web,1,1,0,0,stock_out
S-018315,App,1,1,0,0,shipping_cost
S-018316,App,1,1,1,1,
S-018317,Web,1,1,1,1,
S-018318,Web,1,1,0,0,payment_fail
S-018319,Web,1,1,1,1,
S-018320,Web,1,0,0,0,
S-018321,Store,1,0,0,0,
S-018322,App,1,0,0,0,
S-018323,Web,1,1,1,1,
S-018324,Web,1,0,0,0,
S-018325,Web,1,0,0,0,
S-018326,Web,1,0,0,0,
S-018327,App,1,0,0,0,
S-018328,Web,1,1,1,1,
S-018329,App,1,1,0,0,changed_mind
S-018330,Web,1,1,0,0,checkout_friction
S-018331,Store,1,0,0,0,
S-018332,App,1,1,1,1,
S-018333,App,1,1,1,1,
S-018334,Web,1,1,1,1,
S-018335,App,1,1,1,1,
S-018336,Store,1,1,1,1,
S-018337,Web,1,1,0,0,checkout_friction
S-018338,Web,1,1,0,0,payment_fail
S-018339,App,1,1,1,1,
S-018340,Web,1,0,0,0,
S-018341,App,1,1,0,0,stock_out
S-018342,Web,1,1,1,1,
S-018343,Web,1,1,1,1,
S-018344,App,1,0,0,0,
S-018345,App,1,1,0,0,shipping_cost
S-018346,Store,1,1,0,0,payment_fail
S-018347,App,1,1,1,1,
S-018348,Web,1,1,1,1,
S-018349,Web,1,0,0,0,
S-018350,App,1,0,0,0,
S-018351,Store,1,1,0,0,changed_mind
S-018352,Web,1,1,1,1,
S-018353,App,1,0,0,0,
S-018354,App,1,0,0,0,
S-018355,Web,1,0,0,0,
S-018356,App,1,1,0,0,changed_mind
S-018357,App,1,1,0,0,changed_mind
S-018358,App,1,0,0,0,
S-018359,Web,1,0,0,0,
S-018360,Web,1,1,1,1,
S-018361,App,1,1,1,1,
S-018362,Web,1,1,0,0,stock_out
S-018363,Store,1,0,0,0,
S-018364,Web,1,1,1,1,
S-018365,Web,1,1,1,1,
S-018366,Store,1,1,1,1,
S-018367,App,1,1,0,0,shipping_cost
S-018368,Web,1,1,1,1,
S-018369,App,1,1,1,1,
S-018370,Web,1,1,1,1,
S-018371,Store,1,0,0,0,
S-018372,Web,1,1,1,1,
S-018373,Web,1,1,0,0,changed_mind
S-018374,App,1,1,0,0,shipping_cost
S-018375,App,1,1,0,0,payment_fail
S-018376,Store,1,1,0,0,shipping_cost
S-018377,Web,1,1,1,1,
S-018378,Web,1,1,0,0,checkout_friction
S-018379,Web,1,1,1,1,
S-018380,Web,1,0,0,0,
S-018381,Web,1,1,1,1,
S-018382,Web,1,0,0,0,
S-018383,Web,1,0,0,0,
S-018384,Web,1,0,0,0,
S-018385,App,1,1,0,0,shipping_cost
S-018386,App,1,0,0,0,
S-018387,Web,1,1,0,0,payment_fail
S-018388,Web,1,1,0,0,changed_mind
S-018389,Web,1,1,0,0,checkout_friction
S-018390,Web,1,0,0,0,
S-018391,App,1,1,1,1,
S-018392,App,1,1,1,1,
S-018393,Store,1,0,0,0,
S-018394,App,1,1,1,1,
S-018395,App,1,1,0,0,checkout_friction
S-018396,Web,1,1,1,1,
S-018397,App,1,1,1,1,
S-018398,Web,1,1,0,0,changed_mind
S-018399,Web,1,0,0,0,
S-018400,Web,1,1,1,1,
S-018401,Web,1,0,0,0,
S-018402,App,1,1,0,0,shipping_cost
S-018403,Web,1,1,1,1,
S-018404,App,1,1,0,0,changed_mind
S-018405,App,1,1,0,0,stock_out
S-018406,Web,1,1,1,1,
S-018407,Web,1,0,0,0,
S-018408,Store,1,1,1,1,
S-018409,Web,1,1,0,0,checkout_friction
S-018410,Store,1,1,0,0,stock_out
S-018411,App,1,1,1,1,
S-018412,Web,1,0,0,0,
S-018413,Web,1,1,1,1,
S-018414,App,1,1,1,1,
S-018415,Web,1,0,0,0,
S-018416,Web,1,1,1,1,
S-018417,Web,1,1,1,1,
S-018418,Web,1,1,1,1,
S-018419,App,1,1,0,0,shipping_cost
S-018420,Web,1,1,1,1,
S-018421,Web,1,1,0,0,payment_fail
S-018422,App,1,1,0,0,changed_mind
S-018423,App,1,1,1,1,
S-018424,Web,1,1,1,1,
S-018425,Web,1,1,0,0,payment_fail
S-018426,Web,1,1,1,1,
S-018427,Web,1,0,0,0,
S-018428,App,1,1,0,0,payment_fail
S-018429,Web,1,1,1,1,
S-018430,Web,1,1,1,1,
S-018431,Web,1,1,1,1,
S-018432,Web,1,0,0,0,
S-018433,Web,1,0,0,0,
S-018434,Web,1,1,0,0,shipping_cost
S-018435,Web,1,1,1,1,
S-018436,Web,1,1,1,1,
S-018437,App,1,1,0,0,changed_mind
S-018438,Web,1,1,1,1,
S-018439,Web,1,0,0,0,
S-018440,App,1,0,0,0,
S-018441,Web,1,1,1,1,
S-018442,Web,1,1,1,1,
S-018443,App,1,1,1,1,
S-018444,Web,1,1,0,0,checkout_friction
S-018445,Web,1,1,0,0,stock_out
S-018446,Web,1,0,0,0,
S-018447,Web,1,0,0,0,
S-018448,Web,1,0,0,0,
S-018449,App,1,0,0,0,
S-018450,Web,1,1,1,1,
S-018451,Web,1,0,0,0,
S-018452,App,1,1,1,1,
S-018453,App,1,0,0,0,
S-018454,App,1,1,1,1,
S-018455,Store,1,0,0,0,
S-018456,App,1,1,1,1,
S-018457,Store,1,0,0,0,
S-018458,Web,1,1,0,0,checkout_friction
S-018459,Web,1,1,1,1,
S-018460,Web,1,0,0,0,
S-018461,Store,1,1,1,1,
S-018462,Web,1,1,0,0,stock_out
S-018463,App,1,1,0,0,stock_out
S-018464,Web,1,1,0,0,payment_fail
S-018465,App,1,1,1,1,
S-018466,App,1,1,1,1,
S-018467,Web,1,0,0,0,
S-018468,Web,1,1,1,1,
S-018469,App,1,1,1,1,
S-018470,Web,1,1,0,0,changed_mind
S-018471,App,1,0,0,0,
S-018472,Web,1,1,0,0,payment_fail
S-018473,Web,1,1,1,1,
S-018474,App,1,1,0,0,payment_fail
S-018475,Web,1,1,1,1,
S-018476,App,1,1,0,0,payment_fail
S-018477,Web,1,1,1,1,
S-018478,Web,1,1,1,1,
S-018479,Web,1,0,0,0,
S-018480,App,1,0,0,0,
S-018481,Web,1,1,0,0,stock_out
S-018482,Web,1,1,1,1,
S-018483,App,1,1,0,0,stock_out
S-018484,Web,1,1,0,0,checkout_friction
S-018485,Web,1,0,0,0,
S-018486,App,1,1,0,0,checkout_friction
S-018487,Web,1,1,0,0,checkout_friction
S-018488,App,1,1,1,1,
S-018489,App,1,1,1,1,
S-018490,App,1,1,1,1,
S-018491,Web,1,1,1,1,
S-018492,Web,1,1,0,0,payment_fail
S-018493,App,1,1,0,0,checkout_friction
S-018494,Web,1,1,1,1,
S-018495,Web,1,1,0,0,stock_out
S-018496,Web,1,0,0,0,
S-018497,App,1,1,1,1,
S-018498,Web,1,1,1,1,
S-018499,Web,1,0,0,0,
S-018500,App,1,1,1,1,
S-018501,App,1,1,1,1,
S-018502,Web,1,1,0,0,checkout_friction
S-018503,Web,1,1,1,1,
S-018504,Web,1,1,1,1,
S-018505,Web,1,0,0,0,
S-018506,App,1,1,0,0,payment_fail
S-018507,Web,1,1,1,1,
S-018508,Web,1,1,0,0,payment_fail
S-018509,Web,1,1,1,1,
S-018510,App,1,1,1,1,
S-018511,App,1,1,0,0,checkout_friction
S-018512,Web,1,1,1,1,
S-018513,Web,1,1,0,0,payment_fail
S-018514,Web,1,1,1,1,
S-018515,Web,1,1,0,0,shipping_cost
S-018516,App,1,0,0,0,
S-018517,Web,1,0,0,0,
S-018518,Web,1,1,1,1,
S-018519,Web,1,1,1,1,
S-018520,App,1,0,0,0,
S-018521,App,1,1,1,1,
S-018522,Web,1,1,0,0,shipping_cost
S-018523,Store,1,1,0,0,payment_fail
S-018524,Web,1,0,0,0,
S-018525,Web,1,1,1,1,
S-018526,Store,1,1,0,0,payment_fail
S-018527,Store,1,0,0,0,
S-018528,App,1,0,0,0,
S-018529,Web,1,1,0,0,checkout_friction
S-018530,App,1,0,0,0,
S-018531,Web,1,1,1,1,
S-018532,Web,1,1,1,1,
S-018533,Web,1,1,0,0,checkout_friction
S-018534,App,1,1,0,0,checkout_friction
S-018535,Web,1,0,0,0,
S-018536,Web,1,1,0,0,shipping_cost
S-018537,Web,1,0,0,0,
S-018538,Web,1,1,0,0,payment_fail
S-018539,App,1,1,0,0,shipping_cost
S-018540,Web,1,1,0,0,shipping_cost
S-018541,Web,1,1,0,0,payment_fail
S-018542,Web,1,0,0,0,
S-018543,App,1,1,1,1,
S-018544,Web,1,1,1,1,
S-018545,App,1,0,0,0,
S-018546,App,1,1,1,1,
S-018547,Web,1,1,0,0,stock_out
S-018548,App,1,1,0,0,checkout_friction
S-018549,App,1,0,0,0,
S-018550,Web,1,1,0,0,changed_mind
S-018551,Web,1,1,1,1,
S-018552,Web,1,1,0,0,shipping_cost
S-018553,App,1,0,0,0,
S-018554,Web,1,1,0,0,shipping_cost
S-018555,App,1,1,0,0,payment_fail
S-018556,Web,1,1,1,1,
S-018557,Web,1,1,0,0,payment_fail
S-018558,Web,1,0,0,0,
S-018559,Web,1,1,1,1,
S-018560,Store,1,1,1,1,
S-018561,Web,1,1,1,1,
S-018562,App,1,0,0,0,
S-018563,Web,1,1,1,1,
S-018564,App,1,1,1,1,
S-018565,App,1,1,1,1,
S-018566,App,1,0,0,0,
S-018567,Store,1,1,0,0,changed_mind
S-018568,Store,1,1,0,0,shipping_cost
S-018569,Store,1,0,0,0,
S-018570,Web,1,1,1,1,
S-018571,Web,1,0,0,0,
S-018572,Web,1,1,0,0,changed_mind
S-018573,App,1,1,1,1,
S-018574,Web,1,1,0,0,stock_out
S-018575,Web,1,1,1,1,
S-018576,App,1,1,0,0,payment_fail
S-018577,Web,1,1,0,0,payment_fail
S-018578,Web,1,1,1,1,
S-018579,App,1,0,0,0,
S-018580,Web,1,1,0,0,payment_fail
S-018581,Web,1,1,0,0,payment_fail
S-018582,Store,1,1,0,0,changed_mind
S-018583,Web,1,1,1,1,
S-018584,App,1,1,0,0,stock_out
S-018585,Web,1,1,1,1,
S-018586,Web,1,0,0,0,
S-018587,Store,1,1,0,0,checkout_friction
S-018588,Web,1,1,1,1,
S-018589,App,1,1,0,0,changed_mind
S-018590,App,1,1,1,1,
S-018591,App,1,0,0,0,
S-018592,Web,1,1,0,0,shipping_cost
S-018593,Web,1,1,1,1,
S-018594,App,1,0,0,0,
S-018595,Web,1,0,0,0,
S-018596,App,1,1,1,1,
S-018597,Web,1,1,1,1,
S-018598,Web,1,1,0,0,payment_fail
S-018599,Web,1,1,0,0,shipping_cost
S-018600,App,1,1,1,1,
S-018601,Web,1,1,0,0,shipping_cost
S-018602,App,1,1,1,1,
S-018603,Web,1,1,1,1,
S-018604,Store,1,1,1,1,
S-018605,App,1,0,0,0,
S-018606,Web,1,1,1,1,
S-018607,App,1,1,1,1,
S-018608,Web,1,1,0,0,checkout_friction
S-018609,Web,1,0,0,0,
S-018610,Web,1,1,1,1,
S-018611,App,1,0,0,0,
S-018612,Web,1,0,0,0,
S-018613,App,1,1,1,1,
S-018614,Web,1,1,1,1,
S-018615,App,1,1,1,1,
S-018616,Web,1,1,0,0,shipping_cost
S-018617,Web,1,1,0,0,payment_fail
S-018618,Web,1,0,0,0,
S-018619,App,1,0,0,0,
S-018620,Web,1,1,1,1,
S-018621,App,1,0,0,0,
S-018622,Web,1,1,0,0,shipping_cost
S-018623,Web,1,1,1,1,
S-018624,App,1,0,0,0,
S-018625,Web,1,0,0,0,
S-018626,Web,1,0,0,0,
S-018627,App,1,1,0,0,payment_fail
S-018628,Web,1,0,0,0,
S-018629,Web,1,1,1,1,
S-018630,Web,1,0,0,0,
S-018631,Store,1,0,0,0,
S-018632,Web,1,1,1,1,
S-018633,Web,1,1,0,0,checkout_friction
S-018634,Store,1,1,1,1,
S-018635,Web,1,1,1,1,
S-018636,Web,1,0,0,0,
S-018637,Web,1,1,0,0,payment_fail
S-018638,App,1,1,1,1,
S-018639,Web,1,1,0,0,payment_fail
S-018640,App,1,1,0,0,payment_fail
S-018641,Store,1,1,0,0,stock_out
S-018642,Web,1,1,0,0,changed_mind
S-018643,App,1,1,0,0,changed_mind
S-018644,Web,1,0,0,0,
S-018645,Web,1,1,1,1,
S-018646,Web,1,1,0,0,shipping_cost
S-018647,Web,1,0,0,0,
S-018648,App,1,1,1,1,
S-018649,Web,1,0,0,0,
S-018650,App,1,0,0,0,
S-018651,Store,1,1,1,1,
S-018652,App,1,1,0,0,payment_fail
S-018653,Web,1,0,0,0,
S-018654,Web,1,1,1,1,
S-018655,App,1,1,0,0,checkout_friction
S-018656,App,1,1,1,1,
S-018657,Web,1,1,0,0,payment_fail
S-018658,Web,1,1,1,1,
S-018659,App,1,1,1,1,
S-018660,App,1,1,1,1,
S-018661,App,1,0,0,0,
S-018662,Web,1,0,0,0,
S-018663,Store,1,0,0,0,
S-018664,App,1,1,1,1,
S-018665,Store,1,1,1,1,
S-018666,Web,1,1,1,1,
S-018667,Web,1,1,1,1,
S-018668,Web,1,1,0,0,payment_fail
S-018669,Web,1,1,0,0,changed_mind
S-018670,Web,1,0,0,0,
S-018671,App,1,1,1,1,
S-018672,Web,1,0,0,0,
S-018673,Store,1,0,0,0,
S-018674,Web,1,1,1,1,
S-018675,Web,1,1,0,0,payment_fail
S-018676,App,1,1,1,1,
S-018677,App,1,1,0,0,payment_fail
S-018678,Web,1,0,0,0,
S-018679,App,1,0,0,0,
S-018680,App,1,0,0,0,
S-018681,Web,1,0,0,0,
S-018682,App,1,0,0,0,
S-018683,Web,1,1,1,1,
S-018684,Web,1,1,0,0,stock_out
S-018685,Web,1,1,0,0,shipping_cost
S-018686,App,1,0,0,0,
S-018687,App,1,1,0,0,payment_fail
S-018688,Web,1,1,1,1,
S-018689,Web,1,1,0,0,shipping_cost
S-018690,App,1,0,0,0,
S-018691,Web,1,1,0,0,stock_out
S-018692,App,1,1,1,1,
S-018693,Web,1,1,1,1,
S-018694,App,1,1,1,1,
S-018695,Web,1,1,1,1,
S-018696,App,1,1,1,1,
S-018697,App,1,1,1,1,
S-018698,App,1,1,0,0,payment_fail
S-018699,Store,1,1,0,0,payment_fail
S-018700,App,1,1,0,0,changed_mind
S-018701,Web,1,1,1,1,
S-018702,App,1,1,1,1,
S-018703,Web,1,1,1,1,
S-018704,Web,1,1,1,1,
S-018705,App,1,0,0,0,
S-018706,Store,1,1,1,1,
S-018707,Web,1,1,1,1,
S-018708,App,1,0,0,0,
S-018709,App,1,1,1,1,
S-018710,Web,1,1,1,1,
S-018711,Web,1,0,0,0,
S-018712,App,1,1,0,0,changed_mind
S-018713,App,1,1,0,0,checkout_friction
S-018714,Web,1,1,0,0,shipping_cost
S-018715,Web,1,1,0,0,payment_fail
S-018716,App,1,0,0,0,
S-018717,Store,1,0,0,0,
S-018718,Web,1,1,1,1,
S-018719,App,1,0,0,0,
S-018720,Web,1,0,0,0,
S-018721,Web,1,0,0,0,
S-018722,Web,1,1,1,1,
S-018723,Web,1,0,0,0,
S-018724,Web,1,1,0,0,changed_mind
S-018725,Web,1,1,0,0,changed_mind
S-018726,Web,1,1,0,0,payment_fail
S-018727,App,1,1,0,0,changed_mind
S-018728,Web,1,0,0,0,
S-018729,Store,1,1,1,1,
S-018730,Web,1,1,1,1,
S-018731,App,1,1,1,1,
S-018732,App,1,1,0,0,payment_fail
S-018733,Web,1,1,1,1,
S-018734,App,1,0,0,0,
S-018735,Web,1,0,0,0,
S-018736,Web,1,1,0,0,stock_out
S-018737,Store,1,1,0,0,stock_out
S-018738,Web,1,1,1,1,
S-018739,Web,1,1,1,1,
S-018740,App,1,1,1,1,
S-018741,Web,1,0,0,0,
S-018742,Web,1,1,0,0,shipping_cost
S-018743,Web,1,1,1,1,
S-018744,App,1,1,0,0,checkout_friction
S-018745,App,1,0,0,0,
S-018746,Web,1,1,0,0,checkout_friction
S-018747,Web,1,1,0,0,payment_fail
S-018748,App,1,1,1,1,
S-018749,App,1,1,0,0,shipping_cost
S-018750,App,1,0,0,0,
S-018751,App,1,1,0,0,changed_mind
S-018752,Web,1,0,0,0,
S-018753,Store,1,1,0,0,payment_fail
S-018754,Web,1,1,1,1,
S-018755,Store,1,1,0,0,shipping_cost
S-018756,Web,1,1,0,0,payment_fail
S-018757,App,1,1,0,0,checkout_friction
S-018758,Web,1,0,0,0,
S-018759,App,1,1,0,0,shipping_cost
S-018760,App,1,1,1,1,
S-018761,Web,1,0,0,0,
S-018762,App,1,1,1,1,
S-018763,Web,1,0,0,0,
S-018764,App,1,1,0,0,stock_out
S-018765,Web,1,1,1,1,
S-018766,Web,1,1,1,1,
S-018767,Web,1,0,0,0,
S-018768,Web,1,1,1,1,
S-018769,App,1,1,0,0,shipping_cost
S-018770,Web,1,0,0,0,
S-018771,App,1,1,1,1,
S-018772,Web,1,1,1,1,
S-018773,App,1,1,1,1,
S-018774,App,1,0,0,0,
S-018775,Web,1,1,0,0,payment_fail
S-018776,App,1,1,1,1,
S-018777,Store,1,1,1,1,
S-018778,Web,1,1,1,1,
S-018779,App,1,1,1,1,
S-018780,Web,1,0,0,0,
S-018781,Web,1,1,0,0,checkout_friction
S-018782,Web,1,1,1,1,
S-018783,Web,1,0,0,0,
S-018784,Web,1,1,1,1,
S-018785,App,1,1,1,1,
S-018786,App,1,1,0,0,payment_fail
S-018787,Web,1,0,0,0,
S-018788,Web,1,0,0,0,
S-018789,Web,1,1,0,0,payment_fail
S-018790,App,1,1,1,1,
S-018791,Web,1,1,1,1,
S-018792,App,1,1,1,1,
S-018793,Store,1,1,1,1,
S-018794,Store,1,0,0,0,
S-018795,App,1,1,0,0,shipping_cost
S-018796,Store,1,0,0,0,
S-018797,Web,1,1,0,0,changed_mind
S-018798,Web,1,1,1,1,
S-018799,App,1,1,1,1,
S-018800,Web,1,1,0,0,shipping_cost
S-018801,Web,1,1,1,1,
S-018802,App,1,0,0,0,
S-018803,Web,1,1,1,1,
S-018804,Web,1,0,0,0,
S-018805,Store,1,1,0,0,payment_fail
S-018806,Web,1,0,0,0,
S-018807,App,1,1,1,1,
S-018808,Web,1,1,0,0,shipping_cost
S-018809,Web,1,1,0,0,payment_fail
S-018810,App,1,1,1,1,
S-018811,Web,1,1,1,1,
S-018812,Web,1,1,1,1,
S-018813,App,1,1,0,0,payment_fail
S-018814,Web,1,0,0,0,
S-018815,Web,1,0,0,0,
S-018816,App,1,0,0,0,
S-018817,Web,1,1,0,0,changed_mind
S-018818,Store,1,1,1,1,
S-018819,App,1,0,0,0,
S-018820,Web,1,0,0,0,
S-018821,Store,1,1,1,1,
S-018822,App,1,0,0,0,
S-018823,Web,1,0,0,0,
S-018824,Web,1,0,0,0,
S-018825,Web,1,1,0,0,payment_fail
S-018826,Store,1,1,0,0,shipping_cost
S-018827,Web,1,0,0,0,
S-018828,Web,1,0,0,0,
S-018829,Web,1,1,1,1,
S-018830,App,1,1,0,0,changed_mind
S-018831,Web,1,1,1,1,
S-018832,App,1,1,1,1,
S-018833,App,1,1,0,0,stock_out
S-018834,Web,1,1,1,1,
S-018835,App,1,1,0,0,payment_fail
S-018836,Web,1,1,0,0,shipping_cost
S-018837,Store,1,1,0,0,payment_fail
S-018838,Web,1,0,0,0,
S-018839,Web,1,1,0,0,checkout_friction
S-018840,Web,1,1,0,0,payment_fail
S-018841,App,1,1,0,0,payment_fail
S-018842,Web,1,1,0,0,shipping_cost
S-018843,Web,1,1,0,0,payment_fail
S-018844,Web,1,1,0,0,payment_fail
S-018845,App,1,1,1,1,
S-018846,App,1,1,0,0,payment_fail
S-018847,Web,1,0,0,0,
S-018848,Web,1,1,1,1,
S-018849,Web,1,1,0,0,changed_mind
S-018850,Store,1,1,1,1,
S-018851,Web,1,1,0,0,changed_mind
S-018852,Web,1,1,1,1,
S-018853,App,1,1,1,1,
S-018854,Web,1,1,1,1,
S-018855,Web,1,1,1,1,
S-018856,Web,1,1,1,1,
S-018857,Web,1,1,1,1,
S-018858,Web,1,1,0,0,changed_mind
S-018859,Store,1,1,0,0,stock_out
S-018860,Web,1,0,0,0,
S-018861,Web,1,1,1,1,
S-018862,Web,1,1,0,0,shipping_cost
S-018863,Web,1,1,0,0,checkout_friction
S-018864,App,1,1,1,1,
S-018865,Web,1,1,0,0,stock_out
S-018866,Web,1,1,0,0,stock_out
S-018867,Web,1,1,0,0,stock_out
S-018868,App,1,1,1,1,
S-018869,App,1,1,0,0,shipping_cost
S-018870,Web,1,1,1,1,
S-018871,App,1,0,0,0,
S-018872,Web,1,0,0,0,
S-018873,Web,1,0,0,0,
S-018874,Web,1,1,1,1,
S-018875,Web,1,1,1,1,
S-018876,Web,1,1,0,0,shipping_cost
S-018877,Web,1,1,1,1,
S-018878,App,1,0,0,0,
S-018879,App,1,1,0,0,shipping_cost
S-018880,Store,1,1,1,1,
S-018881,Web,1,1,1,1,
S-018882,Store,1,0,0,0,
S-018883,Web,1,1,0,0,payment_fail
S-018884,App,1,0,0,0,
S-018885,Web,1,0,0,0,
S-018886,Web,1,1,0,0,shipping_cost
S-018887,Store,1,1,0,0,payment_fail
S-018888,Web,1,1,1,1,
S-018889,App,1,1,1,1,
S-018890,App,1,1,0,0,payment_fail
S-018891,Web,1,1,0,0,checkout_friction
S-018892,App,1,0,0,0,
S-018893,App,1,1,0,0,changed_mind
S-018894,App,1,1,1,1,
S-018895,Web,1,1,0,0,changed_mind
S-018896,Web,1,0,0,0,
S-018897,App,1,0,0,0,
S-018898,App,1,1,0,0,shipping_cost
S-018899,Web,1,1,0,0,changed_mind
S-018900,Web,1,1,0,0,checkout_friction
S-018901,App,1,1,1,1,
S-018902,Web,1,1,1,1,
S-018903,Web,1,1,0,0,changed_mind
S-018904,Web,1,1,1,1,
S-018905,Web,1,0,0,0,
S-018906,Web,1,1,0,0,changed_mind
S-018907,App,1,1,1,1,
S-018908,App,1,1,0,0,shipping_cost
S-018909,Web,1,0,0,0,
S-018910,Web,1,1,1,1,
S-018911,Web,1,1,1,1,
S-018912,Store,1,1,1,1,
S-018913,Web,1,1,1,1,
S-018914,Web,1,1,0,0,shipping_cost
S-018915,App,1,1,0,0,changed_mind
S-018916,Web,1,1,0,0,checkout_friction
S-018917,Web,1,1,0,0,shipping_cost
S-018918,Web,1,0,0,0,
S-018919,Web,1,1,1,1,
S-018920,App,1,1,0,0,shipping_cost
S-018921,App,1,1,0,0,shipping_cost
S-018922,App,1,1,1,1,
S-018923,App,1,1,1,1,
S-018924,Web,1,0,0,0,
S-018925,Web,1,1,0,0,shipping_cost
S-018926,Store,1,0,0,0,
S-018927,App,1,1,0,0,checkout_friction
S-018928,App,1,0,0,0,
S-018929,Web,1,1,0,0,stock_out
S-018930,Web,1,1,1,1,
S-018931,Web,1,1,0,0,shipping_cost
S-018932,App,1,1,0,0,shipping_cost
S-018933,App,1,1,1,1,
S-018934,Web,1,0,0,0,
S-018935,Web,1,1,0,0,shipping_cost
S-018936,Web,1,1,1,1,
S-018937,Web,1,1,0,0,payment_fail
S-018938,Web,1,1,1,1,
S-018939,Web,1,1,1,1,
S-018940,Web,1,1,0,0,changed_mind
S-018941,App,1,1,1,1,
S-018942,Web,1,1,1,1,
S-018943,Web,1,0,0,0,
S-018944,App,1,0,0,0,
S-018945,App,1,1,0,0,stock_out
S-018946,Store,1,1,1,1,
S-018947,Web,1,1,0,0,changed_mind
S-018948,App,1,0,0,0,
S-018949,Web,1,1,1,1,
S-018950,Web,1,1,0,0,payment_fail
S-018951,Web,1,0,0,0,
S-018952,Store,1,1,0,0,stock_out
S-018953,App,1,0,0,0,
S-018954,App,1,0,0,0,
S-018955,Web,1,1,1,1,
S-018956,Web,1,0,0,0,
S-018957,Web,1,1,0,0,stock_out
S-018958,Web,1,1,1,1,
S-018959,Web,1,0,0,0,
S-018960,Web,1,0,0,0,
S-018961,Web,1,1,1,1,
S-018962,Web,1,0,0,0,
S-018963,Web,1,1,1,1,
S-018964,Web,1,1,0,0,payment_fail
S-018965,Web,1,0,0,0,
S-018966,Web,1,1,1,1,
S-018967,Web,1,0,0,0,
S-018968,Store,1,1,0,0,changed_mind
S-018969,App,1,0,0,0,
S-018970,Web,1,1,0,0,changed_mind
S-018971,Web,1,0,0,0,
S-018972,App,1,1,0,0,stock_out
S-018973,Web,1,1,0,0,payment_fail
S-018974,App,1,1,1,1,
S-018975,Web,1,1,1,1,
S-018976,Web,1,1,1,1,
S-018977,App,1,0,0,0,
S-018978,Web,1,1,1,1,
S-018979,App,1,1,0,0,payment_fail
S-018980,App,1,1,0,0,shipping_cost
S-018981,Web,1,1,1,1,
S-018982,Web,1,1,1,1,
S-018983,Web,1,1,1,1,
S-018984,App,1,1,0,0,payment_fail
S-018985,Web,1,1,0,0,shipping_cost
S-018986,Store,1,1,0,0,stock_out
S-018987,App,1,1,0,0,payment_fail
S-018988,App,1,1,0,0,shipping_cost
S-018989,Web,1,1,1,1,
S-018990,App,1,1,0,0,checkout_friction
S-018991,App,1,1,1,1,
S-018992,App,1,1,0,0,changed_mind
S-018993,Web,1,0,0,0,
S-018994,App,1,1,1,1,
S-018995,App,1,1,0,0,shipping_cost
S-018996,Web,1,1,0,0,changed_mind
S-018997,Web,1,1,0,0,payment_fail
S-018998,App,1,0,0,0,
S-018999,Web,1,0,0,0,
S-019000,Web,1,1,0,0,payment_fail
S-019001,Web,1,1,0,0,changed_mind
S-019002,App,1,1,0,0,shipping_cost
S-019003,App,1,0,0,0,
S-019004,Web,1,1,1,1,
S-019005,Store,1,1,1,1,
S-019006,App,1,0,0,0,
S-019007,Web,1,1,1,1,
S-019008,App,1,1,1,1,
S-019009,App,1,0,0,0,
S-019010,App,1,1,0,0,shipping_cost
S-019011,App,1,1,0,0,payment_fail
S-019012,App,1,0,0,0,
S-019013,App,1,0,0,0,
S-019014,App,1,1,0,0,stock_out
S-019015,Store,1,1,1,1,
S-019016,Web,1,1,1,1,
S-019017,App,1,0,0,0,
S-019018,Web,1,1,1,1,
S-019019,Web,1,1,0,0,payment_fail
S-019020,Web,1,1,0,0,stock_out
S-019021,App,1,1,1,1,
S-019022,Web,1,1,1,1,
S-019023,Web,1,1,1,1,
S-019024,App,1,1,1,1,
S-019025,Web,1,1,1,1,
S-019026,Web,1,1,1,1,
S-019027,Web,1,1,0,0,shipping_cost
S-019028,App,1,0,0,0,
S-019029,Web,1,1,1,1,
S-019030,Store,1,0,0,0,
S-019031,Web,1,1,1,1,
S-019032,App,1,0,0,0,
S-019033,App,1,1,0,0,changed_mind
S-019034,Web,1,1,1,1,
S-019035,App,1,1,1,1,
S-019036,Web,1,1,1,1,
S-019037,Web,1,1,1,1,
S-019038,Web,1,1,0,0,payment_fail
S-019039,Web,1,1,1,1,
S-019040,Web,1,1,0,0,payment_fail
S-019041,Store,1,1,1,1,
S-019042,Web,1,0,0,0,
S-019043,App,1,1,1,1,
S-019044,Web,1,1,1,1,
S-019045,Web,1,1,0,0,changed_mind
S-019046,Web,1,1,0,0,changed_mind
S-019047,App,1,1,0,0,payment_fail
S-019048,Web,1,0,0,0,
S-019049,Store,1,0,0,0,
S-019050,Web,1,1,1,1,
S-019051,Web,1,0,0,0,
S-019052,Web,1,1,1,1,
S-019053,Web,1,1,0,0,shipping_cost
S-019054,App,1,1,0,0,shipping_cost
S-019055,App,1,1,1,1,
S-019056,Web,1,0,0,0,
S-019057,Web,1,1,1,1,
S-019058,Web,1,1,1,1,
S-019059,Web,1,0,0,0,
S-019060,Web,1,1,0,0,payment_fail
S-019061,App,1,1,1,1,
S-019062,Store,1,1,1,1,
S-019063,App,1,1,0,0,changed_mind
S-019064,Web,1,0,0,0,
S-019065,Web,1,1,1,1,
S-019066,App,1,1,1,1,
S-019067,Web,1,0,0,0,
S-019068,App,1,0,0,0,
S-019069,Web,1,1,1,1,
S-019070,Web,1,0,0,0,
S-019071,App,1,1,1,1,
S-019072,Web,1,0,0,0,
S-019073,Store,1,1,1,1,
S-019074,Web,1,1,1,1,
S-019075,Web,1,1,1,1,
S-019076,Web,1,1,1,1,
S-019077,Web,1,1,0,0,payment_fail
S-019078,App,1,1,0,0,changed_mind
S-019079,App,1,1,0,0,payment_fail
S-019080,Web,1,0,0,0,
S-019081,Web,1,1,1,1,
S-019082,App,1,0,0,0,
S-019083,Web,1,1,1,1,
S-019084,Web,1,1,0,0,shipping_cost
S-019085,Web,1,1,1,1,
S-019086,App,1,0,0,0,
S-019087,Web,1,0,0,0,
S-019088,Web,1,1,1,1,
S-019089,Web,1,1,0,0,shipping_cost
S-019090,App,1,1,1,1,
S-019091,App,1,1,0,0,shipping_cost
S-019092,Web,1,1,0,0,shipping_cost
S-019093,App,1,0,0,0,
S-019094,App,1,0,0,0,
S-019095,App,1,1,0,0,checkout_friction
S-019096,Web,1,1,0,0,shipping_cost
S-019097,App,1,1,0,0,stock_out
S-019098,Web,1,1,0,0,payment_fail
S-019099,Web,1,1,0,0,shipping_cost
S-019100,Web,1,1,0,0,payment_fail
S-019101,Web,1,0,0,0,
S-019102,App,1,0,0,0,
S-019103,App,1,0,0,0,
S-019104,App,1,1,1,1,
S-019105,App,1,1,0,0,shipping_cost
S-019106,App,1,1,1,1,
S-019107,Web,1,1,0,0,changed_mind
S-019108,Web,1,1,0,0,stock_out
S-019109,App,1,1,1,1,
S-019110,Web,1,0,0,0,
S-019111,App,1,1,1,1,
S-019112,Web,1,1,1,1,
S-019113,Web,1,0,0,0,
S-019114,Web,1,0,0,0,
S-019115,Web,1,1,1,1,
S-019116,App,1,1,0,0,changed_mind
S-019117,Web,1,1,0,0,changed_mind
S-019118,Store,1,1,1,1,
S-019119,App,1,1,1,1,
S-019120,Web,1,1,0,0,payment_fail
S-019121,Web,1,1,1,1,
S-019122,App,1,0,0,0,
S-019123,Web,1,0,0,0,
S-019124,Web,1,1,1,1,
S-019125,App,1,0,0,0,
S-019126,App,1,0,0,0,
S-019127,Web,1,1,1,1,
S-019128,App,1,1,1,1,
S-019129,App,1,1,1,1,
S-019130,Web,1,1,1,1,
S-019131,Web,1,1,1,1,
S-019132,Web,1,0,0,0,
S-019133,Web,1,0,0,0,
S-019134,Web,1,1,1,1,
S-019135,App,1,1,0,0,payment_fail
S-019136,Web,1,1,1,1,
S-019137,Web,1,1,0,0,stock_out
S-019138,Web,1,1,1,1,
S-019139,App,1,1,0,0,payment_fail
S-019140,Web,1,1,0,0,payment_fail
S-019141,App,1,1,1,1,
S-019142,Web,1,0,0,0,
S-019143,Web,1,1,1,1,
S-019144,Web,1,1,0,0,checkout_friction
S-019145,App,1,1,1,1,
S-019146,Store,1,1,1,1,
S-019147,Web,1,1,0,0,checkout_friction
S-019148,App,1,1,0,0,changed_mind
S-019149,App,1,1,1,1,
S-019150,App,1,1,0,0,shipping_cost
S-019151,Web,1,1,1,1,
S-019152,App,1,1,0,0,stock_out
S-019153,App,1,1,0,0,payment_fail
S-019154,Web,1,1,0,0,shipping_cost
S-019155,Store,1,0,0,0,
S-019156,App,1,1,1,1,
S-019157,Web,1,0,0,0,
S-019158,Web,1,1,0,0,shipping_cost
S-019159,Web,1,1,1,1,
S-019160,Web,1,0,0,0,
S-019161,App,1,1,0,0,checkout_friction
S-019162,Web,1,0,0,0,
S-019163,Store,1,1,1,1,
S-019164,Web,1,1,1,1,
S-019165,App,1,0,0,0,
S-019166,App,1,1,1,1,
S-019167,Web,1,1,0,0,checkout_friction
S-019168,Web,1,1,1,1,
S-019169,Web,1,1,1,1,
S-019170,App,1,1,1,1,
S-019171,Web,1,1,0,0,changed_mind
S-019172,Web,1,1,1,1,
S-019173,Web,1,1,1,1,
S-019174,App,1,1,1,1,
S-019175,Web,1,1,1,1,
S-019176,Web,1,0,0,0,
S-019177,App,1,0,0,0,
S-019178,App,1,1,0,0,payment_fail
S-019179,Web,1,1,0,0,shipping_cost
S-019180,App,1,1,1,1,
S-019181,App,1,1,1,1,
S-019182,Web,1,1,1,1,
S-019183,App,1,1,1,1,
S-019184,App,1,1,0,0,payment_fail
S-019185,Web,1,1,1,1,
S-019186,Web,1,1,1,1,
S-019187,App,1,1,0,0,checkout_friction
S-019188,Web,1,1,0,0,payment_fail
S-019189,App,1,1,0,0,payment_fail
S-019190,Web,1,1,1,1,
S-019191,App,1,1,0,0,stock_out
S-019192,Web,1,1,1,1,
S-019193,Web,1,0,0,0,
S-019194,Web,1,1,0,0,shipping_cost
S-019195,Web,1,0,0,0,
S-019196,App,1,1,1,1,
S-019197,Web,1,1,0,0,stock_out
S-019198,Web,1,1,1,1,
S-019199,App,1,1,1,1,
S-019200,Web,1,1,0,0,payment_fail
S-019201,Web,1,1,0,0,stock_out
S-019202,Store,1,0,0,0,
S-019203,App,1,1,1,1,
S-019204,App,1,0,0,0,
S-019205,Web,1,1,1,1,
S-019206,App,1,0,0,0,
S-019207,Web,1,0,0,0,
S-019208,Store,1,1,0,0,payment_fail
S-019209,Web,1,0,0,0,
S-019210,App,1,0,0,0,
S-019211,Store,1,1,1,1,
S-019212,Store,1,0,0,0,
S-019213,Store,1,1,0,0,payment_fail
S-019214,Store,1,1,1,1,
S-019215,Web,1,1,0,0,shipping_cost
S-019216,App,1,1,0,0,payment_fail
S-019217,Store,1,1,1,1,
S-019218,Web,1,0,0,0,
S-019219,Web,1,0,0,0,
S-019220,Web,1,1,1,1,
S-019221,Store,1,1,0,0,changed_mind
S-019222,Web,1,1,0,0,payment_fail
S-019223,App,1,0,0,0,
S-019224,App,1,1,0,0,payment_fail
S-019225,Web,1,1,0,0,stock_out
S-019226,Web,1,1,1,1,
S-019227,App,1,1,1,1,
S-019228,Web,1,1,0,0,payment_fail
S-019229,App,1,1,1,1,
S-019230,Web,1,1,0,0,changed_mind
S-019231,Web,1,1,0,0,stock_out
S-019232,Web,1,1,1,1,
S-019233,Web,1,0,0,0,
S-019234,Web,1,1,0,0,payment_fail
S-019235,App,1,1,0,0,stock_out
S-019236,Web,1,1,0,0,payment_fail
S-019237,Web,1,1,1,1,
S-019238,Web,1,0,0,0,
S-019239,Web,1,1,0,0,shipping_cost
S-019240,App,1,1,0,0,payment_fail
S-019241,Web,1,1,1,1,
S-019242,Web,1,1,0,0,stock_out
S-019243,Store,1,1,1,1,
S-019244,Web,1,0,0,0,
S-019245,App,1,0,0,0,
S-019246,Store,1,1,1,1,
S-019247,Web,1,1,0,0,changed_mind
S-019248,Web,1,1,0,0,changed_mind
S-019249,App,1,0,0,0,
S-019250,Web,1,1,0,0,checkout_friction
S-019251,App,1,1,1,1,
S-019252,App,1,1,0,0,shipping_cost
S-019253,Web,1,0,0,0,
S-019254,Web,1,0,0,0,
S-019255,Web,1,0,0,0,
S-019256,App,1,1,1,1,
S-019257,Web,1,1,1,1,
S-019258,Store,1,1,1,1,
S-019259,Web,1,1,0,0,checkout_friction
S-019260,Web,1,0,0,0,
S-019261,Store,1,1,0,0,stock_out
S-019262,Web,1,1,1,1,
S-019263,App,1,0,0,0,
S-019264,App,1,1,1,1,
S-019265,Store,1,0,0,0,
S-019266,Web,1,1,0,0,checkout_friction
S-019267,Web,1,1,1,1,
S-019268,Web,1,0,0,0,
S-019269,Web,1,1,0,0,checkout_friction
S-019270,Web,1,1,0,0,checkout_friction
S-019271,Web,1,1,0,0,payment_fail
S-019272,Web,1,0,0,0,
S-019273,Web,1,1,0,0,stock_out
S-019274,Web,1,1,0,0,stock_out
S-019275,Web,1,1,0,0,changed_mind
S-019276,Store,1,1,1,1,
S-019277,App,1,1,0,0,payment_fail
S-019278,App,1,1,0,0,checkout_friction
S-019279,Web,1,1,1,1,
S-019280,Web,1,0,0,0,
S-019281,App,1,1,1,1,
S-019282,Store,1,1,0,0,payment_fail
S-019283,Web,1,0,0,0,
S-019284,App,1,1,0,0,shipping_cost
S-019285,App,1,0,0,0,
S-019286,App,1,0,0,0,
S-019287,Web,1,0,0,0,
S-019288,App,1,1,0,0,changed_mind
S-019289,App,1,1,1,1,
S-019290,Web,1,0,0,0,
S-019291,App,1,1,1,1,
S-019292,Web,1,1,1,1,
S-019293,Web,1,1,0,0,payment_fail
S-019294,Web,1,1,0,0,stock_out
S-019295,Web,1,1,1,1,
S-019296,Web,1,0,0,0,
S-019297,Web,1,1,1,1,
S-019298,App,1,0,0,0,
S-019299,Web,1,1,1,1,
S-019300,App,1,1,0,0,payment_fail
S-019301,Web,1,1,0,0,changed_mind
S-019302,App,1,1,0,0,stock_out
S-019303,Web,1,1,1,1,
S-019304,Web,1,1,0,0,shipping_cost
S-019305,Web,1,0,0,0,
S-019306,App,1,1,1,1,
S-019307,Store,1,1,0,0,stock_out
S-019308,App,1,0,0,0,
S-019309,Web,1,1,0,0,payment_fail
S-019310,App,1,1,0,0,stock_out
S-019311,Web,1,1,0,0,checkout_friction
S-019312,Web,1,1,1,1,
S-019313,App,1,1,1,1,
S-019314,Store,1,1,1,1,
S-019315,Store,1,0,0,0,
S-019316,App,1,1,0,0,payment_fail
S-019317,Web,1,0,0,0,
S-019318,Web,1,0,0,0,
S-019319,Web,1,1,1,1,
S-019320,Web,1,1,1,1,
S-019321,Store,1,0,0,0,
S-019322,App,1,1,1,1,
S-019323,Web,1,1,0,0,changed_mind
S-019324,Web,1,1,0,0,changed_mind
S-019325,Web,1,1,1,1,
S-019326,Web,1,0,0,0,
S-019327,Store,1,1,0,0,changed_mind
S-019328,App,1,1,0,0,stock_out
S-019329,Web,1,1,1,1,
S-019330,Web,1,1,1,1,
S-019331,Web,1,1,0,0,shipping_cost
S-019332,App,1,1,0,0,changed_mind
S-019333,Store,1,1,0,0,payment_fail
S-019334,App,1,1,1,1,
S-019335,App,1,1,1,1,
S-019336,App,1,1,1,1,
S-019337,App,1,0,0,0,
S-019338,Web,1,1,1,1,
S-019339,Web,1,1,0,0,shipping_cost
S-019340,Store,1,0,0,0,
S-019341,App,1,0,0,0,
S-019342,App,1,0,0,0,
S-019343,Web,1,1,1,1,
S-019344,Web,1,1,0,0,checkout_friction
S-019345,Web,1,1,0,0,payment_fail
S-019346,Web,1,0,0,0,
S-019347,Web,1,1,1,1,
S-019348,Web,1,1,1,1,
S-019349,App,1,1,1,1,
S-019350,Web,1,0,0,0,
S-019351,App,1,0,0,0,
S-019352,Web,1,0,0,0,
S-019353,App,1,0,0,0,
S-019354,Store,1,1,1,1,
S-019355,App,1,0,0,0,
S-019356,Web,1,1,1,1,
S-019357,Web,1,1,0,0,changed_mind
S-019358,App,1,0,0,0,
S-019359,Web,1,0,0,0,
S-019360,Store,1,1,1,1,
S-019361,App,1,1,0,0,payment_fail
S-019362,App,1,1,0,0,stock_out
S-019363,Web,1,1,1,1,
S-019364,Web,1,0,0,0,
S-019365,App,1,1,0,0,changed_mind
S-019366,Web,1,1,1,1,
S-019367,Web,1,1,1,1,
S-019368,Web,1,1,1,1,
S-019369,Web,1,1,0,0,shipping_cost
S-019370,Web,1,1,1,1,
S-019371,Store,1,0,0,0,
S-019372,Web,1,0,0,0,
S-019373,Web,1,1,1,1,
S-019374,Web,1,1,1,1,
S-019375,Web,1,0,0,0,
S-019376,Store,1,0,0,0,
S-019377,Web,1,1,1,1,
S-019378,Web,1,1,0,0,payment_fail
S-019379,App,1,1,1,1,
S-019380,Web,1,0,0,0,
S-019381,Store,1,1,0,0,shipping_cost
S-019382,App,1,1,1,1,
S-019383,Web,1,0,0,0,
S-019384,Web,1,0,0,0,
S-019385,Web,1,1,1,1,
S-019386,Store,1,1,1,1,
S-019387,Web,1,1,0,0,checkout_friction
S-019388,Web,1,1,0,0,changed_mind
S-019389,Store,1,1,0,0,shipping_cost
S-019390,App,1,1,1,1,
S-019391,App,1,0,0,0,
S-019392,Web,1,1,1,1,
S-019393,Web,1,0,0,0,
S-019394,Store,1,0,0,0,
S-019395,Web,1,1,1,1,
S-019396,Web,1,0,0,0,
S-019397,App,1,0,0,0,
S-019398,App,1,1,0,0,stock_out
S-019399,Web,1,1,1,1,
S-019400,App,1,1,1,1,
S-019401,App,1,0,0,0,
S-019402,Web,1,1,0,0,shipping_cost
S-019403,Web,1,1,0,0,shipping_cost
S-019404,App,1,0,0,0,
S-019405,App,1,1,1,1,
S-019406,Web,1,1,1,1,
S-019407,Web,1,1,1,1,
S-019408,App,1,1,1,1,
S-019409,Web,1,0,0,0,
S-019410,Web,1,0,0,0,
S-019411,Web,1,1,0,0,shipping_cost
S-019412,Web,1,1,1,1,
S-019413,App,1,1,1,1,
S-019414,Web,1,1,0,0,payment_fail
S-019415,Web,1,0,0,0,
S-019416,App,1,0,0,0,
S-019417,Web,1,0,0,0,
S-019418,Web,1,0,0,0,
S-019419,Web,1,1,0,0,stock_out
S-019420,Store,1,1,0,0,checkout_friction
S-019421,Web,1,1,1,1,
S-019422,Web,1,1,0,0,checkout_friction
S-019423,Web,1,1,1,1,
S-019424,Web,1,0,0,0,
S-019425,Web,1,1,1,1,
S-019426,Web,1,0,0,0,
S-019427,Web,1,1,0,0,checkout_friction
S-019428,App,1,1,0,0,shipping_cost
S-019429,App,1,0,0,0,
S-019430,Store,1,1,0,0,shipping_cost
S-019431,App,1,1,1,1,
S-019432,Web,1,1,0,0,changed_mind
S-019433,App,1,1,0,0,checkout_friction
S-019434,App,1,1,0,0,stock_out
S-019435,Web,1,0,0,0,
S-019436,Web,1,1,0,0,shipping_cost
S-019437,App,1,0,0,0,
S-019438,Web,1,1,0,0,changed_mind
S-019439,App,1,1,0,0,stock_out
S-019440,Web,1,0,0,0,
S-019441,App,1,0,0,0,
S-019442,App,1,1,0,0,checkout_friction
S-019443,Web,1,1,0,0,stock_out
S-019444,Web,1,1,1,1,
S-019445,App,1,1,0,0,shipping_cost
S-019446,Web,1,1,1,1,
S-019447,Web,1,1,1,1,
S-019448,Web,1,1,1,1,
S-019449,Web,1,0,0,0,
S-019450,Web,1,0,0,0,
S-019451,Web,1,1,1,1,
S-019452,Web,1,1,0,0,payment_fail
S-019453,Web,1,1,1,1,
S-019454,Store,1,1,1,1,
S-019455,App,1,1,1,1,
S-019456,Web,1,1,0,0,shipping_cost
S-019457,App,1,0,0,0,
S-019458,Web,1,1,1,1,
S-019459,Web,1,0,0,0,
S-019460,Web,1,0,0,0,
S-019461,Store,1,1,0,0,shipping_cost
S-019462,App,1,1,1,1,
S-019463,Web,1,1,0,0,checkout_friction
S-019464,Web,1,0,0,0,
S-019465,Web,1,1,1,1,
S-019466,Web,1,0,0,0,
S-019467,Store,1,1,0,0,changed_mind
S-019468,Web,1,0,0,0,
S-019469,Web,1,0,0,0,
S-019470,App,1,1,0,0,shipping_cost
S-019471,App,1,0,0,0,
S-019472,App,1,1,0,0,shipping_cost
S-019473,Web,1,1,0,0,changed_mind
S-019474,Web,1,1,1,1,
S-019475,Store,1,0,0,0,
S-019476,App,1,1,1,1,
S-019477,Store,1,1,1,1,
S-019478,App,1,1,0,0,changed_mind
S-019479,Store,1,0,0,0,
S-019480,Store,1,0,0,0,
S-019481,App,1,1,1,1,
S-019482,Web,1,0,0,0,
S-019483,Web,1,0,0,0,
S-019484,Web,1,1,0,0,payment_fail
S-019485,App,1,1,0,0,checkout_friction
S-019486,Web,1,1,1,1,
S-019487,App,1,0,0,0,
S-019488,Web,1,1,0,0,shipping_cost
S-019489,Web,1,1,1,1,
S-019490,Web,1,1,1,1,
S-019491,App,1,0,0,0,
S-019492,App,1,1,0,0,shipping_cost
S-019493,Store,1,1,1,1,
S-019494,Web,1,0,0,0,
S-019495,Web,1,1,0,0,payment_fail
S-019496,App,1,1,0,0,changed_mind
S-019497,Web,1,1,1,1,
S-019498,Web,1,1,1,1,
S-019499,App,1,1,0,0,stock_out
S-019500,Web,1,1,1,1,
S-019501,Web,1,1,0,0,checkout_friction
S-019502,Store,1,1,1,1,
S-019503,Web,1,1,1,1,
S-019504,App,1,0,0,0,
S-019505,Web,1,1,0,0,payment_fail
S-019506,Web,1,1,0,0,checkout_friction
S-019507,App,1,1,1,1,
S-019508,Web,1,1,1,1,
S-019509,Web,1,1,1,1,
S-019510,App,1,1,0,0,stock_out
S-019511,Web,1,1,0,0,shipping_cost
S-019512,Web,1,0,0,0,
S-019513,App,1,1,1,1,
S-019514,Web,1,0,0,0,
S-019515,App,1,1,0,0,payment_fail
S-019516,App,1,1,1,1,
S-019517,Web,1,1,0,0,shipping_cost
S-019518,App,1,1,1,1,
S-019519,Web,1,1,1,1,
S-019520,App,1,1,1,1,
S-019521,App,1,0,0,0,
S-019522,App,1,0,0,0,
S-019523,Web,1,1,0,0,checkout_friction
S-019524,Web,1,1,0,0,shipping_cost
S-019525,App,1,1,1,1,
S-019526,Web,1,0,0,0,
S-019527,Web,1,1,1,1,
S-019528,Web,1,0,0,0,
S-019529,Web,1,1,1,1,
S-019530,Web,1,0,0,0,
S-019531,Store,1,1,1,1,
S-019532,App,1,1,1,1,
S-019533,App,1,1,1,1,
S-019534,Web,1,1,0,0,shipping_cost
S-019535,App,1,0,0,0,
S-019536,Web,1,0,0,0,
S-019537,Web,1,1,1,1,
S-019538,App,1,1,1,1,
S-019539,App,1,1,1,1,
S-019540,Web,1,1,1,1,
S-019541,Web,1,1,0,0,stock_out
S-019542,Web,1,1,0,0,checkout_friction
S-019543,App,1,0,0,0,
S-019544,Web,1,1,0,0,changed_mind
S-019545,Web,1,0,0,0,
S-019546,Web,1,1,0,0,stock_out
S-019547,App,1,0,0,0,
S-019548,App,1,1,1,1,
S-019549,App,1,1,1,1,
S-019550,Web,1,1,0,0,payment_fail
S-019551,Web,1,0,0,0,
S-019552,Web,1,1,1,1,
S-019553,Web,1,1,1,1,
S-019554,App,1,1,1,1,
S-019555,App,1,1,1,1,
S-019556,App,1,1,1,1,
S-019557,App,1,0,0,0,
S-019558,Web,1,1,0,0,checkout_friction
S-019559,App,1,1,0,0,payment_fail
S-019560,Web,1,0,0,0,
S-019561,Web,1,0,0,0,
S-019562,App,1,1,1,1,
S-019563,Web,1,1,0,0,payment_fail
S-019564,Web,1,1,0,0,checkout_friction
S-019565,Web,1,1,0,0,payment_fail
S-019566,App,1,0,0,0,
S-019567,Web,1,1,1,1,
S-019568,Web,1,1,0,0,payment_fail
S-019569,App,1,1,0,0,changed_mind
S-019570,Web,1,1,1,1,
S-019571,App,1,1,1,1,
S-019572,Web,1,1,0,0,shipping_cost
S-019573,App,1,0,0,0,
S-019574,Web,1,1,0,0,payment_fail
S-019575,Web,1,1,0,0,changed_mind
S-019576,Web,1,1,1,1,
S-019577,App,1,0,0,0,
S-019578,Web,1,0,0,0,
S-019579,Web,1,1,1,1,
S-019580,Web,1,1,0,0,stock_out
S-019581,Web,1,1,0,0,stock_out
S-019582,Web,1,1,1,1,
S-019583,Web,1,1,1,1,
S-019584,App,1,0,0,0,
S-019585,Web,1,1,1,1,
S-019586,App,1,1,0,0,payment_fail
S-019587,Web,1,1,0,0,changed_mind
S-019588,Web,1,1,0,0,stock_out
S-019589,App,1,0,0,0,
S-019590,Store,1,0,0,0,
S-019591,App,1,1,1,1,
S-019592,Web,1,1,0,0,payment_fail
S-019593,App,1,1,1,1,
S-019594,App,1,1,0,0,payment_fail
S-019595,App,1,0,0,0,
S-019596,Web,1,0,0,0,
S-019597,Web,1,1,1,1,
S-019598,App,1,1,0,0,payment_fail
S-019599,Web,1,0,0,0,
S-019600,Web,1,1,1,1,
S-019601,Web,1,1,0,0,changed_mind
S-019602,Web,1,0,0,0,
S-019603,Store,1,1,1,1,
S-019604,Web,1,1,0,0,payment_fail
S-019605,Web,1,1,0,0,stock_out
S-019606,App,1,0,0,0,
S-019607,Web,1,1,0,0,checkout_friction
S-019608,Web,1,1,1,1,
S-019609,Web,1,1,0,0,payment_fail
S-019610,Web,1,1,1,1,
S-019611,App,1,1,1,1,
S-019612,App,1,0,0,0,
S-019613,App,1,1,1,1,
S-019614,Web,1,1,0,0,changed_mind
S-019615,App,1,1,0,0,payment_fail
S-019616,App,1,0,0,0,
S-019617,Store,1,1,1,1,
S-019618,Web,1,1,1,1,
S-019619,Web,1,1,1,1,
S-019620,App,1,1,0,0,payment_fail
S-019621,Web,1,1,0,0,stock_out
S-019622,App,1,1,1,1,
S-019623,App,1,0,0,0,
S-019624,Web,1,0,0,0,
S-019625,App,1,0,0,0,
S-019626,Web,1,1,0,0,shipping_cost
S-019627,App,1,1,0,0,checkout_friction
S-019628,App,1,1,1,1,
S-019629,Web,1,1,0,0,changed_mind
S-019630,Web,1,1,1,1,
S-019631,App,1,1,1,1,
S-019632,App,1,1,0,0,payment_fail
S-019633,App,1,0,0,0,
S-019634,Web,1,1,0,0,shipping_cost
S-019635,Web,1,0,0,0,
S-019636,App,1,1,0,0,payment_fail
S-019637,Web,1,1,1,1,
S-019638,Web,1,1,0,0,checkout_friction
S-019639,App,1,1,1,1,
S-019640,Web,1,1,1,1,
S-019641,Store,1,0,0,0,
S-019642,App,1,1,1,1,
S-019643,Web,1,1,0,0,changed_mind
S-019644,Web,1,1,0,0,shipping_cost
S-019645,Web,1,1,0,0,changed_mind
S-019646,Web,1,0,0,0,
S-019647,App,1,1,0,0,changed_mind
S-019648,Web,1,1,0,0,stock_out
S-019649,Store,1,1,0,0,payment_fail
S-019650,Web,1,0,0,0,
S-019651,Web,1,1,1,1,
S-019652,Web,1,0,0,0,
S-019653,App,1,1,1,1,
S-019654,App,1,1,1,1,
S-019655,Store,1,0,0,0,
S-019656,App,1,1,0,0,payment_fail
S-019657,Web,1,1,0,0,payment_fail
S-019658,Store,1,1,1,1,
S-019659,App,1,0,0,0,
S-019660,Web,1,1,1,1,
S-019661,Web,1,0,0,0,
S-019662,App,1,1,0,0,shipping_cost
S-019663,Web,1,1,1,1,
S-019664,Web,1,1,1,1,
S-019665,Web,1,1,0,0,shipping_cost
S-019666,App,1,1,1,1,
S-019667,Web,1,1,1,1,
S-019668,Web,1,0,0,0,
S-019669,App,1,0,0,0,
S-019670,App,1,1,0,0,payment_fail
S-019671,Web,1,1,1,1,
S-019672,App,1,1,1,1,
S-019673,Web,1,0,0,0,
S-019674,Web,1,1,1,1,
S-019675,App,1,1,0,0,shipping_cost
S-019676,Web,1,1,1,1,
S-019677,Web,1,1,0,0,shipping_cost
S-019678,Web,1,0,0,0,
S-019679,Web,1,1,1,1,
S-019680,Web,1,1,1,1,
S-019681,App,1,1,1,1,
S-019682,App,1,1,0,0,payment_fail
S-019683,Web,1,1,1,1,
S-019684,Web,1,1,1,1,
S-019685,Web,1,0,0,0,
S-019686,Web,1,1,1,1,
S-019687,Web,1,1,1,1,
S-019688,Web,1,1,0,0,checkout_friction
S-019689,Web,1,0,0,0,
S-019690,App,1,0,0,0,
S-019691,Web,1,0,0,0,
S-019692,App,1,1,0,0,changed_mind
S-019693,Web,1,1,1,1,
S-019694,App,1,1,1,1,
S-019695,Web,1,1,0,0,shipping_cost
S-019696,Web,1,0,0,0,
S-019697,Web,1,0,0,0,
S-019698,App,1,0,0,0,
S-019699,Web,1,1,0,0,changed_mind
S-019700,Web,1,0,0,0,
S-019701,Web,1,1,0,0,shipping_cost
S-019702,Web,1,1,1,1,
S-019703,Web,1,1,0,0,checkout_friction
S-019704,Web,1,1,1,1,
S-019705,Web,1,0,0,0,
S-019706,App,1,1,0,0,changed_mind
S-019707,App,1,1,0,0,shipping_cost
S-019708,App,1,1,1,1,
S-019709,App,1,0,0,0,
S-019710,Web,1,0,0,0,
S-019711,App,1,0,0,0,
S-019712,App,1,0,0,0,
S-019713,Web,1,1,1,1,
S-019714,Web,1,1,0,0,checkout_friction
S-019715,App,1,0,0,0,
S-019716,Web,1,0,0,0,
S-019717,Web,1,1,0,0,stock_out
S-019718,App,1,1,1,1,
S-019719,Web,1,1,1,1,
S-019720,App,1,1,1,1,
S-019721,Store,1,1,1,1,
S-019722,Store,1,1,1,1,
S-019723,App,1,1,0,0,stock_out
S-019724,App,1,1,0,0,payment_fail
S-019725,Web,1,1,0,0,payment_fail
S-019726,App,1,1,1,1,
S-019727,App,1,1,1,1,
S-019728,App,1,1,1,1,
S-019729,Web,1,0,0,0,
S-019730,Web,1,1,0,0,changed_mind
S-019731,Web,1,1,1,1,
S-019732,App,1,1,1,1,
S-019733,Store,1,0,0,0,
S-019734,Web,1,1,1,1,
S-019735,Web,1,1,0,0,shipping_cost
S-019736,Web,1,1,0,0,changed_mind
S-019737,Web,1,0,0,0,
S-019738,App,1,1,1,1,
S-019739,Web,1,0,0,0,
S-019740,Store,1,1,0,0,stock_out
S-019741,Web,1,1,1,1,
S-019742,Store,1,1,0,0,shipping_cost
S-019743,Store,1,1,0,0,shipping_cost
S-019744,Store,1,1,0,0,shipping_cost
S-019745,App,1,0,0,0,
S-019746,Web,1,1,1,1,
S-019747,App,1,0,0,0,
S-019748,Web,1,1,0,0,payment_fail
S-019749,Store,1,1,1,1,
S-019750,Web,1,1,0,0,changed_mind
S-019751,Web,1,1,0,0,stock_out
S-019752,Web,1,1,0,0,shipping_cost
S-019753,Web,1,1,0,0,stock_out
S-019754,Web,1,1,1,1,
S-019755,Web,1,1,0,0,changed_mind
S-019756,Web,1,1,0,0,stock_out
S-019757,App,1,0,0,0,
S-019758,Web,1,0,0,0,
S-019759,App,1,1,0,0,payment_fail
S-019760,Web,1,1,1,1,
S-019761,Web,1,0,0,0,
S-019762,Web,1,0,0,0,
S-019763,Web,1,0,0,0,
S-019764,App,1,1,0,0,stock_out
S-019765,Store,1,1,0,0,stock_out
S-019766,Web,1,1,1,1,
S-019767,Web,1,1,1,1,
S-019768,Web,1,0,0,0,
S-019769,Web,1,1,1,1,
S-019770,App,1,1,0,0,payment_fail
S-019771,Web,1,0,0,0,
S-019772,App,1,1,1,1,
S-019773,Web,1,1,1,1,
S-019774,App,1,1,0,0,changed_mind
S-019775,Web,1,0,0,0,
S-019776,Web,1,1,0,0,checkout_friction
S-019777,Web,1,1,1,1,
S-019778,Web,1,1,0,0,payment_fail
S-019779,Web,1,1,1,1,
S-019780,App,1,1,1,1,
S-019781,Web,1,1,0,0,stock_out
S-019782,Web,1,1,0,0,checkout_friction
S-019783,App,1,1,0,0,checkout_friction
S-019784,Store,1,1,0,0,shipping_cost
S-019785,Store,1,1,1,1,
S-019786,App,1,1,1,1,
S-019787,Web,1,1,1,1,
S-019788,App,1,1,1,1,
S-019789,Store,1,1,0,0,changed_mind
S-019790,App,1,1,0,0,checkout_friction
S-019791,App,1,0,0,0,
S-019792,Store,1,1,1,1,
S-019793,Web,1,1,0,0,changed_mind
S-019794,Store,1,1,0,0,payment_fail
S-019795,Web,1,1,0,0,payment_fail
S-019796,Web,1,1,1,1,
S-019797,Web,1,1,0,0,stock_out
S-019798,App,1,1,1,1,
S-019799,App,1,1,1,1,
S-019800,App,1,0,0,0,
S-019801,Web,1,1,0,0,shipping_cost
S-019802,App,1,1,0,0,payment_fail
S-019803,Web,1,1,1,1,
S-019804,App,1,1,1,1,
S-019805,Web,1,1,0,0,shipping_cost
S-019806,Web,1,1,1,1,
S-019807,App,1,0,0,0,
S-019808,Web,1,1,0,0,stock_out
S-019809,App,1,1,1,1,
S-019810,App,1,1,1,1,
S-019811,Web,1,0,0,0,
S-019812,Web,1,1,1,1,
S-019813,App,1,0,0,0,
S-019814,Web,1,0,0,0,
S-019815,App,1,1,0,0,shipping_cost
S-019816,Web,1,0,0,0,
S-019817,App,1,0,0,0,
S-019818,Store,1,1,0,0,checkout_friction
S-019819,App,1,0,0,0,
S-019820,Web,1,1,1,1,
S-019821,Web,1,1,1,1,
S-019822,Store,1,1,1,1,
S-019823,Store,1,1,0,0,stock_out
S-019824,Store,1,1,1,1,
S-019825,Web,1,1,0,0,checkout_friction
S-019826,App,1,1,1,1,
S-019827,Web,1,0,0,0,
S-019828,Store,1,1,1,1,
S-019829,Web,1,1,0,0,checkout_friction
S-019830,App,1,0,0,0,
S-019831,Web,1,1,0,0,payment_fail
S-019832,App,1,1,1,1,
S-019833,Web,1,0,0,0,
S-019834,Store,1,1,0,0,changed_mind
S-019835,Web,1,1,1,1,
S-019836,Web,1,1,1,1,
S-019837,Web,1,1,1,1,
S-019838,Web,1,1,1,1,
S-019839,Web,1,0,0,0,
S-019840,Store,1,1,1,1,
S-019841,Web,1,0,0,0,
S-019842,Store,1,1,0,0,payment_fail
S-019843,Web,1,1,0,0,checkout_friction
S-019844,App,1,1,0,0,payment_fail
S-019845,Web,1,1,0,0,changed_mind
S-019846,App,1,1,1,1,
S-019847,Web,1,0,0,0,
S-019848,Web,1,1,1,1,
S-019849,App,1,1,0,0,stock_out
S-019850,App,1,1,1,1,
S-019851,Web,1,1,1,1,
S-019852,Store,1,0,0,0,
S-019853,Web,1,1,0,0,payment_fail
S-019854,Store,1,1,1,1,
S-019855,Web,1,1,1,1,
S-019856,Web,1,1,0,0,stock_out
S-019857,App,1,1,0,0,payment_fail
S-019858,Web,1,1,0,0,shipping_cost
S-019859,Web,1,1,1,1,
S-019860,Web,1,1,0,0,shipping_cost
S-019861,App,1,0,0,0,
S-019862,App,1,1,0,0,shipping_cost
S-019863,App,1,0,0,0,
S-019864,App,1,0,0,0,
S-019865,App,1,1,0,0,changed_mind
S-019866,Web,1,1,1,1,
S-019867,Store,1,0,0,0,
S-019868,Web,1,1,0,0,checkout_friction
S-019869,Web,1,1,0,0,shipping_cost
S-019870,Web,1,1,0,0,changed_mind
S-019871,Web,1,1,1,1,
S-019872,Web,1,1,1,1,
S-019873,Web,1,1,0,0,checkout_friction
S-019874,Web,1,0,0,0,
S-019875,Store,1,1,1,1,
S-019876,Web,1,0,0,0,
S-019877,App,1,1,1,1,
S-019878,Web,1,1,1,1,
S-019879,App,1,0,0,0,
S-019880,Web,1,1,0,0,stock_out
S-019881,Web,1,0,0,0,
S-019882,Web,1,0,0,0,
S-019883,Store,1,0,0,0,
S-019884,App,1,1,1,1,
S-019885,Web,1,1,1,1,
S-019886,Web,1,0,0,0,
S-019887,Web,1,1,0,0,payment_fail
S-019888,App,1,1,1,1,
S-019889,App,1,0,0,0,
S-019890,App,1,1,0,0,checkout_friction
S-019891,Web,1,1,1,1,
S-019892,Web,1,1,1,1,
S-019893,App,1,1,1,1,
S-019894,App,1,1,1,1,
S-019895,Web,1,1,1,1,
S-019896,App,1,1,0,0,payment_fail
S-019897,Store,1,0,0,0,
S-019898,Web,1,1,0,0,changed_mind
S-019899,Web,1,1,1,1,
S-019900,App,1,1,0,0,changed_mind
S-019901,Web,1,0,0,0,
S-019902,App,1,1,1,1,
S-019903,Web,1,0,0,0,
S-019904,App,1,0,0,0,
S-019905,Web,1,1,1,1,
S-019906,App,1,1,1,1,
S-019907,App,1,1,0,0,stock_out
S-019908,App,1,1,0,0,payment_fail
S-019909,App,1,0,0,0,
S-019910,Web,1,1,1,1,
S-019911,App,1,0,0,0,
S-019912,App,1,1,0,0,payment_fail
S-019913,App,1,1,1,1,
S-019914,App,1,1,0,0,stock_out
S-019915,Web,1,1,0,0,payment_fail
S-019916,Web,1,1,1,1,
S-019917,App,1,1,1,1,
S-019918,Web,1,0,0,0,
S-019919,App,1,1,1,1,
S-019920,App,1,1,1,1,
S-019921,Web,1,0,0,0,
S-019922,App,1,1,1,1,
S-019923,App,1,1,0,0,shipping_cost
S-019924,Web,1,1,1,1,
S-019925,App,1,1,1,1,
S-019926,Web,1,1,0,0,stock_out
S-019927,App,1,1,0,0,changed_mind
S-019928,App,1,1,0,0,payment_fail
S-019929,Web,1,1,1,1,
S-019930,Web,1,1,1,1,
S-019931,App,1,1,1,1,
S-019932,App,1,1,1,1,
S-019933,Web,1,1,1,1,
S-019934,Web,1,1,1,1,
S-019935,Store,1,1,0,0,shipping_cost
S-019936,App,1,0,0,0,
S-019937,App,1,0,0,0,
S-019938,Web,1,1,1,1,
S-019939,Web,1,1,0,0,checkout_friction
S-019940,Web,1,1,0,0,shipping_cost
S-019941,App,1,1,0,0,payment_fail
S-019942,Web,1,1,0,0,payment_fail
S-019943,App,1,1,0,0,shipping_cost
S-019944,App,1,0,0,0,
S-019945,App,1,1,1,1,
S-019946,App,1,0,0,0,
S-019947,App,1,0,0,0,
S-019948,Web,1,1,1,1,
S-019949,Web,1,1,0,0,checkout_friction
S-019950,App,1,1,0,0,shipping_cost
S-019951,Web,1,1,1,1,
S-019952,Store,1,1,0,0,payment_fail
S-019953,Web,1,0,0,0,
S-019954,Web,1,1,0,0,changed_mind
S-019955,Web,1,1,1,1,
S-019956,Web,1,0,0,0,
S-019957,Web,1,1,1,1,
S-019958,App,1,1,0,0,payment_fail
S-019959,Web,1,1,0,0,payment_fail
S-019960,App,1,0,0,0,
S-019961,Web,1,1,0,0,checkout_friction
S-019962,Web,1,1,1,1,
S-019963,Store,1,1,1,1,
S-019964,Web,1,1,1,1,
S-019965,App,1,0,0,0,
S-019966,App,1,0,0,0,
S-019967,Store,1,0,0,0,
S-019968,Store,1,1,1,1,
S-019969,Store,1,0,0,0,
S-019970,App,1,1,0,0,stock_out
S-019971,Web,1,1,0,0,payment_fail
S-019972,App,1,1,0,0,shipping_cost
S-019973,Web,1,1,0,0,payment_fail
S-019974,Web,1,1,0,0,payment_fail
S-019975,App,1,0,0,0,
S-019976,Web,1,1,1,1,
S-019977,Web,1,1,0,0,changed_mind
S-019978,App,1,1,0,0,changed_mind
S-019979,Web,1,1,1,1,
S-019980,Store,1,1,1,1,
S-019981,Web,1,0,0,0,
S-019982,App,1,0,0,0,
S-019983,Web,1,1,0,0,stock_out
S-019984,App,1,1,1,1,
S-019985,Store,1,1,0,0,checkout_friction
S-019986,Web,1,1,1,1,
S-019987,App,1,1,1,1,
S-019988,App,1,1,0,0,payment_fail
S-019989,Web,1,1,0,0,checkout_friction
S-019990,Web,1,1,1,1,
S-019991,App,1,0,0,0,
S-019992,App,1,1,1,1,
S-019993,App,1,1,1,1,
S-019994,App,1,1,0,0,changed_mind
S-019995,App,1,1,1,1,
S-019996,Store,1,1,1,1,
S-019997,Web,1,1,1,1,
S-019998,Web,1,1,0,0,payment_fail
S-019999,Web,1,0,0,0,
S-020000,Web,1,1,1,1,
S-020001,App,1,1,1,1,
S-020002,App,1,1,1,1,
S-020003,Web,1,1,0,0,stock_out
S-020004,Web,1,1,0,0,payment_fail
S-020005,Web,1,1,0,0,changed_mind
S-020006,Web,1,1,1,1,
S-020007,Web,1,1,0,0,stock_out
S-020008,App,1,1,0,0,payment_fail
S-020009,App,1,0,0,0,
S-020010,Web,1,0,0,0,
S-020011,App,1,0,0,0,
S-020012,Web,1,1,0,0,checkout_friction
S-020013,App,1,1,1,1,
S-020014,Web,1,1,1,1,
S-020015,App,1,0,0,0,
S-020016,Web,1,1,0,0,payment_fail
S-020017,App,1,1,1,1,
S-020018,Web,1,1,1,1,
S-020019,Web,1,0,0,0,
S-020020,Store,1,1,0,0,stock_out
S-020021,Web,1,1,1,1,
S-020022,Web,1,1,0,0,payment_fail
S-020023,Web,1,1,0,0,payment_fail
S-020024,Web,1,1,1,1,
S-020025,App,1,0,0,0,
S-020026,App,1,0,0,0,
S-020027,App,1,1,1,1,
S-020028,Web,1,1,0,0,shipping_cost
S-020029,Web,1,1,1,1,
S-020030,App,1,1,1,1,
S-020031,Web,1,1,0,0,checkout_friction
S-020032,App,1,1,1,1,
S-020033,Web,1,1,0,0,payment_fail
S-020034,App,1,1,0,0,checkout_friction
S-020035,Web,1,0,0,0,
S-020036,Web,1,0,0,0,
S-020037,Web,1,1,1,1,
S-020038,App,1,0,0,0,
S-020039,Web,1,1,0,0,payment_fail
S-020040,Store,1,1,0,0,shipping_cost
S-020041,Web,1,1,0,0,shipping_cost
S-020042,Web,1,0,0,0,
S-020043,App,1,1,0,0,payment_fail
S-020044,Store,1,0,0,0,
S-020045,Web,1,1,1,1,
S-020046,App,1,1,1,1,
S-020047,App,1,1,1,1,
S-020048,App,1,1,0,0,checkout_friction
S-020049,Store,1,0,0,0,
S-020050,Web,1,1,0,0,shipping_cost
S-020051,App,1,1,1,1,
S-020052,App,1,1,1,1,
S-020053,Web,1,1,0,0,changed_mind
S-020054,Web,1,1,1,1,
S-020055,Web,1,0,0,0,
S-020056,Web,1,1,0,0,changed_mind
S-020057,Web,1,1,1,1,
S-020058,Web,1,0,0,0,
S-020059,App,1,0,0,0,
S-020060,App,1,1,1,1,
S-020061,Web,1,0,0,0,
S-020062,Web,1,1,1,1,
S-020063,App,1,0,0,0,
S-020064,Web,1,0,0,0,
S-020065,Store,1,1,0,0,changed_mind
S-020066,Web,1,1,1,1,
S-020067,Web,1,0,0,0,
S-020068,App,1,0,0,0,
S-020069,Web,1,0,0,0,
S-020070,Web,1,0,0,0,
S-020071,Web,1,0,0,0,
S-020072,Web,1,0,0,0,
S-020073,Web,1,0,0,0,
S-020074,Store,1,1,0,0,changed_mind
S-020075,Web,1,0,0,0,
S-020076,Store,1,1,0,0,checkout_friction
S-020077,Web,1,1,1,1,
S-020078,Web,1,1,1,1,
S-020079,App,1,0,0,0,
S-020080,App,1,1,1,1,
S-020081,App,1,1,1,1,
S-020082,Web,1,0,0,0,
S-020083,Web,1,1,0,0,changed_mind
S-020084,Web,1,1,1,1,
S-020085,App,1,1,1,1,
S-020086,Web,1,1,1,1,
S-020087,App,1,1,1,1,
S-020088,App,1,1,1,1,
S-020089,App,1,0,0,0,
S-020090,Store,1,0,0,0,
S-020091,Web,1,1,1,1,
S-020092,Web,1,0,0,0,
S-020093,Web,1,1,0,0,changed_mind
S-020094,App,1,1,0,0,changed_mind
S-020095,App,1,1,1,1,
S-020096,App,1,1,1,1,
S-020097,App,1,0,0,0,
S-020098,Store,1,1,1,1,
S-020099,Web,1,1,0,0,changed_mind
S-020100,Web,1,0,0,0,
S-020101,Web,1,1,0,0,shipping_cost
S-020102,App,1,1,1,1,
S-020103,Web,1,1,0,0,changed_mind
S-020104,App,1,0,0,0,
S-020105,Web,1,1,0,0,shipping_cost
S-020106,App,1,1,1,1,
S-020107,App,1,0,0,0,
S-020108,App,1,1,1,1,
S-020109,Store,1,1,1,1,
S-020110,Web,1,1,1,1,
S-020111,App,1,1,1,1,
S-020112,App,1,0,0,0,
S-020113,App,1,1,0,0,stock_out
S-020114,App,1,1,0,0,checkout_friction
S-020115,App,1,0,0,0,
S-020116,Web,1,0,0,0,
S-020117,Web,1,0,0,0,
S-020118,App,1,1,1,1,
S-020119,Web,1,1,1,1,
S-020120,Web,1,0,0,0,
S-020121,App,1,0,0,0,
S-020122,Web,1,1,0,0,checkout_friction
S-020123,Store,1,1,1,1,
S-020124,App,1,1,1,1,
S-020125,App,1,0,0,0,
S-020126,App,1,1,1,1,
S-020127,Web,1,1,0,0,stock_out
S-020128,Web,1,0,0,0,
S-020129,Web,1,1,1,1,
S-020130,Web,1,1,0,0,changed_mind
S-020131,Web,1,1,1,1,
S-020132,App,1,0,0,0,
S-020133,App,1,1,1,1,
S-020134,App,1,1,1,1,
S-020135,Web,1,1,0,0,stock_out
S-020136,App,1,1,1,1,
S-020137,App,1,1,1,1,
S-020138,App,1,1,0,0,payment_fail
S-020139,Store,1,1,0,0,shipping_cost
S-020140,App,1,1,0,0,payment_fail
S-020141,Web,1,1,0,0,payment_fail
S-020142,App,1,1,0,0,checkout_friction
S-020143,Web,1,1,0,0,checkout_friction
S-020144,Store,1,1,1,1,
S-020145,Web,1,0,0,0,
S-020146,Store,1,1,0,0,changed_mind
S-020147,App,1,0,0,0,
S-020148,Web,1,1,1,1,
S-020149,App,1,0,0,0,
S-020150,App,1,1,1,1,
S-020151,App,1,1,1,1,
S-020152,Web,1,1,1,1,
S-020153,Web,1,0,0,0,
S-020154,Web,1,0,0,0,
S-020155,Store,1,1,1,1,
S-020156,Web,1,1,0,0,payment_fail
S-020157,Web,1,1,1,1,
S-020158,App,1,0,0,0,
S-020159,Store,1,1,0,0,changed_mind
S-020160,Web,1,0,0,0,
S-020161,App,1,1,1,1,
S-020162,Web,1,1,1,1,
S-020163,Web,1,1,1,1,
S-020164,Web,1,1,0,0,shipping_cost
S-020165,Web,1,0,0,0,
S-020166,App,1,1,0,0,stock_out
S-020167,Web,1,1,1,1,
S-020168,Web,1,1,1,1,
S-020169,Store,1,1,1,1,
S-020170,App,1,0,0,0,
S-020171,App,1,1,1,1,
S-020172,Web,1,1,1,1,
S-020173,Store,1,1,0,0,checkout_friction
S-020174,Web,1,1,0,0,shipping_cost
S-020175,Web,1,1,1,1,
S-020176,Web,1,1,1,1,
S-020177,Web,1,1,0,0,payment_fail
S-020178,Store,1,0,0,0,
S-020179,App,1,1,1,1,
S-020180,Web,1,0,0,0,
S-020181,App,1,1,0,0,payment_fail
S-020182,Store,1,1,0,0,payment_fail
S-020183,Store,1,1,0,0,shipping_cost
S-020184,Web,1,0,0,0,
S-020185,Web,1,1,0,0,payment_fail
S-020186,Store,1,1,1,1,
S-020187,App,1,1,0,0,payment_fail
S-020188,Web,1,1,0,0,payment_fail
S-020189,Web,1,1,1,1,
S-020190,App,1,1,1,1,
S-020191,Web,1,1,1,1,
S-020192,App,1,0,0,0,
S-020193,Web,1,1,1,1,
S-020194,Web,1,1,1,1,
S-020195,Web,1,1,0,0,payment_fail
S-020196,Web,1,1,0,0,stock_out
S-020197,App,1,0,0,0,
S-020198,App,1,1,0,0,payment_fail
S-020199,App,1,1,0,0,checkout_friction
S-020200,Web,1,1,1,1,
S-020201,App,1,1,0,0,payment_fail
S-020202,Web,1,1,1,1,
S-020203,Web,1,0,0,0,
S-020204,App,1,1,1,1,
S-020205,Web,1,1,1,1,
S-020206,Web,1,0,0,0,
S-020207,App,1,1,1,1,
S-020208,Store,1,0,0,0,
S-020209,App,1,1,0,0,payment_fail
S-020210,App,1,1,0,0,payment_fail
S-020211,Web,1,1,1,1,
S-020212,Web,1,1,1,1,
S-020213,App,1,1,0,0,stock_out
S-020214,App,1,1,0,0,payment_fail
S-020215,Store,1,1,1,1,
S-020216,Web,1,1,1,1,
S-020217,Store,1,1,1,1,
S-020218,Web,1,1,1,1,
S-020219,Web,1,0,0,0,
S-020220,Web,1,0,0,0,
S-020221,App,1,1,0,0,changed_mind
S-020222,Web,1,1,1,1,
S-020223,Web,1,1,0,0,payment_fail
S-020224,App,1,1,1,1,
S-020225,App,1,1,0,0,checkout_friction
S-020226,Web,1,1,1,1,
S-020227,App,1,1,0,0,payment_fail
S-020228,Web,1,0,0,0,
S-020229,App,1,1,0,0,shipping_cost
S-020230,Web,1,1,1,1,
S-020231,App,1,0,0,0,
S-020232,Web,1,1,0,0,checkout_friction
S-020233,Store,1,1,1,1,
S-020234,App,1,0,0,0,
S-020235,App,1,1,0,0,payment_fail
S-020236,Web,1,0,0,0,
S-020237,Store,1,1,0,0,payment_fail
S-020238,App,1,1,1,1,
S-020239,Web,1,0,0,0,
S-020240,App,1,0,0,0,
S-020241,App,1,1,1,1,
S-020242,Store,1,0,0,0,
S-020243,App,1,1,1,1,
S-020244,App,1,0,0,0,
S-020245,Web,1,0,0,0,
S-020246,Web,1,0,0,0,
S-020247,Web,1,1,0,0,stock_out
S-020248,Web,1,0,0,0,
S-020249,Web,1,1,1,1,
S-020250,Store,1,0,0,0,
S-020251,Web,1,1,0,0,payment_fail
S-020252,Web,1,1,0,0,payment_fail
S-020253,Web,1,1,0,0,shipping_cost
S-020254,Web,1,1,1,1,
S-020255,App,1,1,0,0,payment_fail
S-020256,App,1,1,0,0,checkout_friction
S-020257,Web,1,0,0,0,
S-020258,Web,1,1,1,1,
S-020259,App,1,1,1,1,
S-020260,Web,1,1,0,0,changed_mind
S-020261,Web,1,1,1,1,
S-020262,Web,1,1,1,1,
S-020263,Web,1,1,1,1,
S-020264,App,1,1,0,0,changed_mind
S-020265,App,1,0,0,0,
S-020266,Web,1,1,0,0,payment_fail
S-020267,Store,1,0,0,0,
S-020268,Web,1,1,0,0,changed_mind
S-020269,Store,1,1,1,1,
S-020270,Store,1,1,1,1,
S-020271,Web,1,1,1,1,
S-020272,App,1,1,1,1,
S-020273,Web,1,0,0,0,
S-020274,Web,1,1,1,1,
S-020275,App,1,1,1,1,
S-020276,Web,1,0,0,0,
S-020277,Web,1,1,0,0,changed_mind
S-020278,Web,1,0,0,0,
S-020279,App,1,1,0,0,payment_fail
S-020280,Web,1,1,0,0,checkout_friction
S-020281,Store,1,0,0,0,
S-020282,Web,1,0,0,0,
S-020283,Web,1,1,1,1,
S-020284,Web,1,1,0,0,changed_mind
S-020285,Web,1,1,1,1,
S-020286,Web,1,1,1,1,
S-020287,App,1,0,0,0,
S-020288,App,1,0,0,0,
S-020289,App,1,0,0,0,
S-020290,App,1,1,1,1,
S-020291,Web,1,0,0,0,
S-020292,Web,1,1,1,1,
S-020293,Web,1,0,0,0,
S-020294,Web,1,1,0,0,stock_out
S-020295,Web,1,1,0,0,payment_fail
S-020296,App,1,1,1,1,
S-020297,Web,1,1,0,0,payment_fail
S-020298,App,1,1,1,1,
S-020299,Web,1,1,0,0,stock_out
S-020300,App,1,1,0,0,stock_out
S-020301,App,1,1,1,1,
S-020302,Store,1,1,0,0,shipping_cost
S-020303,Web,1,1,1,1,
S-020304,Store,1,1,0,0,payment_fail
S-020305,Web,1,1,1,1,
S-020306,Web,1,1,0,0,stock_out
S-020307,Web,1,1,1,1,
S-020308,Web,1,1,1,1,
S-020309,App,1,0,0,0,
S-020310,App,1,0,0,0,
S-020311,App,1,0,0,0,
S-020312,Web,1,1,1,1,
S-020313,Web,1,1,0,0,payment_fail
S-020314,Store,1,0,0,0,
S-020315,App,1,1,0,0,shipping_cost
S-020316,App,1,1,1,1,
S-020317,App,1,0,0,0,
S-020318,Web,1,1,0,0,changed_mind
S-020319,Web,1,1,1,1,
S-020320,Web,1,0,0,0,
S-020321,App,1,1,1,1,
S-020322,App,1,1,0,0,payment_fail
S-020323,App,1,1,1,1,
S-020324,Web,1,0,0,0,
S-020325,Web,1,1,0,0,payment_fail
S-020326,Web,1,1,1,1,
S-020327,Web,1,0,0,0,
S-020328,Web,1,1,1,1,
S-020329,Web,1,0,0,0,
S-020330,Store,1,1,1,1,
S-020331,Web,1,1,0,0,payment_fail
S-020332,Web,1,0,0,0,
S-020333,App,1,1,0,0,checkout_friction
S-020334,App,1,1,1,1,
S-020335,Web,1,1,1,1,
S-020336,Web,1,1,0,0,shipping_cost
S-020337,Web,1,1,0,0,changed_mind
S-020338,Web,1,0,0,0,
S-020339,Web,1,1,0,0,checkout_friction
S-020340,Web,1,1,0,0,changed_mind
S-020341,Web,1,1,1,1,
S-020342,Web,1,1,0,0,changed_mind
S-020343,App,1,0,0,0,
S-020344,App,1,1,0,0,changed_mind
S-020345,Web,1,0,0,0,
S-020346,App,1,1,0,0,shipping_cost
S-020347,Web,1,1,1,1,
S-020348,App,1,1,0,0,changed_mind
S-020349,App,1,1,0,0,checkout_friction
S-020350,Web,1,0,0,0,
S-020351,App,1,1,1,1,
S-020352,Web,1,1,1,1,
S-020353,App,1,1,1,1,
S-020354,Web,1,1,1,1,
S-020355,App,1,1,1,1,
S-020356,Web,1,1,1,1,
S-020357,App,1,1,1,1,
S-020358,Store,1,1,1,1,
S-020359,Store,1,0,0,0,
S-020360,App,1,1,0,0,stock_out
S-020361,Web,1,1,1,1,
S-020362,App,1,1,1,1,
S-020363,App,1,1,1,1,
S-020364,Web,1,0,0,0,
S-020365,Web,1,1,1,1,
S-020366,Web,1,0,0,0,
S-020367,App,1,1,0,0,shipping_cost
S-020368,App,1,1,1,1,
S-020369,Store,1,1,1,1,
S-020370,Web,1,1,1,1,
S-020371,Store,1,0,0,0,
S-020372,Web,1,1,1,1,
S-020373,App,1,1,0,0,shipping_cost
S-020374,Store,1,1,0,0,checkout_friction
S-020375,Web,1,1,1,1,
S-020376,App,1,1,0,0,payment_fail
S-020377,Web,1,0,0,0,
S-020378,Web,1,1,1,1,
S-020379,App,1,1,1,1,
S-020380,Web,1,0,0,0,
S-020381,Web,1,1,0,0,stock_out
S-020382,Web,1,1,0,0,payment_fail
S-020383,Web,1,1,0,0,stock_out
S-020384,Store,1,0,0,0,
S-020385,App,1,0,0,0,
S-020386,Store,1,1,0,0,stock_out
S-020387,Web,1,1,0,0,shipping_cost
S-020388,App,1,1,1,1,
S-020389,Web,1,1,1,1,
S-020390,Store,1,1,0,0,payment_fail
S-020391,Web,1,0,0,0,
S-020392,App,1,1,0,0,stock_out
S-020393,App,1,1,1,1,
S-020394,Web,1,1,1,1,
S-020395,Web,1,1,1,1,
S-020396,Web,1,1,0,0,shipping_cost
S-020397,App,1,1,1,1,
S-020398,App,1,1,0,0,shipping_cost
S-020399,App,1,1,0,0,changed_mind
S-020400,Web,1,0,0,0,
S-020401,App,1,1,1,1,
S-020402,App,1,0,0,0,
S-020403,Web,1,1,1,1,
S-020404,Web,1,1,1,1,
S-020405,Web,1,1,0,0,shipping_cost
S-020406,App,1,0,0,0,
S-020407,App,1,1,1,1,
S-020408,App,1,0,0,0,
S-020409,Web,1,1,0,0,changed_mind
S-020410,Web,1,1,1,1,
S-020411,App,1,1,1,1,
S-020412,Web,1,0,0,0,
S-020413,Web,1,1,0,0,payment_fail
S-020414,App,1,1,0,0,shipping_cost
S-020415,Web,1,1,1,1,
S-020416,App,1,1,0,0,checkout_friction
S-020417,App,1,1,1,1,
S-020418,App,1,1,1,1,
S-020419,Web,1,0,0,0,
S-020420,Web,1,1,0,0,payment_fail
S-020421,Web,1,0,0,0,
S-020422,Web,1,1,1,1,
S-020423,Web,1,1,1,1,
S-020424,Web,1,0,0,0,
S-020425,Web,1,1,1,1,
S-020426,Web,1,0,0,0,
S-020427,Store,1,0,0,0,
S-020428,App,1,1,0,0,shipping_cost
S-020429,App,1,1,0,0,changed_mind
S-020430,Web,1,1,0,0,checkout_friction
S-020431,App,1,1,0,0,changed_mind
S-020432,App,1,0,0,0,
S-020433,Web,1,0,0,0,
S-020434,Web,1,1,1,1,
S-020435,App,1,0,0,0,
S-020436,App,1,1,0,0,stock_out
S-020437,Web,1,1,0,0,payment_fail
S-020438,Store,1,1,0,0,shipping_cost
S-020439,Web,1,0,0,0,
S-020440,Web,1,1,1,1,
S-020441,Web,1,1,1,1,
S-020442,App,1,0,0,0,
S-020443,Web,1,0,0,0,
S-020444,Web,1,1,0,0,checkout_friction
S-020445,Web,1,1,1,1,
S-020446,Store,1,1,0,0,checkout_friction
S-020447,App,1,1,0,0,changed_mind
S-020448,Web,1,0,0,0,
S-020449,App,1,1,0,0,shipping_cost
S-020450,Web,1,0,0,0,
S-020451,Web,1,1,0,0,shipping_cost
S-020452,App,1,1,0,0,payment_fail
S-020453,Web,1,0,0,0,
S-020454,Web,1,1,1,1,
S-020455,App,1,1,1,1,
S-020456,App,1,1,0,0,checkout_friction
S-020457,App,1,0,0,0,
S-020458,Web,1,1,0,0,stock_out
S-020459,Store,1,1,1,1,
S-020460,Web,1,0,0,0,
S-020461,Web,1,1,1,1,
S-020462,App,1,1,0,0,shipping_cost
S-020463,Web,1,1,1,1,
S-020464,Store,1,0,0,0,
S-020465,Web,1,1,1,1,
S-020466,Web,1,1,1,1,
S-020467,App,1,1,1,1,
S-020468,Web,1,1,1,1,
S-020469,Web,1,1,1,1,
S-020470,App,1,0,0,0,
S-020471,Store,1,0,0,0,
S-020472,Store,1,1,0,0,payment_fail
S-020473,App,1,1,0,0,shipping_cost
S-020474,App,1,1,1,1,
S-020475,Web,1,1,0,0,payment_fail
S-020476,Web,1,1,1,1,
S-020477,Web,1,1,0,0,stock_out
S-020478,Web,1,0,0,0,
S-020479,Web,1,1,0,0,changed_mind
S-020480,Web,1,1,0,0,payment_fail
S-020481,App,1,1,1,1,
S-020482,App,1,1,0,0,changed_mind
S-020483,App,1,1,0,0,checkout_friction
S-020484,App,1,1,1,1,
S-020485,Web,1,0,0,0,
S-020486,App,1,0,0,0,
S-020487,Web,1,1,1,1,
S-020488,Web,1,0,0,0,
S-020489,Web,1,1,0,0,payment_fail
S-020490,Web,1,1,0,0,shipping_cost
S-020491,App,1,1,1,1,
S-020492,App,1,1,1,1,
S-020493,App,1,0,0,0,
S-020494,App,1,1,0,0,shipping_cost
S-020495,Web,1,1,1,1,
S-020496,Web,1,0,0,0,
S-020497,App,1,1,1,1,
S-020498,Web,1,1,0,0,payment_fail
S-020499,Web,1,0,0,0,
S-020500,Web,1,1,0,0,changed_mind
S-020501,App,1,1,1,1,
S-020502,Web,1,0,0,0,
S-020503,App,1,1,1,1,
S-020504,App,1,1,0,0,changed_mind
S-020505,Web,1,1,0,0,payment_fail
S-020506,App,1,0,0,0,
S-020507,Web,1,0,0,0,
S-020508,Web,1,1,1,1,
S-020509,App,1,1,1,1,
S-020510,App,1,0,0,0,
S-020511,App,1,1,1,1,
S-020512,Web,1,1,0,0,payment_fail
S-020513,Web,1,1,0,0,checkout_friction
S-020514,Web,1,1,0,0,shipping_cost
S-020515,Web,1,0,0,0,
S-020516,Web,1,0,0,0,
S-020517,Store,1,1,1,1,
S-020518,Store,1,1,0,0,changed_mind
S-020519,Web,1,1,1,1,
S-020520,Web,1,1,0,0,changed_mind
S-020521,App,1,1,0,0,stock_out
S-020522,Web,1,1,0,0,stock_out
S-020523,App,1,1,1,1,
S-020524,Web,1,1,0,0,stock_out
S-020525,Web,1,1,1,1,
S-020526,Web,1,0,0,0,
S-020527,App,1,0,0,0,
S-020528,Web,1,1,1,1,
S-020529,Store,1,1,0,0,changed_mind
S-020530,Web,1,1,1,1,
S-020531,App,1,1,0,0,shipping_cost
S-020532,App,1,1,1,1,
S-020533,Web,1,0,0,0,
S-020534,Web,1,1,1,1,
S-020535,App,1,0,0,0,
S-020536,App,1,1,1,1,
S-020537,App,1,1,0,0,shipping_cost
S-020538,App,1,1,1,1,
S-020539,Store,1,1,0,0,shipping_cost
S-020540,Web,1,0,0,0,
S-020541,Web,1,0,0,0,
S-020542,Web,1,0,0,0,
S-020543,Web,1,0,0,0,
S-020544,App,1,1,1,1,
S-020545,Web,1,0,0,0,
S-020546,Web,1,1,0,0,shipping_cost
S-020547,App,1,1,0,0,payment_fail
S-020548,App,1,1,1,1,
S-020549,Store,1,1,1,1,
S-020550,Web,1,1,0,0,shipping_cost
S-020551,Web,1,1,0,0,shipping_cost
S-020552,App,1,1,1,1,
S-020553,App,1,0,0,0,
S-020554,Web,1,0,0,0,
S-020555,App,1,1,0,0,payment_fail
S-020556,Web,1,1,0,0,payment_fail
S-020557,Web,1,1,0,0,stock_out
S-020558,Web,1,1,0,0,changed_mind
S-020559,App,1,0,0,0,
S-020560,Web,1,1,1,1,
S-020561,Web,1,1,0,0,stock_out
S-020562,Web,1,1,1,1,
S-020563,Web,1,1,0,0,changed_mind
S-020564,Web,1,1,1,1,
S-020565,Web,1,1,0,0,checkout_friction
S-020566,Web,1,1,1,1,
S-020567,Web,1,1,0,0,stock_out
S-020568,App,1,1,1,1,
S-020569,App,1,1,1,1,
S-020570,App,1,1,0,0,payment_fail
S-020571,App,1,1,1,1,
S-020572,Web,1,1,1,1,
S-020573,Web,1,0,0,0,
S-020574,App,1,0,0,0,
S-020575,App,1,0,0,0,
S-020576,App,1,1,0,0,checkout_friction
S-020577,Web,1,0,0,0,
S-020578,App,1,1,1,1,
S-020579,Web,1,1,1,1,
S-020580,Web,1,0,0,0,
S-020581,Web,1,1,0,0,payment_fail
S-020582,App,1,1,0,0,changed_mind
S-020583,Store,1,1,0,0,stock_out
S-020584,Web,1,0,0,0,
S-020585,App,1,1,0,0,shipping_cost
S-020586,Store,1,0,0,0,
S-020587,Web,1,1,0,0,changed_mind
S-020588,Web,1,0,0,0,
S-020589,Web,1,0,0,0,
S-020590,Web,1,1,0,0,shipping_cost
S-020591,Web,1,0,0,0,
S-020592,App,1,1,1,1,
S-020593,Web,1,1,1,1,
S-020594,Web,1,0,0,0,
S-020595,Web,1,1,1,1,
S-020596,Web,1,1,0,0,payment_fail
S-020597,App,1,1,1,1,
S-020598,App,1,1,1,1,
S-020599,Web,1,0,0,0,
S-020600,Web,1,1,1,1,
S-020601,App,1,1,1,1,
S-020602,App,1,1,0,0,payment_fail
S-020603,Web,1,0,0,0,
S-020604,Web,1,1,0,0,payment_fail
S-020605,App,1,1,1,1,
S-020606,Web,1,0,0,0,
S-020607,Web,1,1,0,0,payment_fail
S-020608,App,1,1,0,0,changed_mind
S-020609,App,1,1,1,1,
S-020610,App,1,1,0,0,changed_mind
S-020611,App,1,1,0,0,shipping_cost
S-020612,Web,1,0,0,0,
S-020613,Web,1,1,1,1,
S-020614,App,1,1,0,0,changed_mind
S-020615,Web,1,0,0,0,
S-020616,App,1,1,1,1,
S-020617,App,1,1,1,1,
S-020618,Web,1,0,0,0,
S-020619,Store,1,0,0,0,
S-020620,Web,1,1,0,0,payment_fail
S-020621,Web,1,1,1,1,
S-020622,Web,1,1,1,1,
S-020623,Web,1,1,1,1,
S-020624,App,1,1,0,0,payment_fail
S-020625,App,1,1,1,1,
S-020626,Web,1,1,1,1,
S-020627,Web,1,1,1,1,
S-020628,Web,1,0,0,0,
S-020629,Web,1,1,0,0,stock_out
S-020630,Web,1,0,0,0,
S-020631,Web,1,1,0,0,checkout_friction
S-020632,Web,1,1,1,1,
S-020633,App,1,1,0,0,shipping_cost
S-020634,Web,1,0,0,0,
S-020635,Web,1,1,0,0,payment_fail
S-020636,Web,1,0,0,0,
S-020637,App,1,1,1,1,
S-020638,App,1,1,1,1,
S-020639,App,1,1,0,0,stock_out
S-020640,Store,1,0,0,0,
S-020641,App,1,1,0,0,checkout_friction
S-020642,App,1,1,1,1,
S-020643,Web,1,1,1,1,
S-020644,Store,1,1,1,1,
S-020645,Store,1,1,1,1,
S-020646,App,1,1,1,1,
S-020647,Web,1,1,0,0,shipping_cost
S-020648,Web,1,0,0,0,
S-020649,Store,1,0,0,0,
S-020650,App,1,0,0,0,
S-020651,Web,1,1,0,0,payment_fail
S-020652,App,1,1,0,0,payment_fail
S-020653,Web,1,1,1,1,
S-020654,Web,1,1,1,1,
S-020655,App,1,0,0,0,
S-020656,Web,1,1,0,0,changed_mind
S-020657,App,1,1,1,1,
S-020658,App,1,1,1,1,
S-020659,Web,1,1,1,1,
S-020660,Web,1,1,0,0,checkout_friction
S-020661,Web,1,0,0,0,
S-020662,Web,1,1,0,0,changed_mind
S-020663,Web,1,1,0,0,shipping_cost
S-020664,App,1,1,0,0,changed_mind
S-020665,App,1,1,0,0,stock_out
S-020666,App,1,1,1,1,
S-020667,Web,1,0,0,0,
S-020668,Web,1,1,0,0,shipping_cost
S-020669,Web,1,0,0,0,
S-020670,Web,1,1,1,1,
S-020671,Web,1,0,0,0,
S-020672,Web,1,1,0,0,stock_out
S-020673,App,1,1,1,1,
S-020674,Web,1,1,1,1,
S-020675,Web,1,1,1,1,
S-020676,Web,1,1,1,1,
S-020677,App,1,1,1,1,
S-020678,Web,1,0,0,0,
S-020679,App,1,0,0,0,
S-020680,App,1,0,0,0,
S-020681,App,1,1,1,1,
S-020682,App,1,0,0,0,
S-020683,Web,1,1,1,1,
S-020684,App,1,0,0,0,
S-020685,Store,1,0,0,0,
S-020686,App,1,1,1,1,
S-020687,Web,1,1,1,1,
S-020688,App,1,1,1,1,
S-020689,App,1,1,0,0,shipping_cost
S-020690,Web,1,1,0,0,shipping_cost
S-020691,App,1,1,1,1,
S-020692,Web,1,1,1,1,
S-020693,App,1,1,0,0,changed_mind
S-020694,Web,1,1,1,1,
S-020695,App,1,0,0,0,
S-020696,Web,1,1,0,0,shipping_cost
S-020697,Store,1,0,0,0,
S-020698,App,1,1,1,1,
S-020699,App,1,1,1,1,
S-020700,App,1,1,1,1,
S-020701,Web,1,1,0,0,checkout_friction
S-020702,Web,1,1,0,0,changed_mind
S-020703,Web,1,1,1,1,
S-020704,App,1,1,0,0,shipping_cost
S-020705,Web,1,1,1,1,
S-020706,Web,1,1,0,0,shipping_cost
S-020707,Web,1,0,0,0,
S-020708,Web,1,0,0,0,
S-020709,Store,1,0,0,0,
S-020710,Web,1,1,1,1,
S-020711,App,1,1,1,1,
S-020712,Web,1,0,0,0,
S-020713,Web,1,0,0,0,
S-020714,Store,1,1,0,0,changed_mind
S-020715,Web,1,1,0,0,shipping_cost
S-020716,Web,1,1,1,1,
S-020717,App,1,1,1,1,
S-020718,Store,1,1,1,1,
S-020719,Web,1,1,0,0,stock_out
S-020720,Web,1,0,0,0,
S-020721,Web,1,1,0,0,shipping_cost
S-020722,Store,1,0,0,0,
S-020723,App,1,1,1,1,
S-020724,Web,1,1,0,0,shipping_cost
S-020725,Web,1,0,0,0,
S-020726,App,1,0,0,0,
S-020727,App,1,1,1,1,
S-020728,Store,1,1,0,0,changed_mind
S-020729,App,1,1,1,1,
S-020730,App,1,0,0,0,
S-020731,Web,1,1,1,1,
S-020732,App,1,0,0,0,
S-020733,Web,1,1,0,0,payment_fail
S-020734,Web,1,1,0,0,changed_mind
S-020735,Web,1,1,0,0,changed_mind
S-020736,App,1,0,0,0,
S-020737,App,1,1,1,1,
S-020738,Web,1,1,1,1,
S-020739,App,1,1,0,0,shipping_cost
S-020740,Store,1,1,0,0,stock_out
S-020741,Web,1,1,0,0,stock_out
S-020742,Web,1,1,1,1,
S-020743,App,1,0,0,0,
S-020744,App,1,1,1,1,
S-020745,Web,1,1,0,0,stock_out
S-020746,Store,1,1,0,0,shipping_cost
S-020747,Web,1,1,0,0,shipping_cost
S-020748,App,1,1,0,0,stock_out
S-020749,App,1,1,0,0,changed_mind
S-020750,Web,1,1,1,1,
S-020751,Web,1,1,1,1,
S-020752,Web,1,1,0,0,changed_mind
S-020753,Web,1,0,0,0,
S-020754,App,1,1,0,0,changed_mind
S-020755,App,1,1,0,0,stock_out
S-020756,Web,1,1,1,1,
S-020757,Web,1,1,0,0,payment_fail
S-020758,Web,1,1,1,1,
S-020759,Web,1,1,0,0,changed_mind
S-020760,Web,1,1,1,1,
S-020761,App,1,1,0,0,payment_fail
S-020762,Web,1,1,0,0,shipping_cost
S-020763,Store,1,1,1,1,
S-020764,App,1,1,1,1,
S-020765,Web,1,1,0,0,changed_mind
S-020766,App,1,1,0,0,shipping_cost
S-020767,Web,1,1,1,1,
S-020768,App,1,1,1,1,
S-020769,Web,1,1,0,0,shipping_cost
S-020770,Web,1,1,1,1,
S-020771,Web,1,1,1,1,
S-020772,App,1,1,0,0,checkout_friction
S-020773,Web,1,1,0,0,stock_out
S-020774,Web,1,1,1,1,
S-020775,Web,1,0,0,0,
S-020776,App,1,1,0,0,changed_mind
S-020777,Web,1,1,1,1,
S-020778,App,1,1,1,1,
S-020779,Store,1,1,0,0,checkout_friction
S-020780,Store,1,0,0,0,
S-020781,Web,1,1,1,1,
S-020782,App,1,0,0,0,
S-020783,App,1,1,1,1,
S-020784,Web,1,1,1,1,
S-020785,App,1,0,0,0,
S-020786,Web,1,0,0,0,
S-020787,Web,1,0,0,0,
S-020788,Store,1,0,0,0,
S-020789,App,1,0,0,0,
S-020790,App,1,0,0,0,
S-020791,Web,1,1,0,0,shipping_cost
S-020792,Web,1,1,0,0,stock_out
S-020793,App,1,1,0,0,payment_fail
S-020794,Web,1,1,0,0,shipping_cost
S-020795,Web,1,1,1,1,
S-020796,Web,1,1,1,1,
S-020797,App,1,0,0,0,
S-020798,Web,1,1,1,1,
S-020799,App,1,1,1,1,
S-020800,Web,1,1,0,0,shipping_cost
S-020801,Web,1,0,0,0,
S-020802,App,1,1,0,0,payment_fail
S-020803,App,1,1,0,0,changed_mind
S-020804,Web,1,1,0,0,payment_fail
S-020805,Web,1,1,1,1,
S-020806,Store,1,0,0,0,
S-020807,Web,1,1,0,0,changed_mind
S-020808,Web,1,0,0,0,
S-020809,Web,1,1,0,0,payment_fail
S-020810,Web,1,1,1,1,
S-020811,Web,1,1,0,0,payment_fail
S-020812,Web,1,1,1,1,
S-020813,Web,1,1,0,0,checkout_friction
S-020814,Web,1,0,0,0,
S-020815,Web,1,0,0,0,
S-020816,Web,1,1,0,0,changed_mind
S-020817,Web,1,1,0,0,checkout_friction
S-020818,App,1,1,0,0,shipping_cost
S-020819,Web,1,1,1,1,
S-020820,Web,1,1,0,0,payment_fail
S-020821,App,1,1,1,1,
S-020822,Web,1,1,0,0,changed_mind
S-020823,Web,1,1,1,1,
S-020824,App,1,0,0,0,
S-020825,App,1,1,0,0,changed_mind
S-020826,App,1,1,1,1,
S-020827,Web,1,1,1,1,
S-020828,App,1,0,0,0,
S-020829,Web,1,1,1,1,
S-020830,App,1,1,0,0,payment_fail
S-020831,Web,1,1,1,1,
S-020832,Web,1,1,1,1,
S-020833,App,1,1,0,0,checkout_friction
S-020834,App,1,0,0,0,
S-020835,Store,1,0,0,0,
S-020836,App,1,1,1,1,
S-020837,App,1,0,0,0,
S-020838,Web,1,1,1,1,
S-020839,App,1,1,1,1,
S-020840,Store,1,1,0,0,changed_mind
S-020841,Web,1,1,0,0,stock_out
S-020842,App,1,0,0,0,
S-020843,Web,1,1,1,1,
S-020844,Store,1,1,1,1,
S-020845,Store,1,0,0,0,
S-020846,App,1,1,1,1,
S-020847,Web,1,1,1,1,
S-020848,App,1,1,0,0,shipping_cost
S-020849,Web,1,0,0,0,
S-020850,Web,1,0,0,0,
S-020851,Web,1,0,0,0,
S-020852,Store,1,1,1,1,
S-020853,App,1,0,0,0,
S-020854,Web,1,1,0,0,changed_mind
S-020855,App,1,1,1,1,
S-020856,App,1,1,0,0,payment_fail
S-020857,App,1,1,0,0,checkout_friction
S-020858,Web,1,1,0,0,shipping_cost
S-020859,Web,1,1,1,1,
S-020860,Web,1,1,0,0,payment_fail
S-020861,Web,1,0,0,0,
S-020862,Store,1,1,0,0,payment_fail
S-020863,Store,1,1,0,0,changed_mind
S-020864,App,1,1,1,1,
S-020865,Web,1,0,0,0,
S-020866,App,1,0,0,0,
S-020867,Web,1,1,1,1,
S-020868,Web,1,1,1,1,
S-020869,App,1,0,0,0,
S-020870,Web,1,0,0,0,
S-020871,Store,1,1,0,0,checkout_friction
S-020872,App,1,1,1,1,
S-020873,App,1,1,1,1,
S-020874,Web,1,1,0,0,checkout_friction
S-020875,Web,1,0,0,0,
S-020876,Web,1,1,0,0,stock_out
S-020877,Store,1,1,0,0,checkout_friction
S-020878,Store,1,1,0,0,stock_out
S-020879,Web,1,1,1,1,
S-020880,Store,1,1,0,0,shipping_cost
S-020881,App,1,0,0,0,
S-020882,Web,1,0,0,0,
S-020883,App,1,1,1,1,
S-020884,App,1,1,0,0,changed_mind
S-020885,App,1,1,1,1,
S-020886,Web,1,0,0,0,
S-020887,Web,1,1,0,0,payment_fail
S-020888,App,1,1,1,1,
S-020889,App,1,1,1,1,
S-020890,Web,1,0,0,0,
S-020891,App,1,1,0,0,payment_fail
S-020892,Web,1,1,1,1,
S-020893,Store,1,1,0,0,shipping_cost
S-020894,Web,1,1,0,0,payment_fail
S-020895,App,1,1,1,1,
S-020896,App,1,1,0,0,checkout_friction
S-020897,Web,1,1,0,0,checkout_friction
S-020898,Web,1,0,0,0,
S-020899,App,1,1,0,0,shipping_cost
S-020900,App,1,1,0,0,stock_out
S-020901,Web,1,1,0,0,shipping_cost
S-020902,Web,1,1,1,1,
S-020903,Web,1,0,0,0,
S-020904,Web,1,1,0,0,payment_fail
S-020905,Store,1,1,1,1,
S-020906,Web,1,1,0,0,shipping_cost
S-020907,Store,1,0,0,0,
S-020908,Web,1,1,1,1,
S-020909,Store,1,1,0,0,payment_fail
S-020910,App,1,0,0,0,
S-020911,Web,1,1,0,0,shipping_cost
S-020912,App,1,1,1,1,
S-020913,Web,1,1,1,1,
S-020914,Web,1,1,1,1,
S-020915,Web,1,1,0,0,payment_fail
S-020916,App,1,1,0,0,payment_fail
S-020917,Web,1,1,1,1,
S-020918,Store,1,0,0,0,
S-020919,Web,1,1,1,1,
S-020920,Web,1,1,1,1,
S-020921,Web,1,0,0,0,
S-020922,Web,1,1,1,1,
S-020923,App,1,1,0,0,payment_fail
S-020924,App,1,1,0,0,checkout_friction
S-020925,App,1,1,0,0,payment_fail
S-020926,App,1,1,1,1,
S-020927,Web,1,1,1,1,
S-020928,Store,1,1,1,1,
S-020929,Web,1,1,0,0,shipping_cost
S-020930,App,1,1,0,0,changed_mind
S-020931,App,1,1,0,0,shipping_cost
S-020932,App,1,1,1,1,
S-020933,Store,1,1,1,1,
S-020934,Web,1,1,1,1,
S-020935,Web,1,0,0,0,
S-020936,Web,1,0,0,0,
S-020937,App,1,1,1,1,
S-020938,App,1,1,0,0,changed_mind
S-020939,App,1,1,0,0,payment_fail
S-020940,App,1,1,1,1,
S-020941,Store,1,1,1,1,
S-020942,Web,1,0,0,0,
S-020943,Web,1,0,0,0,
S-020944,Web,1,0,0,0,
S-020945,Web,1,1,1,1,
S-020946,Web,1,0,0,0,
S-020947,Store,1,1,1,1,
S-020948,Web,1,0,0,0,
S-020949,Store,1,1,0,0,changed_mind
S-020950,Store,1,1,0,0,changed_mind
S-020951,Web,1,1,1,1,
S-020952,Web,1,0,0,0,
S-020953,Web,1,0,0,0,
S-020954,Web,1,0,0,0,
S-020955,App,1,1,1,1,
S-020956,Store,1,1,0,0,changed_mind
S-020957,Web,1,0,0,0,
S-020958,Web,1,1,1,1,
S-020959,App,1,1,1,1,
S-020960,Web,1,1,1,1,
S-020961,App,1,1,1,1,
S-020962,Web,1,0,0,0,
S-020963,App,1,1,0,0,changed_mind
S-020964,App,1,1,1,1,
S-020965,App,1,1,1,1,
S-020966,App,1,0,0,0,
S-020967,Web,1,1,0,0,shipping_cost
S-020968,Web,1,0,0,0,
S-020969,Store,1,1,0,0,shipping_cost
S-020970,Web,1,1,1,1,
S-020971,App,1,1,1,1,
S-020972,App,1,1,1,1,
S-020973,App,1,1,1,1,
S-020974,App,1,1,1,1,
S-020975,App,1,1,0,0,payment_fail
S-020976,Web,1,0,0,0,
S-020977,App,1,1,1,1,
S-020978,Store,1,1,0,0,changed_mind
S-020979,Web,1,1,0,0,payment_fail
S-020980,Web,1,1,0,0,shipping_cost
S-020981,App,1,1,0,0,changed_mind
S-020982,Web,1,1,1,1,
S-020983,Web,1,1,1,1,
S-020984,App,1,1,1,1,
S-020985,App,1,1,1,1,
S-020986,App,1,1,1,1,
S-020987,Web,1,1,1,1,
S-020988,App,1,1,1,1,
S-020989,Web,1,1,0,0,payment_fail
S-020990,Web,1,1,1,1,
S-020991,App,1,1,1,1,
S-020992,App,1,1,0,0,payment_fail
S-020993,App,1,1,0,0,changed_mind
S-020994,Web,1,1,1,1,
S-020995,Web,1,1,0,0,shipping_cost
S-020996,Store,1,1,1,1,
S-020997,Web,1,1,0,0,stock_out
S-020998,App,1,1,0,0,checkout_friction
S-020999,Store,1,1,0,0,checkout_friction
S-021000,Web,1,1,0,0,shipping_cost
S-021001,Web,1,1,0,0,payment_fail
S-021002,App,1,1,0,0,changed_mind
S-021003,App,1,0,0,0,
S-021004,Store,1,0,0,0,
S-021005,Web,1,1,0,0,changed_mind
S-021006,Store,1,1,0,0,changed_mind
S-021007,Web,1,0,0,0,
S-021008,Web,1,1,0,0,shipping_cost
S-021009,Web,1,1,0,0,payment_fail
S-021010,App,1,1,1,1,
S-021011,App,1,0,0,0,
S-021012,Store,1,1,0,0,payment_fail
S-021013,Web,1,1,1,1,
S-021014,App,1,1,1,1,
S-021015,App,1,1,1,1,
S-021016,Store,1,1,0,0,payment_fail
S-021017,App,1,0,0,0,
S-021018,Web,1,1,1,1,
S-021019,App,1,1,1,1,
S-021020,Web,1,1,0,0,payment_fail
S-021021,Web,1,0,0,0,
S-021022,App,1,0,0,0,
S-021023,Web,1,1,1,1,
S-021024,Web,1,1,1,1,
S-021025,App,1,1,0,0,checkout_friction
S-021026,App,1,1,1,1,
S-021027,Store,1,1,0,0,payment_fail
S-021028,Web,1,0,0,0,
S-021029,Web,1,1,0,0,changed_mind
S-021030,App,1,1,0,0,checkout_friction
S-021031,App,1,1,1,1,
S-021032,App,1,1,1,1,
S-021033,Web,1,1,0,0,shipping_cost
S-021034,App,1,0,0,0,
S-021035,Web,1,1,1,1,
S-021036,Web,1,1,0,0,changed_mind
S-021037,App,1,1,0,0,changed_mind
S-021038,Store,1,1,1,1,
S-021039,App,1,1,1,1,
S-021040,App,1,0,0,0,
S-021041,App,1,1,0,0,shipping_cost
S-021042,Web,1,1,1,1,
S-021043,Web,1,1,0,0,shipping_cost
S-021044,App,1,0,0,0,
S-021045,Web,1,1,0,0,stock_out
S-021046,Web,1,1,0,0,stock_out
S-021047,App,1,0,0,0,
S-021048,App,1,0,0,0,
S-021049,Web,1,1,0,0,stock_out
S-021050,Web,1,1,0,0,checkout_friction
S-021051,Store,1,0,0,0,
S-021052,App,1,1,0,0,shipping_cost
S-021053,App,1,1,0,0,stock_out
S-021054,Web,1,1,1,1,
S-021055,App,1,1,1,1,
S-021056,Web,1,0,0,0,
S-021057,Web,1,0,0,0,
S-021058,Web,1,1,0,0,changed_mind
S-021059,App,1,1,0,0,changed_mind
S-021060,App,1,1,1,1,
S-021061,Store,1,1,1,1,
S-021062,Store,1,0,0,0,
S-021063,Web,1,0,0,0,
S-021064,Web,1,1,1,1,
S-021065,Web,1,1,1,1,
S-021066,App,1,1,0,0,stock_out
S-021067,Store,1,1,1,1,
S-021068,Web,1,1,1,1,
S-021069,Store,1,1,0,0,stock_out
S-021070,Web,1,1,1,1,
S-021071,App,1,0,0,0,
S-021072,App,1,0,0,0,
S-021073,Web,1,1,0,0,checkout_friction
S-021074,Web,1,1,1,1,
S-021075,App,1,1,1,1,
S-021076,Store,1,1,1,1,
S-021077,App,1,1,0,0,shipping_cost
S-021078,Web,1,1,1,1,
S-021079,Web,1,1,1,1,
S-021080,Web,1,1,1,1,
S-021081,Store,1,1,0,0,changed_mind
S-021082,Web,1,1,1,1,
S-021083,Store,1,1,0,0,shipping_cost
S-021084,Web,1,0,0,0,
S-021085,Web,1,1,0,0,changed_mind
S-021086,Web,1,1,1,1,
S-021087,Web,1,0,0,0,
S-021088,App,1,1,1,1,
S-021089,App,1,0,0,0,
S-021090,Web,1,1,0,0,stock_out
S-021091,App,1,0,0,0,
S-021092,Web,1,1,0,0,stock_out
S-021093,Store,1,1,0,0,shipping_cost
S-021094,Web,1,0,0,0,
S-021095,Web,1,1,0,0,changed_mind
S-021096,Web,1,1,0,0,shipping_cost
S-021097,Web,1,0,0,0,
S-021098,Store,1,1,0,0,payment_fail
S-021099,Web,1,1,1,1,
S-021100,Web,1,1,1,1,
S-021101,Web,1,1,0,0,payment_fail
S-021102,Web,1,0,0,0,
S-021103,Store,1,1,0,0,checkout_friction
S-021104,App,1,1,1,1,
S-021105,App,1,0,0,0,
S-021106,App,1,0,0,0,
S-021107,App,1,1,1,1,
S-021108,Web,1,0,0,0,
S-021109,App,1,1,0,0,shipping_cost
S-021110,Web,1,1,0,0,checkout_friction
S-021111,Web,1,0,0,0,
S-021112,Web,1,0,0,0,
S-021113,App,1,1,0,0,payment_fail
S-021114,App,1,0,0,0,
S-021115,Web,1,1,0,0,stock_out
S-021116,Web,1,1,1,1,
S-021117,Web,1,1,0,0,changed_mind
S-021118,Web,1,1,1,1,
S-021119,App,1,1,0,0,changed_mind
S-021120,App,1,1,0,0,changed_mind
S-021121,Store,1,1,0,0,stock_out
S-021122,Web,1,1,1,1,
S-021123,App,1,1,1,1,
S-021124,Web,1,1,1,1,
S-021125,App,1,0,0,0,
S-021126,Web,1,0,0,0,
S-021127,Web,1,1,0,0,checkout_friction
S-021128,App,1,1,1,1,
S-021129,App,1,1,0,0,changed_mind
S-021130,App,1,1,0,0,payment_fail
S-021131,Web,1,1,0,0,payment_fail
S-021132,Web,1,1,0,0,stock_out
S-021133,Web,1,0,0,0,
S-021134,App,1,1,0,0,shipping_cost
S-021135,App,1,1,1,1,
S-021136,App,1,0,0,0,
S-021137,App,1,1,1,1,
S-021138,Web,1,1,1,1,
S-021139,App,1,1,0,0,changed_mind
S-021140,Web,1,1,1,1,
S-021141,Web,1,0,0,0,
S-021142,Web,1,1,0,0,changed_mind
S-021143,Web,1,1,1,1,
S-021144,Store,1,1,1,1,
S-021145,Web,1,0,0,0,
S-021146,App,1,0,0,0,
S-021147,App,1,0,0,0,
S-021148,Web,1,1,0,0,shipping_cost
S-021149,Web,1,1,0,0,stock_out
S-021150,Store,1,1,1,1,
S-021151,Web,1,0,0,0,
S-021152,Store,1,0,0,0,
S-021153,Store,1,1,0,0,stock_out
S-021154,App,1,0,0,0,
S-021155,Store,1,0,0,0,
S-021156,Web,1,1,1,1,
S-021157,Store,1,1,1,1,
S-021158,App,1,0,0,0,
S-021159,App,1,0,0,0,
S-021160,Store,1,1,1,1,
S-021161,App,1,1,1,1,
S-021162,Store,1,1,1,1,
S-021163,App,1,1,1,1,
S-021164,Web,1,0,0,0,
S-021165,App,1,1,1,1,
S-021166,App,1,1,1,1,
S-021167,Store,1,1,1,1,
S-021168,Web,1,0,0,0,
S-021169,App,1,0,0,0,
S-021170,Web,1,1,1,1,
S-021171,App,1,1,0,0,stock_out
S-021172,App,1,1,1,1,
S-021173,App,1,1,0,0,stock_out
S-021174,Web,1,1,1,1,
S-021175,Web,1,0,0,0,
S-021176,Web,1,0,0,0,
S-021177,App,1,1,1,1,
S-021178,App,1,1,1,1,
S-021179,Web,1,1,0,0,checkout_friction
S-021180,Store,1,0,0,0,
S-021181,Web,1,0,0,0,
S-021182,App,1,1,0,0,changed_mind
S-021183,Store,1,1,1,1,
S-021184,Web,1,0,0,0,
S-021185,Web,1,1,1,1,
S-021186,Web,1,1,0,0,checkout_friction
S-021187,App,1,1,1,1,
S-021188,Web,1,1,0,0,payment_fail
S-021189,App,1,1,1,1,
S-021190,Web,1,0,0,0,
S-021191,App,1,1,1,1,
S-021192,Web,1,1,1,1,
S-021193,Web,1,0,0,0,
S-021194,Web,1,1,1,1,
S-021195,App,1,1,0,0,changed_mind
S-021196,Web,1,1,1,1,
S-021197,Web,1,0,0,0,
S-021198,App,1,1,0,0,stock_out
S-021199,App,1,1,1,1,
S-021200,Store,1,1,0,0,shipping_cost
S-021201,Web,1,1,1,1,
S-021202,App,1,1,1,1,
S-021203,Web,1,1,0,0,shipping_cost
S-021204,Web,1,1,1,1,
S-021205,Web,1,1,1,1,
S-021206,App,1,1,0,0,changed_mind
S-021207,Web,1,1,1,1,
S-021208,Web,1,1,0,0,shipping_cost
S-021209,App,1,1,0,0,checkout_friction
S-021210,App,1,1,0,0,shipping_cost
S-021211,Web,1,1,0,0,payment_fail
S-021212,Web,1,0,0,0,
S-021213,Web,1,0,0,0,
S-021214,App,1,1,0,0,changed_mind
S-021215,Store,1,0,0,0,
S-021216,App,1,1,1,1,
S-021217,App,1,1,0,0,shipping_cost
S-021218,Web,1,1,1,1,
S-021219,App,1,0,0,0,
S-021220,App,1,1,0,0,payment_fail
S-021221,App,1,1,0,0,changed_mind
S-021222,Web,1,0,0,0,
S-021223,App,1,1,1,1,
S-021224,Store,1,0,0,0,
S-021225,Web,1,1,1,1,
S-021226,Web,1,1,1,1,
S-021227,Web,1,0,0,0,
S-021228,App,1,1,0,0,changed_mind
S-021229,Store,1,1,0,0,payment_fail
S-021230,App,1,1,1,1,
S-021231,App,1,1,0,0,changed_mind
S-021232,Web,1,1,0,0,changed_mind
S-021233,Web,1,1,1,1,
S-021234,Web,1,1,1,1,
S-021235,Web,1,1,1,1,
S-021236,App,1,1,1,1,
S-021237,App,1,0,0,0,
S-021238,App,1,0,0,0,
S-021239,App,1,0,0,0,
S-021240,Web,1,1,0,0,stock_out
S-021241,Web,1,0,0,0,
S-021242,Web,1,1,1,1,
S-021243,Store,1,1,0,0,shipping_cost
S-021244,Web,1,1,1,1,
S-021245,Web,1,1,0,0,payment_fail
S-021246,Web,1,1,0,0,checkout_friction
S-021247,App,1,1,1,1,
S-021248,App,1,0,0,0,
S-021249,Web,1,1,0,0,changed_mind
S-021250,Store,1,0,0,0,
S-021251,Web,1,0,0,0,
S-021252,App,1,0,0,0,
S-021253,Web,1,1,1,1,
S-021254,App,1,1,0,0,payment_fail
S-021255,Web,1,1,0,0,stock_out
S-021256,App,1,1,0,0,payment_fail
S-021257,Web,1,0,0,0,
S-021258,Web,1,0,0,0,
S-021259,Web,1,1,1,1,
S-021260,Web,1,0,0,0,
S-021261,Web,1,0,0,0,
S-021262,Web,1,1,0,0,stock_out
S-021263,App,1,1,1,1,
S-021264,App,1,1,0,0,stock_out
S-021265,App,1,1,1,1,
S-021266,App,1,1,0,0,checkout_friction
S-021267,App,1,0,0,0,
S-021268,App,1,1,0,0,checkout_friction
S-021269,Web,1,1,1,1,
S-021270,Web,1,1,0,0,payment_fail
S-021271,Web,1,1,0,0,stock_out
S-021272,Web,1,1,1,1,
S-021273,Web,1,1,1,1,
S-021274,Web,1,1,1,1,
S-021275,Store,1,1,1,1,
S-021276,App,1,1,0,0,shipping_cost
S-021277,Web,1,1,1,1,
S-021278,Web,1,0,0,0,
S-021279,Store,1,1,1,1,
S-021280,Web,1,1,0,0,changed_mind
S-021281,Web,1,0,0,0,
S-021282,App,1,1,1,1,
S-021283,App,1,1,1,1,
S-021284,Web,1,1,0,0,changed_mind
S-021285,Web,1,1,1,1,
S-021286,Web,1,0,0,0,
S-021287,Web,1,1,0,0,payment_fail
S-021288,App,1,1,1,1,
S-021289,App,1,1,1,1,
S-021290,Web,1,1,1,1,
S-021291,App,1,1,1,1,
S-021292,App,1,1,0,0,payment_fail
S-021293,Web,1,1,1,1,
S-021294,Store,1,1,0,0,payment_fail
S-021295,App,1,1,1,1,
S-021296,Store,1,0,0,0,
S-021297,App,1,1,1,1,
S-021298,App,1,0,0,0,
S-021299,App,1,0,0,0,
S-021300,Web,1,1,1,1,
S-021301,App,1,1,1,1,
S-021302,Web,1,0,0,0,
S-021303,Web,1,1,0,0,payment_fail
S-021304,App,1,1,0,0,payment_fail
S-021305,Web,1,1,0,0,checkout_friction
S-021306,Web,1,0,0,0,
S-021307,App,1,1,1,1,
S-021308,App,1,1,1,1,
S-021309,App,1,1,0,0,changed_mind
S-021310,Web,1,1,1,1,
S-021311,App,1,0,0,0,
S-021312,App,1,1,0,0,stock_out
S-021313,Store,1,0,0,0,
S-021314,Web,1,1,1,1,
S-021315,App,1,1,1,1,
S-021316,Web,1,1,0,0,stock_out
S-021317,App,1,0,0,0,
S-021318,Web,1,1,1,1,
S-021319,Web,1,1,1,1,
S-021320,App,1,1,1,1,
S-021321,App,1,1,0,0,stock_out
S-021322,Web,1,0,0,0,
S-021323,App,1,1,1,1,
S-021324,Web,1,1,0,0,shipping_cost
S-021325,App,1,0,0,0,
S-021326,App,1,1,0,0,checkout_friction
S-021327,App,1,1,0,0,stock_out
S-021328,App,1,1,1,1,
S-021329,Web,1,0,0,0,
S-021330,Web,1,1,1,1,
S-021331,App,1,0,0,0,
S-021332,Web,1,1,1,1,
S-021333,App,1,0,0,0,
S-021334,App,1,1,1,1,
S-021335,Web,1,1,1,1,
S-021336,Web,1,1,1,1,
S-021337,Web,1,1,0,0,stock_out
S-021338,Web,1,1,1,1,
S-021339,Web,1,0,0,0,
S-021340,Store,1,1,1,1,
S-021341,App,1,0,0,0,
S-021342,App,1,0,0,0,
S-021343,Web,1,1,1,1,
S-021344,Web,1,1,0,0,checkout_friction
S-021345,Web,1,0,0,0,
S-021346,Web,1,1,0,0,changed_mind
S-021347,Web,1,1,1,1,
S-021348,Store,1,1,0,0,changed_mind
S-021349,App,1,1,1,1,
S-021350,App,1,1,1,1,
S-021351,Web,1,1,1,1,
S-021352,Web,1,1,1,1,
S-021353,App,1,1,1,1,
S-021354,App,1,1,0,0,checkout_friction
S-021355,Web,1,0,0,0,
S-021356,App,1,0,0,0,
S-021357,Web,1,1,1,1,
S-021358,Web,1,0,0,0,
S-021359,Web,1,1,1,1,
S-021360,Web,1,0,0,0,
S-021361,App,1,1,1,1,
S-021362,Web,1,0,0,0,
S-021363,Web,1,1,1,1,
S-021364,App,1,1,1,1,
S-021365,Web,1,0,0,0,
S-021366,App,1,0,0,0,
S-021367,Web,1,1,1,1,
S-021368,Web,1,1,0,0,shipping_cost
S-021369,Web,1,1,1,1,
S-021370,Web,1,1,1,1,
S-021371,App,1,1,1,1,
S-021372,Web,1,1,1,1,
S-021373,Web,1,1,0,0,stock_out
S-021374,Web,1,1,0,0,payment_fail
S-021375,Web,1,1,0,0,payment_fail
S-021376,Web,1,0,0,0,
S-021377,App,1,0,0,0,
S-021378,Web,1,1,1,1,
S-021379,App,1,1,1,1,
S-021380,Web,1,1,0,0,changed_mind
S-021381,Store,1,1,1,1,
S-021382,Web,1,1,1,1,
S-021383,Web,1,0,0,0,
S-021384,App,1,1,1,1,
S-021385,Web,1,1,1,1,
S-021386,Store,1,0,0,0,
S-021387,App,1,1,0,0,payment_fail
S-021388,Store,1,1,0,0,checkout_friction
S-021389,Web,1,1,1,1,
S-021390,Store,1,1,0,0,payment_fail
S-021391,Store,1,1,0,0,stock_out
S-021392,App,1,1,1,1,
S-021393,App,1,0,0,0,
S-021394,App,1,1,0,0,payment_fail
S-021395,Web,1,1,1,1,
S-021396,Web,1,0,0,0,
S-021397,Web,1,0,0,0,
S-021398,Web,1,1,1,1,
S-021399,App,1,1,0,0,checkout_friction
S-021400,Web,1,0,0,0,
S-021401,Web,1,0,0,0,
S-021402,App,1,1,0,0,shipping_cost
S-021403,App,1,1,0,0,payment_fail
S-021404,Store,1,1,1,1,
S-021405,Web,1,1,1,1,
S-021406,App,1,1,1,1,
S-021407,Web,1,1,0,0,payment_fail
S-021408,App,1,1,0,0,changed_mind
S-021409,Web,1,1,0,0,checkout_friction
S-021410,Web,1,1,1,1,
S-021411,Web,1,1,0,0,checkout_friction
S-021412,App,1,1,1,1,
S-021413,Store,1,1,0,0,shipping_cost
S-021414,Web,1,1,0,0,shipping_cost
S-021415,Store,1,0,0,0,
S-021416,Web,1,0,0,0,
S-021417,Web,1,1,1,1,
S-021418,Web,1,0,0,0,
S-021419,Web,1,1,1,1,
S-021420,Web,1,1,1,1,
S-021421,App,1,1,0,0,payment_fail
S-021422,Web,1,1,0,0,changed_mind
S-021423,App,1,1,0,0,changed_mind
S-021424,Web,1,0,0,0,
S-021425,Web,1,0,0,0,
S-021426,App,1,1,0,0,payment_fail
S-021427,App,1,1,1,1,
S-021428,App,1,1,1,1,
S-021429,Web,1,1,1,1,
S-021430,Web,1,1,1,1,
S-021431,Store,1,1,0,0,changed_mind
S-021432,App,1,1,0,0,checkout_friction
S-021433,App,1,0,0,0,
S-021434,App,1,1,1,1,
S-021435,Web,1,1,0,0,payment_fail
S-021436,Web,1,1,1,1,
S-021437,Web,1,0,0,0,
S-021438,Web,1,0,0,0,
S-021439,Web,1,1,0,0,payment_fail
S-021440,App,1,1,1,1,
S-021441,App,1,1,1,1,
S-021442,App,1,1,0,0,payment_fail
S-021443,Web,1,1,1,1,
S-021444,Web,1,1,1,1,
S-021445,App,1,1,1,1,
S-021446,App,1,1,1,1,
S-021447,Web,1,1,1,1,
S-021448,App,1,0,0,0,
S-021449,App,1,0,0,0,
S-021450,App,1,1,1,1,
S-021451,Web,1,1,1,1,
S-021452,App,1,0,0,0,
S-021453,App,1,1,1,1,
S-021454,App,1,0,0,0,
S-021455,Web,1,0,0,0,
S-021456,Web,1,0,0,0,
S-021457,Web,1,1,1,1,
S-021458,Web,1,1,0,0,payment_fail
S-021459,Store,1,1,1,1,
S-021460,Web,1,1,0,0,payment_fail
S-021461,Web,1,1,1,1,
S-021462,Web,1,1,0,0,changed_mind
S-021463,Web,1,0,0,0,
S-021464,Web,1,0,0,0,
S-021465,App,1,1,0,0,payment_fail
S-021466,App,1,1,1,1,
S-021467,App,1,0,0,0,
S-021468,Store,1,1,1,1,
S-021469,App,1,0,0,0,
S-021470,Store,1,0,0,0,
S-021471,Store,1,1,1,1,
S-021472,Web,1,0,0,0,
S-021473,App,1,1,1,1,
S-021474,Web,1,0,0,0,
S-021475,App,1,1,1,1,
S-021476,Web,1,1,0,0,stock_out
S-021477,Web,1,0,0,0,
S-021478,App,1,1,0,0,checkout_friction
S-021479,Web,1,1,1,1,
S-021480,Store,1,1,1,1,
S-021481,Store,1,1,1,1,
S-021482,App,1,0,0,0,
S-021483,Web,1,1,1,1,
S-021484,Web,1,1,1,1,
S-021485,App,1,1,1,1,
S-021486,App,1,1,0,0,checkout_friction
S-021487,Web,1,0,0,0,
S-021488,Web,1,1,1,1,
S-021489,Web,1,1,1,1,
S-021490,App,1,1,0,0,changed_mind
S-021491,Web,1,1,0,0,payment_fail
S-021492,Store,1,1,0,0,payment_fail
S-021493,Store,1,1,0,0,payment_fail
S-021494,App,1,1,1,1,
S-021495,Web,1,0,0,0,
S-021496,Web,1,1,1,1,
S-021497,App,1,1,0,0,checkout_friction
S-021498,Store,1,1,0,0,checkout_friction
S-021499,Web,1,1,1,1,
S-021500,Web,1,1,1,1,
S-021501,Store,1,0,0,0,
S-021502,Web,1,0,0,0,
S-021503,App,1,1,0,0,shipping_cost
S-021504,Web,1,1,0,0,shipping_cost
S-021505,Web,1,1,1,1,
S-021506,Store,1,0,0,0,
S-021507,Store,1,0,0,0,
S-021508,Web,1,0,0,0,
S-021509,Web,1,1,1,1,
S-021510,App,1,0,0,0,
S-021511,Web,1,1,1,1,
S-021512,App,1,1,1,1,
S-021513,Web,1,1,0,0,changed_mind
S-021514,Store,1,1,1,1,
S-021515,Web,1,1,1,1,
S-021516,Web,1,1,1,1,
S-021517,App,1,1,1,1,
S-021518,App,1,0,0,0,
S-021519,Web,1,1,0,0,shipping_cost
S-021520,Web,1,1,1,1,
S-021521,Web,1,0,0,0,
S-021522,Web,1,0,0,0,
S-021523,Web,1,1,0,0,checkout_friction
S-021524,Store,1,0,0,0,
S-021525,Web,1,1,0,0,payment_fail
S-021526,Web,1,0,0,0,
S-021527,Web,1,0,0,0,
S-021528,App,1,0,0,0,
S-021529,Web,1,1,0,0,shipping_cost
S-021530,App,1,1,1,1,
S-021531,App,1,0,0,0,
S-021532,Web,1,0,0,0,
S-021533,App,1,0,0,0,
S-021534,App,1,1,1,1,
S-021535,Web,1,1,0,0,shipping_cost
S-021536,App,1,1,1,1,
S-021537,App,1,1,1,1,
S-021538,App,1,0,0,0,
S-021539,App,1,1,0,0,payment_fail
S-021540,Web,1,1,1,1,
S-021541,App,1,1,1,1,
S-021542,Web,1,1,0,0,shipping_cost
S-021543,App,1,1,1,1,
S-021544,Web,1,0,0,0,
S-021545,App,1,1,0,0,checkout_friction
S-021546,Web,1,1,1,1,
S-021547,Store,1,1,0,0,payment_fail
S-021548,App,1,0,0,0,
S-021549,Web,1,0,0,0,
S-021550,Web,1,1,1,1,
S-021551,Web,1,1,1,1,
S-021552,Web,1,1,1,1,
S-021553,Store,1,1,1,1,
S-021554,Web,1,1,1,1,
S-021555,App,1,1,1,1,
S-021556,Web,1,0,0,0,
S-021557,Web,1,1,1,1,
S-021558,Web,1,1,0,0,changed_mind
S-021559,Web,1,0,0,0,
S-021560,App,1,1,1,1,
S-021561,Web,1,1,1,1,
S-021562,App,1,1,1,1,
S-021563,Web,1,0,0,0,
S-021564,Web,1,1,0,0,shipping_cost
S-021565,Web,1,1,1,1,
S-021566,Web,1,1,0,0,payment_fail
S-021567,App,1,1,0,0,payment_fail
S-021568,Web,1,0,0,0,
S-021569,Web,1,1,1,1,
S-021570,App,1,1,0,0,payment_fail
S-021571,Web,1,0,0,0,
S-021572,Web,1,1,1,1,
S-021573,App,1,1,1,1,
S-021574,App,1,1,1,1,
S-021575,Store,1,1,1,1,
S-021576,Web,1,1,1,1,
S-021577,App,1,1,0,0,payment_fail
S-021578,App,1,0,0,0,
S-021579,App,1,1,1,1,
S-021580,Web,1,1,1,1,
S-021581,Web,1,0,0,0,
S-021582,Web,1,1,0,0,shipping_cost
S-021583,Web,1,1,0,0,stock_out
S-021584,App,1,1,0,0,stock_out
S-021585,Store,1,0,0,0,
S-021586,Web,1,1,1,1,
S-021587,App,1,0,0,0,
S-021588,Web,1,0,0,0,
S-021589,Web,1,0,0,0,
S-021590,App,1,0,0,0,
S-021591,Web,1,0,0,0,
S-021592,Web,1,0,0,0,
S-021593,Web,1,0,0,0,
S-021594,Store,1,0,0,0,
S-021595,App,1,1,1,1,
S-021596,App,1,1,0,0,checkout_friction
S-021597,Web,1,1,0,0,shipping_cost
S-021598,App,1,1,1,1,
S-021599,Web,1,1,0,0,stock_out
S-021600,Web,1,1,1,1,
S-021601,Web,1,1,0,0,changed_mind
S-021602,App,1,1,1,1,
S-021603,App,1,1,1,1,
S-021604,Web,1,0,0,0,
S-021605,Web,1,1,0,0,payment_fail
S-021606,App,1,0,0,0,
S-021607,Store,1,1,0,0,shipping_cost
S-021608,Web,1,1,1,1,
S-021609,Web,1,0,0,0,
S-021610,Store,1,1,1,1,
S-021611,Store,1,0,0,0,
S-021612,App,1,1,0,0,changed_mind
S-021613,Web,1,1,1,1,
S-021614,App,1,1,1,1,
S-021615,Web,1,0,0,0,
S-021616,Web,1,0,0,0,
S-021617,App,1,0,0,0,
S-021618,Store,1,0,0,0,
S-021619,Web,1,1,1,1,
S-021620,App,1,1,0,0,stock_out
S-021621,App,1,1,1,1,
S-021622,App,1,1,1,1,
S-021623,App,1,1,0,0,shipping_cost
S-021624,Web,1,0,0,0,
S-021625,App,1,0,0,0,
S-021626,Web,1,1,0,0,payment_fail
S-021627,Web,1,1,0,0,checkout_friction
S-021628,Store,1,0,0,0,
S-021629,Web,1,1,0,0,payment_fail
S-021630,App,1,1,0,0,checkout_friction
S-021631,App,1,0,0,0,
S-021632,App,1,0,0,0,
S-021633,Web,1,0,0,0,
S-021634,Web,1,1,1,1,
S-021635,Web,1,1,1,1,
S-021636,App,1,0,0,0,
S-021637,App,1,1,1,1,
S-021638,Web,1,1,1,1,
S-021639,Web,1,1,1,1,
S-021640,Web,1,1,0,0,stock_out
S-021641,Store,1,0,0,0,
S-021642,App,1,1,1,1,
S-021643,Store,1,0,0,0,
S-021644,Web,1,1,0,0,stock_out
S-021645,Web,1,1,1,1,
S-021646,Web,1,1,0,0,stock_out
S-021647,Web,1,1,1,1,
S-021648,App,1,0,0,0,
S-021649,Web,1,1,0,0,payment_fail
S-021650,Store,1,1,0,0,changed_mind
S-021651,Web,1,1,1,1,
S-021652,Web,1,1,0,0,stock_out
S-021653,Web,1,1,1,1,
S-021654,Store,1,0,0,0,
S-021655,App,1,1,1,1,
S-021656,App,1,1,1,1,
S-021657,Store,1,1,0,0,stock_out
S-021658,App,1,0,0,0,
S-021659,Web,1,1,1,1,
S-021660,Web,1,1,1,1,
S-021661,App,1,1,0,0,payment_fail
S-021662,Web,1,1,0,0,payment_fail
S-021663,Web,1,1,0,0,shipping_cost
S-021664,Web,1,1,1,1,
S-021665,Web,1,1,1,1,
S-021666,Store,1,0,0,0,
S-021667,Web,1,0,0,0,
S-021668,Web,1,1,1,1,
S-021669,Web,1,0,0,0,
S-021670,Web,1,1,1,1,
S-021671,Web,1,1,0,0,shipping_cost
S-021672,Web,1,0,0,0,
S-021673,Web,1,1,0,0,changed_mind
S-021674,App,1,1,0,0,stock_out
S-021675,Web,1,1,1,1,
S-021676,Web,1,1,0,0,stock_out
S-021677,Store,1,1,1,1,
S-021678,Web,1,0,0,0,
S-021679,Store,1,1,1,1,
S-021680,Web,1,1,0,0,changed_mind
S-021681,Store,1,1,1,1,
S-021682,Web,1,0,0,0,
S-021683,App,1,1,1,1,
S-021684,App,1,1,0,0,payment_fail
S-021685,Web,1,1,1,1,
S-021686,App,1,0,0,0,
S-021687,App,1,0,0,0,
S-021688,Web,1,0,0,0,
S-021689,Web,1,1,0,0,shipping_cost
S-021690,App,1,1,1,1,
S-021691,Web,1,1,1,1,
S-021692,Web,1,0,0,0,
S-021693,Web,1,1,1,1,
S-021694,Web,1,1,1,1,
S-021695,Web,1,1,0,0,shipping_cost
S-021696,Web,1,1,1,1,
S-021697,Web,1,0,0,0,
S-021698,App,1,1,1,1,
S-021699,App,1,1,1,1,
S-021700,Web,1,0,0,0,
S-021701,App,1,1,1,1,
S-021702,Store,1,0,0,0,
S-021703,Web,1,1,0,0,payment_fail
S-021704,App,1,1,1,1,
S-021705,App,1,1,0,0,payment_fail
S-021706,Store,1,1,0,0,shipping_cost
S-021707,Store,1,1,1,1,
S-021708,App,1,1,1,1,
S-021709,Web,1,1,0,0,payment_fail
S-021710,Web,1,1,0,0,changed_mind
S-021711,App,1,1,0,0,payment_fail
S-021712,Web,1,1,0,0,payment_fail
S-021713,App,1,1,0,0,payment_fail
S-021714,Store,1,1,1,1,
S-021715,Store,1,1,1,1,
S-021716,Web,1,0,0,0,
S-021717,Web,1,1,1,1,
S-021718,App,1,1,1,1,
S-021719,Web,1,1,0,0,changed_mind
S-021720,App,1,1,0,0,changed_mind
S-021721,App,1,1,0,0,shipping_cost
S-021722,Store,1,1,1,1,
S-021723,Web,1,0,0,0,
S-021724,App,1,0,0,0,
S-021725,App,1,0,0,0,
S-021726,App,1,0,0,0,
S-021727,Web,1,1,1,1,
S-021728,App,1,1,0,0,payment_fail
S-021729,Web,1,0,0,0,
S-021730,App,1,1,0,0,checkout_friction
S-021731,Web,1,1,1,1,
S-021732,App,1,1,0,0,changed_mind
S-021733,Web,1,1,1,1,
S-021734,Web,1,1,1,1,
S-021735,Web,1,0,0,0,
S-021736,Web,1,0,0,0,
S-021737,Web,1,1,1,1,
S-021738,App,1,1,1,1,
S-021739,Store,1,1,0,0,changed_mind
S-021740,App,1,1,0,0,changed_mind
S-021741,App,1,1,0,0,stock_out
S-021742,Web,1,1,0,0,checkout_friction
S-021743,App,1,1,1,1,
S-021744,App,1,0,0,0,
S-021745,App,1,1,1,1,
S-021746,Web,1,1,1,1,
S-021747,Web,1,0,0,0,
S-021748,App,1,0,0,0,
S-021749,App,1,1,1,1,
S-021750,Store,1,1,0,0,shipping_cost
S-021751,App,1,1,0,0,changed_mind
S-021752,App,1,0,0,0,
S-021753,Web,1,1,1,1,
S-021754,Web,1,0,0,0,
S-021755,Web,1,0,0,0,
S-021756,Web,1,1,0,0,payment_fail
S-021757,App,1,1,1,1,
S-021758,Web,1,0,0,0,
S-021759,Web,1,1,1,1,
S-021760,App,1,0,0,0,
S-021761,Web,1,1,1,1,
S-021762,Web,1,0,0,0,
S-021763,Store,1,0,0,0,
S-021764,App,1,1,1,1,
S-021765,App,1,1,0,0,changed_mind
S-021766,App,1,1,1,1,
S-021767,App,1,1,1,1,
S-021768,Store,1,1,1,1,
S-021769,App,1,0,0,0,
S-021770,Web,1,0,0,0,
S-021771,Web,1,1,1,1,
S-021772,Web,1,1,1,1,
S-021773,Web,1,0,0,0,
S-021774,App,1,1,1,1,
S-021775,Web,1,1,0,0,shipping_cost
S-021776,Web,1,1,0,0,payment_fail
S-021777,Web,1,0,0,0,
S-021778,Store,1,1,1,1,
S-021779,Web,1,1,1,1,
S-021780,App,1,1,0,0,checkout_friction
S-021781,Web,1,1,1,1,
S-021782,App,1,1,0,0,checkout_friction
S-021783,Web,1,0,0,0,
S-021784,App,1,1,0,0,shipping_cost
S-021785,Web,1,1,1,1,
S-021786,App,1,1,0,0,checkout_friction
S-021787,Web,1,1,1,1,
S-021788,Web,1,1,1,1,
S-021789,Web,1,0,0,0,
S-021790,Web,1,0,0,0,
S-021791,Web,1,1,0,0,shipping_cost
S-021792,App,1,0,0,0,
S-021793,App,1,1,0,0,shipping_cost
S-021794,App,1,1,1,1,
S-021795,Web,1,1,0,0,checkout_friction
S-021796,App,1,1,0,0,shipping_cost
S-021797,Web,1,1,0,0,shipping_cost
S-021798,App,1,1,1,1,
S-021799,Web,1,0,0,0,
S-021800,Web,1,1,1,1,
S-021801,App,1,1,1,1,
S-021802,App,1,1,1,1,
S-021803,App,1,0,0,0,
S-021804,App,1,1,1,1,
S-021805,App,1,0,0,0,
S-021806,Web,1,1,1,1,
S-021807,App,1,1,1,1,
S-021808,Store,1,1,0,0,changed_mind
S-021809,Store,1,1,0,0,payment_fail
S-021810,App,1,0,0,0,
S-021811,Web,1,1,1,1,
S-021812,App,1,0,0,0,
S-021813,App,1,0,0,0,
S-021814,Store,1,1,1,1,
S-021815,Web,1,1,0,0,shipping_cost
S-021816,Web,1,1,0,0,shipping_cost
S-021817,Web,1,1,1,1,
S-021818,Web,1,1,0,0,changed_mind
S-021819,Web,1,1,0,0,payment_fail
S-021820,Store,1,1,1,1,
S-021821,Web,1,0,0,0,
S-021822,Web,1,0,0,0,
S-021823,Web,1,0,0,0,
S-021824,Web,1,1,0,0,payment_fail
S-021825,Web,1,1,0,0,stock_out
S-021826,Web,1,1,1,1,
S-021827,Store,1,1,0,0,payment_fail
S-021828,Web,1,1,0,0,shipping_cost
S-021829,App,1,1,1,1,
S-021830,Store,1,0,0,0,
S-021831,App,1,0,0,0,
S-021832,Web,1,0,0,0,
S-021833,App,1,1,1,1,
S-021834,Web,1,1,0,0,stock_out
S-021835,Web,1,1,0,0,stock_out
S-021836,Web,1,0,0,0,
S-021837,Web,1,0,0,0,
S-021838,App,1,0,0,0,
S-021839,App,1,0,0,0,
S-021840,Web,1,0,0,0,
S-021841,Web,1,1,0,0,payment_fail
S-021842,App,1,0,0,0,
S-021843,Web,1,1,1,1,
S-021844,Web,1,1,0,0,checkout_friction
S-021845,Web,1,1,0,0,stock_out
S-021846,Web,1,1,1,1,
S-021847,App,1,1,1,1,
S-021848,Web,1,1,0,0,shipping_cost
S-021849,Web,1,0,0,0,
S-021850,App,1,1,1,1,
S-021851,App,1,1,0,0,stock_out
S-021852,App,1,1,1,1,
S-021853,Store,1,1,0,0,stock_out
S-021854,Web,1,1,1,1,
S-021855,App,1,1,0,0,changed_mind
S-021856,Web,1,0,0,0,
S-021857,App,1,1,1,1,
S-021858,Web,1,1,1,1,
S-021859,Web,1,1,1,1,
S-021860,Web,1,0,0,0,
S-021861,App,1,1,0,0,changed_mind
S-021862,Web,1,0,0,0,
S-021863,Store,1,1,0,0,stock_out
S-021864,App,1,1,0,0,checkout_friction
S-021865,Store,1,1,1,1,
S-021866,App,1,0,0,0,
S-021867,App,1,1,1,1,
S-021868,Store,1,0,0,0,
S-021869,Web,1,0,0,0,
S-021870,Store,1,0,0,0,
S-021871,App,1,1,1,1,
S-021872,Web,1,1,0,0,changed_mind
S-021873,App,1,1,1,1,
S-021874,App,1,1,0,0,stock_out
S-021875,App,1,0,0,0,
S-021876,App,1,0,0,0,
S-021877,Web,1,0,0,0,
S-021878,Web,1,1,1,1,
S-021879,App,1,1,1,1,
S-021880,Store,1,1,1,1,
S-021881,App,1,0,0,0,
S-021882,App,1,1,0,0,stock_out
S-021883,Store,1,0,0,0,
S-021884,Web,1,1,0,0,checkout_friction
S-021885,Store,1,1,1,1,
S-021886,App,1,1,1,1,
S-021887,Web,1,1,0,0,checkout_friction
S-021888,Web,1,1,1,1,
S-021889,App,1,1,0,0,payment_fail
S-021890,Web,1,0,0,0,
S-021891,App,1,1,0,0,payment_fail
S-021892,Web,1,1,0,0,changed_mind
S-021893,App,1,1,1,1,
S-021894,Web,1,1,1,1,
S-021895,Web,1,0,0,0,
S-021896,App,1,1,1,1,
S-021897,Web,1,1,0,0,shipping_cost
S-021898,Web,1,1,0,0,changed_mind
S-021899,App,1,1,1,1,
S-021900,Web,1,1,1,1,
S-021901,App,1,1,1,1,
S-021902,Web,1,1,1,1,
S-021903,Web,1,1,1,1,
S-021904,Store,1,0,0,0,
S-021905,Web,1,0,0,0,
S-021906,Web,1,1,0,0,stock_out
S-021907,App,1,0,0,0,
S-021908,Web,1,1,1,1,
S-021909,Web,1,0,0,0,
S-021910,Store,1,1,1,1,
S-021911,Web,1,1,1,1,
S-021912,Web,1,1,1,1,
S-021913,Store,1,0,0,0,
S-021914,Web,1,0,0,0,
S-021915,App,1,1,0,0,checkout_friction
S-021916,Web,1,0,0,0,
S-021917,App,1,1,0,0,shipping_cost
S-021918,Web,1,0,0,0,
S-021919,Web,1,1,0,0,stock_out
S-021920,Web,1,0,0,0,
S-021921,Web,1,1,0,0,payment_fail
S-021922,Web,1,1,0,0,changed_mind
S-021923,Web,1,1,1,1,
S-021924,Store,1,1,0,0,payment_fail
S-021925,Web,1,1,0,0,changed_mind
S-021926,Store,1,0,0,0,
S-021927,App,1,1,0,0,changed_mind
S-021928,Web,1,1,1,1,
S-021929,App,1,1,0,0,stock_out
S-021930,App,1,1,1,1,
S-021931,Store,1,0,0,0,
S-021932,Store,1,1,1,1,
S-021933,App,1,0,0,0,
S-021934,App,1,1,1,1,
S-021935,Web,1,1,1,1,
S-021936,Web,1,0,0,0,
S-021937,Web,1,1,0,0,changed_mind
S-021938,App,1,0,0,0,
S-021939,Store,1,1,0,0,shipping_cost
S-021940,Store,1,1,0,0,payment_fail
S-021941,Web,1,0,0,0,
S-021942,App,1,1,1,1,
S-021943,Web,1,0,0,0,
S-021944,Web,1,1,0,0,payment_fail
S-021945,App,1,1,0,0,checkout_friction
S-021946,App,1,1,1,1,
S-021947,Web,1,0,0,0,
S-021948,App,1,1,0,0,checkout_friction
S-021949,App,1,1,0,0,shipping_cost
S-021950,App,1,0,0,0,
S-021951,Web,1,0,0,0,
S-021952,Web,1,1,0,0,payment_fail
S-021953,App,1,1,1,1,
S-021954,App,1,1,1,1,
S-021955,Store,1,1,0,0,shipping_cost
S-021956,Web,1,1,1,1,
S-021957,Store,1,1,0,0,changed_mind
S-021958,Store,1,1,0,0,shipping_cost
S-021959,Web,1,0,0,0,
S-021960,Store,1,1,0,0,payment_fail
S-021961,Web,1,1,0,0,shipping_cost
S-021962,Web,1,1,0,0,payment_fail
S-021963,Web,1,0,0,0,
S-021964,Store,1,1,0,0,shipping_cost
S-021965,Web,1,1,1,1,
S-021966,App,1,1,1,1,
S-021967,App,1,1,1,1,
S-021968,Web,1,0,0,0,
S-021969,Web,1,1,1,1,
S-021970,App,1,1,1,1,
S-021971,App,1,0,0,0,
S-021972,App,1,0,0,0,
S-021973,Web,1,1,1,1,
S-021974,App,1,1,0,0,payment_fail
S-021975,Web,1,1,1,1,
S-021976,Web,1,1,0,0,changed_mind
S-021977,App,1,1,1,1,
S-021978,Store,1,1,0,0,changed_mind
S-021979,App,1,1,0,0,payment_fail
S-021980,Web,1,0,0,0,
S-021981,Web,1,1,1,1,
S-021982,Web,1,0,0,0,
S-021983,Store,1,1,1,1,
S-021984,Web,1,0,0,0,
S-021985,Web,1,1,0,0,changed_mind
S-021986,Web,1,0,0,0,
S-021987,Web,1,1,0,0,shipping_cost
S-021988,App,1,1,1,1,
S-021989,Web,1,0,0,0,
S-021990,Web,1,0,0,0,
S-021991,Store,1,1,1,1,
S-021992,App,1,1,0,0,stock_out
S-021993,Store,1,0,0,0,
S-021994,Web,1,1,0,0,checkout_friction
S-021995,Web,1,0,0,0,
S-021996,Web,1,0,0,0,
S-021997,Web,1,1,0,0,payment_fail
S-021998,Web,1,0,0,0,
S-021999,App,1,1,1,1,
S-022000,App,1,0,0,0,
S-022001,Web,1,1,1,1,
S-022002,Web,1,0,0,0,
S-022003,Web,1,1,1,1,
S-022004,App,1,1,1,1,
S-022005,Web,1,0,0,0,
S-022006,Web,1,0,0,0,
S-022007,Store,1,0,0,0,
S-022008,App,1,0,0,0,
S-022009,Web,1,1,0,0,checkout_friction
S-022010,Web,1,1,0,0,stock_out
S-022011,App,1,1,1,1,
S-022012,Web,1,1,1,1,
S-022013,Web,1,1,1,1,
S-022014,Store,1,1,1,1,
S-022015,Web,1,1,1,1,
S-022016,Web,1,0,0,0,
S-022017,Web,1,1,0,0,changed_mind
S-022018,Web,1,1,1,1,
S-022019,App,1,1,1,1,
S-022020,Web,1,1,1,1,
S-022021,Web,1,1,1,1,
S-022022,App,1,1,1,1,
S-022023,Web,1,1,1,1,
S-022024,Web,1,1,1,1,
S-022025,Store,1,1,1,1,
S-022026,Store,1,0,0,0,
S-022027,Web,1,1,1,1,
S-022028,App,1,1,0,0,shipping_cost
S-022029,Web,1,1,0,0,shipping_cost
S-022030,App,1,1,1,1,
S-022031,App,1,1,0,0,payment_fail
S-022032,Web,1,0,0,0,
S-022033,Web,1,0,0,0,
S-022034,Web,1,1,0,0,checkout_friction
S-022035,Web,1,0,0,0,
S-022036,App,1,1,0,0,changed_mind
S-022037,Store,1,0,0,0,
S-022038,App,1,1,1,1,
S-022039,App,1,0,0,0,
S-022040,Web,1,0,0,0,
S-022041,Web,1,1,1,1,
S-022042,Web,1,0,0,0,
S-022043,App,1,1,0,0,shipping_cost
S-022044,Web,1,0,0,0,
S-022045,Web,1,1,1,1,
S-022046,Web,1,1,0,0,changed_mind
S-022047,Store,1,1,1,1,
S-022048,Web,1,1,0,0,payment_fail
S-022049,Web,1,0,0,0,
S-022050,Web,1,1,0,0,payment_fail
S-022051,Web,1,1,1,1,
S-022052,App,1,1,1,1,
S-022053,Web,1,1,1,1,
S-022054,App,1,1,0,0,changed_mind
S-022055,Web,1,1,0,0,changed_mind
S-022056,Web,1,0,0,0,
S-022057,App,1,1,0,0,stock_out
S-022058,Web,1,0,0,0,
S-022059,Web,1,1,0,0,changed_mind
S-022060,Store,1,1,1,1,
S-022061,Web,1,0,0,0,
S-022062,App,1,1,1,1,
S-022063,Web,1,1,1,1,
S-022064,Web,1,1,0,0,changed_mind
S-022065,Web,1,0,0,0,
S-022066,App,1,0,0,0,
S-022067,Web,1,1,1,1,
S-022068,App,1,1,1,1,
S-022069,App,1,0,0,0,
S-022070,Web,1,1,0,0,stock_out
S-022071,Web,1,1,1,1,
S-022072,Web,1,0,0,0,
S-022073,App,1,0,0,0,
S-022074,App,1,1,1,1,
S-022075,App,1,0,0,0,
S-022076,Web,1,0,0,0,
S-022077,Web,1,1,0,0,payment_fail
S-022078,Web,1,0,0,0,
S-022079,App,1,1,0,0,changed_mind
S-022080,App,1,1,0,0,stock_out
S-022081,App,1,1,1,1,
S-022082,Store,1,1,1,1,
S-022083,Web,1,1,0,0,payment_fail
S-022084,Web,1,1,0,0,payment_fail
S-022085,Web,1,1,1,1,
S-022086,App,1,1,1,1,
S-022087,Web,1,0,0,0,
S-022088,App,1,1,0,0,payment_fail
S-022089,Web,1,1,1,1,
S-022090,Web,1,0,0,0,
S-022091,Web,1,0,0,0,
S-022092,Store,1,1,0,0,payment_fail
S-022093,Web,1,1,0,0,changed_mind
S-022094,Web,1,1,1,1,
S-022095,App,1,1,1,1,
S-022096,App,1,1,0,0,payment_fail
S-022097,App,1,1,1,1,
S-022098,Web,1,1,1,1,
S-022099,Web,1,1,1,1,
S-022100,Store,1,1,1,1,
S-022101,App,1,0,0,0,
S-022102,App,1,1,0,0,changed_mind
S-022103,App,1,0,0,0,
S-022104,Web,1,1,1,1,
S-022105,Web,1,0,0,0,
S-022106,App,1,1,1,1,
S-022107,App,1,1,1,1,
S-022108,App,1,1,1,1,
S-022109,App,1,1,1,1,
S-022110,App,1,1,1,1,
S-022111,Web,1,0,0,0,
S-022112,App,1,1,1,1,
S-022113,Web,1,1,1,1,
S-022114,Web,1,1,0,0,payment_fail
S-022115,App,1,1,0,0,payment_fail
S-022116,Web,1,0,0,0,
S-022117,Web,1,1,0,0,shipping_cost
S-022118,Store,1,1,0,0,payment_fail
S-022119,Web,1,1,1,1,
S-022120,App,1,1,1,1,
S-022121,Web,1,1,0,0,checkout_friction
S-022122,Web,1,1,0,0,shipping_cost
S-022123,Store,1,1,1,1,
S-022124,Web,1,1,1,1,
S-022125,App,1,1,0,0,payment_fail
S-022126,Web,1,1,1,1,
S-022127,App,1,1,1,1,
S-022128,Web,1,1,1,1,
S-022129,Web,1,1,0,0,payment_fail
S-022130,Web,1,1,0,0,shipping_cost
S-022131,Web,1,1,0,0,changed_mind
S-022132,Web,1,1,0,0,stock_out
S-022133,Web,1,1,1,1,
S-022134,App,1,1,1,1,
S-022135,App,1,1,1,1,
S-022136,App,1,1,0,0,shipping_cost
S-022137,App,1,1,1,1,
S-022138,App,1,1,0,0,changed_mind
S-022139,Web,1,0,0,0,
S-022140,Web,1,0,0,0,
S-022141,Web,1,1,0,0,shipping_cost
S-022142,Web,1,1,1,1,
S-022143,App,1,1,0,0,stock_out
S-022144,App,1,1,1,1,
S-022145,Web,1,0,0,0,
S-022146,Web,1,1,0,0,changed_mind
S-022147,Web,1,1,0,0,shipping_cost
S-022148,App,1,1,1,1,
S-022149,App,1,1,0,0,stock_out
S-022150,Web,1,1,1,1,
S-022151,App,1,1,1,1,
S-022152,Web,1,0,0,0,
S-022153,Web,1,0,0,0,
S-022154,App,1,1,1,1,
S-022155,Store,1,1,0,0,stock_out
S-022156,Web,1,1,0,0,shipping_cost
S-022157,Web,1,1,0,0,checkout_friction
S-022158,Store,1,1,0,0,checkout_friction
S-022159,Web,1,1,0,0,payment_fail
S-022160,Web,1,1,1,1,
S-022161,Web,1,1,1,1,
S-022162,Web,1,1,0,0,stock_out
S-022163,App,1,0,0,0,
S-022164,Web,1,0,0,0,
S-022165,Web,1,0,0,0,
S-022166,App,1,0,0,0,
S-022167,App,1,1,0,0,changed_mind
S-022168,Web,1,1,0,0,changed_mind
S-022169,Web,1,1,0,0,changed_mind
S-022170,App,1,0,0,0,
S-022171,Store,1,1,1,1,
S-022172,App,1,1,1,1,
S-022173,Store,1,0,0,0,
S-022174,Web,1,1,0,0,checkout_friction
S-022175,App,1,1,1,1,
S-022176,Store,1,1,0,0,changed_mind
S-022177,App,1,1,1,1,
S-022178,App,1,1,0,0,changed_mind
S-022179,App,1,1,0,0,payment_fail
S-022180,Web,1,0,0,0,
S-022181,Web,1,1,1,1,
S-022182,Web,1,0,0,0,
S-022183,Web,1,0,0,0,
S-022184,Web,1,1,0,0,shipping_cost
S-022185,Web,1,0,0,0,
S-022186,App,1,1,0,0,checkout_friction
S-022187,App,1,1,1,1,
S-022188,Web,1,1,1,1,
S-022189,App,1,1,1,1,
S-022190,Web,1,0,0,0,
S-022191,App,1,1,1,1,
S-022192,App,1,1,0,0,stock_out
S-022193,App,1,1,0,0,payment_fail
S-022194,Web,1,1,1,1,
S-022195,App,1,1,1,1,
S-022196,Web,1,0,0,0,
S-022197,Store,1,1,0,0,checkout_friction
S-022198,Web,1,1,1,1,
S-022199,Web,1,0,0,0,
S-022200,Web,1,1,1,1,
S-022201,Web,1,1,0,0,stock_out
S-022202,Web,1,0,0,0,
S-022203,App,1,0,0,0,
S-022204,Web,1,0,0,0,
S-022205,Store,1,1,1,1,
S-022206,Store,1,1,0,0,changed_mind
S-022207,Web,1,1,1,1,
S-022208,Web,1,1,1,1,
S-022209,Web,1,1,1,1,
S-022210,App,1,1,0,0,payment_fail
S-022211,Web,1,1,1,1,
S-022212,Store,1,0,0,0,
S-022213,Store,1,0,0,0,
S-022214,Web,1,1,1,1,
S-022215,Web,1,0,0,0,
S-022216,Web,1,1,1,1,
S-022217,App,1,0,0,0,
S-022218,Web,1,0,0,0,
S-022219,Web,1,0,0,0,
S-022220,Web,1,1,1,1,
S-022221,Web,1,1,0,0,changed_mind
S-022222,App,1,1,0,0,payment_fail
S-022223,Store,1,1,1,1,
S-022224,Web,1,1,1,1,
S-022225,App,1,1,1,1,
S-022226,App,1,1,0,0,shipping_cost
S-022227,Web,1,1,0,0,changed_mind
S-022228,Store,1,1,1,1,
S-022229,App,1,1,0,0,checkout_friction
S-022230,Web,1,1,1,1,
S-022231,App,1,1,1,1,
S-022232,Web,1,1,0,0,shipping_cost
S-022233,App,1,1,1,1,
S-022234,Web,1,1,0,0,checkout_friction
S-022235,Web,1,1,0,0,checkout_friction
S-022236,Web,1,1,1,1,
S-022237,Web,1,1,1,1,
S-022238,App,1,1,1,1,
S-022239,App,1,0,0,0,
S-022240,Web,1,1,1,1,
S-022241,Web,1,1,0,0,payment_fail
S-022242,Web,1,1,1,1,
S-022243,Web,1,1,0,0,payment_fail
S-022244,Web,1,1,1,1,
S-022245,Web,1,0,0,0,
S-022246,Web,1,0,0,0,
S-022247,Store,1,1,0,0,stock_out
S-022248,App,1,1,0,0,stock_out
S-022249,Web,1,0,0,0,
S-022250,App,1,1,0,0,shipping_cost
S-022251,Web,1,0,0,0,
S-022252,Web,1,0,0,0,
S-022253,App,1,0,0,0,
S-022254,Web,1,1,1,1,
S-022255,Web,1,0,0,0,
S-022256,App,1,1,0,0,changed_mind
S-022257,Web,1,0,0,0,
S-022258,Web,1,0,0,0,
S-022259,Web,1,1,0,0,changed_mind
S-022260,Web,1,1,0,0,stock_out
S-022261,Web,1,1,1,1,
S-022262,App,1,0,0,0,
S-022263,Web,1,1,1,1,
S-022264,Web,1,1,1,1,
S-022265,Web,1,1,1,1,
S-022266,Web,1,1,0,0,stock_out
S-022267,App,1,1,1,1,
S-022268,Store,1,1,0,0,payment_fail
S-022269,Web,1,1,0,0,payment_fail
S-022270,App,1,0,0,0,
S-022271,App,1,1,0,0,payment_fail
S-022272,Web,1,1,1,1,
S-022273,Store,1,1,0,0,checkout_friction
S-022274,App,1,0,0,0,
S-022275,App,1,0,0,0,
S-022276,Store,1,1,0,0,checkout_friction
S-022277,Store,1,0,0,0,
S-022278,Store,1,1,1,1,
S-022279,Web,1,1,1,1,
S-022280,Web,1,1,0,0,stock_out
S-022281,Web,1,0,0,0,
S-022282,Store,1,1,0,0,payment_fail
S-022283,App,1,0,0,0,
S-022284,Web,1,1,0,0,changed_mind
S-022285,App,1,1,1,1,
S-022286,Web,1,0,0,0,
S-022287,Web,1,1,1,1,
S-022288,Web,1,1,1,1,
S-022289,Web,1,0,0,0,
S-022290,App,1,1,0,0,payment_fail
S-022291,Web,1,1,1,1,
S-022292,Web,1,0,0,0,
S-022293,App,1,0,0,0,
S-022294,Web,1,0,0,0,
S-022295,Web,1,1,1,1,
S-022296,App,1,0,0,0,
S-022297,Web,1,1,0,0,shipping_cost
S-022298,App,1,1,1,1,
S-022299,Web,1,1,1,1,
S-022300,Web,1,1,1,1,
S-022301,Web,1,0,0,0,
S-022302,Web,1,0,0,0,
S-022303,App,1,1,0,0,payment_fail
S-022304,App,1,1,0,0,stock_out
S-022305,Web,1,0,0,0,
S-022306,Store,1,0,0,0,
S-022307,Web,1,1,1,1,
S-022308,Web,1,1,1,1,
S-022309,App,1,0,0,0,
S-022310,App,1,0,0,0,
S-022311,Store,1,1,0,0,payment_fail
S-022312,Web,1,1,1,1,
S-022313,Web,1,0,0,0,
S-022314,App,1,0,0,0,
S-022315,Web,1,1,0,0,changed_mind
S-022316,Web,1,1,0,0,checkout_friction
S-022317,Web,1,1,0,0,changed_mind
S-022318,Web,1,1,0,0,payment_fail
S-022319,Web,1,1,0,0,checkout_friction
S-022320,App,1,1,0,0,changed_mind
S-022321,Web,1,1,0,0,shipping_cost
S-022322,Web,1,0,0,0,
S-022323,App,1,1,0,0,changed_mind
S-022324,App,1,1,1,1,
S-022325,Web,1,1,1,1,
S-022326,Web,1,1,0,0,checkout_friction
S-022327,Web,1,1,1,1,
S-022328,Web,1,1,0,0,shipping_cost
S-022329,Web,1,0,0,0,
S-022330,App,1,0,0,0,
S-022331,App,1,0,0,0,
S-022332,Web,1,0,0,0,
S-022333,Store,1,1,0,0,changed_mind
S-022334,App,1,1,1,1,
S-022335,Web,1,0,0,0,
S-022336,App,1,1,0,0,shipping_cost
S-022337,App,1,1,1,1,
S-022338,Web,1,1,1,1,
S-022339,Web,1,0,0,0,
S-022340,Web,1,1,0,0,payment_fail
S-022341,App,1,0,0,0,
S-022342,Store,1,1,1,1,
S-022343,Web,1,1,0,0,stock_out
S-022344,App,1,0,0,0,
S-022345,Web,1,1,1,1,
S-022346,Web,1,0,0,0,
S-022347,Store,1,1,0,0,payment_fail
S-022348,Store,1,0,0,0,
S-022349,Web,1,1,0,0,shipping_cost
S-022350,App,1,0,0,0,
S-022351,Web,1,1,1,1,
S-022352,Web,1,1,0,0,shipping_cost
S-022353,Web,1,1,1,1,
S-022354,Web,1,1,1,1,
S-022355,App,1,1,0,0,shipping_cost
S-022356,Web,1,1,0,0,shipping_cost
S-022357,Web,1,1,0,0,changed_mind
S-022358,Store,1,1,0,0,shipping_cost
S-022359,Web,1,0,0,0,
S-022360,Store,1,1,0,0,payment_fail
S-022361,Web,1,1,1,1,
S-022362,App,1,1,0,0,checkout_friction
S-022363,Web,1,1,0,0,checkout_friction
S-022364,App,1,0,0,0,
S-022365,App,1,1,0,0,shipping_cost
S-022366,Web,1,1,0,0,shipping_cost
S-022367,Store,1,1,1,1,
S-022368,App,1,1,0,0,payment_fail
S-022369,Web,1,1,1,1,
S-022370,Web,1,1,0,0,payment_fail
S-022371,Web,1,1,0,0,shipping_cost
S-022372,Web,1,1,1,1,
S-022373,App,1,1,1,1,
S-022374,Web,1,1,1,1,
S-022375,App,1,0,0,0,
S-022376,Web,1,1,1,1,
S-022377,Store,1,1,1,1,
S-022378,Store,1,1,0,0,checkout_friction
S-022379,Store,1,0,0,0,
S-022380,App,1,0,0,0,
S-022381,Web,1,1,1,1,
S-022382,Web,1,1,1,1,
S-022383,Store,1,1,0,0,stock_out
S-022384,Web,1,1,0,0,shipping_cost
S-022385,Web,1,0,0,0,
S-022386,App,1,1,0,0,checkout_friction
S-022387,Web,1,1,1,1,
S-022388,Web,1,1,1,1,
S-022389,App,1,1,1,1,
S-022390,Web,1,1,0,0,shipping_cost
S-022391,Store,1,1,0,0,payment_fail
S-022392,Store,1,1,1,1,
S-022393,App,1,1,1,1,
S-022394,Web,1,1,0,0,shipping_cost
S-022395,Web,1,1,1,1,
S-022396,Store,1,0,0,0,
S-022397,App,1,1,1,1,
S-022398,Web,1,1,1,1,
S-022399,App,1,0,0,0,
S-022400,App,1,0,0,0,
S-022401,App,1,1,0,0,payment_fail
S-022402,Web,1,1,1,1,
S-022403,Web,1,1,0,0,checkout_friction
S-022404,Store,1,1,0,0,shipping_cost
S-022405,Web,1,1,1,1,
S-022406,App,1,1,0,0,changed_mind
S-022407,Store,1,0,0,0,
S-022408,Web,1,0,0,0,
S-022409,Store,1,1,1,1,
S-022410,App,1,1,0,0,shipping_cost
S-022411,App,1,1,0,0,checkout_friction
S-022412,App,1,0,0,0,
S-022413,App,1,1,1,1,
S-022414,Web,1,0,0,0,
S-022415,App,1,0,0,0,
S-022416,Web,1,1,1,1,
S-022417,App,1,1,1,1,
S-022418,Web,1,1,1,1,
S-022419,Web,1,1,0,0,changed_mind
S-022420,Web,1,1,0,0,shipping_cost
S-022421,Web,1,1,0,0,payment_fail
S-022422,Web,1,1,1,1,
S-022423,App,1,1,1,1,
S-022424,Web,1,1,0,0,checkout_friction
S-022425,App,1,1,1,1,
S-022426,Web,1,1,1,1,
S-022427,Web,1,1,0,0,changed_mind
S-022428,Web,1,0,0,0,
S-022429,App,1,0,0,0,
S-022430,Store,1,0,0,0,
S-022431,Web,1,1,1,1,
S-022432,Web,1,0,0,0,
S-022433,App,1,1,0,0,shipping_cost
S-022434,Store,1,1,1,1,
S-022435,Web,1,1,1,1,
S-022436,Web,1,0,0,0,
S-022437,Store,1,1,0,0,checkout_friction
S-022438,Web,1,1,1,1,
S-022439,Web,1,1,0,0,payment_fail
S-022440,Web,1,1,1,1,
S-022441,App,1,1,0,0,shipping_cost
S-022442,Web,1,0,0,0,
S-022443,Web,1,0,0,0,
S-022444,Web,1,1,1,1,
S-022445,Web,1,0,0,0,
S-022446,Web,1,1,1,1,
S-022447,App,1,1,1,1,
S-022448,App,1,0,0,0,
S-022449,Store,1,1,1,1,
S-022450,App,1,1,0,0,changed_mind
S-022451,Store,1,0,0,0,
S-022452,Store,1,1,1,1,
S-022453,Store,1,1,0,0,shipping_cost
S-022454,Web,1,1,1,1,
S-022455,App,1,0,0,0,
S-022456,App,1,1,0,0,shipping_cost
S-022457,Web,1,0,0,0,
S-022458,Web,1,1,1,1,
S-022459,Web,1,0,0,0,
S-022460,Web,1,1,0,0,payment_fail
S-022461,Web,1,1,0,0,payment_fail
S-022462,App,1,0,0,0,
S-022463,Web,1,1,1,1,
S-022464,App,1,1,1,1,
S-022465,Web,1,1,1,1,
S-022466,Web,1,1,1,1,
S-022467,Web,1,1,1,1,
S-022468,Web,1,1,0,0,payment_fail
S-022469,App,1,1,1,1,
S-022470,App,1,1,1,1,
S-022471,App,1,1,1,1,
S-022472,Web,1,0,0,0,
S-022473,App,1,1,0,0,payment_fail
S-022474,Store,1,1,0,0,checkout_friction
S-022475,Web,1,0,0,0,
S-022476,Web,1,1,0,0,changed_mind
S-022477,App,1,0,0,0,
S-022478,Store,1,1,0,0,shipping_cost
S-022479,App,1,1,1,1,
S-022480,App,1,1,0,0,shipping_cost
S-022481,Web,1,1,1,1,
S-022482,App,1,1,0,0,stock_out
S-022483,Web,1,0,0,0,
S-022484,App,1,1,0,0,payment_fail
S-022485,Web,1,1,1,1,
S-022486,Web,1,1,0,0,payment_fail
S-022487,Web,1,0,0,0,
S-022488,Web,1,1,0,0,changed_mind
S-022489,Web,1,1,1,1,
S-022490,Web,1,1,1,1,
S-022491,App,1,1,0,0,shipping_cost
S-022492,App,1,1,1,1,
S-022493,App,1,1,0,0,stock_out
S-022494,Web,1,1,0,0,checkout_friction
S-022495,Store,1,1,1,1,
S-022496,Web,1,1,1,1,
S-022497,Web,1,1,1,1,
S-022498,App,1,1,1,1,
S-022499,Web,1,1,0,0,stock_out
S-022500,Web,1,1,1,1,
S-022501,App,1,0,0,0,
S-022502,Web,1,1,0,0,payment_fail
S-022503,Store,1,0,0,0,
S-022504,Store,1,1,1,1,
S-022505,Web,1,0,0,0,
S-022506,Web,1,1,0,0,payment_fail
S-022507,App,1,1,0,0,payment_fail
S-022508,Web,1,0,0,0,
S-022509,App,1,1,0,0,stock_out
S-022510,Web,1,1,1,1,
S-022511,Store,1,1,0,0,checkout_friction
S-022512,Web,1,1,0,0,checkout_friction
S-022513,Web,1,1,0,0,shipping_cost
S-022514,Web,1,1,0,0,stock_out
S-022515,Web,1,1,0,0,changed_mind
S-022516,Web,1,1,0,0,stock_out
S-022517,Web,1,0,0,0,
S-022518,App,1,0,0,0,
S-022519,Web,1,1,1,1,
S-022520,Web,1,1,0,0,changed_mind
S-022521,App,1,1,1,1,
S-022522,Web,1,1,1,1,
S-022523,App,1,1,1,1,
S-022524,Web,1,1,0,0,payment_fail
S-022525,App,1,0,0,0,
S-022526,Web,1,1,0,0,payment_fail
S-022527,App,1,1,1,1,
S-022528,Web,1,1,1,1,
S-022529,App,1,0,0,0,
S-022530,Web,1,1,1,1,
S-022531,Web,1,1,1,1,
S-022532,Web,1,1,1,1,
S-022533,App,1,0,0,0,
S-022534,Web,1,0,0,0,
S-022535,Web,1,0,0,0,
S-022536,Web,1,0,0,0,
S-022537,Store,1,0,0,0,
S-022538,Store,1,0,0,0,
S-022539,Web,1,0,0,0,
S-022540,Web,1,1,0,0,checkout_friction
S-022541,Web,1,1,1,1,
S-022542,App,1,1,1,1,
S-022543,Web,1,0,0,0,
S-022544,App,1,1,0,0,shipping_cost
S-022545,App,1,1,1,1,
S-022546,Web,1,1,0,0,shipping_cost
S-022547,Web,1,0,0,0,
S-022548,Web,1,1,0,0,shipping_cost
S-022549,App,1,1,0,0,shipping_cost
S-022550,Web,1,1,0,0,checkout_friction
S-022551,App,1,1,0,0,payment_fail
S-022552,Web,1,1,0,0,payment_fail
S-022553,App,1,1,0,0,stock_out
S-022554,Web,1,1,0,0,changed_mind
S-022555,App,1,1,1,1,
S-022556,Web,1,0,0,0,
S-022557,Web,1,1,0,0,payment_fail
S-022558,App,1,1,0,0,payment_fail
S-022559,Web,1,0,0,0,
S-022560,App,1,1,1,1,
S-022561,Web,1,1,0,0,payment_fail
S-022562,App,1,1,0,0,payment_fail
S-022563,Web,1,1,1,1,
S-022564,Web,1,0,0,0,
S-022565,Web,1,1,0,0,payment_fail
S-022566,Web,1,1,0,0,payment_fail
S-022567,App,1,1,0,0,stock_out
S-022568,App,1,0,0,0,
S-022569,App,1,0,0,0,
S-022570,App,1,0,0,0,
S-022571,App,1,1,1,1,
S-022572,App,1,1,0,0,checkout_friction
S-022573,App,1,1,0,0,checkout_friction
S-022574,Store,1,0,0,0,
S-022575,Web,1,1,1,1,
S-022576,App,1,0,0,0,
S-022577,App,1,1,0,0,shipping_cost
S-022578,Web,1,0,0,0,
S-022579,App,1,0,0,0,
S-022580,Web,1,1,0,0,shipping_cost
S-022581,Store,1,1,0,0,checkout_friction
S-022582,Web,1,1,1,1,
S-022583,App,1,1,1,1,
S-022584,App,1,1,0,0,stock_out
S-022585,App,1,1,1,1,
S-022586,Web,1,0,0,0,
S-022587,App,1,1,0,0,changed_mind
S-022588,Store,1,1,1,1,
S-022589,Web,1,1,1,1,
S-022590,Web,1,0,0,0,
S-022591,App,1,1,0,0,payment_fail
S-022592,App,1,1,0,0,shipping_cost
S-022593,Web,1,1,1,1,
S-022594,App,1,1,1,1,
S-022595,App,1,1,0,0,changed_mind
S-022596,Web,1,0,0,0,
S-022597,App,1,1,0,0,changed_mind
S-022598,Web,1,1,0,0,payment_fail
S-022599,Web,1,0,0,0,
S-022600,Web,1,1,0,0,checkout_friction
S-022601,Web,1,1,0,0,changed_mind
S-022602,App,1,0,0,0,
S-022603,Web,1,1,1,1,
S-022604,Web,1,1,1,1,
S-022605,Web,1,1,1,1,
S-022606,App,1,1,0,0,changed_mind
S-022607,App,1,1,0,0,payment_fail
S-022608,Web,1,1,1,1,
S-022609,Web,1,1,1,1,
S-022610,Web,1,0,0,0,
S-022611,Web,1,1,1,1,
S-022612,App,1,1,0,0,stock_out
S-022613,App,1,0,0,0,
S-022614,Web,1,1,1,1,
S-022615,App,1,1,0,0,stock_out
S-022616,App,1,1,1,1,
S-022617,App,1,1,0,0,payment_fail
S-022618,Web,1,1,0,0,changed_mind
S-022619,App,1,0,0,0,
S-022620,App,1,0,0,0,
S-022621,App,1,1,1,1,
S-022622,Web,1,1,1,1,
S-022623,Web,1,0,0,0,
S-022624,App,1,1,1,1,
S-022625,App,1,1,0,0,changed_mind
S-022626,App,1,1,0,0,stock_out
S-022627,Web,1,1,1,1,
S-022628,Web,1,1,0,0,payment_fail
S-022629,Web,1,0,0,0,
S-022630,Web,1,1,0,0,checkout_friction
S-022631,Web,1,1,1,1,
S-022632,Web,1,0,0,0,
S-022633,App,1,1,0,0,shipping_cost
S-022634,Web,1,1,1,1,
S-022635,Web,1,1,0,0,payment_fail
S-022636,App,1,1,0,0,payment_fail
S-022637,App,1,1,1,1,
S-022638,Web,1,0,0,0,
S-022639,Web,1,1,1,1,
S-022640,Web,1,0,0,0,
S-022641,Web,1,1,1,1,
S-022642,App,1,1,1,1,
S-022643,Web,1,0,0,0,
S-022644,Web,1,0,0,0,
S-022645,App,1,1,1,1,
S-022646,Web,1,1,0,0,payment_fail
S-022647,App,1,1,1,1,
S-022648,Web,1,1,1,1,
S-022649,Web,1,1,1,1,
S-022650,Web,1,1,1,1,
S-022651,Store,1,1,0,0,shipping_cost
S-022652,App,1,0,0,0,
S-022653,Web,1,1,1,1,
S-022654,App,1,1,1,1,
S-022655,Store,1,0,0,0,
S-022656,App,1,1,1,1,
S-022657,App,1,1,0,0,shipping_cost
S-022658,App,1,1,0,0,stock_out
S-022659,Web,1,1,1,1,
S-022660,Web,1,1,0,0,payment_fail
S-022661,Web,1,1,1,1,
S-022662,Web,1,0,0,0,
S-022663,Web,1,1,0,0,checkout_friction
S-022664,Web,1,1,0,0,payment_fail
S-022665,App,1,1,1,1,
S-022666,App,1,1,0,0,changed_mind
S-022667,Web,1,0,0,0,
S-022668,Web,1,1,0,0,checkout_friction
S-022669,App,1,1,1,1,
S-022670,Web,1,1,0,0,stock_out
S-022671,Store,1,1,1,1,
S-022672,App,1,1,1,1,
S-022673,Web,1,1,0,0,changed_mind
S-022674,App,1,1,1,1,
S-022675,Web,1,1,0,0,stock_out
S-022676,App,1,0,0,0,
S-022677,Web,1,1,1,1,
S-022678,Web,1,1,1,1,
S-022679,Web,1,1,0,0,payment_fail
S-022680,Web,1,0,0,0,
S-022681,App,1,1,0,0,payment_fail
S-022682,Store,1,1,0,0,shipping_cost
S-022683,Web,1,0,0,0,
S-022684,Web,1,1,0,0,payment_fail
S-022685,Web,1,1,1,1,
S-022686,App,1,1,0,0,shipping_cost
S-022687,App,1,1,0,0,payment_fail
S-022688,Web,1,1,1,1,
S-022689,App,1,1,1,1,
S-022690,Web,1,1,1,1,
S-022691,Web,1,1,0,0,checkout_friction
S-022692,Web,1,1,1,1,
S-022693,App,1,1,1,1,
S-022694,App,1,1,1,1,
S-022695,App,1,1,0,0,checkout_friction
S-022696,Web,1,1,0,0,stock_out
S-022697,Store,1,0,0,0,
S-022698,App,1,1,0,0,stock_out
S-022699,App,1,0,0,0,
S-022700,App,1,1,0,0,payment_fail
S-022701,Web,1,0,0,0,
S-022702,Web,1,1,1,1,
S-022703,Web,1,0,0,0,
S-022704,App,1,1,1,1,
S-022705,App,1,0,0,0,
S-022706,Web,1,1,1,1,
S-022707,Web,1,1,1,1,
S-022708,Web,1,1,1,1,
S-022709,Web,1,1,1,1,
S-022710,App,1,1,1,1,
S-022711,Web,1,1,0,0,payment_fail
S-022712,Web,1,1,1,1,
S-022713,App,1,1,1,1,
S-022714,App,1,1,1,1,
S-022715,Web,1,0,0,0,
S-022716,App,1,1,1,1,
S-022717,App,1,1,1,1,
S-022718,Store,1,1,0,0,changed_mind
S-022719,Web,1,1,0,0,changed_mind
S-022720,App,1,1,0,0,shipping_cost
S-022721,Web,1,1,1,1,
S-022722,Web,1,0,0,0,
S-022723,App,1,0,0,0,
S-022724,App,1,1,0,0,shipping_cost
S-022725,Store,1,0,0,0,
S-022726,Web,1,1,0,0,shipping_cost
S-022727,Web,1,0,0,0,
S-022728,Web,1,1,0,0,payment_fail
S-022729,Store,1,0,0,0,
S-022730,App,1,1,1,1,
S-022731,App,1,1,1,1,
S-022732,App,1,1,1,1,
S-022733,Web,1,1,0,0,shipping_cost
S-022734,App,1,1,0,0,shipping_cost
S-022735,Web,1,1,1,1,
S-022736,App,1,1,0,0,changed_mind
S-022737,App,1,0,0,0,
S-022738,Store,1,1,1,1,
S-022739,Web,1,1,1,1,
S-022740,App,1,1,1,1,
S-022741,Web,1,1,0,0,checkout_friction
S-022742,Store,1,0,0,0,
S-022743,Web,1,1,0,0,changed_mind
S-022744,App,1,1,0,0,stock_out
S-022745,App,1,0,0,0,
S-022746,Store,1,0,0,0,
S-022747,Store,1,1,0,0,stock_out
S-022748,Web,1,0,0,0,
S-022749,Web,1,0,0,0,
S-022750,App,1,1,1,1,
S-022751,Web,1,1,1,1,
S-022752,Web,1,0,0,0,
S-022753,Web,1,1,0,0,payment_fail
S-022754,App,1,1,1,1,
S-022755,Web,1,0,0,0,
S-022756,Store,1,1,0,0,changed_mind
S-022757,Web,1,1,0,0,shipping_cost
S-022758,Web,1,1,1,1,
S-022759,Web,1,0,0,0,
S-022760,Store,1,1,1,1,
S-022761,Web,1,1,1,1,
S-022762,Store,1,0,0,0,
S-022763,Store,1,1,0,0,changed_mind
S-022764,App,1,1,0,0,payment_fail
S-022765,Web,1,0,0,0,
S-022766,Store,1,1,1,1,
S-022767,Web,1,0,0,0,
S-022768,Web,1,0,0,0,
S-022769,Web,1,1,1,1,
S-022770,Store,1,0,0,0,
S-022771,Web,1,1,1,1,
S-022772,Web,1,1,1,1,
S-022773,Web,1,1,1,1,
S-022774,Store,1,0,0,0,
S-022775,Web,1,1,1,1,
S-022776,Web,1,1,0,0,checkout_friction
S-022777,Web,1,1,1,1,
S-022778,App,1,0,0,0,
S-022779,Web,1,1,1,1,
S-022780,Web,1,0,0,0,
S-022781,Web,1,1,0,0,checkout_friction
S-022782,Web,1,1,0,0,payment_fail
S-022783,Web,1,0,0,0,
S-022784,App,1,1,1,1,
S-022785,Web,1,1,1,1,
S-022786,Web,1,1,0,0,payment_fail
S-022787,Web,1,0,0,0,
S-022788,Web,1,0,0,0,
S-022789,Web,1,0,0,0,
S-022790,Store,1,1,0,0,payment_fail
S-022791,App,1,0,0,0,
S-022792,Web,1,0,0,0,
S-022793,App,1,1,0,0,stock_out
S-022794,Web,1,1,0,0,changed_mind
S-022795,Web,1,1,1,1,
S-022796,Store,1,1,1,1,
S-022797,Web,1,1,1,1,
S-022798,App,1,1,1,1,
S-022799,Web,1,1,0,0,payment_fail
S-022800,Web,1,1,0,0,stock_out
S-022801,Web,1,1,1,1,
S-022802,App,1,0,0,0,
S-022803,Web,1,1,0,0,shipping_cost
S-022804,App,1,0,0,0,
S-022805,App,1,0,0,0,
S-022806,Web,1,1,0,0,shipping_cost
S-022807,Web,1,0,0,0,
S-022808,App,1,1,1,1,
S-022809,Store,1,1,1,1,
S-022810,Web,1,1,1,1,
S-022811,App,1,1,0,0,shipping_cost
S-022812,Store,1,0,0,0,
S-022813,Store,1,1,1,1,
S-022814,App,1,1,1,1,
S-022815,Web,1,0,0,0,
S-022816,Web,1,1,0,0,changed_mind
S-022817,Web,1,1,1,1,
S-022818,Web,1,1,0,0,shipping_cost
S-022819,App,1,0,0,0,
S-022820,Web,1,1,0,0,payment_fail
S-022821,App,1,1,0,0,shipping_cost
S-022822,Web,1,0,0,0,
S-022823,Web,1,1,0,0,checkout_friction
S-022824,Store,1,1,0,0,changed_mind
S-022825,Store,1,1,1,1,
S-022826,Web,1,1,0,0,checkout_friction
S-022827,Web,1,0,0,0,
S-022828,App,1,1,0,0,changed_mind
S-022829,App,1,1,0,0,stock_out
S-022830,Web,1,0,0,0,
S-022831,App,1,1,1,1,
S-022832,Web,1,0,0,0,
S-022833,App,1,0,0,0,
S-022834,App,1,1,0,0,shipping_cost
S-022835,Web,1,0,0,0,
S-022836,Web,1,1,1,1,
S-022837,Web,1,1,1,1,
S-022838,Web,1,1,0,0,stock_out
S-022839,Web,1,1,0,0,payment_fail
S-022840,App,1,1,1,1,
S-022841,App,1,0,0,0,
S-022842,Web,1,1,0,0,payment_fail
S-022843,Web,1,1,1,1,
S-022844,App,1,0,0,0,
S-022845,Web,1,0,0,0,
S-022846,App,1,1,0,0,payment_fail
S-022847,Web,1,1,1,1,
S-022848,Store,1,0,0,0,
S-022849,Web,1,0,0,0,
S-022850,App,1,1,1,1,
S-022851,Web,1,1,1,1,
S-022852,Web,1,1,1,1,
S-022853,Web,1,1,0,0,payment_fail
S-022854,App,1,1,0,0,checkout_friction
S-022855,App,1,1,0,0,checkout_friction
S-022856,Web,1,1,1,1,
S-022857,App,1,1,0,0,stock_out
S-022858,App,1,1,1,1,
S-022859,Web,1,1,1,1,
S-022860,Web,1,1,0,0,payment_fail
S-022861,Web,1,1,1,1,
S-022862,App,1,1,1,1,
S-022863,App,1,1,1,1,
S-022864,Web,1,0,0,0,
S-022865,App,1,1,1,1,
S-022866,Web,1,0,0,0,
S-022867,Web,1,0,0,0,
S-022868,App,1,1,0,0,checkout_friction
S-022869,App,1,1,0,0,stock_out
S-022870,Store,1,1,1,1,
S-022871,App,1,1,1,1,
S-022872,App,1,1,0,0,shipping_cost
S-022873,Web,1,1,1,1,
S-022874,App,1,1,0,0,changed_mind
S-022875,Web,1,1,0,0,changed_mind
S-022876,Web,1,0,0,0,
S-022877,Store,1,0,0,0,
S-022878,Store,1,1,0,0,payment_fail
S-022879,Web,1,1,1,1,
S-022880,App,1,0,0,0,
S-022881,Web,1,0,0,0,
S-022882,Web,1,1,0,0,changed_mind
S-022883,Web,1,1,1,1,
S-022884,App,1,0,0,0,
S-022885,Web,1,1,1,1,
S-022886,App,1,1,0,0,stock_out
S-022887,App,1,1,1,1,
S-022888,Web,1,1,0,0,payment_fail
S-022889,Web,1,1,1,1,
S-022890,App,1,0,0,0,
S-022891,Web,1,0,0,0,
S-022892,Web,1,1,1,1,
S-022893,Web,1,1,0,0,shipping_cost
S-022894,Web,1,1,1,1,
S-022895,Web,1,1,0,0,changed_mind
S-022896,Web,1,1,0,0,stock_out
S-022897,Web,1,1,0,0,checkout_friction
S-022898,Web,1,1,0,0,stock_out
S-022899,App,1,1,1,1,
S-022900,Web,1,0,0,0,
S-022901,Web,1,0,0,0,
S-022902,Web,1,1,0,0,changed_mind
S-022903,App,1,1,0,0,changed_mind
S-022904,App,1,1,0,0,changed_mind
S-022905,Store,1,1,0,0,changed_mind
S-022906,Store,1,1,1,1,
S-022907,App,1,0,0,0,
S-022908,Web,1,1,1,1,
S-022909,Store,1,1,1,1,
S-022910,App,1,1,1,1,
S-022911,Web,1,1,0,0,payment_fail
S-022912,Web,1,1,0,0,changed_mind
S-022913,App,1,0,0,0,
S-022914,App,1,1,1,1,
S-022915,Web,1,1,1,1,
S-022916,Web,1,1,1,1,
S-022917,App,1,1,0,0,stock_out
S-022918,App,1,1,0,0,changed_mind
S-022919,Web,1,1,1,1,
S-022920,Web,1,1,1,1,
S-022921,Web,1,1,1,1,
S-022922,Web,1,1,1,1,
S-022923,App,1,1,1,1,
S-022924,Web,1,1,0,0,checkout_friction
S-022925,Web,1,1,1,1,
S-022926,App,1,1,0,0,changed_mind
S-022927,App,1,0,0,0,
S-022928,Web,1,1,0,0,shipping_cost
S-022929,Web,1,0,0,0,
S-022930,App,1,1,1,1,
S-022931,App,1,1,1,1,
S-022932,App,1,1,0,0,payment_fail
S-022933,Web,1,1,1,1,
S-022934,Store,1,1,0,0,payment_fail
S-022935,App,1,1,0,0,shipping_cost
S-022936,App,1,1,1,1,
S-022937,Web,1,1,0,0,shipping_cost
S-022938,Web,1,1,0,0,payment_fail
S-022939,Web,1,1,1,1,
S-022940,App,1,1,1,1,
S-022941,Store,1,1,1,1,
S-022942,App,1,1,0,0,payment_fail
S-022943,Web,1,1,1,1,
S-022944,Web,1,1,1,1,
S-022945,Web,1,1,0,0,payment_fail
S-022946,App,1,1,1,1,
S-022947,Web,1,1,0,0,stock_out
S-022948,Web,1,1,0,0,stock_out
S-022949,Web,1,1,0,0,shipping_cost
S-022950,Web,1,1,1,1,
S-022951,App,1,1,0,0,payment_fail
S-022952,App,1,0,0,0,
S-022953,Web,1,1,0,0,payment_fail
S-022954,App,1,1,0,0,payment_fail
S-022955,App,1,1,1,1,
S-022956,App,1,1,0,0,shipping_cost
S-022957,Web,1,1,0,0,payment_fail
S-022958,App,1,1,0,0,shipping_cost
S-022959,App,1,1,0,0,checkout_friction
S-022960,Web,1,0,0,0,
S-022961,App,1,1,1,1,
S-022962,Web,1,1,0,0,changed_mind
S-022963,App,1,1,0,0,stock_out
S-022964,Web,1,1,0,0,payment_fail
S-022965,Web,1,1,1,1,
S-022966,App,1,1,1,1,
S-022967,Web,1,1,1,1,
S-022968,App,1,0,0,0,
S-022969,Web,1,0,0,0,
S-022970,Web,1,1,0,0,payment_fail
S-022971,Web,1,1,1,1,
S-022972,App,1,1,1,1,
S-022973,Web,1,1,0,0,checkout_friction
S-022974,Web,1,1,1,1,
S-022975,Web,1,1,0,0,shipping_cost
S-022976,Web,1,1,1,1,
S-022977,Web,1,0,0,0,
S-022978,App,1,1,0,0,changed_mind
S-022979,Web,1,1,1,1,
S-022980,App,1,0,0,0,
S-022981,Web,1,1,0,0,checkout_friction
S-022982,Web,1,1,1,1,
S-022983,Web,1,1,0,0,changed_mind
S-022984,Web,1,1,1,1,
S-022985,Store,1,1,0,0,shipping_cost
S-022986,Web,1,1,0,0,changed_mind
S-022987,App,1,1,0,0,payment_fail
S-022988,Store,1,1,1,1,
S-022989,Web,1,0,0,0,
S-022990,Web,1,1,1,1,
S-022991,Web,1,0,0,0,
S-022992,Store,1,0,0,0,
S-022993,Store,1,1,0,0,payment_fail
S-022994,App,1,1,1,1,
S-022995,Web,1,1,1,1,
S-022996,App,1,1,0,0,payment_fail
S-022997,App,1,1,0,0,checkout_friction
S-022998,Web,1,1,1,1,
S-022999,App,1,1,0,0,changed_mind
S-023000,Web,1,1,0,0,shipping_cost
S-023001,App,1,0,0,0,
S-023002,App,1,1,0,0,payment_fail
S-023003,App,1,1,1,1,
S-023004,Web,1,0,0,0,
S-023005,App,1,0,0,0,
S-023006,App,1,1,0,0,changed_mind
S-023007,Web,1,0,0,0,
S-023008,Web,1,1,0,0,checkout_friction
S-023009,App,1,1,0,0,shipping_cost
S-023010,App,1,0,0,0,
S-023011,App,1,1,0,0,shipping_cost
S-023012,App,1,1,1,1,
S-023013,App,1,1,1,1,
S-023014,Web,1,0,0,0,
S-023015,Web,1,1,0,0,checkout_friction
S-023016,Web,1,1,1,1,
S-023017,Web,1,1,0,0,checkout_friction
S-023018,Web,1,0,0,0,
S-023019,App,1,1,0,0,checkout_friction
S-023020,App,1,0,0,0,
S-023021,App,1,1,0,0,shipping_cost
S-023022,Web,1,0,0,0,
S-023023,Web,1,0,0,0,
S-023024,Web,1,1,0,0,payment_fail
S-023025,App,1,0,0,0,
S-023026,App,1,1,0,0,shipping_cost
S-023027,App,1,1,1,1,
S-023028,App,1,1,1,1,
S-023029,Web,1,1,1,1,
S-023030,Web,1,1,1,1,
S-023031,Web,1,1,0,0,shipping_cost
S-023032,Web,1,0,0,0,
S-023033,Web,1,0,0,0,
S-023034,Store,1,0,0,0,
S-023035,Web,1,1,0,0,checkout_friction
S-023036,App,1,1,0,0,payment_fail
S-023037,Web,1,0,0,0,
S-023038,Store,1,0,0,0,
S-023039,Store,1,1,1,1,
S-023040,Web,1,1,1,1,
S-023041,Web,1,1,1,1,
S-023042,App,1,0,0,0,
S-023043,App,1,0,0,0,
S-023044,Web,1,1,0,0,changed_mind
S-023045,App,1,1,0,0,checkout_friction
S-023046,App,1,1,1,1,
S-023047,Web,1,0,0,0,
S-023048,Web,1,1,0,0,checkout_friction
S-023049,Web,1,0,0,0,
S-023050,Web,1,1,0,0,changed_mind
S-023051,Web,1,1,1,1,
S-023052,App,1,1,1,1,
S-023053,Web,1,0,0,0,
S-023054,Web,1,1,1,1,
S-023055,Store,1,1,0,0,checkout_friction
S-023056,Web,1,1,1,1,
S-023057,Web,1,0,0,0,
S-023058,App,1,1,0,0,payment_fail
S-023059,Web,1,1,1,1,
S-023060,Web,1,0,0,0,
S-023061,App,1,1,1,1,
S-023062,App,1,1,1,1,
S-023063,App,1,1,1,1,
S-023064,Web,1,0,0,0,
S-023065,App,1,0,0,0,
S-023066,Web,1,1,1,1,
S-023067,Web,1,1,0,0,shipping_cost
S-023068,Web,1,0,0,0,
S-023069,App,1,1,0,0,payment_fail
S-023070,Web,1,1,0,0,checkout_friction
S-023071,Store,1,1,0,0,checkout_friction
S-023072,App,1,1,0,0,payment_fail
S-023073,App,1,1,1,1,
S-023074,Web,1,1,1,1,
S-023075,Web,1,1,0,0,payment_fail
S-023076,Web,1,1,1,1,
S-023077,Web,1,1,1,1,
S-023078,Web,1,1,1,1,
S-023079,Web,1,1,1,1,
S-023080,App,1,0,0,0,
S-023081,Web,1,0,0,0,
S-023082,App,1,1,1,1,
S-023083,Web,1,1,0,0,shipping_cost
S-023084,App,1,1,0,0,payment_fail
S-023085,Web,1,1,0,0,stock_out
S-023086,Web,1,0,0,0,
S-023087,App,1,1,1,1,
S-023088,Web,1,1,0,0,payment_fail
S-023089,Web,1,1,1,1,
S-023090,Web,1,1,1,1,
S-023091,App,1,0,0,0,
S-023092,App,1,1,0,0,stock_out
S-023093,Store,1,0,0,0,
S-023094,Web,1,1,1,1,
S-023095,Web,1,1,1,1,
S-023096,App,1,1,0,0,changed_mind
S-023097,App,1,1,1,1,
S-023098,App,1,1,0,0,shipping_cost
S-023099,Store,1,0,0,0,
S-023100,App,1,1,1,1,
S-023101,App,1,1,0,0,payment_fail
S-023102,Store,1,0,0,0,
S-023103,App,1,1,0,0,checkout_friction
S-023104,Web,1,1,0,0,changed_mind
S-023105,App,1,0,0,0,
S-023106,Web,1,1,1,1,
S-023107,Web,1,1,0,0,shipping_cost
S-023108,Web,1,0,0,0,
S-023109,Web,1,1,0,0,shipping_cost
S-023110,Web,1,0,0,0,
S-023111,Web,1,0,0,0,
S-023112,App,1,1,0,0,checkout_friction
S-023113,App,1,0,0,0,
S-023114,Store,1,1,0,0,stock_out
S-023115,App,1,1,1,1,
S-023116,App,1,0,0,0,
S-023117,Web,1,1,0,0,stock_out
S-023118,Web,1,0,0,0,
S-023119,App,1,1,0,0,changed_mind
S-023120,App,1,1,1,1,
S-023121,Web,1,1,1,1,
S-023122,App,1,0,0,0,
S-023123,Store,1,1,1,1,
S-023124,Web,1,1,0,0,checkout_friction
S-023125,Store,1,1,0,0,shipping_cost
S-023126,Web,1,0,0,0,
S-023127,App,1,0,0,0,
S-023128,Web,1,1,1,1,
S-023129,Web,1,0,0,0,
S-023130,App,1,0,0,0,
S-023131,Web,1,1,1,1,
S-023132,Web,1,1,1,1,
S-023133,App,1,1,1,1,
S-023134,App,1,1,0,0,stock_out
S-023135,Web,1,1,0,0,shipping_cost
S-023136,App,1,0,0,0,
S-023137,Web,1,0,0,0,
S-023138,App,1,1,0,0,changed_mind
S-023139,Store,1,1,0,0,checkout_friction
S-023140,App,1,0,0,0,
S-023141,Web,1,1,0,0,checkout_friction
S-023142,Store,1,1,1,1,
S-023143,App,1,1,0,0,changed_mind
S-023144,Web,1,1,1,1,
S-023145,Store,1,1,0,0,changed_mind
S-023146,App,1,1,0,0,checkout_friction
S-023147,Web,1,1,1,1,
S-023148,App,1,1,0,0,checkout_friction
S-023149,App,1,1,1,1,
S-023150,Web,1,1,1,1,
S-023151,Web,1,1,1,1,
S-023152,Web,1,1,0,0,stock_out
S-023153,App,1,1,1,1,
S-023154,Web,1,0,0,0,
S-023155,Web,1,1,1,1,
S-023156,App,1,0,0,0,
S-023157,App,1,1,1,1,
S-023158,App,1,0,0,0,
S-023159,Web,1,1,1,1,
S-023160,Web,1,1,1,1,
S-023161,Web,1,1,0,0,payment_fail
S-023162,Web,1,0,0,0,
S-023163,App,1,0,0,0,
S-023164,Web,1,0,0,0,
S-023165,Web,1,0,0,0,
S-023166,App,1,1,0,0,shipping_cost
S-023167,App,1,0,0,0,
S-023168,App,1,1,1,1,
S-023169,Web,1,1,0,0,checkout_friction
S-023170,Web,1,0,0,0,
S-023171,App,1,1,0,0,stock_out
S-023172,Web,1,1,0,0,stock_out
S-023173,Web,1,1,1,1,
S-023174,Web,1,1,0,0,changed_mind
S-023175,App,1,1,0,0,shipping_cost
S-023176,App,1,0,0,0,
S-023177,App,1,1,0,0,shipping_cost
S-023178,Web,1,1,0,0,stock_out
S-023179,App,1,1,1,1,
S-023180,Web,1,1,0,0,shipping_cost
S-023181,Web,1,1,0,0,changed_mind
S-023182,Web,1,1,0,0,stock_out
S-023183,App,1,1,1,1,
S-023184,Web,1,0,0,0,
S-023185,Store,1,1,1,1,
S-023186,App,1,1,0,0,stock_out
S-023187,Store,1,0,0,0,
S-023188,App,1,1,0,0,shipping_cost
S-023189,Store,1,1,1,1,
S-023190,Web,1,1,1,1,
S-023191,App,1,0,0,0,
S-023192,Store,1,1,0,0,stock_out
S-023193,App,1,1,0,0,payment_fail
S-023194,Web,1,1,0,0,payment_fail
S-023195,Web,1,0,0,0,
S-023196,Web,1,0,0,0,
S-023197,Web,1,0,0,0,
S-023198,App,1,0,0,0,
S-023199,Web,1,1,0,0,shipping_cost
S-023200,Web,1,0,0,0,
S-023201,App,1,1,1,1,
S-023202,App,1,1,1,1,
S-023203,App,1,1,0,0,payment_fail
S-023204,Web,1,1,1,1,
S-023205,Web,1,1,1,1,
S-023206,Web,1,1,0,0,checkout_friction
S-023207,Web,1,1,1,1,
S-023208,App,1,1,0,0,checkout_friction
S-023209,App,1,0,0,0,
S-023210,Web,1,0,0,0,
S-023211,Store,1,0,0,0,
S-023212,Web,1,1,0,0,payment_fail
S-023213,App,1,1,1,1,
S-023214,Web,1,1,1,1,
S-023215,App,1,1,0,0,stock_out
S-023216,App,1,1,1,1,
S-023217,Web,1,1,0,0,changed_mind
S-023218,Store,1,1,1,1,
S-023219,Web,1,1,0,0,stock_out
S-023220,Web,1,1,1,1,
S-023221,App,1,1,1,1,
S-023222,Web,1,0,0,0,
S-023223,Web,1,1,0,0,checkout_friction
S-023224,Store,1,1,0,0,changed_mind
S-023225,Web,1,0,0,0,
S-023226,Web,1,1,0,0,payment_fail
S-023227,Web,1,1,0,0,payment_fail
S-023228,Web,1,1,0,0,shipping_cost
S-023229,App,1,1,0,0,checkout_friction
S-023230,Web,1,1,0,0,changed_mind
S-023231,Web,1,1,1,1,
S-023232,App,1,1,0,0,shipping_cost
S-023233,Web,1,1,0,0,payment_fail
S-023234,Store,1,1,1,1,
S-023235,Web,1,0,0,0,
S-023236,Web,1,1,1,1,
S-023237,Web,1,1,0,0,checkout_friction
S-023238,App,1,0,0,0,
S-023239,App,1,1,1,1,
S-023240,Web,1,1,0,0,shipping_cost
S-023241,App,1,1,0,0,stock_out
S-023242,App,1,1,0,0,changed_mind
S-023243,Web,1,1,0,0,payment_fail
S-023244,Store,1,1,1,1,
S-023245,App,1,0,0,0,
S-023246,Web,1,1,1,1,
S-023247,App,1,0,0,0,
S-023248,Web,1,0,0,0,
S-023249,App,1,1,1,1,
S-023250,Web,1,1,1,1,
S-023251,App,1,1,0,0,payment_fail
S-023252,Web,1,1,1,1,
S-023253,Web,1,0,0,0,
S-023254,Web,1,1,0,0,shipping_cost
S-023255,Web,1,1,0,0,shipping_cost
S-023256,App,1,1,0,0,stock_out
S-023257,App,1,1,0,0,stock_out
S-023258,Web,1,1,1,1,
S-023259,App,1,1,1,1,
S-023260,Store,1,1,0,0,payment_fail
S-023261,App,1,1,0,0,changed_mind
S-023262,App,1,0,0,0,
S-023263,App,1,1,0,0,payment_fail
S-023264,Web,1,0,0,0,
S-023265,Web,1,0,0,0,
S-023266,App,1,1,0,0,payment_fail
S-023267,App,1,1,0,0,stock_out
S-023268,Web,1,1,0,0,stock_out
S-023269,Store,1,0,0,0,
S-023270,Web,1,1,1,1,
S-023271,App,1,1,1,1,
S-023272,App,1,0,0,0,
S-023273,Web,1,0,0,0,
S-023274,App,1,0,0,0,
S-023275,App,1,0,0,0,
S-023276,Web,1,1,1,1,
S-023277,Web,1,1,1,1,
S-023278,App,1,1,0,0,stock_out
S-023279,Web,1,0,0,0,
S-023280,Web,1,0,0,0,
S-023281,Web,1,1,1,1,
S-023282,Store,1,0,0,0,
S-023283,Web,1,0,0,0,
S-023284,Web,1,0,0,0,
S-023285,Web,1,1,1,1,
S-023286,App,1,1,1,1,
S-023287,Web,1,1,1,1,
S-023288,Web,1,1,1,1,
S-023289,Store,1,0,0,0,
S-023290,Web,1,1,1,1,
S-023291,Store,1,1,0,0,payment_fail
S-023292,App,1,1,1,1,
S-023293,Web,1,1,1,1,
S-023294,App,1,1,0,0,changed_mind
S-023295,Web,1,1,1,1,
S-023296,App,1,0,0,0,
S-023297,App,1,1,0,0,shipping_cost
S-023298,Web,1,1,1,1,
S-023299,Web,1,1,1,1,
S-023300,Web,1,1,0,0,checkout_friction
S-023301,App,1,0,0,0,
S-023302,App,1,1,1,1,
S-023303,Web,1,1,1,1,
S-023304,Store,1,1,0,0,changed_mind
S-023305,App,1,0,0,0,
S-023306,Web,1,0,0,0,
S-023307,Web,1,1,1,1,
S-023308,Web,1,0,0,0,
S-023309,Web,1,1,0,0,checkout_friction
S-023310,Web,1,1,1,1,
S-023311,App,1,1,0,0,payment_fail
S-023312,App,1,1,1,1,
S-023313,Web,1,1,1,1,
S-023314,Store,1,0,0,0,
S-023315,Web,1,1,1,1,
S-023316,Store,1,1,0,0,shipping_cost
S-023317,Web,1,1,0,0,stock_out
S-023318,Store,1,1,0,0,shipping_cost
S-023319,Store,1,0,0,0,
S-023320,Web,1,0,0,0,
S-023321,App,1,1,1,1,
S-023322,App,1,1,0,0,changed_mind
S-023323,Store,1,1,0,0,changed_mind
S-023324,App,1,0,0,0,
S-023325,Web,1,1,1,1,
S-023326,Web,1,1,1,1,
S-023327,Web,1,0,0,0,
S-023328,Web,1,1,1,1,
S-023329,Web,1,1,1,1,
S-023330,App,1,1,0,0,checkout_friction
S-023331,Web,1,0,0,0,
S-023332,Web,1,1,0,0,payment_fail
S-023333,Web,1,1,0,0,checkout_friction
S-023334,App,1,0,0,0,
S-023335,Web,1,0,0,0,
S-023336,Web,1,1,0,0,shipping_cost
S-023337,Web,1,1,0,0,shipping_cost
S-023338,Web,1,1,0,0,changed_mind
S-023339,Web,1,0,0,0,
S-023340,App,1,1,0,0,payment_fail
S-023341,Store,1,1,1,1,
S-023342,App,1,0,0,0,
S-023343,App,1,0,0,0,
S-023344,Store,1,1,1,1,
S-023345,App,1,1,1,1,
S-023346,Web,1,1,1,1,
S-023347,App,1,1,1,1,
S-023348,Web,1,1,1,1,
S-023349,App,1,1,0,0,checkout_friction
S-023350,Web,1,1,1,1,
S-023351,Web,1,0,0,0,
S-023352,App,1,0,0,0,
S-023353,App,1,0,0,0,
S-023354,Web,1,0,0,0,
S-023355,Web,1,1,0,0,checkout_friction
S-023356,Web,1,1,1,1,
S-023357,App,1,1,1,1,
S-023358,Web,1,1,0,0,checkout_friction
S-023359,App,1,1,0,0,checkout_friction
S-023360,Web,1,0,0,0,
S-023361,Web,1,1,1,1,
S-023362,Web,1,0,0,0,
S-023363,Web,1,1,1,1,
S-023364,Web,1,1,1,1,
S-023365,Web,1,0,0,0,
S-023366,Store,1,1,0,0,changed_mind
S-023367,App,1,1,1,1,
S-023368,App,1,1,1,1,
S-023369,App,1,1,1,1,
S-023370,Web,1,1,1,1,
S-023371,Web,1,1,1,1,
S-023372,Web,1,1,1,1,
S-023373,Web,1,0,0,0,
S-023374,Web,1,0,0,0,
S-023375,Web,1,1,1,1,
S-023376,Web,1,1,0,0,shipping_cost
S-023377,App,1,1,0,0,checkout_friction
S-023378,App,1,0,0,0,
S-023379,App,1,1,0,0,payment_fail
S-023380,Web,1,0,0,0,
S-023381,Web,1,1,1,1,
S-023382,App,1,1,0,0,stock_out
S-023383,App,1,1,0,0,shipping_cost
S-023384,App,1,0,0,0,
S-023385,Web,1,0,0,0,
S-023386,Web,1,0,0,0,
S-023387,Web,1,0,0,0,
S-023388,Store,1,1,0,0,changed_mind
S-023389,Store,1,1,0,0,shipping_cost
S-023390,Store,1,0,0,0,
S-023391,Web,1,1,1,1,
S-023392,Web,1,1,1,1,
S-023393,Web,1,1,1,1,
S-023394,App,1,0,0,0,
S-023395,Web,1,0,0,0,
S-023396,App,1,1,0,0,shipping_cost
S-023397,Web,1,1,0,0,payment_fail
S-023398,Store,1,1,1,1,
S-023399,Web,1,1,0,0,shipping_cost
S-023400,Store,1,1,1,1,
S-023401,Web,1,0,0,0,
S-023402,App,1,1,1,1,
S-023403,App,1,1,0,0,shipping_cost
S-023404,Web,1,1,0,0,payment_fail
S-023405,App,1,1,0,0,payment_fail
S-023406,Web,1,0,0,0,
S-023407,Web,1,1,1,1,
S-023408,Store,1,0,0,0,
S-023409,Web,1,1,0,0,changed_mind
S-023410,Web,1,1,0,0,shipping_cost
S-023411,Web,1,1,0,0,stock_out
S-023412,App,1,1,1,1,
S-023413,Store,1,1,1,1,
S-023414,App,1,1,1,1,
S-023415,App,1,1,1,1,
S-023416,App,1,1,0,0,payment_fail
S-023417,Web,1,1,0,0,changed_mind
S-023418,App,1,0,0,0,
S-023419,Web,1,1,0,0,payment_fail
S-023420,App,1,1,0,0,changed_mind
S-023421,Web,1,1,0,0,changed_mind
S-023422,Web,1,1,0,0,changed_mind
S-023423,Web,1,1,1,1,
S-023424,App,1,1,0,0,shipping_cost
S-023425,Web,1,1,1,1,
S-023426,Web,1,1,1,1,
S-023427,App,1,1,0,0,changed_mind
S-023428,Web,1,0,0,0,
S-023429,Web,1,1,1,1,
S-023430,App,1,0,0,0,
S-023431,Web,1,1,1,1,
S-023432,App,1,1,0,0,payment_fail
S-023433,Store,1,1,1,1,
S-023434,App,1,1,1,1,
S-023435,Store,1,1,0,0,shipping_cost
S-023436,App,1,0,0,0,
S-023437,Web,1,1,1,1,
S-023438,Web,1,1,0,0,shipping_cost
S-023439,App,1,0,0,0,
S-023440,Web,1,0,0,0,
S-023441,App,1,1,1,1,
S-023442,Store,1,1,1,1,
S-023443,App,1,1,1,1,
S-023444,Web,1,0,0,0,
S-023445,Web,1,1,1,1,
S-023446,App,1,1,0,0,changed_mind
S-023447,Web,1,1,0,0,shipping_cost
S-023448,Web,1,1,0,0,stock_out
S-023449,Web,1,0,0,0,
S-023450,Web,1,1,0,0,shipping_cost
S-023451,Web,1,1,1,1,
S-023452,App,1,0,0,0,
S-023453,Web,1,1,0,0,payment_fail
S-023454,Store,1,1,1,1,
S-023455,App,1,0,0,0,
S-023456,Web,1,0,0,0,
S-023457,App,1,1,0,0,payment_fail
S-023458,Web,1,1,1,1,
S-023459,App,1,1,1,1,
S-023460,Web,1,1,0,0,payment_fail
S-023461,Web,1,0,0,0,
S-023462,App,1,1,0,0,changed_mind
S-023463,App,1,1,0,0,stock_out
S-023464,Web,1,1,0,0,stock_out
S-023465,Web,1,0,0,0,
S-023466,Web,1,1,1,1,
S-023467,Web,1,1,0,0,shipping_cost
S-023468,Web,1,0,0,0,
S-023469,App,1,1,0,0,payment_fail
S-023470,App,1,0,0,0,
S-023471,Store,1,1,1,1,
S-023472,Web,1,1,1,1,
S-023473,Web,1,1,1,1,
S-023474,Web,1,0,0,0,
S-023475,Web,1,0,0,0,
S-023476,App,1,1,1,1,
S-023477,Web,1,0,0,0,
S-023478,App,1,0,0,0,
S-023479,Web,1,0,0,0,
S-023480,Web,1,1,1,1,
S-023481,Web,1,1,1,1,
S-023482,App,1,1,1,1,
S-023483,Store,1,1,0,0,checkout_friction
S-023484,App,1,1,0,0,payment_fail
S-023485,App,1,1,1,1,
S-023486,Web,1,1,0,0,shipping_cost
S-023487,Web,1,1,0,0,checkout_friction
S-023488,Store,1,1,0,0,shipping_cost
S-023489,Web,1,1,0,0,payment_fail
S-023490,Web,1,1,1,1,
S-023491,Web,1,1,1,1,
S-023492,Store,1,0,0,0,
S-023493,App,1,1,1,1,
S-023494,App,1,1,0,0,payment_fail
S-023495,Web,1,0,0,0,
S-023496,Store,1,1,1,1,
S-023497,App,1,1,0,0,changed_mind
S-023498,Web,1,1,0,0,payment_fail
S-023499,App,1,1,0,0,changed_mind
S-023500,App,1,1,0,0,shipping_cost
S-023501,App,1,1,1,1,
S-023502,Web,1,1,0,0,shipping_cost
S-023503,Web,1,1,0,0,payment_fail
S-023504,App,1,1,1,1,
S-023505,Store,1,1,0,0,stock_out
S-023506,Web,1,1,0,0,shipping_cost
S-023507,App,1,0,0,0,
S-023508,Web,1,1,0,0,stock_out
S-023509,App,1,1,0,0,shipping_cost
S-023510,Web,1,1,0,0,payment_fail
S-023511,App,1,1,1,1,
S-023512,App,1,1,0,0,shipping_cost
S-023513,Web,1,1,0,0,changed_mind
S-023514,App,1,0,0,0,
S-023515,Web,1,0,0,0,
S-023516,Web,1,1,1,1,
S-023517,App,1,0,0,0,
S-023518,App,1,0,0,0,
S-023519,Web,1,0,0,0,
S-023520,Store,1,1,1,1,
S-023521,Web,1,1,1,1,
S-023522,App,1,1,1,1,
S-023523,Web,1,1,1,1,
S-023524,Store,1,1,1,1,
S-023525,Web,1,1,1,1,
S-023526,Web,1,0,0,0,
S-023527,Web,1,1,0,0,shipping_cost
S-023528,Web,1,1,0,0,stock_out
S-023529,Web,1,1,0,0,checkout_friction
S-023530,Store,1,0,0,0,
S-023531,Web,1,1,1,1,
S-023532,Web,1,1,0,0,stock_out
S-023533,Web,1,0,0,0,
S-023534,Web,1,0,0,0,
S-023535,App,1,1,0,0,changed_mind
S-023536,Store,1,0,0,0,
S-023537,Web,1,1,1,1,
S-023538,Web,1,0,0,0,
S-023539,Web,1,1,0,0,changed_mind
S-023540,Store,1,0,0,0,
S-023541,App,1,1,1,1,
S-023542,App,1,1,1,1,
S-023543,Web,1,1,1,1,
S-023544,Web,1,1,0,0,changed_mind
S-023545,Web,1,0,0,0,
S-023546,Web,1,1,1,1,
S-023547,Web,1,1,1,1,
S-023548,Web,1,1,1,1,
S-023549,App,1,1,1,1,
S-023550,App,1,1,0,0,shipping_cost
S-023551,Web,1,0,0,0,
S-023552,App,1,1,1,1,
S-023553,Web,1,1,0,0,stock_out
S-023554,Web,1,1,1,1,
S-023555,Web,1,1,1,1,
S-023556,Web,1,0,0,0,
S-023557,App,1,0,0,0,
S-023558,App,1,1,1,1,
S-023559,Store,1,1,0,0,checkout_friction
S-023560,App,1,1,0,0,payment_fail
S-023561,Web,1,1,1,1,
S-023562,Web,1,0,0,0,
S-023563,App,1,1,1,1,
S-023564,App,1,1,0,0,checkout_friction
S-023565,Web,1,0,0,0,
S-023566,Web,1,0,0,0,
S-023567,Store,1,1,0,0,stock_out
S-023568,App,1,1,1,1,
S-023569,Web,1,1,0,0,shipping_cost
S-023570,App,1,1,0,0,checkout_friction
S-023571,App,1,1,0,0,payment_fail
S-023572,Store,1,1,1,1,
S-023573,Web,1,0,0,0,
S-023574,App,1,1,1,1,
S-023575,App,1,1,1,1,
S-023576,Store,1,1,0,0,payment_fail
S-023577,Web,1,1,0,0,shipping_cost
S-023578,App,1,1,1,1,
S-023579,Web,1,1,1,1,
S-023580,Web,1,1,1,1,
S-023581,Store,1,1,1,1,
S-023582,App,1,1,1,1,
S-023583,Web,1,1,1,1,
S-023584,Web,1,1,0,0,changed_mind
S-023585,Web,1,1,0,0,shipping_cost
S-023586,Web,1,0,0,0,
S-023587,Web,1,1,1,1,
S-023588,Web,1,1,0,0,checkout_friction
S-023589,App,1,1,0,0,payment_fail
S-023590,Web,1,1,0,0,shipping_cost
S-023591,Web,1,1,1,1,
S-023592,Web,1,1,1,1,
S-023593,Web,1,1,0,0,changed_mind
S-023594,Store,1,1,1,1,
S-023595,App,1,1,0,0,payment_fail
S-023596,Web,1,0,0,0,
S-023597,Web,1,1,0,0,stock_out
S-023598,Store,1,1,1,1,
S-023599,Store,1,0,0,0,
S-023600,Web,1,1,1,1,
S-023601,Store,1,0,0,0,
S-023602,App,1,1,0,0,shipping_cost
S-023603,Web,1,0,0,0,
S-023604,Web,1,1,0,0,checkout_friction
S-023605,Web,1,0,0,0,
S-023606,Web,1,1,0,0,changed_mind
S-023607,App,1,1,1,1,
S-023608,Web,1,0,0,0,
S-023609,Web,1,1,1,1,
S-023610,App,1,1,0,0,payment_fail
S-023611,Web,1,0,0,0,
S-023612,Web,1,0,0,0,
S-023613,Web,1,1,1,1,
S-023614,App,1,1,1,1,
S-023615,Web,1,1,0,0,payment_fail
S-023616,Web,1,1,1,1,
S-023617,App,1,1,0,0,payment_fail
S-023618,Web,1,1,0,0,checkout_friction
S-023619,Web,1,1,1,1,
S-023620,Web,1,0,0,0,
S-023621,Web,1,1,0,0,changed_mind
S-023622,Web,1,1,0,0,shipping_cost
S-023623,Web,1,0,0,0,
S-023624,Web,1,0,0,0,
S-023625,App,1,1,1,1,
S-023626,App,1,1,1,1,
S-023627,Web,1,1,0,0,payment_fail
S-023628,Web,1,1,1,1,
S-023629,Web,1,1,0,0,checkout_friction
S-023630,Store,1,0,0,0,
S-023631,Web,1,0,0,0,
S-023632,Store,1,1,0,0,payment_fail
S-023633,Web,1,0,0,0,
S-023634,App,1,1,1,1,
S-023635,Web,1,0,0,0,
S-023636,App,1,1,0,0,stock_out
S-023637,App,1,0,0,0,
S-023638,Web,1,1,1,1,
S-023639,Web,1,1,0,0,stock_out
S-023640,App,1,0,0,0,
S-023641,App,1,1,0,0,shipping_cost
S-023642,App,1,0,0,0,
S-023643,Web,1,1,1,1,
S-023644,Web,1,0,0,0,
S-023645,Store,1,0,0,0,
S-023646,Web,1,1,1,1,
S-023647,Web,1,0,0,0,
S-023648,Web,1,1,1,1,
S-023649,App,1,1,1,1,
S-023650,Web,1,1,1,1,
S-023651,App,1,1,0,0,changed_mind
S-023652,App,1,1,1,1,
S-023653,App,1,1,1,1,
S-023654,App,1,1,1,1,
S-023655,App,1,1,1,1,
S-023656,Web,1,1,0,0,payment_fail
S-023657,Web,1,0,0,0,
S-023658,App,1,1,0,0,shipping_cost
S-023659,Web,1,0,0,0,
S-023660,App,1,1,0,0,checkout_friction
S-023661,App,1,0,0,0,
S-023662,App,1,1,1,1,
S-023663,Web,1,1,1,1,
S-023664,Web,1,1,0,0,changed_mind
S-023665,Web,1,0,0,0,
S-023666,App,1,1,1,1,
S-023667,Web,1,0,0,0,
S-023668,Web,1,1,1,1,
S-023669,Web,1,1,1,1,
S-023670,Store,1,1,0,0,stock_out
S-023671,Web,1,1,1,1,
S-023672,Store,1,1,1,1,
S-023673,App,1,0,0,0,
S-023674,App,1,0,0,0,
S-023675,App,1,1,0,0,changed_mind
S-023676,Store,1,1,0,0,payment_fail
S-023677,Web,1,0,0,0,
S-023678,Web,1,1,1,1,
S-023679,Web,1,0,0,0,
S-023680,Web,1,1,1,1,
S-023681,Web,1,0,0,0,
S-023682,App,1,1,1,1,
S-023683,App,1,1,1,1,
S-023684,App,1,1,1,1,
S-023685,Web,1,1,0,0,stock_out
S-023686,Web,1,0,0,0,
S-023687,Web,1,0,0,0,
S-023688,Web,1,1,1,1,
S-023689,App,1,1,1,1,
S-023690,Web,1,1,1,1,
S-023691,Web,1,1,0,0,changed_mind
S-023692,App,1,0,0,0,
S-023693,Web,1,1,0,0,payment_fail
S-023694,App,1,0,0,0,
S-023695,Web,1,1,1,1,
S-023696,Web,1,1,1,1,
S-023697,Web,1,1,1,1,
S-023698,Web,1,0,0,0,
S-023699,App,1,0,0,0,
S-023700,App,1,1,0,0,shipping_cost
S-023701,Web,1,1,1,1,
S-023702,App,1,1,1,1,
S-023703,Web,1,1,1,1,
S-023704,Web,1,0,0,0,
S-023705,App,1,1,1,1,
S-023706,Web,1,1,1,1,
S-023707,App,1,1,1,1,
S-023708,Web,1,1,1,1,
S-023709,App,1,1,1,1,
S-023710,Web,1,1,1,1,
S-023711,Web,1,1,0,0,changed_mind
S-023712,Web,1,1,0,0,stock_out
S-023713,Web,1,0,0,0,
S-023714,App,1,1,1,1,
S-023715,App,1,1,0,0,payment_fail
S-023716,Web,1,1,0,0,checkout_friction
S-023717,Web,1,0,0,0,
S-023718,Web,1,1,0,0,shipping_cost
S-023719,Web,1,0,0,0,
S-023720,Web,1,1,0,0,payment_fail
S-023721,Web,1,0,0,0,
S-023722,Web,1,1,1,1,
S-023723,Web,1,1,0,0,payment_fail
S-023724,App,1,0,0,0,
S-023725,App,1,1,0,0,stock_out
S-023726,App,1,1,1,1,
S-023727,Web,1,1,0,0,shipping_cost
S-023728,Web,1,0,0,0,
S-023729,App,1,0,0,0,
S-023730,Web,1,0,0,0,
S-023731,Store,1,1,0,0,shipping_cost
S-023732,Web,1,1,0,0,payment_fail
S-023733,Web,1,1,1,1,
S-023734,App,1,1,0,0,changed_mind
S-023735,Web,1,0,0,0,
S-023736,Store,1,1,1,1,
S-023737,App,1,1,0,0,stock_out
S-023738,App,1,1,1,1,
S-023739,App,1,1,0,0,shipping_cost
S-023740,Web,1,1,0,0,checkout_friction
S-023741,App,1,0,0,0,
S-023742,Web,1,1,1,1,
S-023743,Web,1,1,0,0,payment_fail
S-023744,App,1,0,0,0,
S-023745,Web,1,1,1,1,
S-023746,Web,1,1,1,1,
S-023747,App,1,1,1,1,
S-023748,App,1,0,0,0,
S-023749,Web,1,0,0,0,
S-023750,App,1,1,1,1,
S-023751,Store,1,1,0,0,payment_fail
S-023752,Store,1,1,1,1,
S-023753,App,1,1,1,1,
S-023754,Web,1,1,1,1,
S-023755,Web,1,1,0,0,changed_mind
S-023756,App,1,0,0,0,
S-023757,App,1,1,0,0,stock_out
S-023758,Store,1,1,1,1,
S-023759,App,1,1,1,1,
S-023760,Store,1,1,1,1,
S-023761,App,1,0,0,0,
S-023762,Web,1,0,0,0,
S-023763,Web,1,0,0,0,
S-023764,Web,1,1,1,1,
S-023765,Web,1,0,0,0,
S-023766,Web,1,0,0,0,
S-023767,Store,1,1,1,1,
S-023768,App,1,1,1,1,
S-023769,Web,1,0,0,0,
S-023770,Web,1,1,1,1,
S-023771,App,1,1,1,1,
S-023772,Web,1,0,0,0,
S-023773,Web,1,1,0,0,payment_fail
S-023774,Web,1,1,0,0,changed_mind
S-023775,Web,1,1,1,1,
S-023776,App,1,1,1,1,
S-023777,App,1,1,0,0,shipping_cost
S-023778,Web,1,1,1,1,
S-023779,Web,1,0,0,0,
S-023780,Web,1,1,1,1,
S-023781,Web,1,0,0,0,
S-023782,App,1,1,0,0,changed_mind
S-023783,App,1,1,1,1,
S-023784,Web,1,1,1,1,
S-023785,Web,1,1,0,0,changed_mind
S-023786,App,1,1,0,0,checkout_friction
S-023787,Store,1,1,1,1,
S-023788,App,1,1,0,0,shipping_cost
S-023789,App,1,1,1,1,
S-023790,App,1,1,1,1,
S-023791,Web,1,1,0,0,changed_mind
S-023792,Web,1,1,0,0,changed_mind
S-023793,Web,1,0,0,0,
S-023794,App,1,1,0,0,shipping_cost
S-023795,Store,1,1,0,0,payment_fail
S-023796,App,1,1,0,0,checkout_friction
S-023797,Web,1,1,0,0,payment_fail
S-023798,App,1,0,0,0,
S-023799,App,1,1,1,1,
S-023800,App,1,1,0,0,stock_out
S-023801,App,1,1,1,1,
S-023802,Store,1,1,0,0,payment_fail
S-023803,App,1,1,1,1,
S-023804,App,1,1,1,1,
S-023805,App,1,1,1,1,
S-023806,Web,1,1,1,1,
S-023807,App,1,1,0,0,stock_out
S-023808,Web,1,1,0,0,payment_fail
S-023809,Web,1,1,1,1,
S-023810,App,1,0,0,0,
S-023811,App,1,1,0,0,checkout_friction
S-023812,Web,1,1,1,1,
S-023813,App,1,1,1,1,
S-023814,Web,1,1,0,0,changed_mind
S-023815,Web,1,1,0,0,payment_fail
S-023816,App,1,1,1,1,
S-023817,Web,1,1,1,1,
S-023818,App,1,1,1,1,
S-023819,Web,1,0,0,0,
S-023820,App,1,1,0,0,changed_mind
S-023821,App,1,1,0,0,changed_mind
S-023822,App,1,1,1,1,
S-023823,Store,1,1,1,1,
S-023824,Web,1,1,0,0,shipping_cost
S-023825,Web,1,1,0,0,payment_fail
S-023826,Web,1,0,0,0,
S-023827,Web,1,1,1,1,
S-023828,Web,1,0,0,0,
S-023829,Web,1,1,1,1,
S-023830,Web,1,1,0,0,stock_out
S-023831,App,1,0,0,0,
S-023832,Web,1,1,0,0,stock_out
S-023833,Web,1,1,1,1,
S-023834,Web,1,1,1,1,
S-023835,Web,1,1,0,0,shipping_cost
S-023836,App,1,1,0,0,checkout_friction
S-023837,App,1,1,1,1,
S-023838,Store,1,0,0,0,
S-023839,Web,1,1,0,0,payment_fail
S-023840,App,1,1,0,0,payment_fail
S-023841,App,1,1,1,1,
S-023842,Web,1,1,1,1,
S-023843,Web,1,0,0,0,
S-023844,Web,1,1,1,1,
S-023845,Web,1,1,1,1,
S-023846,Web,1,1,1,1,
S-023847,Web,1,0,0,0,
S-023848,Store,1,1,1,1,
S-023849,Web,1,1,0,0,changed_mind
S-023850,Web,1,1,1,1,
S-023851,App,1,1,1,1,
S-023852,App,1,1,0,0,payment_fail
S-023853,Web,1,1,1,1,
S-023854,App,1,1,0,0,payment_fail
S-023855,Web,1,1,1,1,
S-023856,Web,1,1,1,1,
S-023857,Web,1,1,0,0,changed_mind
S-023858,Store,1,1,1,1,
S-023859,Web,1,0,0,0,
S-023860,Web,1,1,0,0,shipping_cost
S-023861,Web,1,1,0,0,payment_fail
S-023862,App,1,1,0,0,stock_out
S-023863,Web,1,0,0,0,
S-023864,Web,1,1,1,1,
S-023865,Web,1,1,0,0,changed_mind
S-023866,Store,1,1,1,1,
S-023867,Web,1,0,0,0,
S-023868,App,1,1,1,1,
S-023869,Web,1,1,0,0,stock_out
S-023870,Web,1,1,0,0,changed_mind
S-023871,App,1,0,0,0,
S-023872,Web,1,1,0,0,shipping_cost
S-023873,App,1,1,0,0,payment_fail
S-023874,Web,1,1,0,0,stock_out
S-023875,Web,1,0,0,0,
S-023876,Store,1,0,0,0,
S-023877,Store,1,1,0,0,payment_fail
S-023878,App,1,1,0,0,payment_fail
S-023879,Web,1,0,0,0,
S-023880,Web,1,1,1,1,
S-023881,App,1,1,0,0,stock_out
S-023882,Web,1,1,1,1,
S-023883,App,1,1,0,0,stock_out
S-023884,Web,1,1,1,1,
S-023885,Web,1,1,0,0,changed_mind
S-023886,App,1,1,0,0,payment_fail
S-023887,App,1,1,0,0,payment_fail
S-023888,App,1,0,0,0,
S-023889,Store,1,1,1,1,
S-023890,App,1,1,0,0,shipping_cost
S-023891,Store,1,1,0,0,stock_out
S-023892,App,1,1,1,1,
S-023893,Web,1,0,0,0,
S-023894,Web,1,1,0,0,shipping_cost
S-023895,App,1,1,0,0,payment_fail
S-023896,App,1,1,1,1,
S-023897,Web,1,1,1,1,
S-023898,App,1,1,1,1,
S-023899,Web,1,0,0,0,
S-023900,Web,1,0,0,0,
S-023901,Web,1,1,1,1,
S-023902,Web,1,1,1,1,
S-023903,App,1,0,0,0,
S-023904,App,1,0,0,0,
S-023905,Store,1,0,0,0,
S-023906,Web,1,1,1,1,
S-023907,Web,1,1,0,0,payment_fail
S-023908,Web,1,0,0,0,
S-023909,Web,1,1,0,0,changed_mind
S-023910,Web,1,0,0,0,
S-023911,App,1,1,0,0,changed_mind
S-023912,Web,1,0,0,0,
S-023913,Web,1,1,0,0,payment_fail
S-023914,Web,1,1,1,1,
S-023915,Web,1,1,0,0,payment_fail
S-023916,Web,1,1,0,0,payment_fail
S-023917,Store,1,1,0,0,payment_fail
S-023918,App,1,1,1,1,
S-023919,App,1,0,0,0,
S-023920,Web,1,1,1,1,
S-023921,Web,1,1,0,0,changed_mind
S-023922,Web,1,1,1,1,
S-023923,App,1,1,0,0,payment_fail
S-023924,App,1,1,1,1,
S-023925,Web,1,1,1,1,
S-023926,Web,1,1,1,1,
S-023927,Store,1,0,0,0,
S-023928,App,1,1,1,1,
S-023929,Web,1,0,0,0,
S-023930,App,1,1,0,0,changed_mind
S-023931,App,1,1,1,1,
S-023932,Web,1,1,1,1,
S-023933,Web,1,1,1,1,
S-023934,Web,1,1,0,0,stock_out
S-023935,App,1,1,1,1,
S-023936,App,1,1,0,0,checkout_friction
S-023937,Store,1,1,1,1,
S-023938,Web,1,1,0,0,checkout_friction
S-023939,Web,1,1,0,0,payment_fail
S-023940,Web,1,1,1,1,
S-023941,App,1,1,0,0,payment_fail
S-023942,Web,1,1,0,0,shipping_cost
S-023943,App,1,1,1,1,
S-023944,Web,1,1,1,1,
S-023945,Store,1,1,0,0,stock_out
S-023946,App,1,1,1,1,
S-023947,Web,1,1,0,0,payment_fail
S-023948,App,1,1,1,1,
S-023949,Web,1,1,0,0,shipping_cost
S-023950,Store,1,1,1,1,
S-023951,Web,1,0,0,0,
S-023952,Web,1,0,0,0,
S-023953,Web,1,1,1,1,
S-023954,App,1,0,0,0,
S-023955,Web,1,0,0,0,
S-023956,Store,1,1,0,0,shipping_cost
S-023957,App,1,1,0,0,payment_fail
S-023958,App,1,1,1,1,
S-023959,Web,1,0,0,0,
S-023960,Web,1,0,0,0,
S-023961,Store,1,1,1,1,
S-023962,Web,1,1,1,1,
S-023963,Web,1,0,0,0,
S-023964,App,1,1,0,0,stock_out
S-023965,Web,1,0,0,0,
S-023966,Web,1,0,0,0,
S-023967,App,1,1,0,0,changed_mind
S-023968,App,1,0,0,0,
S-023969,Web,1,1,1,1,
S-023970,Web,1,1,0,0,changed_mind
S-023971,Store,1,1,0,0,checkout_friction
S-023972,Web,1,0,0,0,
S-023973,Store,1,1,0,0,payment_fail
S-023974,App,1,1,0,0,payment_fail
S-023975,App,1,1,1,1,
S-023976,Web,1,1,1,1,
S-023977,Web,1,0,0,0,
S-023978,Web,1,1,0,0,shipping_cost
S-023979,Store,1,1,1,1,
S-023980,Web,1,0,0,0,
S-023981,App,1,1,0,0,changed_mind
S-023982,App,1,1,1,1,
S-023983,Web,1,1,0,0,changed_mind
S-023984,App,1,1,1,1,
S-023985,App,1,1,0,0,payment_fail
S-023986,App,1,1,0,0,checkout_friction
S-023987,Web,1,1,0,0,shipping_cost
S-023988,App,1,0,0,0,
S-023989,Web,1,0,0,0,
S-023990,App,1,1,0,0,shipping_cost
S-023991,App,1,1,1,1,
S-023992,Web,1,1,1,1,
S-023993,App,1,0,0,0,
S-023994,App,1,1,1,1,
S-023995,Web,1,1,0,0,changed_mind
S-023996,Web,1,1,1,1,
S-023997,App,1,1,1,1,
S-023998,App,1,1,0,0,checkout_friction
S-023999,App,1,1,1,1,
S-024000,App,1,1,1,1,
S-024001,Web,1,0,0,0,
S-024002,App,1,1,1,1,
S-024003,Web,1,1,1,1,
S-024004,App,1,1,0,0,changed_mind
S-024005,App,1,0,0,0,
S-024006,Web,1,1,0,0,checkout_friction
S-024007,App,1,1,1,1,
S-024008,Web,1,1,0,0,payment_fail
S-024009,App,1,1,0,0,changed_mind
S-024010,Store,1,1,1,1,
S-024011,Store,1,1,1,1,
S-024012,Web,1,1,1,1,
S-024013,Web,1,1,0,0,stock_out
S-024014,Web,1,0,0,0,
S-024015,App,1,0,0,0,
S-024016,App,1,1,0,0,changed_mind
S-024017,Web,1,1,1,1,
S-024018,Web,1,1,1,1,
S-024019,Web,1,1,0,0,shipping_cost
S-024020,App,1,1,1,1,
S-024021,Web,1,1,1,1,
S-024022,Web,1,1,0,0,checkout_friction
S-024023,Web,1,0,0,0,
S-024024,Web,1,1,1,1,
S-024025,Store,1,1,0,0,payment_fail
S-024026,App,1,1,1,1,
S-024027,Web,1,1,1,1,
S-024028,Store,1,1,1,1,
S-024029,App,1,0,0,0,
S-024030,Web,1,0,0,0,
S-024031,App,1,1,0,0,shipping_cost
S-024032,App,1,1,1,1,
S-024033,Store,1,1,1,1,
S-024034,App,1,0,0,0,
S-024035,Web,1,0,0,0,
S-024036,Web,1,1,1,1,
S-024037,Web,1,0,0,0,
S-024038,Web,1,1,0,0,checkout_friction
S-024039,Store,1,1,0,0,checkout_friction
S-024040,Web,1,1,0,0,checkout_friction
S-024041,Web,1,1,0,0,checkout_friction
S-024042,Web,1,1,1,1,
S-024043,Web,1,0,0,0,
S-024044,Web,1,1,0,0,payment_fail
S-024045,Web,1,0,0,0,
S-024046,Web,1,1,1,1,
S-024047,App,1,1,0,0,checkout_friction
S-024048,App,1,0,0,0,
S-024049,Web,1,1,0,0,shipping_cost
S-024050,Web,1,1,0,0,changed_mind
S-024051,Web,1,1,0,0,shipping_cost
S-024052,Web,1,1,1,1,
S-024053,Web,1,1,0,0,stock_out
S-024054,Web,1,1,0,0,changed_mind
S-024055,Web,1,1,0,0,stock_out
S-024056,App,1,0,0,0,
S-024057,App,1,0,0,0,
S-024058,Web,1,1,1,1,
S-024059,App,1,1,0,0,payment_fail
S-024060,App,1,0,0,0,
S-024061,Web,1,1,0,0,payment_fail
S-024062,Web,1,1,1,1,
S-024063,Web,1,0,0,0,
S-024064,Web,1,0,0,0,
S-024065,Web,1,0,0,0,
S-024066,App,1,1,0,0,shipping_cost
S-024067,Web,1,1,0,0,payment_fail
S-024068,App,1,0,0,0,
S-024069,App,1,1,1,1,
S-024070,Web,1,0,0,0,
S-024071,Web,1,1,1,1,
S-024072,App,1,0,0,0,
S-024073,Web,1,0,0,0,
S-024074,App,1,1,0,0,changed_mind
S-024075,App,1,0,0,0,
S-024076,App,1,1,0,0,shipping_cost
S-024077,App,1,1,0,0,changed_mind
S-024078,Web,1,0,0,0,
S-024079,App,1,0,0,0,
S-024080,App,1,0,0,0,
S-024081,App,1,0,0,0,
S-024082,Web,1,0,0,0,
S-024083,App,1,1,1,1,
S-024084,App,1,1,0,0,payment_fail
S-024085,App,1,1,0,0,payment_fail
S-024086,Web,1,0,0,0,
S-024087,Web,1,1,0,0,changed_mind
S-024088,App,1,1,1,1,
S-024089,Web,1,0,0,0,
S-024090,Web,1,0,0,0,
S-024091,App,1,1,1,1,
S-024092,Store,1,1,1,1,
S-024093,Web,1,1,0,0,shipping_cost
S-024094,App,1,1,0,0,payment_fail
S-024095,Web,1,1,1,1,
S-024096,Web,1,1,1,1,
S-024097,Web,1,1,1,1,
S-024098,Web,1,1,1,1,
S-024099,Web,1,1,0,0,payment_fail
S-024100,Web,1,1,0,0,payment_fail
S-024101,Web,1,1,1,1,
S-024102,App,1,1,0,0,changed_mind
S-024103,App,1,1,0,0,payment_fail
S-024104,Web,1,1,1,1,
S-024105,Web,1,1,0,0,shipping_cost
S-024106,App,1,1,0,0,changed_mind
S-024107,Web,1,1,1,1,
S-024108,Web,1,0,0,0,
S-024109,Web,1,0,0,0,
S-024110,Web,1,0,0,0,
S-024111,Web,1,0,0,0,
S-024112,App,1,1,0,0,changed_mind
S-024113,Store,1,1,0,0,changed_mind
S-024114,Web,1,1,1,1,
S-024115,Store,1,1,1,1,
S-024116,Web,1,1,1,1,
S-024117,Store,1,1,0,0,payment_fail
S-024118,Web,1,1,0,0,checkout_friction
S-024119,Web,1,0,0,0,
S-024120,Web,1,1,1,1,
S-024121,Web,1,1,1,1,
S-024122,App,1,1,1,1,
S-024123,Web,1,1,0,0,shipping_cost
S-024124,Web,1,1,0,0,shipping_cost
S-024125,Store,1,1,1,1,
S-024126,Web,1,0,0,0,
S-024127,App,1,1,0,0,checkout_friction
S-024128,Web,1,1,0,0,changed_mind
S-024129,Web,1,1,0,0,changed_mind
S-024130,App,1,0,0,0,
S-024131,Web,1,1,1,1,
S-024132,App,1,1,1,1,
S-024133,Store,1,1,0,0,checkout_friction
S-024134,Web,1,0,0,0,
S-024135,Store,1,0,0,0,
S-024136,Store,1,1,1,1,
S-024137,Web,1,1,0,0,payment_fail
S-024138,App,1,1,1,1,
S-024139,Web,1,1,1,1,
S-024140,App,1,1,1,1,
S-024141,Store,1,1,1,1,
S-024142,Web,1,1,0,0,stock_out
S-024143,Web,1,1,0,0,changed_mind
S-024144,App,1,1,1,1,
S-024145,Web,1,1,1,1,
S-024146,Web,1,1,1,1,
S-024147,App,1,1,0,0,shipping_cost
S-024148,Web,1,1,1,1,
S-024149,Web,1,1,1,1,
S-024150,App,1,0,0,0,
S-024151,Web,1,1,0,0,payment_fail
S-024152,Web,1,1,1,1,
S-024153,App,1,1,0,0,payment_fail
S-024154,Store,1,0,0,0,
S-024155,Web,1,1,1,1,
S-024156,Web,1,1,1,1,
S-024157,Web,1,1,0,0,checkout_friction
S-024158,Web,1,1,1,1,
S-024159,App,1,1,0,0,payment_fail
S-024160,Web,1,0,0,0,
S-024161,Web,1,1,1,1,
S-024162,Web,1,1,1,1,
S-024163,App,1,1,1,1,
S-024164,App,1,1,0,0,payment_fail
S-024165,App,1,1,1,1,
S-024166,Web,1,1,1,1,
S-024167,Web,1,0,0,0,
S-024168,Web,1,0,0,0,
S-024169,Store,1,1,0,0,changed_mind
S-024170,App,1,1,1,1,
S-024171,Web,1,1,0,0,stock_out
S-024172,App,1,1,0,0,payment_fail
S-024173,Web,1,0,0,0,
S-024174,Web,1,1,1,1,
S-024175,Web,1,1,1,1,
S-024176,Store,1,0,0,0,
S-024177,Web,1,1,1,1,
S-024178,App,1,1,1,1,
S-024179,App,1,0,0,0,
S-024180,Web,1,0,0,0,
S-024181,App,1,1,1,1,
S-024182,Web,1,1,1,1,
S-024183,App,1,0,0,0,
S-024184,Web,1,1,1,1,
S-024185,App,1,1,0,0,stock_out
S-024186,App,1,1,1,1,
S-024187,App,1,0,0,0,
S-024188,Web,1,1,1,1,
S-024189,Web,1,1,1,1,
S-024190,Store,1,1,1,1,
S-024191,App,1,1,0,0,changed_mind
S-024192,Web,1,1,0,0,stock_out
S-024193,Web,1,1,0,0,payment_fail
S-024194,Web,1,1,1,1,
S-024195,Web,1,1,1,1,
S-024196,Store,1,1,1,1,
S-024197,App,1,1,1,1,
S-024198,Web,1,1,1,1,
S-024199,Web,1,0,0,0,
S-024200,Web,1,1,0,0,payment_fail
S-024201,Web,1,1,1,1,
S-024202,Web,1,1,0,0,changed_mind
S-024203,Store,1,1,1,1,
S-024204,Web,1,1,0,0,payment_fail
S-024205,App,1,0,0,0,
S-024206,App,1,1,1,1,
S-024207,Web,1,1,1,1,
S-024208,Store,1,0,0,0,
S-024209,Store,1,0,0,0,
S-024210,Web,1,1,1,1,
S-024211,App,1,1,0,0,changed_mind
S-024212,Web,1,0,0,0,
S-024213,Web,1,1,0,0,payment_fail
S-024214,App,1,1,1,1,
S-024215,Web,1,1,0,0,stock_out
S-024216,Web,1,1,1,1,
S-024217,App,1,1,0,0,checkout_friction
S-024218,App,1,1,1,1,
S-024219,Web,1,0,0,0,
S-024220,App,1,0,0,0,
S-024221,Store,1,1,1,1,
S-024222,App,1,0,0,0,
S-024223,Web,1,1,0,0,stock_out
S-024224,Web,1,0,0,0,
S-024225,Store,1,1,0,0,checkout_friction
S-024226,Web,1,0,0,0,
S-024227,Store,1,1,0,0,checkout_friction
S-024228,Store,1,1,0,0,shipping_cost
S-024229,App,1,1,0,0,shipping_cost
S-024230,Web,1,1,0,0,checkout_friction
S-024231,App,1,1,0,0,checkout_friction
S-024232,App,1,1,1,1,
S-024233,Web,1,1,1,1,
S-024234,Web,1,1,1,1,
S-024235,App,1,0,0,0,
S-024236,Store,1,1,0,0,checkout_friction
S-024237,Web,1,1,1,1,
S-024238,Web,1,0,0,0,
S-024239,Web,1,1,1,1,
S-024240,App,1,0,0,0,
S-024241,Web,1,0,0,0,
S-024242,Store,1,0,0,0,
S-024243,App,1,1,1,1,
S-024244,App,1,1,1,1,
S-024245,Web,1,0,0,0,
S-024246,App,1,1,0,0,stock_out
S-024247,Web,1,0,0,0,
S-024248,App,1,1,0,0,payment_fail
S-024249,App,1,1,1,1,
S-024250,App,1,1,0,0,checkout_friction
S-024251,Web,1,1,0,0,checkout_friction
S-024252,Web,1,1,1,1,
S-024253,Web,1,1,1,1,
S-024254,Web,1,0,0,0,
S-024255,Web,1,1,0,0,changed_mind
S-024256,Web,1,1,1,1,
S-024257,Web,1,1,1,1,
S-024258,App,1,1,0,0,checkout_friction
S-024259,App,1,1,1,1,
S-024260,Web,1,1,0,0,changed_mind
S-024261,Store,1,1,0,0,checkout_friction
S-024262,Web,1,1,1,1,
S-024263,App,1,1,0,0,payment_fail
S-024264,App,1,0,0,0,
S-024265,App,1,1,0,0,checkout_friction
S-024266,Web,1,1,1,1,
S-024267,App,1,1,1,1,
S-024268,App,1,1,1,1,
S-024269,Web,1,1,0,0,payment_fail
S-024270,App,1,0,0,0,
S-024271,Web,1,1,1,1,
S-024272,App,1,0,0,0,
S-024273,Web,1,1,0,0,shipping_cost
S-024274,Web,1,1,1,1,
S-024275,App,1,0,0,0,
S-024276,Store,1,1,1,1,
S-024277,Web,1,1,1,1,
S-024278,App,1,0,0,0,
S-024279,Web,1,1,1,1,
S-024280,Store,1,0,0,0,
S-024281,Store,1,0,0,0,
S-024282,Web,1,0,0,0,
S-024283,App,1,0,0,0,
S-024284,Web,1,1,0,0,payment_fail
S-024285,Web,1,1,1,1,
S-024286,Web,1,1,0,0,shipping_cost
S-024287,App,1,0,0,0,
S-024288,App,1,0,0,0,
S-024289,Web,1,1,0,0,payment_fail
S-024290,Store,1,1,1,1,
S-024291,App,1,1,0,0,checkout_friction
S-024292,App,1,0,0,0,
S-024293,Web,1,1,1,1,
S-024294,Web,1,1,0,0,changed_mind
S-024295,App,1,1,1,1,
S-024296,Web,1,1,1,1,
S-024297,App,1,1,0,0,checkout_friction
S-024298,Store,1,1,0,0,payment_fail
S-024299,Web,1,1,0,0,payment_fail
S-024300,App,1,1,1,1,
S-024301,Web,1,1,0,0,stock_out
S-024302,App,1,1,0,0,stock_out
S-024303,Web,1,0,0,0,
S-024304,Web,1,1,1,1,
S-024305,App,1,1,1,1,
S-024306,App,1,1,0,0,changed_mind
S-024307,Web,1,1,1,1,
S-024308,Web,1,1,0,0,stock_out
S-024309,App,1,0,0,0,
S-024310,Store,1,0,0,0,
S-024311,Store,1,1,0,0,stock_out
S-024312,Store,1,1,0,0,changed_mind
S-024313,App,1,1,1,1,
S-024314,Web,1,1,1,1,
S-024315,App,1,0,0,0,
S-024316,Web,1,1,1,1,
S-024317,Web,1,1,0,0,checkout_friction
S-024318,Store,1,1,0,0,stock_out
S-024319,Store,1,1,1,1,
S-024320,Store,1,0,0,0,
S-024321,Web,1,1,1,1,
S-024322,App,1,0,0,0,
S-024323,Web,1,1,0,0,changed_mind
S-024324,Web,1,0,0,0,
S-024325,Store,1,1,1,1,
S-024326,Web,1,1,1,1,
S-024327,App,1,1,1,1,
S-024328,App,1,0,0,0,
S-024329,Web,1,0,0,0,
S-024330,App,1,1,1,1,
S-024331,App,1,1,1,1,
S-024332,Web,1,1,1,1,
S-024333,App,1,1,0,0,shipping_cost
S-024334,Web,1,1,0,0,payment_fail
S-024335,Web,1,1,0,0,payment_fail
S-024336,Web,1,0,0,0,
S-024337,Web,1,1,0,0,stock_out
S-024338,Web,1,1,0,0,stock_out
S-024339,App,1,1,1,1,
S-024340,Web,1,1,1,1,
S-024341,Web,1,1,0,0,shipping_cost
S-024342,App,1,1,1,1,
S-024343,Store,1,0,0,0,
S-024344,Web,1,1,1,1,
S-024345,App,1,1,0,0,changed_mind
S-024346,App,1,0,0,0,
S-024347,Web,1,1,1,1,
S-024348,App,1,1,0,0,payment_fail
S-024349,Web,1,1,0,0,payment_fail
S-024350,App,1,1,0,0,checkout_friction
S-024351,Web,1,1,1,1,
S-024352,App,1,1,1,1,
S-024353,App,1,1,0,0,shipping_cost
S-024354,App,1,0,0,0,
S-024355,App,1,0,0,0,
S-024356,Web,1,0,0,0,
S-024357,Web,1,0,0,0,
S-024358,Store,1,1,1,1,
S-024359,App,1,0,0,0,
S-024360,App,1,0,0,0,
S-024361,Web,1,1,1,1,
S-024362,Web,1,0,0,0,
S-024363,App,1,1,1,1,
S-024364,Web,1,1,1,1,
S-024365,Web,1,0,0,0,
S-024366,Web,1,1,0,0,payment_fail
S-024367,Web,1,1,0,0,shipping_cost
S-024368,App,1,1,1,1,
S-024369,Web,1,1,1,1,
S-024370,Store,1,1,0,0,shipping_cost
S-024371,App,1,1,1,1,
S-024372,App,1,1,0,0,stock_out
S-024373,App,1,1,1,1,
S-024374,Store,1,1,0,0,checkout_friction
S-024375,App,1,1,1,1,
S-024376,Web,1,0,0,0,
S-024377,Web,1,1,0,0,changed_mind
S-024378,App,1,1,0,0,changed_mind
S-024379,Web,1,1,1,1,
S-024380,Web,1,1,0,0,shipping_cost
S-024381,Web,1,0,0,0,
S-024382,Web,1,1,0,0,changed_mind
S-024383,Web,1,1,0,0,shipping_cost
S-024384,Web,1,0,0,0,
S-024385,Web,1,1,0,0,payment_fail
S-024386,Web,1,1,0,0,checkout_friction
S-024387,Web,1,1,1,1,
S-024388,Web,1,1,1,1,
S-024389,App,1,1,0,0,shipping_cost
S-024390,Web,1,0,0,0,
S-024391,Web,1,1,1,1,
S-024392,Web,1,1,0,0,shipping_cost
S-024393,Web,1,0,0,0,
S-024394,App,1,1,0,0,payment_fail
S-024395,Web,1,1,0,0,stock_out
S-024396,App,1,0,0,0,
S-024397,App,1,1,1,1,
S-024398,Web,1,1,0,0,payment_fail
S-024399,Web,1,1,0,0,shipping_cost
S-024400,Web,1,0,0,0,
S-024401,Web,1,1,1,1,
S-024402,App,1,1,1,1,
S-024403,App,1,1,1,1,
S-024404,App,1,1,0,0,stock_out
S-024405,App,1,0,0,0,
S-024406,Web,1,1,1,1,
S-024407,Web,1,0,0,0,
S-024408,Web,1,0,0,0,
S-024409,App,1,1,0,0,shipping_cost
S-024410,Web,1,0,0,0,
S-024411,App,1,1,0,0,checkout_friction
S-024412,App,1,0,0,0,
S-024413,App,1,1,0,0,payment_fail
S-024414,App,1,1,0,0,stock_out
S-024415,Web,1,1,0,0,checkout_friction
S-024416,App,1,0,0,0,
S-024417,Web,1,1,1,1,
S-024418,App,1,0,0,0,
S-024419,Web,1,1,0,0,changed_mind
S-024420,App,1,1,1,1,
S-024421,App,1,1,0,0,changed_mind
S-024422,App,1,0,0,0,
S-024423,Web,1,1,0,0,shipping_cost
S-024424,Web,1,1,1,1,
S-024425,Web,1,1,1,1,
S-024426,Web,1,1,0,0,stock_out
S-024427,Web,1,1,1,1,
S-024428,App,1,1,0,0,checkout_friction
S-024429,Web,1,1,1,1,
S-024430,Web,1,1,1,1,
S-024431,App,1,1,0,0,stock_out
S-024432,Web,1,1,0,0,checkout_friction
S-024433,App,1,1,1,1,
S-024434,Web,1,1,1,1,
S-024435,Web,1,0,0,0,
S-024436,Store,1,0,0,0,
S-024437,App,1,0,0,0,
S-024438,Web,1,1,0,0,changed_mind
S-024439,Web,1,1,1,1,
S-024440,Web,1,1,1,1,
S-024441,Web,1,0,0,0,
S-024442,App,1,1,0,0,changed_mind
S-024443,Web,1,1,1,1,
S-024444,App,1,0,0,0,
S-024445,App,1,1,0,0,shipping_cost
S-024446,Web,1,1,0,0,stock_out
S-024447,Web,1,1,1,1,
S-024448,Web,1,0,0,0,
S-024449,Web,1,1,1,1,
S-024450,App,1,1,1,1,
S-024451,App,1,1,0,0,checkout_friction
S-024452,Web,1,0,0,0,
S-024453,App,1,0,0,0,
S-024454,Web,1,0,0,0,
S-024455,Web,1,0,0,0,
S-024456,Web,1,1,1,1,
S-024457,Web,1,1,1,1,
S-024458,Web,1,1,0,0,changed_mind
S-024459,App,1,1,1,1,
S-024460,Web,1,1,0,0,payment_fail
S-024461,Web,1,1,1,1,
S-024462,Web,1,0,0,0,
S-024463,Web,1,1,1,1,
S-024464,App,1,0,0,0,
S-024465,Web,1,1,0,0,changed_mind
S-024466,Web,1,0,0,0,
S-024467,App,1,1,1,1,
S-024468,Web,1,1,1,1,
S-024469,Web,1,0,0,0,
S-024470,Web,1,1,1,1,
S-024471,App,1,1,0,0,stock_out
S-024472,Web,1,1,1,1,
S-024473,App,1,1,1,1,
S-024474,Web,1,1,0,0,checkout_friction
S-024475,Web,1,0,0,0,
S-024476,Web,1,1,0,0,payment_fail
S-024477,Web,1,0,0,0,
S-024478,App,1,1,0,0,payment_fail
S-024479,Web,1,1,0,0,shipping_cost
S-024480,Store,1,1,0,0,payment_fail
S-024481,App,1,1,1,1,
S-024482,Web,1,1,1,1,
S-024483,App,1,0,0,0,
S-024484,Web,1,1,0,0,checkout_friction
S-024485,Web,1,1,0,0,shipping_cost
S-024486,Web,1,0,0,0,
S-024487,Web,1,1,0,0,changed_mind
S-024488,Store,1,1,1,1,
S-024489,Web,1,1,0,0,payment_fail
S-024490,App,1,1,1,1,
S-024491,App,1,1,1,1,
S-024492,App,1,1,1,1,
S-024493,Web,1,1,0,0,shipping_cost
S-024494,Web,1,1,0,0,checkout_friction
S-024495,Web,1,1,0,0,shipping_cost
S-024496,Web,1,1,1,1,
S-024497,Web,1,1,0,0,payment_fail
S-024498,App,1,1,1,1,
S-024499,Web,1,1,0,0,payment_fail
S-024500,Web,1,1,0,0,checkout_friction
S-024501,Web,1,1,0,0,checkout_friction
S-024502,Web,1,1,0,0,payment_fail
S-024503,Web,1,0,0,0,
S-024504,Web,1,1,1,1,
S-024505,Web,1,0,0,0,
S-024506,Web,1,1,1,1,
S-024507,App,1,1,1,1,
S-024508,Web,1,0,0,0,
S-024509,Web,1,1,0,0,changed_mind
S-024510,App,1,1,0,0,payment_fail
S-024511,App,1,0,0,0,
S-024512,Web,1,1,0,0,changed_mind
S-024513,Web,1,1,1,1,
S-024514,App,1,0,0,0,
S-024515,App,1,1,0,0,payment_fail
S-024516,Web,1,0,0,0,
S-024517,App,1,0,0,0,
S-024518,Web,1,1,0,0,stock_out
S-024519,App,1,1,0,0,checkout_friction
S-024520,Store,1,0,0,0,
S-024521,Web,1,1,1,1,
S-024522,Web,1,0,0,0,
S-024523,App,1,1,1,1,
S-024524,Web,1,1,0,0,payment_fail
S-024525,Web,1,1,1,1,
S-024526,Web,1,0,0,0,
S-024527,Web,1,0,0,0,
S-024528,Web,1,1,0,0,shipping_cost
S-024529,App,1,0,0,0,
S-024530,Web,1,1,1,1,
S-024531,Store,1,1,1,1,
S-024532,Store,1,1,0,0,payment_fail
S-024533,App,1,0,0,0,
S-024534,Web,1,1,1,1,
S-024535,Store,1,1,0,0,shipping_cost
S-024536,Web,1,1,1,1,
S-024537,Web,1,1,1,1,
S-024538,Web,1,1,1,1,
S-024539,App,1,1,1,1,
S-024540,Web,1,1,0,0,payment_fail
S-024541,Store,1,0,0,0,
S-024542,Web,1,1,0,0,payment_fail
S-024543,Web,1,1,1,1,
S-024544,App,1,1,0,0,checkout_friction
S-024545,Web,1,1,1,1,
S-024546,Web,1,1,0,0,payment_fail
S-024547,Web,1,0,0,0,
S-024548,Store,1,0,0,0,
S-024549,Web,1,0,0,0,
S-024550,Web,1,1,1,1,
S-024551,Web,1,1,1,1,
S-024552,Web,1,1,0,0,checkout_friction
S-024553,Web,1,0,0,0,
S-024554,App,1,1,1,1,
S-024555,Store,1,1,1,1,
S-024556,Web,1,1,1,1,
S-024557,Web,1,1,0,0,payment_fail
S-024558,Web,1,0,0,0,
S-024559,Store,1,0,0,0,
S-024560,Web,1,1,0,0,changed_mind
S-024561,Web,1,0,0,0,
S-024562,Store,1,1,0,0,shipping_cost
S-024563,Store,1,1,1,1,
S-024564,Web,1,0,0,0,
S-024565,App,1,1,1,1,
S-024566,Web,1,0,0,0,
S-024567,Web,1,1,1,1,
S-024568,App,1,1,0,0,checkout_friction
S-024569,Web,1,0,0,0,
S-024570,Store,1,1,1,1,
S-024571,Web,1,1,0,0,payment_fail
S-024572,Web,1,1,1,1,
S-024573,App,1,1,1,1,
S-024574,App,1,1,0,0,payment_fail
S-024575,Web,1,1,0,0,stock_out
S-024576,App,1,0,0,0,
S-024577,Web,1,1,0,0,stock_out
S-024578,Web,1,1,1,1,
S-024579,App,1,0,0,0,
S-024580,Web,1,1,0,0,changed_mind
S-024581,App,1,1,1,1,
S-024582,Web,1,1,0,0,payment_fail
S-024583,App,1,1,1,1,
S-024584,App,1,1,0,0,payment_fail
S-024585,Web,1,0,0,0,
S-024586,Store,1,1,1,1,
S-024587,Web,1,0,0,0,
S-024588,App,1,1,0,0,stock_out
S-024589,Web,1,1,1,1,
S-024590,Web,1,0,0,0,
S-024591,Web,1,1,0,0,changed_mind
S-024592,Web,1,1,0,0,changed_mind
S-024593,App,1,0,0,0,
S-024594,Web,1,1,1,1,
S-024595,App,1,1,1,1,
S-024596,Web,1,0,0,0,
S-024597,Web,1,1,1,1,
S-024598,App,1,1,1,1,
S-024599,Web,1,1,0,0,shipping_cost
S-024600,Web,1,1,0,0,payment_fail
S-024601,Web,1,1,0,0,checkout_friction
S-024602,Web,1,1,1,1,
S-024603,App,1,1,0,0,stock_out
S-024604,App,1,0,0,0,
S-024605,Store,1,1,1,1,
S-024606,App,1,1,1,1,
S-024607,Web,1,0,0,0,
S-024608,Web,1,0,0,0,
S-024609,App,1,0,0,0,
S-024610,App,1,1,1,1,
S-024611,Web,1,1,1,1,
S-024612,Web,1,1,1,1,
S-024613,App,1,1,1,1,
S-024614,Web,1,1,0,0,payment_fail
S-024615,Web,1,1,0,0,checkout_friction
S-024616,Web,1,1,0,0,changed_mind
S-024617,Store,1,1,1,1,
S-024618,Web,1,1,0,0,shipping_cost
S-024619,App,1,0,0,0,
S-024620,App,1,0,0,0,
S-024621,Web,1,1,1,1,
S-024622,Web,1,0,0,0,
S-024623,Web,1,1,0,0,shipping_cost
S-024624,Web,1,1,0,0,stock_out
S-024625,App,1,1,1,1,
S-024626,Web,1,1,0,0,shipping_cost
S-024627,Web,1,1,0,0,changed_mind
S-024628,Web,1,1,0,0,stock_out
S-024629,Web,1,0,0,0,
S-024630,App,1,1,0,0,payment_fail
S-024631,Web,1,1,0,0,checkout_friction
S-024632,Store,1,1,0,0,shipping_cost
S-024633,Web,1,1,0,0,shipping_cost
S-024634,App,1,1,1,1,
S-024635,Web,1,1,0,0,changed_mind
S-024636,App,1,0,0,0,
S-024637,Web,1,1,0,0,changed_mind
S-024638,App,1,0,0,0,
S-024639,App,1,1,0,0,shipping_cost
S-024640,Web,1,1,0,0,changed_mind
S-024641,Store,1,1,0,0,checkout_friction
S-024642,Web,1,1,0,0,stock_out
S-024643,App,1,1,0,0,stock_out
S-024644,Web,1,0,0,0,
S-024645,App,1,1,0,0,payment_fail
S-024646,Web,1,0,0,0,
S-024647,Web,1,1,1,1,
S-024648,App,1,1,0,0,shipping_cost
S-024649,Store,1,1,1,1,
S-024650,App,1,1,0,0,changed_mind
S-024651,Store,1,0,0,0,
S-024652,Web,1,0,0,0,
S-024653,App,1,1,1,1,
S-024654,App,1,0,0,0,
S-024655,App,1,1,0,0,payment_fail
S-024656,Web,1,0,0,0,
S-024657,Web,1,1,0,0,stock_out
S-024658,Web,1,1,1,1,
S-024659,App,1,1,1,1,
S-024660,App,1,0,0,0,
S-024661,App,1,1,0,0,shipping_cost
S-024662,App,1,0,0,0,
S-024663,Web,1,1,1,1,
S-024664,Web,1,1,1,1,
S-024665,App,1,0,0,0,
S-024666,Web,1,1,0,0,shipping_cost
S-024667,App,1,1,0,0,payment_fail
S-024668,Web,1,1,0,0,shipping_cost
S-024669,App,1,1,0,0,shipping_cost
S-024670,Web,1,1,1,1,
S-024671,Web,1,1,1,1,
S-024672,Web,1,1,1,1,
S-024673,Store,1,1,1,1,
S-024674,Web,1,0,0,0,
S-024675,Web,1,1,1,1,
S-024676,Web,1,1,0,0,changed_mind
S-024677,Web,1,1,0,0,changed_mind
S-024678,Web,1,1,1,1,
S-024679,Web,1,1,0,0,payment_fail
S-024680,Store,1,1,1,1,
S-024681,Store,1,1,1,1,
S-024682,Web,1,0,0,0,
S-024683,Web,1,1,1,1,
S-024684,Web,1,0,0,0,
S-024685,Store,1,0,0,0,
S-024686,Web,1,1,1,1,
S-024687,Web,1,0,0,0,
S-024688,Web,1,1,0,0,payment_fail
S-024689,Web,1,0,0,0,
S-024690,App,1,1,0,0,stock_out
S-024691,Web,1,1,0,0,payment_fail
S-024692,Web,1,1,0,0,changed_mind
S-024693,Web,1,1,1,1,
S-024694,App,1,1,0,0,changed_mind
S-024695,Web,1,1,1,1,
S-024696,Web,1,1,1,1,
S-024697,App,1,1,0,0,changed_mind
S-024698,App,1,1,1,1,
S-024699,App,1,1,0,0,checkout_friction
S-024700,Web,1,1,1,1,
S-024701,Web,1,1,0,0,changed_mind
S-024702,App,1,1,0,0,checkout_friction
S-024703,Web,1,1,0,0,checkout_friction
S-024704,Store,1,1,0,0,payment_fail
S-024705,App,1,1,1,1,
S-024706,Web,1,1,1,1,
S-024707,App,1,0,0,0,
S-024708,Web,1,1,0,0,payment_fail
S-024709,Store,1,1,0,0,shipping_cost
S-024710,App,1,0,0,0,
S-024711,App,1,1,1,1,
S-024712,App,1,1,1,1,
S-024713,Web,1,1,1,1,
S-024714,Web,1,1,1,1,
S-024715,App,1,1,0,0,shipping_cost
S-024716,Store,1,0,0,0,
S-024717,Web,1,0,0,0,
S-024718,Web,1,1,1,1,
S-024719,Web,1,1,1,1,
S-024720,App,1,1,1,1,
S-024721,Web,1,1,1,1,
S-024722,App,1,1,1,1,
S-024723,Web,1,1,0,0,changed_mind
S-024724,App,1,1,0,0,payment_fail
S-024725,Web,1,1,1,1,
S-024726,Web,1,1,0,0,payment_fail
S-024727,Web,1,0,0,0,
S-024728,Store,1,1,1,1,
S-024729,App,1,0,0,0,
S-024730,Web,1,1,1,1,
S-024731,Web,1,1,0,0,shipping_cost
S-024732,Store,1,0,0,0,
S-024733,Store,1,1,0,0,changed_mind
S-024734,App,1,1,1,1,
S-024735,Web,1,0,0,0,
S-024736,App,1,1,1,1,
S-024737,Web,1,1,1,1,
S-024738,App,1,1,1,1,
S-024739,Web,1,1,1,1,
S-024740,Web,1,1,1,1,
S-024741,App,1,0,0,0,
S-024742,Web,1,0,0,0,
S-024743,App,1,1,1,1,
S-024744,Web,1,0,0,0,
S-024745,App,1,1,1,1,
S-024746,App,1,0,0,0,
S-024747,App,1,1,1,1,
S-024748,App,1,1,0,0,changed_mind
S-024749,Web,1,1,1,1,
S-024750,Web,1,0,0,0,
S-024751,Web,1,0,0,0,
S-024752,App,1,1,0,0,checkout_friction
S-024753,App,1,1,1,1,
S-024754,Web,1,1,1,1,
S-024755,Web,1,1,0,0,payment_fail
S-024756,Web,1,1,1,1,
S-024757,App,1,1,0,0,shipping_cost
S-024758,App,1,1,1,1,
S-024759,Web,1,1,0,0,checkout_friction
S-024760,App,1,1,1,1,
S-024761,Web,1,0,0,0,
S-024762,App,1,1,1,1,
S-024763,Web,1,1,1,1,
S-024764,Web,1,1,0,0,changed_mind
S-024765,App,1,0,0,0,
S-024766,Web,1,1,1,1,
S-024767,App,1,1,1,1,
S-024768,Web,1,1,0,0,changed_mind
S-024769,Web,1,0,0,0,
S-024770,Web,1,1,1,1,
S-024771,App,1,0,0,0,
S-024772,App,1,1,1,1,
S-024773,Web,1,1,0,0,changed_mind
S-024774,Web,1,1,1,1,
S-024775,App,1,1,0,0,payment_fail
S-024776,Web,1,1,1,1,
S-024777,Store,1,1,1,1,
S-024778,Web,1,0,0,0,
S-024779,Web,1,0,0,0,
S-024780,Web,1,1,1,1,
S-024781,App,1,1,0,0,checkout_friction
S-024782,Store,1,1,1,1,
S-024783,Web,1,1,1,1,
S-024784,App,1,1,1,1,
S-024785,Web,1,1,1,1,
S-024786,App,1,0,0,0,
S-024787,Web,1,1,0,0,changed_mind
S-024788,App,1,1,0,0,changed_mind
S-024789,App,1,0,0,0,
S-024790,Web,1,1,1,1,
S-024791,Web,1,0,0,0,
S-024792,App,1,0,0,0,
S-024793,Web,1,0,0,0,
S-024794,App,1,1,1,1,
S-024795,Web,1,0,0,0,
S-024796,Web,1,1,0,0,changed_mind
S-024797,App,1,1,1,1,
S-024798,Web,1,1,0,0,shipping_cost
S-024799,App,1,1,0,0,payment_fail
S-024800,Web,1,1,1,1,
S-024801,Web,1,0,0,0,
S-024802,Web,1,1,1,1,
S-024803,Web,1,0,0,0,
S-024804,App,1,1,0,0,stock_out
S-024805,Web,1,0,0,0,
S-024806,App,1,1,0,0,changed_mind
S-024807,Store,1,1,1,1,
S-024808,App,1,1,1,1,
S-024809,Web,1,1,0,0,payment_fail
S-024810,Web,1,1,0,0,shipping_cost
S-024811,App,1,1,1,1,
S-024812,App,1,0,0,0,
S-024813,Web,1,1,1,1,
S-024814,Web,1,0,0,0,
S-024815,Store,1,1,1,1,
S-024816,Store,1,0,0,0,
S-024817,Store,1,0,0,0,
S-024818,Web,1,1,0,0,checkout_friction
S-024819,App,1,1,1,1,
S-024820,App,1,1,1,1,
S-024821,Web,1,0,0,0,
S-024822,Web,1,1,0,0,shipping_cost
S-024823,Web,1,0,0,0,
S-024824,App,1,1,1,1,
S-024825,Web,1,1,1,1,
S-024826,Store,1,1,0,0,shipping_cost
S-024827,App,1,1,1,1,
S-024828,Store,1,0,0,0,
S-024829,App,1,1,0,0,changed_mind
S-024830,Store,1,1,1,1,
S-024831,App,1,1,0,0,stock_out
S-024832,App,1,1,1,1,
S-024833,Web,1,0,0,0,
S-024834,App,1,1,0,0,changed_mind
S-024835,Web,1,1,1,1,
S-024836,App,1,1,1,1,
S-024837,App,1,0,0,0,
S-024838,Web,1,1,0,0,checkout_friction
S-024839,Web,1,0,0,0,
S-024840,App,1,1,0,0,payment_fail
S-024841,App,1,0,0,0,
S-024842,Store,1,1,1,1,
S-024843,App,1,1,0,0,checkout_friction
S-024844,App,1,1,1,1,
S-024845,Store,1,1,1,1,
S-024846,App,1,1,1,1,
S-024847,Web,1,1,0,0,checkout_friction
S-024848,App,1,1,1,1,
S-024849,Web,1,1,1,1,
S-024850,Store,1,0,0,0,
S-024851,Store,1,1,1,1,
S-024852,Store,1,0,0,0,
S-024853,App,1,1,1,1,
S-024854,App,1,0,0,0,
S-024855,Web,1,1,0,0,changed_mind
S-024856,Web,1,0,0,0,
S-024857,Web,1,1,0,0,changed_mind
S-024858,Store,1,1,1,1,
S-024859,Web,1,1,0,0,payment_fail
S-024860,Web,1,0,0,0,
S-024861,Web,1,0,0,0,
S-024862,Web,1,1,1,1,
S-024863,Store,1,1,0,0,shipping_cost
S-024864,App,1,0,0,0,
S-024865,App,1,1,1,1,
S-024866,Web,1,1,1,1,
S-024867,Web,1,1,1,1,
S-024868,Web,1,1,1,1,
S-024869,App,1,1,1,1,
S-024870,Web,1,1,0,0,payment_fail
S-024871,Web,1,0,0,0,
S-024872,App,1,1,0,0,payment_fail
S-024873,Web,1,1,1,1,
S-024874,Web,1,1,1,1,
S-024875,App,1,0,0,0,
S-024876,Web,1,1,1,1,
S-024877,App,1,1,1,1,
S-024878,Web,1,1,1,1,
S-024879,Web,1,1,0,0,checkout_friction
S-024880,Web,1,1,0,0,payment_fail
S-024881,Web,1,1,1,1,
S-024882,App,1,1,1,1,
S-024883,App,1,1,1,1,
S-024884,App,1,0,0,0,
S-024885,App,1,1,1,1,
S-024886,Store,1,1,0,0,changed_mind
S-024887,Web,1,0,0,0,
S-024888,App,1,1,1,1,
S-024889,App,1,0,0,0,
S-024890,Web,1,1,0,0,shipping_cost
S-024891,App,1,1,1,1,
S-024892,Web,1,1,0,0,shipping_cost
S-024893,Web,1,0,0,0,
S-024894,App,1,0,0,0,
S-024895,App,1,1,1,1,
S-024896,Web,1,1,0,0,shipping_cost
S-024897,Store,1,1,0,0,shipping_cost
S-024898,Web,1,1,0,0,changed_mind
S-024899,Web,1,1,1,1,
S-024900,App,1,0,0,0,
S-024901,App,1,1,0,0,checkout_friction
S-024902,App,1,0,0,0,
S-024903,Web,1,1,1,1,
S-024904,App,1,0,0,0,
S-024905,Web,1,1,0,0,shipping_cost
S-024906,Web,1,0,0,0,
S-024907,App,1,1,0,0,checkout_friction
S-024908,Web,1,0,0,0,
S-024909,Web,1,1,0,0,changed_mind
S-024910,App,1,1,1,1,
S-024911,Store,1,0,0,0,
S-024912,App,1,1,0,0,changed_mind
S-024913,Store,1,0,0,0,
S-024914,App,1,1,1,1,
S-024915,App,1,1,0,0,payment_fail
S-024916,Store,1,1,0,0,payment_fail
S-024917,Web,1,1,0,0,checkout_friction
S-024918,Web,1,1,0,0,changed_mind
S-024919,Web,1,1,0,0,shipping_cost
S-024920,Web,1,1,1,1,
S-024921,Web,1,1,0,0,stock_out
S-024922,Store,1,0,0,0,
S-024923,Web,1,0,0,0,
S-024924,Web,1,1,0,0,shipping_cost
S-024925,Web,1,1,1,1,
S-024926,Web,1,1,0,0,stock_out
S-024927,App,1,1,1,1,
S-024928,Web,1,1,0,0,shipping_cost
S-024929,Web,1,1,0,0,checkout_friction
S-024930,App,1,1,0,0,payment_fail
S-024931,Web,1,0,0,0,
S-024932,Store,1,1,1,1,
S-024933,Store,1,1,1,1,
S-024934,Web,1,1,0,0,payment_fail
S-024935,App,1,1,0,0,changed_mind
S-024936,Store,1,1,1,1,
S-024937,Store,1,1,0,0,payment_fail
S-024938,App,1,0,0,0,
S-024939,App,1,1,1,1,
S-024940,App,1,1,1,1,
S-024941,Web,1,1,0,0,checkout_friction
S-024942,Web,1,1,1,1,
S-024943,Web,1,1,1,1,
S-024944,Web,1,1,1,1,
S-024945,App,1,0,0,0,
S-024946,Web,1,1,1,1,
S-024947,Web,1,1,1,1,
S-024948,Web,1,1,1,1,
S-024949,Web,1,0,0,0,
S-024950,App,1,0,0,0,
S-024951,App,1,1,1,1,
S-024952,Store,1,1,0,0,changed_mind
S-024953,Web,1,1,0,0,payment_fail
S-024954,Store,1,1,1,1,
S-024955,App,1,1,1,1,
S-024956,Web,1,1,0,0,payment_fail
S-024957,App,1,0,0,0,
S-024958,Web,1,1,0,0,checkout_friction
S-024959,App,1,1,0,0,changed_mind
S-024960,App,1,1,1,1,
S-024961,Web,1,1,1,1,
S-024962,Web,1,1,0,0,checkout_friction
S-024963,App,1,1,1,1,
S-024964,Web,1,1,0,0,payment_fail
S-024965,App,1,1,1,1,
S-024966,App,1,1,1,1,
S-024967,App,1,1,0,0,checkout_friction
S-024968,Web,1,1,0,0,changed_mind
S-024969,App,1,0,0,0,
S-024970,Web,1,1,0,0,changed_mind
S-024971,Web,1,1,0,0,shipping_cost
S-024972,Store,1,1,1,1,
S-024973,Web,1,1,0,0,payment_fail
S-024974,Web,1,1,1,1,
S-024975,App,1,1,0,0,checkout_friction
S-024976,App,1,1,0,0,checkout_friction
S-024977,Web,1,0,0,0,
S-024978,App,1,1,1,1,
S-024979,App,1,0,0,0,
S-024980,App,1,1,0,0,shipping_cost
S-024981,Web,1,1,0,0,checkout_friction
S-024982,Web,1,1,1,1,
S-024983,Store,1,1,1,1,
S-024984,Web,1,1,1,1,
S-024985,Web,1,1,1,1,
S-024986,Web,1,0,0,0,
S-024987,App,1,1,1,1,
S-024988,Web,1,1,1,1,
S-024989,Web,1,1,0,0,payment_fail
S-024990,App,1,1,0,0,payment_fail
S-024991,App,1,1,1,1,
S-024992,App,1,1,1,1,
S-024993,Store,1,0,0,0,
S-024994,App,1,1,1,1,
S-024995,Web,1,0,0,0,
S-024996,Store,1,0,0,0,
S-024997,App,1,0,0,0,
S-024998,App,1,1,0,0,payment_fail
S-024999,Web,1,0,0,0,
S-025000,App,1,0,0,0,
S-025001,App,1,0,0,0,
S-025002,App,1,1,1,1,
S-025003,App,1,0,0,0,
S-025004,App,1,1,1,1,
S-025005,Web,1,0,0,0,
S-025006,Web,1,0,0,0,
S-025007,Web,1,1,1,1,
S-025008,App,1,1,1,1,
S-025009,Web,1,1,1,1,
S-025010,Web,1,1,1,1,
S-025011,Web,1,1,0,0,shipping_cost
S-025012,Web,1,0,0,0,
S-025013,Web,1,1,1,1,
S-025014,App,1,1,0,0,payment_fail
S-025015,App,1,1,1,1,
S-025016,Web,1,1,0,0,shipping_cost
S-025017,Web,1,0,0,0,
S-025018,Web,1,1,1,1,
S-025019,App,1,1,1,1,
S-025020,App,1,1,1,1,
S-025021,Web,1,1,1,1,
S-025022,App,1,1,1,1,
S-025023,Web,1,0,0,0,
S-025024,Web,1,1,0,0,payment_fail
S-025025,Web,1,1,0,0,stock_out
S-025026,Web,1,0,0,0,
S-025027,App,1,1,1,1,
S-025028,Web,1,0,0,0,
S-025029,Web,1,1,1,1,
S-025030,Web,1,1,1,1,
S-025031,Web,1,0,0,0,
S-025032,App,1,0,0,0,
S-025033,App,1,1,1,1,
S-025034,App,1,1,0,0,stock_out
S-025035,Web,1,0,0,0,
S-025036,App,1,1,1,1,
S-025037,Web,1,1,1,1,
S-025038,Web,1,0,0,0,
S-025039,App,1,0,0,0,
S-025040,App,1,0,0,0,
S-025041,Web,1,1,1,1,
S-025042,Web,1,1,1,1,
S-025043,Store,1,1,1,1,
S-025044,Store,1,1,0,0,changed_mind
S-025045,App,1,1,1,1,
S-025046,Web,1,1,1,1,
S-025047,Web,1,1,0,0,payment_fail
S-025048,Web,1,1,0,0,stock_out
S-025049,Web,1,0,0,0,
S-025050,Web,1,1,1,1,
S-025051,Web,1,0,0,0,
S-025052,Store,1,1,1,1,
S-025053,Web,1,0,0,0,
S-025054,Store,1,0,0,0,
S-025055,App,1,0,0,0,
S-025056,App,1,1,0,0,payment_fail
S-025057,Web,1,1,1,1,
S-025058,Web,1,0,0,0,
S-025059,Web,1,0,0,0,
S-025060,App,1,1,1,1,
S-025061,App,1,1,1,1,
S-025062,App,1,1,1,1,
S-025063,Web,1,1,0,0,stock_out
S-025064,App,1,0,0,0,
S-025065,Web,1,0,0,0,
S-025066,Web,1,1,1,1,
S-025067,Web,1,1,0,0,changed_mind
S-025068,Web,1,0,0,0,
S-025069,Web,1,1,0,0,shipping_cost
S-025070,Web,1,1,0,0,payment_fail
S-025071,Web,1,1,0,0,stock_out
S-025072,App,1,1,0,0,checkout_friction
S-025073,Web,1,1,0,0,changed_mind
S-025074,App,1,1,0,0,checkout_friction
S-025075,App,1,1,1,1,
S-025076,App,1,1,0,0,checkout_friction
S-025077,Web,1,1,1,1,
S-025078,App,1,0,0,0,
S-025079,Web,1,0,0,0,
S-025080,Web,1,0,0,0,
S-025081,App,1,1,1,1,
S-025082,Web,1,0,0,0,
S-025083,Web,1,1,1,1,
S-025084,App,1,0,0,0,
S-025085,App,1,1,0,0,payment_fail
S-025086,App,1,1,0,0,stock_out
S-025087,App,1,0,0,0,
S-025088,Web,1,0,0,0,
S-025089,Web,1,1,1,1,
S-025090,Web,1,1,1,1,
S-025091,Web,1,0,0,0,
S-025092,Web,1,1,1,1,
S-025093,Web,1,1,1,1,
S-025094,Web,1,1,0,0,shipping_cost
S-025095,Web,1,1,1,1,
S-025096,Web,1,0,0,0,
S-025097,Web,1,1,1,1,
S-025098,Web,1,1,1,1,
S-025099,Web,1,0,0,0,
S-025100,Web,1,1,1,1,
S-025101,Web,1,0,0,0,
S-025102,App,1,1,0,0,shipping_cost
S-025103,App,1,1,1,1,
S-025104,Web,1,0,0,0,
S-025105,App,1,0,0,0,
S-025106,Web,1,1,0,0,payment_fail
S-025107,Store,1,0,0,0,
S-025108,App,1,1,1,1,
S-025109,App,1,1,1,1,
S-025110,Web,1,1,0,0,checkout_friction
S-025111,App,1,1,0,0,stock_out
S-025112,Web,1,1,1,1,
S-025113,Web,1,1,1,1,
S-025114,Web,1,0,0,0,
S-025115,Web,1,1,1,1,
S-025116,Web,1,0,0,0,
S-025117,Web,1,1,1,1,
S-025118,Store,1,1,1,1,
S-025119,App,1,1,1,1,
S-025120,App,1,1,1,1,
S-025121,Store,1,1,0,0,payment_fail
S-025122,Web,1,0,0,0,
S-025123,Web,1,1,1,1,
S-025124,Web,1,1,1,1,
S-025125,Web,1,1,1,1,
S-025126,App,1,1,1,1,
S-025127,App,1,1,1,1,
S-025128,Web,1,1,0,0,shipping_cost
S-025129,App,1,1,0,0,shipping_cost
S-025130,Web,1,1,1,1,
S-025131,App,1,0,0,0,
S-025132,App,1,0,0,0,
S-025133,Web,1,1,0,0,stock_out
S-025134,Web,1,1,1,1,
S-025135,App,1,1,1,1,
S-025136,App,1,1,0,0,checkout_friction
S-025137,Web,1,1,0,0,shipping_cost
S-025138,Web,1,1,0,0,shipping_cost
S-025139,Web,1,0,0,0,
S-025140,Web,1,1,1,1,
S-025141,App,1,1,1,1,
S-025142,Web,1,1,1,1,
S-025143,Web,1,1,1,1,
S-025144,Web,1,0,0,0,
S-025145,Web,1,1,1,1,
S-025146,Web,1,1,0,0,changed_mind
S-025147,Store,1,1,0,0,shipping_cost
S-025148,App,1,0,0,0,
S-025149,Web,1,1,1,1,
S-025150,Web,1,1,1,1,
S-025151,App,1,1,1,1,
S-025152,App,1,0,0,0,
S-025153,Web,1,1,0,0,changed_mind
S-025154,App,1,0,0,0,
S-025155,App,1,1,1,1,
S-025156,App,1,1,0,0,payment_fail
S-025157,Web,1,1,1,1,
S-025158,App,1,1,1,1,
S-025159,Web,1,0,0,0,
S-025160,Web,1,0,0,0,
S-025161,App,1,1,1,1,
S-025162,Web,1,0,0,0,
S-025163,App,1,1,0,0,payment_fail
S-025164,Store,1,1,1,1,
S-025165,Store,1,1,0,0,shipping_cost
S-025166,Web,1,1,0,0,checkout_friction
S-025167,Web,1,1,0,0,shipping_cost
S-025168,Web,1,0,0,0,
S-025169,App,1,1,1,1,
S-025170,Web,1,1,0,0,payment_fail
S-025171,App,1,0,0,0,
S-025172,Web,1,0,0,0,
S-025173,App,1,0,0,0,
S-025174,App,1,0,0,0,
S-025175,Web,1,0,0,0,
S-025176,Web,1,1,1,1,
S-025177,Web,1,1,0,0,stock_out
S-025178,Web,1,1,1,1,
S-025179,App,1,1,0,0,checkout_friction
S-025180,App,1,1,1,1,
S-025181,Web,1,1,0,0,shipping_cost
S-025182,App,1,1,0,0,payment_fail
S-025183,Web,1,1,1,1,
S-025184,App,1,1,0,0,changed_mind
S-025185,App,1,0,0,0,
S-025186,App,1,0,0,0,
S-025187,Web,1,0,0,0,
S-025188,App,1,1,1,1,
S-025189,App,1,0,0,0,
S-025190,Store,1,1,1,1,
S-025191,Store,1,1,1,1,
S-025192,Web,1,0,0,0,
S-025193,App,1,0,0,0,
S-025194,Web,1,0,0,0,
S-025195,Web,1,1,0,0,shipping_cost
S-025196,Web,1,1,1,1,
S-025197,Store,1,0,0,0,
S-025198,Web,1,0,0,0,
S-025199,Web,1,1,0,0,changed_mind
S-025200,Web,1,0,0,0,
S-025201,Web,1,1,0,0,payment_fail
S-025202,Web,1,0,0,0,
S-025203,Web,1,1,1,1,
S-025204,Web,1,1,0,0,payment_fail
S-025205,Web,1,1,0,0,shipping_cost
S-025206,Web,1,1,1,1,
S-025207,Web,1,1,0,0,stock_out
S-025208,App,1,1,0,0,shipping_cost
S-025209,Store,1,1,0,0,payment_fail
S-025210,Store,1,1,0,0,shipping_cost
S-025211,Web,1,1,1,1,
S-025212,Web,1,1,0,0,stock_out
S-025213,Web,1,1,1,1,
S-025214,App,1,1,1,1,
S-025215,Web,1,1,1,1,
S-025216,App,1,1,0,0,payment_fail
S-025217,Web,1,0,0,0,
S-025218,Web,1,0,0,0,
S-025219,Web,1,1,1,1,
S-025220,Web,1,1,1,1,
S-025221,Web,1,1,0,0,changed_mind
S-025222,App,1,1,0,0,changed_mind
S-025223,Web,1,1,1,1,
S-025224,App,1,0,0,0,
S-025225,App,1,1,0,0,shipping_cost
S-025226,Store,1,1,0,0,checkout_friction
S-025227,Web,1,1,0,0,checkout_friction
S-025228,App,1,1,1,1,
S-025229,Web,1,1,1,1,
S-025230,App,1,1,1,1,
S-025231,Web,1,1,0,0,shipping_cost
S-025232,Web,1,1,1,1,
S-025233,Web,1,1,1,1,
S-025234,App,1,1,0,0,payment_fail
S-025235,Store,1,0,0,0,
S-025236,Web,1,1,0,0,shipping_cost
S-025237,Web,1,1,1,1,
S-025238,App,1,1,1,1,
S-025239,App,1,1,1,1,
S-025240,Web,1,0,0,0,
S-025241,App,1,0,0,0,
S-025242,Web,1,0,0,0,
S-025243,Web,1,1,1,1,
S-025244,Web,1,1,0,0,payment_fail
S-025245,App,1,1,1,1,
S-025246,Store,1,1,1,1,
S-025247,Web,1,0,0,0,
S-025248,Web,1,1,0,0,changed_mind
S-025249,Web,1,1,1,1,
S-025250,Web,1,1,1,1,
S-025251,Web,1,1,0,0,checkout_friction
S-025252,Web,1,1,1,1,
S-025253,Web,1,1,1,1,
S-025254,App,1,1,1,1,
S-025255,Web,1,1,1,1,
S-025256,Web,1,1,0,0,checkout_friction
S-025257,App,1,1,0,0,shipping_cost
S-025258,Web,1,1,1,1,
S-025259,Web,1,0,0,0,
S-025260,Store,1,1,0,0,shipping_cost
S-025261,App,1,1,1,1,
S-025262,Web,1,1,0,0,payment_fail
S-025263,Web,1,1,1,1,
S-025264,Store,1,1,0,0,changed_mind
S-025265,Store,1,1,1,1,
S-025266,Web,1,1,1,1,
S-025267,Web,1,1,1,1,
S-025268,App,1,1,0,0,payment_fail
S-025269,App,1,1,0,0,checkout_friction
S-025270,Web,1,1,0,0,checkout_friction
S-025271,App,1,0,0,0,
S-025272,App,1,0,0,0,
S-025273,App,1,0,0,0,
S-025274,Web,1,1,0,0,payment_fail
S-025275,Web,1,0,0,0,
S-025276,Web,1,0,0,0,
S-025277,App,1,1,1,1,
S-025278,App,1,1,0,0,changed_mind
S-025279,App,1,1,1,1,
S-025280,Web,1,0,0,0,
S-025281,Web,1,1,0,0,changed_mind
S-025282,App,1,1,0,0,stock_out
S-025283,Web,1,1,0,0,shipping_cost
S-025284,Web,1,1,1,1,
S-025285,App,1,1,0,0,payment_fail
S-025286,App,1,1,0,0,changed_mind
S-025287,Web,1,1,0,0,payment_fail
S-025288,App,1,1,0,0,changed_mind
S-025289,Web,1,1,1,1,
S-025290,App,1,1,1,1,
S-025291,App,1,1,0,0,payment_fail
S-025292,App,1,1,1,1,
S-025293,App,1,1,1,1,
S-025294,Web,1,0,0,0,
S-025295,App,1,0,0,0,
S-025296,Web,1,1,1,1,
S-025297,Web,1,1,0,0,changed_mind
S-025298,Web,1,1,1,1,
S-025299,Web,1,0,0,0,
S-025300,Web,1,1,1,1,
S-025301,App,1,0,0,0,
S-025302,Web,1,1,0,0,stock_out
S-025303,Web,1,0,0,0,
S-025304,Web,1,1,0,0,payment_fail
S-025305,App,1,1,1,1,
S-025306,Web,1,1,1,1,
S-025307,Web,1,1,0,0,shipping_cost
S-025308,App,1,1,1,1,
S-025309,App,1,1,1,1,
S-025310,Web,1,1,1,1,
S-025311,App,1,1,0,0,stock_out
S-025312,Web,1,0,0,0,
S-025313,Web,1,1,1,1,
S-025314,App,1,1,1,1,
S-025315,Web,1,1,0,0,payment_fail
S-025316,App,1,1,0,0,changed_mind
S-025317,App,1,1,1,1,
S-025318,App,1,1,1,1,
S-025319,Web,1,1,1,1,
S-025320,Web,1,0,0,0,
S-025321,Store,1,1,1,1,
S-025322,App,1,0,0,0,
S-025323,Web,1,1,1,1,
S-025324,App,1,1,0,0,changed_mind
S-025325,Web,1,1,1,1,
S-025326,Web,1,0,0,0,
S-025327,Web,1,1,0,0,shipping_cost
S-025328,App,1,1,1,1,
S-025329,App,1,1,1,1,
S-025330,App,1,1,1,1,
S-025331,Web,1,1,1,1,
S-025332,App,1,0,0,0,
S-025333,Web,1,1,1,1,
S-025334,App,1,1,1,1,
S-025335,Web,1,1,1,1,
S-025336,App,1,1,1,1,
S-025337,App,1,1,0,0,stock_out
S-025338,Web,1,1,0,0,changed_mind
S-025339,Web,1,0,0,0,
S-025340,App,1,1,1,1,
S-025341,Web,1,1,1,1,
S-025342,App,1,1,1,1,
S-025343,App,1,1,0,0,changed_mind
S-025344,App,1,1,0,0,payment_fail
S-025345,Web,1,1,1,1,
S-025346,Web,1,0,0,0,
S-025347,Web,1,0,0,0,
S-025348,Web,1,1,1,1,
S-025349,Web,1,1,1,1,
S-025350,App,1,1,0,0,payment_fail
S-025351,App,1,1,0,0,payment_fail
S-025352,App,1,0,0,0,
S-025353,Web,1,1,0,0,checkout_friction
S-025354,Store,1,1,1,1,
S-025355,Web,1,1,0,0,checkout_friction
S-025356,Store,1,1,1,1,
S-025357,Web,1,1,0,0,stock_out
S-025358,Web,1,1,1,1,
S-025359,Web,1,1,0,0,payment_fail
S-025360,App,1,1,1,1,
S-025361,App,1,1,1,1,
S-025362,Web,1,1,1,1,
S-025363,Web,1,1,0,0,changed_mind
S-025364,Web,1,1,1,1,
S-025365,Web,1,0,0,0,
S-025366,Web,1,1,0,0,stock_out
S-025367,Web,1,1,0,0,changed_mind
S-025368,App,1,0,0,0,
S-025369,App,1,0,0,0,
S-025370,App,1,1,1,1,
S-025371,Store,1,1,1,1,
S-025372,App,1,0,0,0,
S-025373,Web,1,1,1,1,
S-025374,Web,1,1,1,1,
S-025375,Web,1,1,0,0,payment_fail
S-025376,App,1,1,0,0,checkout_friction
S-025377,App,1,0,0,0,
S-025378,Web,1,1,1,1,
S-025379,App,1,1,1,1,
S-025380,Web,1,0,0,0,
S-025381,Store,1,1,0,0,payment_fail
S-025382,Store,1,0,0,0,
S-025383,Web,1,1,0,0,payment_fail
S-025384,Store,1,1,0,0,checkout_friction
S-025385,Web,1,1,0,0,shipping_cost
S-025386,Web,1,1,1,1,
S-025387,Web,1,1,0,0,shipping_cost
S-025388,App,1,1,1,1,
S-025389,App,1,0,0,0,
S-025390,Store,1,1,1,1,
S-025391,Store,1,1,1,1,
S-025392,Web,1,1,0,0,changed_mind
S-025393,Web,1,1,1,1,
S-025394,App,1,1,1,1,
S-025395,Web,1,1,1,1,
S-025396,App,1,1,1,1,
S-025397,Web,1,1,1,1,
S-025398,App,1,1,1,1,
S-025399,Web,1,1,1,1,
S-025400,Web,1,1,1,1,
S-025401,Web,1,1,1,1,
S-025402,Store,1,1,1,1,
S-025403,Web,1,1,1,1,
S-025404,App,1,0,0,0,
S-025405,Store,1,1,0,0,checkout_friction
S-025406,Web,1,1,1,1,
S-025407,Web,1,1,1,1,
S-025408,Web,1,0,0,0,
S-025409,Web,1,1,0,0,payment_fail
S-025410,Store,1,1,0,0,stock_out
S-025411,Web,1,1,0,0,shipping_cost
S-025412,App,1,0,0,0,
S-025413,Web,1,1,0,0,payment_fail
S-025414,Web,1,1,0,0,shipping_cost
S-025415,Web,1,1,0,0,changed_mind
S-025416,App,1,0,0,0,
S-025417,Web,1,1,1,1,
S-025418,App,1,1,1,1,
S-025419,Web,1,1,1,1,
S-025420,App,1,1,1,1,
S-025421,Web,1,0,0,0,
S-025422,Web,1,1,1,1,
S-025423,Store,1,1,0,0,payment_fail
S-025424,Web,1,1,1,1,
S-025425,Web,1,0,0,0,
S-025426,Store,1,1,1,1,
S-025427,Web,1,1,1,1,
S-025428,Web,1,1,1,1,
S-025429,Web,1,0,0,0,
S-025430,App,1,1,0,0,shipping_cost
S-025431,Store,1,1,1,1,
S-025432,Web,1,0,0,0,
S-025433,Web,1,1,1,1,
S-025434,Web,1,1,0,0,changed_mind
S-025435,Web,1,1,0,0,changed_mind
S-025436,Store,1,1,1,1,
S-025437,App,1,1,1,1,
S-025438,Web,1,0,0,0,
S-025439,Web,1,1,0,0,stock_out
S-025440,App,1,0,0,0,
S-025441,Web,1,1,1,1,
S-025442,App,1,1,1,1,
S-025443,Web,1,1,0,0,stock_out
S-025444,Store,1,1,0,0,shipping_cost
S-025445,Web,1,1,0,0,shipping_cost
S-025446,Web,1,1,0,0,shipping_cost
S-025447,App,1,0,0,0,
S-025448,Store,1,1,0,0,changed_mind
S-025449,Web,1,1,0,0,payment_fail
S-025450,Web,1,1,1,1,
S-025451,App,1,1,0,0,shipping_cost
S-025452,Web,1,1,1,1,
S-025453,Store,1,1,1,1,
S-025454,Web,1,1,1,1,
S-025455,Web,1,1,1,1,
S-025456,Store,1,1,0,0,payment_fail
S-025457,Web,1,0,0,0,
S-025458,App,1,1,1,1,
S-025459,Store,1,1,1,1,
S-025460,App,1,1,0,0,shipping_cost
S-025461,Store,1,0,0,0,
S-025462,App,1,0,0,0,
S-025463,Web,1,0,0,0,
S-025464,Web,1,1,1,1,
S-025465,Web,1,1,0,0,checkout_friction
S-025466,App,1,1,1,1,
S-025467,App,1,1,0,0,changed_mind
S-025468,Web,1,1,0,0,shipping_cost
S-025469,Store,1,1,1,1,
S-025470,App,1,1,1,1,
S-025471,App,1,0,0,0,
S-025472,Web,1,1,1,1,
S-025473,App,1,1,1,1,
S-025474,App,1,1,0,0,changed_mind
S-025475,Web,1,1,1,1,
S-025476,App,1,0,0,0,
S-025477,App,1,1,1,1,
S-025478,Web,1,1,1,1,
S-025479,App,1,1,1,1,
S-025480,Web,1,0,0,0,
S-025481,App,1,1,1,1,
S-025482,Web,1,0,0,0,
S-025483,App,1,1,1,1,
S-025484,Web,1,1,0,0,changed_mind
S-025485,Web,1,0,0,0,
S-025486,Store,1,1,1,1,
S-025487,App,1,1,1,1,
S-025488,App,1,1,1,1,
S-025489,Store,1,1,0,0,shipping_cost
S-025490,Web,1,0,0,0,
S-025491,Web,1,1,0,0,shipping_cost
S-025492,Web,1,1,1,1,
S-025493,Store,1,1,0,0,stock_out
S-025494,Web,1,1,1,1,
S-025495,Web,1,1,1,1,
S-025496,Web,1,1,0,0,payment_fail
S-025497,App,1,0,0,0,
S-025498,App,1,0,0,0,
S-025499,App,1,0,0,0,
S-025500,Web,1,1,1,1,
S-025501,Store,1,1,1,1,
S-025502,Web,1,1,1,1,
S-025503,Web,1,0,0,0,
S-025504,Web,1,1,1,1,
S-025505,Web,1,1,0,0,changed_mind
S-025506,Web,1,0,0,0,
S-025507,App,1,0,0,0,
S-025508,App,1,1,1,1,
S-025509,App,1,1,0,0,changed_mind
S-025510,App,1,1,1,1,
S-025511,Web,1,1,1,1,
S-025512,Web,1,0,0,0,
S-025513,App,1,1,1,1,
S-025514,Web,1,1,1,1,
S-025515,Web,1,1,0,0,stock_out
S-025516,Web,1,1,1,1,
S-025517,Web,1,0,0,0,
S-025518,Web,1,1,0,0,checkout_friction
S-025519,Web,1,1,0,0,stock_out
S-025520,App,1,1,0,0,changed_mind
S-025521,App,1,1,1,1,
S-025522,Web,1,1,0,0,payment_fail
S-025523,Web,1,1,0,0,changed_mind
S-025524,Web,1,1,0,0,stock_out
S-025525,Web,1,1,0,0,checkout_friction
S-025526,Web,1,1,0,0,stock_out
S-025527,Web,1,1,0,0,payment_fail
S-025528,Web,1,1,1,1,
S-025529,App,1,0,0,0,
S-025530,Web,1,1,1,1,
S-025531,Web,1,1,1,1,
S-025532,Web,1,0,0,0,
S-025533,Web,1,1,1,1,
S-025534,Web,1,1,0,0,stock_out
S-025535,Web,1,0,0,0,
S-025536,Web,1,1,0,0,checkout_friction
S-025537,App,1,1,1,1,
S-025538,Store,1,0,0,0,
S-025539,Store,1,0,0,0,
S-025540,Store,1,1,1,1,
S-025541,App,1,0,0,0,
S-025542,Web,1,1,0,0,changed_mind
S-025543,Store,1,1,0,0,changed_mind
S-025544,App,1,0,0,0,
S-025545,Web,1,1,1,1,
S-025546,Web,1,1,0,0,changed_mind
S-025547,Web,1,1,0,0,changed_mind
S-025548,App,1,0,0,0,
S-025549,Web,1,1,1,1,
S-025550,Web,1,1,0,0,shipping_cost
S-025551,App,1,1,1,1,
S-025552,Web,1,1,1,1,
S-025553,Web,1,1,0,0,payment_fail
S-025554,Web,1,1,0,0,stock_out
S-025555,Web,1,0,0,0,
S-025556,App,1,1,0,0,checkout_friction
S-025557,Web,1,1,1,1,
S-025558,App,1,1,1,1,
S-025559,App,1,1,0,0,checkout_friction
S-025560,App,1,0,0,0,
S-025561,Web,1,1,1,1,
S-025562,Web,1,1,0,0,shipping_cost
S-025563,Web,1,1,1,1,
S-025564,App,1,1,0,0,payment_fail
S-025565,App,1,1,1,1,
S-025566,Web,1,1,0,0,shipping_cost
S-025567,App,1,1,1,1,
S-025568,Web,1,0,0,0,
S-025569,Store,1,0,0,0,
S-025570,Web,1,0,0,0,
S-025571,Web,1,1,0,0,stock_out
S-025572,App,1,1,0,0,changed_mind
S-025573,Store,1,1,1,1,
S-025574,Web,1,1,0,0,checkout_friction
S-025575,App,1,1,1,1,
S-025576,Web,1,1,1,1,
S-025577,Web,1,0,0,0,
S-025578,Web,1,0,0,0,
S-025579,App,1,0,0,0,
S-025580,App,1,0,0,0,
S-025581,Web,1,1,0,0,shipping_cost
S-025582,Web,1,1,1,1,
S-025583,App,1,1,1,1,
S-025584,App,1,1,1,1,
S-025585,App,1,1,0,0,changed_mind
S-025586,App,1,0,0,0,
S-025587,App,1,1,1,1,
S-025588,Web,1,1,1,1,
S-025589,Store,1,1,1,1,
S-025590,Store,1,1,1,1,
S-025591,Web,1,1,0,0,stock_out
S-025592,Web,1,1,1,1,
S-025593,App,1,0,0,0,
S-025594,Web,1,1,1,1,
S-025595,Web,1,0,0,0,
S-025596,App,1,1,1,1,
S-025597,App,1,1,1,1,
S-025598,Web,1,0,0,0,
S-025599,Web,1,0,0,0,
S-025600,Web,1,1,1,1,
S-025601,Web,1,1,0,0,payment_fail
S-025602,Web,1,1,0,0,checkout_friction
S-025603,Web,1,1,1,1,
S-025604,App,1,0,0,0,
S-025605,Web,1,1,0,0,changed_mind
S-025606,Web,1,1,1,1,
S-025607,Store,1,0,0,0,
S-025608,App,1,1,1,1,
S-025609,Web,1,1,0,0,payment_fail
S-025610,Web,1,0,0,0,
S-025611,Web,1,0,0,0,
S-025612,Store,1,0,0,0,
S-025613,Web,1,0,0,0,
S-025614,Web,1,0,0,0,
S-025615,Web,1,1,1,1,
S-025616,App,1,1,1,1,
S-025617,App,1,1,1,1,
S-025618,Web,1,1,0,0,payment_fail
S-025619,Web,1,1,0,0,checkout_friction
S-025620,App,1,1,1,1,
S-025621,Store,1,0,0,0,
S-025622,Web,1,1,1,1,
S-025623,Web,1,0,0,0,
S-025624,Web,1,1,0,0,changed_mind
S-025625,Web,1,1,0,0,stock_out
S-025626,App,1,0,0,0,
S-025627,App,1,0,0,0,
S-025628,App,1,0,0,0,
S-025629,Web,1,1,1,1,
S-025630,App,1,1,1,1,
S-025631,Web,1,0,0,0,
S-025632,Web,1,0,0,0,
S-025633,App,1,0,0,0,
S-025634,Web,1,0,0,0,
S-025635,Web,1,1,1,1,
S-025636,App,1,1,0,0,stock_out
S-025637,App,1,1,0,0,shipping_cost
S-025638,Web,1,0,0,0,
S-025639,Web,1,1,1,1,
S-025640,App,1,1,1,1,
S-025641,Web,1,1,1,1,
S-025642,App,1,1,0,0,stock_out
S-025643,Web,1,1,1,1,
S-025644,Web,1,1,0,0,checkout_friction
S-025645,App,1,0,0,0,
S-025646,Web,1,1,1,1,
S-025647,App,1,0,0,0,
S-025648,App,1,1,0,0,payment_fail
S-025649,App,1,1,0,0,stock_out
S-025650,App,1,1,0,0,shipping_cost
S-025651,Web,1,1,0,0,shipping_cost
S-025652,App,1,1,1,1,
S-025653,Web,1,1,0,0,shipping_cost
S-025654,Web,1,0,0,0,
S-025655,Store,1,1,1,1,
S-025656,App,1,1,1,1,
S-025657,Store,1,0,0,0,
S-025658,App,1,1,0,0,checkout_friction
S-025659,App,1,1,1,1,
S-025660,App,1,1,1,1,
S-025661,App,1,1,0,0,payment_fail
S-025662,App,1,1,1,1,
S-025663,Web,1,1,1,1,
S-025664,Web,1,0,0,0,
S-025665,Web,1,0,0,0,
S-025666,Web,1,1,1,1,
S-025667,Web,1,0,0,0,
S-025668,Store,1,0,0,0,
S-025669,App,1,1,1,1,
S-025670,App,1,0,0,0,
S-025671,App,1,0,0,0,
S-025672,App,1,1,1,1,
S-025673,App,1,0,0,0,
S-025674,Web,1,1,1,1,
S-025675,App,1,1,1,1,
S-025676,App,1,1,1,1,
S-025677,Web,1,0,0,0,
S-025678,Web,1,1,1,1,
S-025679,App,1,1,1,1,
S-025680,Store,1,1,1,1,
S-025681,Web,1,1,0,0,shipping_cost
S-025682,App,1,0,0,0,
S-025683,App,1,1,1,1,
S-025684,Web,1,1,1,1,
S-025685,App,1,1,1,1,
S-025686,Store,1,1,1,1,
S-025687,App,1,0,0,0,
S-025688,Web,1,1,0,0,changed_mind
S-025689,Store,1,1,0,0,payment_fail
S-025690,Web,1,1,0,0,stock_out
S-025691,App,1,1,1,1,
S-025692,Web,1,1,1,1,
S-025693,Web,1,0,0,0,
S-025694,Web,1,0,0,0,
S-025695,Web,1,1,0,0,checkout_friction
S-025696,Store,1,1,1,1,
S-025697,App,1,0,0,0,
S-025698,Web,1,1,0,0,payment_fail
S-025699,App,1,0,0,0,
S-025700,Web,1,1,1,1,
S-025701,Web,1,1,1,1,
S-025702,Web,1,0,0,0,
S-025703,App,1,1,0,0,payment_fail
S-025704,Web,1,1,0,0,checkout_friction
S-025705,App,1,0,0,0,
S-025706,Store,1,1,0,0,payment_fail
S-025707,App,1,1,1,1,
S-025708,Web,1,1,0,0,payment_fail
S-025709,Web,1,1,1,1,
S-025710,App,1,1,1,1,
S-025711,App,1,1,0,0,checkout_friction
S-025712,Web,1,1,1,1,
S-025713,App,1,1,0,0,checkout_friction
S-025714,Web,1,1,1,1,
S-025715,App,1,1,0,0,changed_mind
S-025716,Store,1,1,1,1,
S-025717,App,1,1,1,1,
S-025718,Web,1,1,0,0,changed_mind
S-025719,App,1,1,0,0,checkout_friction
S-025720,App,1,1,0,0,changed_mind
S-025721,Web,1,1,1,1,
S-025722,App,1,1,0,0,changed_mind
S-025723,Web,1,1,0,0,stock_out
S-025724,Store,1,1,0,0,changed_mind
S-025725,Web,1,1,1,1,
S-025726,Store,1,1,0,0,changed_mind
S-025727,Web,1,1,1,1,
S-025728,App,1,1,0,0,shipping_cost
S-025729,Web,1,1,1,1,
S-025730,Store,1,1,1,1,
S-025731,App,1,1,1,1,
S-025732,App,1,1,0,0,changed_mind
S-025733,Web,1,1,1,1,
S-025734,Web,1,1,1,1,
S-025735,Store,1,1,1,1,
S-025736,Store,1,0,0,0,
S-025737,Web,1,1,0,0,changed_mind
S-025738,Web,1,1,1,1,
S-025739,App,1,1,1,1,
S-025740,App,1,1,1,1,
S-025741,Store,1,1,1,1,
S-025742,App,1,0,0,0,
S-025743,Store,1,0,0,0,
S-025744,Web,1,1,0,0,shipping_cost
S-025745,Store,1,0,0,0,
S-025746,Web,1,1,1,1,
S-025747,Web,1,1,1,1,
S-025748,Store,1,0,0,0,
S-025749,Web,1,1,1,1,
S-025750,Web,1,0,0,0,
S-025751,Web,1,1,1,1,
S-025752,App,1,1,1,1,
S-025753,App,1,0,0,0,
S-025754,Web,1,1,1,1,
S-025755,Web,1,0,0,0,
S-025756,Web,1,1,1,1,
S-025757,App,1,0,0,0,
S-025758,Web,1,1,0,0,shipping_cost
S-025759,App,1,1,1,1,
S-025760,Store,1,0,0,0,
S-025761,Web,1,1,0,0,stock_out
S-025762,App,1,1,0,0,shipping_cost
S-025763,Web,1,1,1,1,
S-025764,Web,1,1,1,1,
S-025765,Store,1,1,0,0,payment_fail
S-025766,Web,1,1,0,0,shipping_cost
S-025767,App,1,1,1,1,
S-025768,Web,1,1,0,0,payment_fail
S-025769,Web,1,1,1,1,
S-025770,App,1,1,1,1,
S-025771,Web,1,0,0,0,
S-025772,App,1,1,0,0,stock_out
S-025773,Web,1,1,1,1,
S-025774,Web,1,1,0,0,shipping_cost
S-025775,Web,1,0,0,0,
S-025776,Web,1,1,0,0,shipping_cost
S-025777,Web,1,1,0,0,stock_out
S-025778,App,1,0,0,0,
S-025779,Store,1,0,0,0,
S-025780,Web,1,1,1,1,
S-025781,Web,1,0,0,0,
S-025782,Web,1,1,0,0,payment_fail
S-025783,Web,1,0,0,0,
S-025784,Web,1,1,0,0,payment_fail
S-025785,App,1,1,1,1,
S-025786,Web,1,1,0,0,stock_out
S-025787,Web,1,1,0,0,changed_mind
S-025788,App,1,1,0,0,stock_out
S-025789,Store,1,1,1,1,
S-025790,Web,1,1,0,0,stock_out
S-025791,Web,1,1,1,1,
S-025792,Web,1,1,0,0,checkout_friction
S-025793,App,1,1,1,1,
S-025794,Store,1,1,1,1,
S-025795,App,1,0,0,0,
S-025796,Store,1,0,0,0,
S-025797,Web,1,0,0,0,
S-025798,App,1,1,0,0,payment_fail
S-025799,Store,1,1,0,0,stock_out
S-025800,Web,1,0,0,0,
S-025801,App,1,1,0,0,stock_out
S-025802,App,1,0,0,0,
S-025803,App,1,1,1,1,
S-025804,App,1,1,1,1,
S-025805,Store,1,0,0,0,
S-025806,Web,1,1,0,0,payment_fail
S-025807,Web,1,0,0,0,
S-025808,Web,1,1,1,1,
S-025809,Web,1,0,0,0,
S-025810,Web,1,1,1,1,
S-025811,App,1,1,1,1,
S-025812,App,1,1,1,1,
S-025813,Web,1,1,1,1,
S-025814,Store,1,1,0,0,checkout_friction
S-025815,Web,1,1,0,0,shipping_cost
S-025816,App,1,0,0,0,
S-025817,App,1,1,0,0,checkout_friction
S-025818,App,1,1,1,1,
S-025819,App,1,1,0,0,changed_mind
S-025820,App,1,1,1,1,
S-025821,Web,1,1,0,0,changed_mind
S-025822,App,1,1,0,0,payment_fail
S-025823,Store,1,1,1,1,
S-025824,Web,1,1,1,1,
S-025825,Web,1,1,1,1,
S-025826,Web,1,1,1,1,
S-025827,App,1,0,0,0,
S-025828,Store,1,1,0,0,checkout_friction
S-025829,App,1,0,0,0,
S-025830,App,1,1,1,1,
S-025831,Web,1,1,1,1,
S-025832,Web,1,1,1,1,
S-025833,App,1,1,0,0,changed_mind
S-025834,Web,1,1,0,0,payment_fail
S-025835,App,1,0,0,0,
S-025836,App,1,1,1,1,
S-025837,Web,1,0,0,0,
S-025838,Web,1,0,0,0,
S-025839,App,1,1,1,1,
S-025840,Web,1,1,1,1,
S-025841,App,1,1,1,1,
S-025842,Web,1,1,1,1,
S-025843,Web,1,0,0,0,
S-025844,Web,1,1,1,1,
S-025845,App,1,1,0,0,payment_fail
S-025846,Web,1,0,0,0,
S-025847,Web,1,1,1,1,
S-025848,Store,1,1,0,0,stock_out
S-025849,App,1,1,0,0,payment_fail
S-025850,Web,1,1,1,1,
S-025851,App,1,1,0,0,changed_mind
S-025852,Web,1,1,1,1,
S-025853,Web,1,1,1,1,
S-025854,Web,1,1,0,0,changed_mind
S-025855,Web,1,1,1,1,
S-025856,Web,1,0,0,0,
S-025857,Web,1,1,1,1,
S-025858,Web,1,1,1,1,
S-025859,Web,1,0,0,0,
S-025860,Store,1,1,1,1,
S-025861,Web,1,1,0,0,payment_fail
S-025862,App,1,1,0,0,changed_mind
S-025863,Web,1,1,1,1,
S-025864,Web,1,1,0,0,payment_fail
S-025865,App,1,1,0,0,checkout_friction
S-025866,Store,1,1,0,0,checkout_friction
S-025867,App,1,0,0,0,
S-025868,App,1,0,0,0,
S-025869,Store,1,0,0,0,
S-025870,Web,1,1,0,0,shipping_cost
S-025871,App,1,0,0,0,
S-025872,App,1,1,0,0,changed_mind
S-025873,Store,1,1,1,1,
S-025874,Web,1,0,0,0,
S-025875,Web,1,1,0,0,changed_mind
S-025876,App,1,1,1,1,
S-025877,Web,1,1,0,0,checkout_friction
S-025878,App,1,0,0,0,
S-025879,Web,1,1,1,1,
S-025880,App,1,0,0,0,
S-025881,Store,1,1,1,1,
S-025882,Store,1,1,0,0,shipping_cost
S-025883,App,1,0,0,0,
S-025884,App,1,1,0,0,changed_mind
S-025885,Web,1,1,1,1,
S-025886,Web,1,1,1,1,
S-025887,Web,1,1,1,1,
S-025888,App,1,1,1,1,
S-025889,App,1,1,1,1,
S-025890,Web,1,1,1,1,
S-025891,Web,1,0,0,0,
S-025892,Web,1,0,0,0,
S-025893,App,1,1,1,1,
S-025894,App,1,0,0,0,
S-025895,Web,1,1,1,1,
S-025896,Web,1,1,1,1,
S-025897,App,1,1,1,1,
S-025898,App,1,0,0,0,
S-025899,App,1,1,0,0,checkout_friction
S-025900,Web,1,0,0,0,
S-025901,Web,1,1,1,1,
S-025902,Web,1,1,1,1,
S-025903,Web,1,1,0,0,payment_fail
S-025904,App,1,0,0,0,
S-025905,Web,1,1,0,0,changed_mind
S-025906,Web,1,0,0,0,
S-025907,Web,1,0,0,0,
S-025908,App,1,1,1,1,
S-025909,App,1,0,0,0,
S-025910,Store,1,1,1,1,
S-025911,Web,1,1,0,0,payment_fail
S-025912,App,1,1,0,0,changed_mind
S-025913,Web,1,1,1,1,
S-025914,Store,1,0,0,0,
S-025915,App,1,1,1,1,
S-025916,App,1,1,1,1,
S-025917,Web,1,1,0,0,shipping_cost
S-025918,Web,1,0,0,0,
S-025919,Web,1,0,0,0,
S-025920,Web,1,0,0,0,
S-025921,App,1,1,1,1,
S-025922,App,1,1,1,1,
S-025923,Web,1,1,1,1,
S-025924,Web,1,1,0,0,checkout_friction
S-025925,Store,1,1,1,1,
S-025926,Web,1,1,0,0,shipping_cost
S-025927,Store,1,1,0,0,payment_fail
S-025928,App,1,1,0,0,stock_out
S-025929,App,1,1,0,0,stock_out
S-025930,App,1,1,1,1,
S-025931,Web,1,1,1,1,
S-025932,Store,1,1,1,1,
S-025933,Web,1,1,1,1,
S-025934,Store,1,1,1,1,
S-025935,Web,1,1,0,0,changed_mind
S-025936,Web,1,0,0,0,
S-025937,Web,1,1,0,0,stock_out
S-025938,Web,1,1,1,1,
S-025939,Web,1,1,0,0,payment_fail
S-025940,Web,1,1,0,0,changed_mind
S-025941,Web,1,1,1,1,
S-025942,App,1,0,0,0,
S-025943,Web,1,1,1,1,
S-025944,Web,1,0,0,0,
S-025945,App,1,0,0,0,
S-025946,App,1,1,1,1,
S-025947,Web,1,1,1,1,
S-025948,Web,1,0,0,0,
S-025949,Web,1,0,0,0,
S-025950,App,1,1,1,1,
S-025951,App,1,0,0,0,
S-025952,App,1,1,1,1,
S-025953,Web,1,1,0,0,payment_fail
S-025954,Web,1,1,0,0,payment_fail
S-025955,App,1,0,0,0,
S-025956,Web,1,1,1,1,
S-025957,Web,1,1,0,0,checkout_friction
S-025958,App,1,1,1,1,
S-025959,App,1,1,0,0,stock_out
S-025960,App,1,1,1,1,
S-025961,Web,1,1,1,1,
S-025962,Web,1,1,0,0,payment_fail
S-025963,Store,1,0,0,0,
S-025964,App,1,0,0,0,
S-025965,Store,1,1,0,0,payment_fail
S-025966,App,1,0,0,0,
S-025967,Web,1,1,1,1,
S-025968,Web,1,1,1,1,
S-025969,Web,1,1,1,1,
S-025970,App,1,1,0,0,checkout_friction
S-025971,Store,1,0,0,0,
S-025972,Web,1,1,0,0,payment_fail
S-025973,Store,1,1,1,1,
S-025974,Store,1,0,0,0,
S-025975,App,1,1,0,0,payment_fail
S-025976,Web,1,1,1,1,
S-025977,App,1,1,1,1,
S-025978,Web,1,1,0,0,payment_fail
S-025979,Web,1,0,0,0,
S-025980,App,1,1,1,1,
S-025981,Web,1,1,0,0,payment_fail
S-025982,App,1,1,0,0,shipping_cost
S-025983,Web,1,1,0,0,checkout_friction
S-025984,Store,1,0,0,0,
S-025985,Web,1,0,0,0,
S-025986,App,1,1,1,1,
S-025987,Web,1,1,0,0,shipping_cost
S-025988,Web,1,0,0,0,
S-025989,Web,1,1,1,1,
S-025990,Store,1,0,0,0,
S-025991,Store,1,0,0,0,
S-025992,Web,1,1,0,0,changed_mind
S-025993,App,1,0,0,0,
S-025994,Web,1,0,0,0,
S-025995,Web,1,1,1,1,
S-025996,App,1,1,1,1,
S-025997,Web,1,1,0,0,stock_out
S-025998,App,1,1,1,1,
S-025999,Store,1,1,0,0,changed_mind
S-026000,Web,1,0,0,0,
S-026001,Web,1,1,1,1,
S-026002,Web,1,0,0,0,
S-026003,Web,1,1,1,1,
S-026004,App,1,0,0,0,
S-026005,Web,1,1,1,1,
S-026006,App,1,0,0,0,
S-026007,Web,1,1,1,1,
S-026008,Store,1,1,0,0,stock_out
S-026009,Web,1,1,0,0,changed_mind
S-026010,App,1,0,0,0,
S-026011,Web,1,0,0,0,
S-026012,App,1,1,1,1,
S-026013,App,1,0,0,0,
S-026014,Web,1,1,0,0,changed_mind
S-026015,Web,1,1,1,1,
S-026016,App,1,1,0,0,changed_mind
S-026017,Web,1,1,1,1,
S-026018,Web,1,1,0,0,stock_out
S-026019,Store,1,1,1,1,
S-026020,Web,1,1,0,0,stock_out
S-026021,App,1,0,0,0,
S-026022,Web,1,1,1,1,
S-026023,Web,1,1,0,0,stock_out
S-026024,Web,1,1,0,0,payment_fail
S-026025,App,1,1,0,0,changed_mind
S-026026,Web,1,1,0,0,stock_out
S-026027,App,1,0,0,0,
S-026028,Web,1,1,0,0,shipping_cost
S-026029,App,1,0,0,0,
S-026030,Store,1,1,1,1,
S-026031,Web,1,1,0,0,checkout_friction
S-026032,App,1,1,1,1,
S-026033,Web,1,0,0,0,
S-026034,Web,1,1,0,0,shipping_cost
S-026035,App,1,1,0,0,payment_fail
S-026036,App,1,1,0,0,checkout_friction
S-026037,App,1,1,0,0,payment_fail
S-026038,App,1,1,0,0,shipping_cost
S-026039,Web,1,1,0,0,shipping_cost
S-026040,Web,1,0,0,0,
S-026041,Web,1,1,1,1,
S-026042,Web,1,1,0,0,checkout_friction
S-026043,Web,1,0,0,0,
S-026044,Web,1,1,1,1,
S-026045,App,1,1,0,0,shipping_cost
S-026046,Store,1,0,0,0,
S-026047,Web,1,1,0,0,changed_mind
S-026048,Web,1,1,1,1,
S-026049,App,1,1,0,0,stock_out
S-026050,App,1,1,0,0,changed_mind
S-026051,Web,1,1,1,1,
S-026052,Web,1,1,0,0,checkout_friction
S-026053,App,1,1,1,1,
S-026054,App,1,1,1,1,
S-026055,Store,1,1,0,0,stock_out
S-026056,Store,1,1,1,1,
S-026057,Web,1,0,0,0,
S-026058,Web,1,1,1,1,
S-026059,Web,1,1,0,0,shipping_cost
S-026060,Web,1,1,0,0,checkout_friction
S-026061,App,1,1,1,1,
S-026062,App,1,1,1,1,
S-026063,App,1,0,0,0,
S-026064,Web,1,0,0,0,
S-026065,App,1,0,0,0,
S-026066,Web,1,1,1,1,
S-026067,App,1,1,1,1,
S-026068,App,1,0,0,0,
S-026069,Web,1,1,0,0,changed_mind
S-026070,App,1,1,1,1,
S-026071,Store,1,0,0,0,
S-026072,App,1,1,0,0,payment_fail
S-026073,App,1,0,0,0,
S-026074,Web,1,1,1,1,
S-026075,Web,1,1,1,1,
S-026076,Web,1,0,0,0,
S-026077,Web,1,0,0,0,
S-026078,Store,1,1,1,1,
S-026079,Web,1,1,1,1,
S-026080,App,1,1,0,0,payment_fail
S-026081,App,1,1,0,0,changed_mind
S-026082,Web,1,1,0,0,payment_fail
S-026083,Web,1,1,0,0,changed_mind
S-026084,App,1,0,0,0,
S-026085,Web,1,0,0,0,
S-026086,Web,1,1,1,1,
S-026087,Web,1,1,1,1,
S-026088,Web,1,0,0,0,
S-026089,Store,1,1,1,1,
S-026090,App,1,1,0,0,shipping_cost
S-026091,Web,1,1,1,1,
S-026092,Web,1,1,1,1,
S-026093,Web,1,1,0,0,changed_mind
S-026094,Web,1,1,0,0,payment_fail
S-026095,Store,1,1,1,1,
S-026096,App,1,1,1,1,
S-026097,Store,1,0,0,0,
S-026098,Web,1,1,0,0,stock_out
S-026099,Web,1,0,0,0,
S-026100,Store,1,0,0,0,
S-026101,Store,1,0,0,0,
S-026102,Store,1,1,1,1,
S-026103,App,1,0,0,0,
S-026104,App,1,1,1,1,
S-026105,App,1,1,1,1,
S-026106,Web,1,1,1,1,
S-026107,Web,1,1,0,0,shipping_cost
S-026108,Web,1,1,1,1,
S-026109,Web,1,1,0,0,payment_fail
S-026110,Store,1,1,0,0,shipping_cost
S-026111,App,1,1,0,0,shipping_cost
S-026112,Web,1,1,0,0,changed_mind
S-026113,App,1,1,0,0,changed_mind
S-026114,Web,1,1,0,0,payment_fail
S-026115,Web,1,0,0,0,
S-026116,Web,1,1,0,0,checkout_friction
S-026117,App,1,0,0,0,
S-026118,Web,1,1,1,1,
S-026119,App,1,1,1,1,
S-026120,Web,1,1,0,0,shipping_cost
S-026121,App,1,1,0,0,payment_fail
S-026122,Web,1,0,0,0,
S-026123,Web,1,1,1,1,
S-026124,Web,1,1,0,0,stock_out
S-026125,Store,1,1,1,1,
S-026126,Web,1,0,0,0,
S-026127,Store,1,1,0,0,changed_mind
S-026128,App,1,1,1,1,
S-026129,Web,1,1,0,0,changed_mind
S-026130,App,1,0,0,0,
S-026131,Store,1,1,0,0,shipping_cost
S-026132,App,1,0,0,0,
S-026133,App,1,0,0,0,
S-026134,Web,1,1,1,1,
S-026135,Store,1,1,1,1,
S-026136,Web,1,1,0,0,shipping_cost
S-026137,Store,1,0,0,0,
S-026138,Web,1,1,0,0,changed_mind
S-026139,Web,1,1,0,0,payment_fail
S-026140,Web,1,1,1,1,
S-026141,App,1,1,1,1,
S-026142,Web,1,0,0,0,
S-026143,Web,1,1,1,1,
S-026144,App,1,1,0,0,shipping_cost
S-026145,App,1,0,0,0,
S-026146,Web,1,1,1,1,
S-026147,Web,1,1,1,1,
S-026148,Web,1,1,1,1,
S-026149,Store,1,0,0,0,
S-026150,Web,1,1,0,0,checkout_friction
S-026151,Web,1,0,0,0,
S-026152,App,1,1,1,1,
S-026153,App,1,1,0,0,changed_mind
S-026154,App,1,1,0,0,shipping_cost
S-026155,App,1,1,0,0,payment_fail
S-026156,Store,1,1,0,0,stock_out
S-026157,Web,1,1,1,1,
S-026158,App,1,1,0,0,payment_fail
S-026159,Web,1,1,0,0,payment_fail
S-026160,Web,1,1,1,1,
S-026161,App,1,1,0,0,payment_fail
S-026162,Web,1,1,0,0,stock_out
S-026163,App,1,1,0,0,changed_mind
S-026164,Store,1,1,1,1,
S-026165,Web,1,1,0,0,payment_fail
S-026166,App,1,1,0,0,payment_fail
S-026167,App,1,1,1,1,
S-026168,Web,1,0,0,0,
S-026169,App,1,0,0,0,
S-026170,App,1,0,0,0,
S-026171,App,1,0,0,0,
S-026172,App,1,1,1,1,
S-026173,Web,1,0,0,0,
S-026174,App,1,1,0,0,changed_mind
S-026175,App,1,1,0,0,changed_mind
S-026176,Web,1,1,0,0,changed_mind
S-026177,App,1,1,1,1,
S-026178,Web,1,1,1,1,
S-026179,Web,1,1,0,0,payment_fail
S-026180,Web,1,1,1,1,
S-026181,App,1,0,0,0,
S-026182,Web,1,1,0,0,stock_out
S-026183,Web,1,1,1,1,
S-026184,App,1,0,0,0,
S-026185,Store,1,1,0,0,checkout_friction
S-026186,Web,1,1,1,1,
S-026187,Web,1,0,0,0,
S-026188,App,1,1,1,1,
S-026189,Web,1,1,1,1,
S-026190,Web,1,0,0,0,
S-026191,App,1,1,1,1,
S-026192,Web,1,1,0,0,changed_mind
S-026193,App,1,1,0,0,payment_fail
S-026194,App,1,0,0,0,
S-026195,Web,1,0,0,0,
S-026196,Web,1,1,0,0,changed_mind
S-026197,Web,1,0,0,0,
S-026198,App,1,0,0,0,
S-026199,Store,1,1,0,0,shipping_cost
S-026200,Web,1,0,0,0,
S-026201,Web,1,1,1,1,
S-026202,App,1,1,0,0,payment_fail
S-026203,Web,1,0,0,0,
S-026204,App,1,1,1,1,
S-026205,Web,1,1,1,1,
S-026206,App,1,1,0,0,shipping_cost
S-026207,Web,1,1,0,0,checkout_friction
S-026208,App,1,0,0,0,
S-026209,Web,1,1,0,0,shipping_cost
S-026210,Store,1,1,1,1,
S-026211,Web,1,1,1,1,
S-026212,App,1,1,0,0,checkout_friction
S-026213,Web,1,1,0,0,changed_mind
S-026214,App,1,1,0,0,changed_mind
S-026215,App,1,1,0,0,payment_fail
S-026216,App,1,0,0,0,
S-026217,Web,1,1,1,1,
S-026218,Web,1,1,0,0,changed_mind
S-026219,App,1,1,0,0,payment_fail
S-026220,Web,1,1,0,0,shipping_cost
S-026221,App,1,1,1,1,
S-026222,Web,1,1,1,1,
S-026223,App,1,1,0,0,payment_fail
S-026224,App,1,0,0,0,
S-026225,Web,1,1,1,1,
S-026226,Web,1,1,0,0,shipping_cost
S-026227,Web,1,1,0,0,changed_mind
S-026228,Web,1,0,0,0,
S-026229,App,1,1,0,0,payment_fail
S-026230,Web,1,1,1,1,
S-026231,Web,1,1,0,0,shipping_cost
S-026232,App,1,1,0,0,checkout_friction
S-026233,Store,1,0,0,0,
S-026234,Web,1,0,0,0,
S-026235,Web,1,1,1,1,
S-026236,Web,1,1,1,1,
S-026237,Web,1,1,1,1,
S-026238,App,1,1,1,1,
S-026239,Web,1,1,0,0,payment_fail
S-026240,App,1,1,1,1,
S-026241,Web,1,1,1,1,
S-026242,Store,1,1,0,0,shipping_cost
S-026243,Web,1,1,1,1,
S-026244,Web,1,1,1,1,
S-026245,Web,1,1,0,0,shipping_cost
S-026246,App,1,1,1,1,
S-026247,Web,1,1,1,1,
S-026248,Web,1,0,0,0,
S-026249,Web,1,1,0,0,shipping_cost
S-026250,Web,1,1,0,0,changed_mind
S-026251,Web,1,1,1,1,
S-026252,Web,1,1,1,1,
S-026253,Web,1,1,0,0,payment_fail
S-026254,Web,1,1,1,1,
S-026255,Store,1,1,1,1,
S-026256,Web,1,1,0,0,shipping_cost
S-026257,Web,1,0,0,0,
S-026258,Web,1,1,0,0,changed_mind
S-026259,Web,1,1,1,1,
S-026260,Web,1,1,0,0,shipping_cost
S-026261,Web,1,1,1,1,
S-026262,App,1,0,0,0,
S-026263,App,1,0,0,0,
S-026264,App,1,1,1,1,
S-026265,Web,1,1,0,0,checkout_friction
S-026266,App,1,1,1,1,
S-026267,App,1,1,0,0,checkout_friction
S-026268,App,1,0,0,0,
S-026269,App,1,0,0,0,
S-026270,Store,1,1,1,1,
S-026271,Web,1,1,1,1,
S-026272,Web,1,0,0,0,
S-026273,App,1,1,1,1,
S-026274,Store,1,0,0,0,
S-026275,Web,1,1,0,0,payment_fail
S-026276,App,1,0,0,0,
S-026277,Web,1,1,1,1,
S-026278,Store,1,0,0,0,
S-026279,Web,1,1,0,0,shipping_cost
S-026280,App,1,0,0,0,
S-026281,App,1,1,1,1,
S-026282,Web,1,1,0,0,payment_fail
S-026283,Store,1,0,0,0,
S-026284,Web,1,1,0,0,payment_fail
S-026285,Web,1,1,1,1,
S-026286,Web,1,1,0,0,shipping_cost
S-026287,App,1,1,0,0,changed_mind
S-026288,App,1,0,0,0,
S-026289,Web,1,1,1,1,
S-026290,Web,1,1,1,1,
S-026291,App,1,1,0,0,shipping_cost
S-026292,Web,1,1,0,0,payment_fail
S-026293,App,1,1,1,1,
S-026294,Web,1,1,1,1,
S-026295,Web,1,1,1,1,
S-026296,App,1,0,0,0,
S-026297,App,1,0,0,0,
S-026298,Web,1,1,1,1,
S-026299,Web,1,0,0,0,
S-026300,App,1,1,0,0,payment_fail
S-026301,Web,1,0,0,0,
S-026302,App,1,1,0,0,checkout_friction
S-026303,App,1,1,0,0,checkout_friction
S-026304,Web,1,1,1,1,
S-026305,App,1,1,0,0,payment_fail
S-026306,App,1,0,0,0,
S-026307,Web,1,1,0,0,changed_mind
S-026308,App,1,1,1,1,
S-026309,Store,1,1,0,0,shipping_cost
S-026310,App,1,0,0,0,
S-026311,Web,1,1,1,1,
S-026312,Web,1,0,0,0,
S-026313,Web,1,0,0,0,
S-026314,Web,1,1,0,0,changed_mind
S-026315,Web,1,1,0,0,changed_mind
S-026316,Web,1,1,0,0,checkout_friction
S-026317,App,1,1,0,0,payment_fail
S-026318,App,1,1,1,1,
S-026319,App,1,1,0,0,shipping_cost
S-026320,Web,1,1,1,1,
S-026321,App,1,0,0,0,
S-026322,Web,1,0,0,0,
S-026323,Store,1,0,0,0,
S-026324,Web,1,0,0,0,
S-026325,Web,1,1,1,1,
S-026326,Web,1,0,0,0,
S-026327,Web,1,1,1,1,
S-026328,Web,1,1,0,0,checkout_friction
S-026329,Web,1,1,1,1,
S-026330,Store,1,1,1,1,
S-026331,Web,1,1,1,1,
S-026332,App,1,0,0,0,
S-026333,Web,1,1,0,0,payment_fail
S-026334,Store,1,1,1,1,
S-026335,App,1,1,1,1,
S-026336,Web,1,0,0,0,
S-026337,App,1,1,1,1,
S-026338,Web,1,1,0,0,payment_fail
S-026339,Web,1,1,0,0,stock_out
S-026340,Web,1,1,1,1,
S-026341,App,1,1,1,1,
S-026342,App,1,1,1,1,
S-026343,Web,1,1,1,1,
S-026344,App,1,1,0,0,stock_out
S-026345,App,1,1,1,1,
S-026346,Web,1,0,0,0,
S-026347,App,1,1,0,0,changed_mind
S-026348,Web,1,1,1,1,
S-026349,Store,1,1,1,1,
S-026350,App,1,1,0,0,stock_out
S-026351,Web,1,1,1,1,
S-026352,Web,1,0,0,0,
S-026353,App,1,1,1,1,
S-026354,Store,1,1,0,0,changed_mind
S-026355,Web,1,1,0,0,payment_fail
S-026356,Store,1,1,0,0,changed_mind
S-026357,App,1,1,0,0,stock_out
S-026358,App,1,1,1,1,
S-026359,App,1,1,0,0,checkout_friction
S-026360,Web,1,1,0,0,payment_fail
S-026361,Web,1,1,0,0,payment_fail
S-026362,Web,1,1,1,1,
S-026363,Web,1,1,1,1,
S-026364,Store,1,1,0,0,stock_out
S-026365,Web,1,1,0,0,payment_fail
S-026366,Web,1,0,0,0,
S-026367,App,1,1,0,0,payment_fail
S-026368,Store,1,0,0,0,
S-026369,Web,1,0,0,0,
S-026370,Web,1,1,0,0,stock_out
S-026371,Web,1,1,1,1,
S-026372,Web,1,1,0,0,changed_mind
S-026373,Web,1,1,1,1,
S-026374,Web,1,1,1,1,
S-026375,Web,1,1,1,1,
S-026376,Web,1,1,0,0,shipping_cost
S-026377,Web,1,1,0,0,payment_fail
S-026378,Web,1,0,0,0,
S-026379,App,1,1,0,0,payment_fail
S-026380,Web,1,1,1,1,
S-026381,Web,1,1,0,0,stock_out
S-026382,Web,1,1,1,1,
S-026383,Web,1,1,1,1,
S-026384,Web,1,1,0,0,shipping_cost
S-026385,Store,1,0,0,0,
S-026386,Store,1,1,1,1,
S-026387,Web,1,0,0,0,
S-026388,Web,1,0,0,0,
S-026389,Web,1,1,1,1,
S-026390,Web,1,1,1,1,
S-026391,Web,1,1,0,0,payment_fail
S-026392,Web,1,1,0,0,shipping_cost
S-026393,Web,1,1,1,1,
S-026394,Store,1,0,0,0,
S-026395,Web,1,1,0,0,payment_fail
S-026396,Web,1,1,1,1,
S-026397,Web,1,1,1,1,
S-026398,App,1,0,0,0,
S-026399,Web,1,1,0,0,payment_fail
S-026400,Web,1,1,1,1,
S-026401,Web,1,1,0,0,payment_fail
S-026402,Web,1,1,1,1,
S-026403,App,1,0,0,0,
S-026404,App,1,1,1,1,
S-026405,Web,1,1,0,0,changed_mind
S-026406,App,1,1,0,0,payment_fail
S-026407,Store,1,0,0,0,
S-026408,App,1,0,0,0,
S-026409,App,1,1,0,0,shipping_cost
S-026410,App,1,0,0,0,
S-026411,Web,1,1,0,0,shipping_cost
S-026412,Web,1,1,0,0,shipping_cost
S-026413,Store,1,0,0,0,
S-026414,Web,1,1,0,0,payment_fail
S-026415,Web,1,1,0,0,payment_fail
S-026416,Store,1,1,1,1,
S-026417,App,1,1,1,1,
S-026418,App,1,1,0,0,payment_fail
S-026419,App,1,0,0,0,
S-026420,Store,1,1,1,1,
S-026421,Store,1,1,1,1,
S-026422,Web,1,0,0,0,
S-026423,App,1,1,0,0,shipping_cost
S-026424,Web,1,0,0,0,
S-026425,App,1,1,0,0,stock_out
S-026426,Web,1,1,0,0,payment_fail
S-026427,App,1,1,1,1,
S-026428,App,1,1,1,1,
S-026429,Web,1,1,1,1,
S-026430,App,1,1,0,0,stock_out
S-026431,App,1,1,1,1,
S-026432,App,1,0,0,0,
S-026433,Web,1,0,0,0,
S-026434,App,1,1,1,1,
S-026435,Web,1,1,1,1,
S-026436,Store,1,1,1,1,
S-026437,Web,1,0,0,0,
S-026438,Web,1,1,0,0,stock_out
S-026439,Web,1,0,0,0,
S-026440,Web,1,1,0,0,payment_fail
S-026441,Store,1,1,0,0,payment_fail
S-026442,Web,1,1,1,1,
S-026443,Web,1,1,0,0,payment_fail
S-026444,App,1,1,0,0,payment_fail
S-026445,Web,1,1,1,1,
S-026446,Web,1,1,1,1,
S-026447,Store,1,1,1,1,
S-026448,App,1,1,0,0,changed_mind
S-026449,Web,1,1,1,1,
S-026450,Web,1,1,0,0,payment_fail
S-026451,Web,1,1,1,1,
S-026452,Web,1,1,1,1,
S-026453,App,1,1,1,1,
S-026454,App,1,0,0,0,
S-026455,Store,1,1,1,1,
S-026456,Web,1,0,0,0,
S-026457,Web,1,1,1,1,
S-026458,Web,1,0,0,0,
S-026459,App,1,1,1,1,
S-026460,Web,1,1,1,1,
S-026461,Store,1,1,1,1,
S-026462,Web,1,1,1,1,
S-026463,Web,1,1,0,0,stock_out
S-026464,Web,1,0,0,0,
S-026465,Web,1,0,0,0,
S-026466,Web,1,1,0,0,shipping_cost
S-026467,App,1,1,0,0,stock_out
S-026468,Web,1,1,1,1,
S-026469,Web,1,1,1,1,
S-026470,App,1,1,1,1,
S-026471,App,1,0,0,0,
S-026472,Web,1,0,0,0,
S-026473,Web,1,1,0,0,stock_out
S-026474,Web,1,1,1,1,
S-026475,App,1,1,1,1,
S-026476,App,1,1,1,1,
S-026477,Store,1,0,0,0,
S-026478,Store,1,1,1,1,
S-026479,App,1,1,0,0,changed_mind
S-026480,App,1,1,1,1,
S-026481,App,1,1,0,0,checkout_friction
S-026482,Web,1,0,0,0,
S-026483,Web,1,1,0,0,checkout_friction
S-026484,Web,1,0,0,0,
S-026485,Web,1,1,1,1,
S-026486,Store,1,0,0,0,
S-026487,App,1,1,0,0,shipping_cost
S-026488,Web,1,1,0,0,payment_fail
S-026489,Web,1,1,0,0,shipping_cost
S-026490,App,1,1,0,0,payment_fail
S-026491,App,1,1,1,1,
S-026492,Web,1,1,1,1,
S-026493,Web,1,1,1,1,
S-026494,Web,1,1,0,0,changed_mind
S-026495,Store,1,1,1,1,
S-026496,Web,1,1,0,0,shipping_cost
S-026497,App,1,1,0,0,shipping_cost
S-026498,App,1,0,0,0,
S-026499,App,1,1,1,1,
S-026500,Web,1,1,1,1,
S-026501,App,1,1,1,1,
S-026502,Web,1,1,0,0,stock_out
S-026503,Store,1,0,0,0,
S-026504,Web,1,1,0,0,payment_fail
S-026505,App,1,0,0,0,
S-026506,Web,1,1,0,0,changed_mind
S-026507,Web,1,0,0,0,
S-026508,Web,1,1,0,0,shipping_cost
S-026509,App,1,0,0,0,
S-026510,App,1,1,0,0,stock_out
S-026511,Web,1,0,0,0,
S-026512,Web,1,1,1,1,
S-026513,App,1,1,1,1,
S-026514,Web,1,0,0,0,
S-026515,Web,1,1,1,1,
S-026516,Web,1,1,1,1,
S-026517,Store,1,1,1,1,
S-026518,Store,1,1,0,0,changed_mind
S-026519,App,1,0,0,0,
S-026520,Web,1,1,0,0,payment_fail
S-026521,App,1,0,0,0,
S-026522,Web,1,1,1,1,
S-026523,App,1,1,0,0,changed_mind
S-026524,App,1,1,0,0,payment_fail
S-026525,App,1,0,0,0,
S-026526,App,1,1,1,1,
S-026527,Web,1,1,1,1,
S-026528,Web,1,1,1,1,
S-026529,App,1,1,0,0,stock_out
S-026530,App,1,1,1,1,
S-026531,Web,1,0,0,0,
S-026532,Web,1,1,0,0,changed_mind
S-026533,App,1,0,0,0,
S-026534,Web,1,1,0,0,shipping_cost
S-026535,App,1,1,0,0,changed_mind
S-026536,Web,1,0,0,0,
S-026537,Store,1,1,0,0,checkout_friction
S-026538,Store,1,1,1,1,
S-026539,Web,1,1,1,1,
S-026540,App,1,1,0,0,stock_out
S-026541,Web,1,1,1,1,
S-026542,Web,1,1,0,0,changed_mind
S-026543,Web,1,1,1,1,
S-026544,App,1,0,0,0,
S-026545,Store,1,1,0,0,stock_out
S-026546,Web,1,0,0,0,
S-026547,Web,1,1,0,0,shipping_cost
S-026548,App,1,1,0,0,stock_out
S-026549,App,1,0,0,0,
S-026550,App,1,1,1,1,
S-026551,Web,1,0,0,0,
S-026552,Store,1,1,1,1,
S-026553,Web,1,1,1,1,
S-026554,Web,1,1,1,1,
S-026555,Store,1,1,0,0,stock_out
S-026556,Store,1,1,1,1,
S-026557,App,1,0,0,0,
S-026558,App,1,0,0,0,
S-026559,Web,1,1,0,0,payment_fail
S-026560,Web,1,0,0,0,
S-026561,App,1,1,0,0,payment_fail
S-026562,Web,1,0,0,0,
S-026563,Web,1,1,0,0,payment_fail
S-026564,Web,1,1,0,0,payment_fail
S-026565,Web,1,1,0,0,shipping_cost
S-026566,App,1,0,0,0,
S-026567,Web,1,1,0,0,payment_fail
S-026568,Web,1,1,0,0,changed_mind
S-026569,Web,1,0,0,0,
S-026570,Web,1,1,1,1,
S-026571,Web,1,1,0,0,payment_fail
S-026572,Web,1,0,0,0,
S-026573,App,1,1,1,1,
S-026574,Store,1,1,1,1,
S-026575,Web,1,0,0,0,
S-026576,Web,1,1,1,1,
S-026577,Web,1,0,0,0,
S-026578,Web,1,0,0,0,
S-026579,Store,1,0,0,0,
S-026580,App,1,1,0,0,payment_fail
S-026581,App,1,1,0,0,changed_mind
S-026582,Web,1,1,1,1,
S-026583,Web,1,0,0,0,
S-026584,App,1,1,0,0,shipping_cost
S-026585,App,1,0,0,0,
S-026586,Store,1,0,0,0,
S-026587,Web,1,1,1,1,
S-026588,Web,1,1,0,0,shipping_cost
S-026589,Store,1,1,1,1,
S-026590,Web,1,1,1,1,
S-026591,Web,1,1,0,0,stock_out
S-026592,App,1,0,0,0,
S-026593,Web,1,1,0,0,checkout_friction
S-026594,Web,1,1,1,1,
S-026595,Web,1,0,0,0,
S-026596,Web,1,0,0,0,
S-026597,Web,1,0,0,0,
S-026598,Web,1,1,0,0,changed_mind
S-026599,Web,1,1,0,0,payment_fail
S-026600,App,1,1,0,0,payment_fail
S-026601,App,1,1,0,0,checkout_friction
S-026602,App,1,1,0,0,changed_mind
S-026603,App,1,0,0,0,
S-026604,Web,1,0,0,0,
S-026605,Web,1,1,1,1,
S-026606,Web,1,1,1,1,
S-026607,Web,1,0,0,0,
S-026608,Web,1,1,1,1,
S-026609,App,1,1,0,0,stock_out
S-026610,Store,1,1,0,0,changed_mind
S-026611,Web,1,1,0,0,payment_fail
S-026612,Web,1,1,0,0,shipping_cost
S-026613,Web,1,1,0,0,stock_out
S-026614,App,1,1,1,1,
S-026615,Web,1,1,0,0,checkout_friction
S-026616,Web,1,1,1,1,
S-026617,App,1,1,0,0,payment_fail
S-026618,Web,1,0,0,0,
S-026619,Store,1,0,0,0,
S-026620,Web,1,1,1,1,
S-026621,App,1,1,1,1,
S-026622,Store,1,1,1,1,
S-026623,App,1,1,0,0,changed_mind
S-026624,Web,1,1,0,0,payment_fail
S-026625,Web,1,1,1,1,
S-026626,Web,1,0,0,0,
S-026627,Store,1,1,1,1,
S-026628,Web,1,0,0,0,
S-026629,Web,1,1,1,1,
S-026630,Web,1,1,0,0,checkout_friction
S-026631,App,1,1,0,0,payment_fail
S-026632,Web,1,1,0,0,stock_out
S-026633,App,1,0,0,0,
S-026634,Web,1,0,0,0,
S-026635,Web,1,1,1,1,
S-026636,App,1,1,1,1,
S-026637,Web,1,1,0,0,payment_fail
S-026638,App,1,1,1,1,
S-026639,Store,1,1,1,1,
S-026640,Web,1,1,0,0,changed_mind
S-026641,Web,1,0,0,0,
S-026642,Web,1,1,0,0,changed_mind
S-026643,App,1,1,1,1,
S-026644,Web,1,1,0,0,shipping_cost
S-026645,App,1,0,0,0,
S-026646,Web,1,1,0,0,stock_out
S-026647,App,1,1,1,1,
S-026648,App,1,0,0,0,
S-026649,Store,1,1,0,0,checkout_friction
S-026650,App,1,1,0,0,checkout_friction
S-026651,Web,1,0,0,0,
S-026652,Web,1,1,0,0,shipping_cost
S-026653,Web,1,1,1,1,
S-026654,App,1,1,1,1,
S-026655,Store,1,1,0,0,stock_out
S-026656,App,1,1,1,1,
S-026657,App,1,1,1,1,
S-026658,Web,1,1,0,0,changed_mind
S-026659,Web,1,0,0,0,
S-026660,Web,1,0,0,0,
S-026661,Web,1,0,0,0,
S-026662,Store,1,0,0,0,
S-026663,Web,1,1,0,0,changed_mind
S-026664,Web,1,1,1,1,
S-026665,Web,1,1,1,1,
S-026666,App,1,1,1,1,
S-026667,Web,1,0,0,0,
S-026668,Web,1,1,0,0,shipping_cost
S-026669,Web,1,0,0,0,
S-026670,Web,1,1,1,1,
S-026671,Web,1,1,1,1,
S-026672,Web,1,0,0,0,
S-026673,Store,1,0,0,0,
S-026674,Web,1,0,0,0,
S-026675,App,1,1,1,1,
S-026676,App,1,1,1,1,
S-026677,Web,1,0,0,0,
S-026678,Store,1,0,0,0,
S-026679,Web,1,1,1,1,
S-026680,App,1,1,0,0,changed_mind
S-026681,Web,1,0,0,0,
S-026682,App,1,1,1,1,
S-026683,Web,1,1,0,0,payment_fail
S-026684,Web,1,1,0,0,shipping_cost
S-026685,Web,1,1,0,0,payment_fail
S-026686,App,1,1,1,1,
S-026687,App,1,0,0,0,
S-026688,Web,1,0,0,0,
S-026689,Web,1,1,1,1,
S-026690,App,1,1,1,1,
S-026691,App,1,1,1,1,
S-026692,Web,1,1,1,1,
S-026693,App,1,0,0,0,
S-026694,Web,1,0,0,0,
S-026695,Web,1,1,1,1,
S-026696,Web,1,1,1,1,
S-026697,App,1,1,1,1,
S-026698,App,1,1,1,1,
S-026699,Web,1,1,1,1,
S-026700,Web,1,0,0,0,
S-026701,App,1,1,1,1,
S-026702,App,1,1,0,0,shipping_cost
S-026703,App,1,1,1,1,
S-026704,App,1,1,0,0,payment_fail
S-026705,Web,1,1,1,1,
S-026706,Web,1,1,1,1,
S-026707,App,1,1,0,0,payment_fail
S-026708,Web,1,1,1,1,
S-026709,Web,1,1,1,1,
S-026710,Web,1,0,0,0,
S-026711,Store,1,1,1,1,
S-026712,Web,1,1,0,0,stock_out
S-026713,Web,1,1,0,0,changed_mind
S-026714,Store,1,1,1,1,
S-026715,App,1,1,0,0,payment_fail
S-026716,Web,1,1,1,1,
S-026717,Web,1,1,0,0,stock_out
S-026718,Web,1,1,1,1,
S-026719,Web,1,1,1,1,
S-026720,App,1,1,0,0,checkout_friction
S-026721,Web,1,0,0,0,
S-026722,App,1,1,0,0,checkout_friction
S-026723,Web,1,0,0,0,
S-026724,Web,1,1,0,0,stock_out
S-026725,Web,1,1,0,0,checkout_friction
S-026726,Web,1,1,1,1,
S-026727,Web,1,1,1,1,
S-026728,Web,1,1,0,0,changed_mind
S-026729,Web,1,1,1,1,
S-026730,Web,1,0,0,0,
S-026731,Web,1,1,0,0,checkout_friction
S-026732,App,1,1,0,0,checkout_friction
S-026733,App,1,1,0,0,shipping_cost
S-026734,Web,1,1,1,1,
S-026735,App,1,1,1,1,
S-026736,Web,1,0,0,0,
S-026737,Web,1,1,0,0,checkout_friction
S-026738,Web,1,1,0,0,stock_out
S-026739,Web,1,0,0,0,
S-026740,Web,1,1,0,0,stock_out
S-026741,Web,1,1,1,1,
S-026742,App,1,1,1,0,checkout_friction
S-026743,Web,1,1,0,0,shipping_cost
S-026744,Web,1,1,0,0,shipping_cost
S-026745,App,1,1,1,0,changed_mind
S-026746,App,1,1,1,0,stock_out
S-026747,Web,1,1,1,0,checkout_friction
S-026748,Web,1,1,0,0,checkout_friction
S-026749,App,1,1,0,0,stock_out
S-026750,Web,1,1,1,0,checkout_friction
S-026751,App,1,0,0,0,
S-026752,Web,1,1,0,0,payment_fail
S-026753,Web,1,1,0,0,checkout_friction
S-026754,App,1,1,1,0,payment_fail
S-026755,Web,1,1,1,0,changed_mind
S-026756,App,1,1,0,0,payment_fail
S-026757,App,1,1,1,0,changed_mind
S-026758,App,1,1,0,0,shipping_cost
S-026759,Web,1,1,1,0,payment_fail
S-026760,Web,1,1,0,0,changed_mind
S-026761,Web,1,1,0,0,stock_out
S-026762,Web,1,0,0,0,
S-026763,App,1,1,0,0,payment_fail
S-026764,Web,1,1,1,0,changed_mind
S-026765,Web,1,0,0,0,
S-026766,Web,1,1,1,0,payment_fail
S-026767,Web,1,1,0,0,payment_fail
S-026768,App,1,0,0,0,
S-026769,App,1,1,1,0,payment_fail
S-026770,Web,1,1,1,0,changed_mind
S-026771,Web,1,1,1,0,stock_out
S-026772,App,1,1,0,0,changed_mind
S-026773,Web,1,1,1,0,stock_out
S-026774,Web,1,0,0,0,
S-026775,App,1,1,1,0,changed_mind
S-026776,Web,1,1,0,0,stock_out
S-026777,App,1,0,0,0,
S-026778,App,1,1,0,0,checkout_friction
S-026779,App,1,1,0,0,shipping_cost
S-026780,Web,1,1,1,0,payment_fail
S-026781,App,1,1,1,0,payment_fail
S-026782,Web,1,0,0,0,
S-026783,Web,1,1,0,0,changed_mind
S-026784,Web,1,1,1,0,changed_mind
S-026785,App,1,1,0,0,payment_fail
S-026786,Web,1,1,0,0,checkout_friction
S-026787,App,1,1,1,0,checkout_friction
S-026788,Store,1,1,1,0,payment_fail
S-026789,Web,1,1,1,0,payment_fail
S-026790,Store,1,1,1,0,payment_fail
S-026791,App,1,0,0,0,
S-026792,Web,1,1,1,0,shipping_cost
S-026793,Web,1,0,0,0,
S-026794,Web,1,1,1,0,checkout_friction
S-026795,App,1,0,0,0,
S-026796,Web,1,1,0,0,changed_mind
S-026797,Web,1,0,0,0,
S-026798,App,1,1,0,0,payment_fail
S-026799,App,1,1,1,0,shipping_cost
S-026800,Web,1,1,0,0,payment_fail
S-026801,Web,1,0,0,0,
S-026802,Web,1,1,1,0,shipping_cost
S-026803,App,1,1,1,0,shipping_cost
S-026804,Web,1,1,0,0,changed_mind
S-026805,Web,1,1,0,0,changed_mind
S-026806,Web,1,1,1,0,checkout_friction
S-026807,App,1,0,0,0,
S-026808,App,1,1,1,0,payment_fail
S-026809,App,1,1,0,0,stock_out
S-026810,Store,1,1,1,0,payment_fail
S-026811,App,1,1,1,0,shipping_cost
S-026812,Web,1,0,0,0,
S-026813,Web,1,1,0,0,checkout_friction
S-026814,Web,1,1,1,0,changed_mind
S-026815,Store,1,1,1,0,payment_fail
S-026816,Web,1,1,0,0,shipping_cost
S-026817,Web,1,1,0,0,stock_out
S-026818,Web,1,0,0,0,
S-026819,App,1,1,0,0,checkout_friction
S-026820,App,1,1,1,0,changed_mind
S-026821,Web,1,1,1,0,payment_fail
S-026822,Store,1,0,0,0,
S-026823,Web,1,1,0,0,shipping_cost
S-026824,Web,1,1,1,0,payment_fail
S-026825,Web,1,0,0,0,
S-026826,Web,1,0,0,0,
S-026827,Web,1,1,1,0,payment_fail
S-026828,App,1,1,0,0,changed_mind
S-026829,App,1,0,0,0,
S-026830,Store,1,1,0,0,stock_out
S-026831,Web,1,0,0,0,
S-026832,App,1,1,1,0,payment_fail
S-026833,Web,1,1,1,0,stock_out
S-026834,Web,1,0,0,0,
S-026835,Web,1,1,1,0,stock_out
S-026836,Web,1,1,1,0,stock_out
S-026837,Web,1,0,0,0,
S-026838,Web,1,1,1,0,payment_fail
S-026839,Web,1,0,0,0,
S-026840,App,1,1,0,0,shipping_cost
S-026841,App,1,1,1,0,payment_fail
S-026842,Web,1,0,0,0,
S-026843,App,1,0,0,0,
S-026844,App,1,0,0,0,
S-026845,Web,1,1,0,0,payment_fail
S-026846,Web,1,1,1,0,shipping_cost
S-026847,Web,1,1,1,0,shipping_cost
S-026848,Web,1,0,0,0,
S-026849,Web,1,1,1,0,payment_fail
S-026850,Web,1,0,0,0,
S-026851,Web,1,0,0,0,
S-026852,App,1,1,0,0,payment_fail
S-026853,App,1,1,0,0,checkout_friction
S-026854,App,1,0,0,0,
S-026855,App,1,0,0,0,
S-026856,App,1,1,0,0,stock_out
S-026857,Web,1,1,1,0,shipping_cost
S-026858,Web,1,1,0,0,checkout_friction
S-026859,App,1,1,1,0,payment_fail
S-026860,Web,1,1,1,0,shipping_cost
S-026861,Store,1,0,0,0,
S-026862,Web,1,1,1,0,stock_out
S-026863,Web,1,1,0,0,shipping_cost
S-026864,Web,1,0,0,0,
S-026865,Web,1,1,1,0,payment_fail
S-026866,App,1,0,0,0,
S-026867,Web,1,0,0,0,
S-026868,Web,1,1,0,0,shipping_cost
S-026869,App,1,0,0,0,
S-026870,Web,1,0,0,0,
S-026871,Web,1,0,0,0,
S-026872,App,1,1,0,0,changed_mind
S-026873,App,1,1,0,0,changed_mind
S-026874,App,1,1,1,0,shipping_cost
S-026875,Web,1,0,0,0,
S-026876,Web,1,1,1,0,shipping_cost
S-026877,App,1,1,1,0,payment_fail
S-026878,App,1,1,0,0,changed_mind
S-026879,Store,1,1,0,0,payment_fail
S-026880,App,1,1,1,0,checkout_friction
S-026881,Store,1,1,1,0,stock_out
S-026882,Web,1,1,0,0,shipping_cost
S-026883,Store,1,1,0,0,stock_out
S-026884,Web,1,1,1,0,payment_fail
S-026885,Store,1,1,1,0,shipping_cost
S-026886,Web,1,1,1,0,shipping_cost
S-026887,Web,1,1,0,0,shipping_cost
S-026888,Web,1,1,0,0,stock_out
S-026889,App,1,0,0,0,
S-026890,App,1,1,0,0,checkout_friction
S-026891,App,1,0,0,0,
S-026892,App,1,0,0,0,
S-026893,Web,1,1,1,0,shipping_cost
S-026894,Web,1,1,1,0,shipping_cost
S-026895,App,1,1,1,0,changed_mind
S-026896,App,1,1,1,0,shipping_cost
S-026897,Web,1,1,1,0,payment_fail
S-026898,Web,1,1,1,0,checkout_friction
S-026899,Web,1,0,0,0,
S-026900,App,1,1,0,0,stock_out
S-026901,App,1,1,0,0,checkout_friction
S-026902,App,1,1,1,0,payment_fail
S-026903,Web,1,1,1,0,payment_fail
S-026904,Web,1,1,1,0,shipping_cost
S-026905,Web,1,1,0,0,checkout_friction
S-026906,Web,1,1,1,0,payment_fail
S-026907,Web,1,1,0,0,payment_fail
S-026908,Web,1,0,0,0,
S-026909,Web,1,0,0,0,
S-026910,Web,1,1,0,0,payment_fail
S-026911,App,1,1,1,0,stock_out
S-026912,Web,1,0,0,0,
S-026913,Store,1,1,1,0,stock_out
S-026914,Store,1,1,0,0,changed_mind
S-026915,Web,1,1,0,0,payment_fail
S-026916,App,1,0,0,0,
S-026917,Web,1,0,0,0,
S-026918,App,1,1,1,0,stock_out
S-026919,Web,1,1,0,0,shipping_cost
S-026920,App,1,1,0,0,payment_fail
S-026921,Web,1,1,1,0,shipping_cost
S-026922,Web,1,0,0,0,
S-026923,App,1,1,1,0,changed_mind
S-026924,Web,1,1,1,0,shipping_cost
S-026925,App,1,1,0,0,checkout_friction
S-026926,Store,1,1,0,0,shipping_cost
S-026927,Web,1,1,0,0,shipping_cost
S-026928,Web,1,0,0,0,
S-026929,Web,1,1,0,0,changed_mind
S-026930,Web,1,1,0,0,changed_mind
S-026931,Store,1,0,0,0,
S-026932,Web,1,1,0,0,payment_fail
S-026933,App,1,1,1,0,changed_mind
S-026934,App,1,1,1,0,payment_fail
S-026935,Web,1,1,1,0,shipping_cost
S-026936,Web,1,1,0,0,stock_out
S-026937,Web,1,1,0,0,changed_mind
S-026938,App,1,0,0,0,
S-026939,Web,1,0,0,0,
S-026940,Web,1,1,1,0,shipping_cost
S-026941,App,1,0,0,0,
S-026942,Web,1,1,1,0,payment_fail
S-026943,App,1,1,1,0,changed_mind
S-026944,Web,1,1,1,0,shipping_cost
S-026945,App,1,1,1,0,checkout_friction
S-026946,Web,1,1,0,0,changed_mind
S-026947,Store,1,1,1,0,checkout_friction
S-026948,App,1,0,0,0,
S-026949,Web,1,1,0,0,shipping_cost
S-026950,Store,1,0,0,0,
S-026951,App,1,1,0,0,stock_out
S-026952,Web,1,0,0,0,
S-026953,Web,1,1,1,0,payment_fail
S-026954,Web,1,1,0,0,shipping_cost
S-026955,App,1,0,0,0,
S-026956,Web,1,1,0,0,payment_fail
S-026957,Web,1,0,0,0,
S-026958,Web,1,1,0,0,payment_fail
S-026959,Web,1,1,0,0,checkout_friction
S-026960,Store,1,1,0,0,stock_out
S-026961,Web,1,1,0,0,changed_mind
S-026962,App,1,1,0,0,changed_mind
S-026963,Web,1,0,0,0,
S-026964,Web,1,1,0,0,changed_mind
S-026965,Web,1,1,1,0,changed_mind
S-026966,Web,1,1,1,0,stock_out
S-026967,App,1,0,0,0,
S-026968,Store,1,0,0,0,
S-026969,Web,1,0,0,0,
S-026970,Web,1,1,0,0,changed_mind
S-026971,Web,1,0,0,0,
S-026972,Store,1,0,0,0,
S-026973,App,1,1,0,0,stock_out
S-026974,Web,1,1,0,0,shipping_cost
S-026975,Web,1,1,1,0,checkout_friction
S-026976,Web,1,0,0,0,
S-026977,Web,1,1,0,0,payment_fail
S-026978,App,1,1,1,0,shipping_cost
S-026979,App,1,1,0,0,checkout_friction
S-026980,Web,1,0,0,0,
S-026981,Web,1,0,0,0,
S-026982,Store,1,1,0,0,payment_fail
S-026983,Web,1,1,1,0,payment_fail
S-026984,App,1,0,0,0,
S-026985,App,1,1,1,0,shipping_cost
S-026986,App,1,1,1,0,shipping_cost
S-026987,Web,1,1,0,0,checkout_friction
S-026988,App,1,1,0,0,stock_out
S-026989,App,1,1,1,0,shipping_cost
S-026990,Web,1,1,0,0,checkout_friction
S-026991,App,1,1,1,0,changed_mind
S-026992,Store,1,1,0,0,checkout_friction
S-026993,Web,1,0,0,0,
S-026994,Web,1,1,0,0,payment_fail
S-026995,Web,1,1,1,0,shipping_cost
S-026996,App,1,1,0,0,payment_fail
S-026997,Web,1,1,1,0,payment_fail
S-026998,App,1,1,0,0,stock_out
S-026999,Web,1,1,1,0,payment_fail
S-027000,Web,1,0,0,0,
S-027001,Web,1,0,0,0,
S-027002,App,1,0,0,0,
S-027003,Web,1,1,1,0,changed_mind
S-027004,Web,1,0,0,0,
S-027005,Web,1,1,1,0,changed_mind
S-027006,Web,1,0,0,0,
S-027007,App,1,1,0,0,payment_fail
S-027008,Store,1,0,0,0,
S-027009,Web,1,1,1,0,shipping_cost
S-027010,Web,1,0,0,0,
S-027011,App,1,1,0,0,changed_mind
S-027012,Web,1,1,0,0,checkout_friction
S-027013,Web,1,1,0,0,shipping_cost
S-027014,Web,1,1,0,0,checkout_friction
S-027015,App,1,0,0,0,
S-027016,App,1,1,0,0,stock_out
S-027017,App,1,1,0,0,changed_mind
S-027018,Web,1,1,0,0,shipping_cost
S-027019,App,1,0,0,0,
S-027020,App,1,1,1,0,stock_out
S-027021,Web,1,1,1,0,stock_out
S-027022,Web,1,1,1,0,shipping_cost
S-027023,Web,1,1,0,0,checkout_friction
S-027024,App,1,1,1,0,checkout_friction
S-027025,App,1,1,0,0,shipping_cost
S-027026,App,1,1,1,0,stock_out
S-027027,App,1,1,0,0,changed_mind
S-027028,App,1,1,0,0,stock_out
S-027029,App,1,1,0,0,stock_out
S-027030,App,1,1,0,0,payment_fail
S-027031,App,1,0,0,0,
S-027032,Web,1,1,1,0,payment_fail
S-027033,Web,1,0,0,0,
S-027034,Web,1,1,0,0,shipping_cost
S-027035,App,1,1,0,0,checkout_friction
S-027036,Web,1,1,1,0,shipping_cost
S-027037,App,1,0,0,0,
S-027038,App,1,0,0,0,
S-027039,Web,1,1,0,0,checkout_friction
S-027040,Web,1,0,0,0,
S-027041,Web,1,1,1,0,shipping_cost
S-027042,App,1,1,1,0,shipping_cost
S-027043,Web,1,1,1,0,checkout_friction
S-027044,Web,1,1,0,0,changed_mind
S-027045,Web,1,1,0,0,shipping_cost
S-027046,Web,1,1,0,0,payment_fail
S-027047,Web,1,1,0,0,payment_fail
S-027048,App,1,1,1,0,payment_fail
S-027049,Web,1,1,1,0,shipping_cost
S-027050,Web,1,1,1,0,changed_mind
S-027051,App,1,0,0,0,
S-027052,Web,1,0,0,0,
S-027053,App,1,1,1,0,shipping_cost
S-027054,App,1,1,1,0,payment_fail
S-027055,Web,1,1,0,0,payment_fail
S-027056,App,1,1,0,0,shipping_cost
S-027057,Web,1,0,0,0,
S-027058,Web,1,1,1,0,checkout_friction
S-027059,Store,1,1,0,0,shipping_cost
S-027060,Web,1,1,0,0,payment_fail
S-027061,Web,1,0,0,0,
S-027062,Web,1,1,0,0,changed_mind
S-027063,Web,1,1,1,0,checkout_friction
S-027064,App,1,1,0,0,stock_out
S-027065,Web,1,1,0,0,stock_out
S-027066,Web,1,1,0,0,checkout_friction
S-027067,App,1,0,0,0,
S-027068,Store,1,0,0,0,
S-027069,App,1,0,0,0,
S-027070,App,1,1,1,0,changed_mind
S-027071,Web,1,0,0,0,
S-027072,App,1,1,1,0,checkout_friction
S-027073,Web,1,0,0,0,
S-027074,Store,1,1,1,0,payment_fail
S-027075,Web,1,0,0,0,
S-027076,App,1,1,1,0,stock_out
S-027077,App,1,0,0,0,
S-027078,App,1,1,1,0,checkout_friction
S-027079,Web,1,1,0,0,checkout_friction
S-027080,Web,1,0,0,0,
S-027081,Web,1,1,1,0,shipping_cost
S-027082,Web,1,1,1,0,stock_out
S-027083,App,1,1,0,0,payment_fail
S-027084,App,1,1,1,0,changed_mind
S-027085,App,1,0,0,0,
S-027086,App,1,1,0,0,shipping_cost
S-027087,App,1,1,1,0,changed_mind
S-027088,App,1,1,0,0,changed_mind
S-027089,Web,1,0,0,0,
S-027090,Web,1,1,0,0,shipping_cost
S-027091,Store,1,1,1,0,payment_fail
S-027092,App,1,1,1,0,shipping_cost
S-027093,Web,1,1,1,0,changed_mind
S-027094,Web,1,1,0,0,changed_mind
S-027095,Web,1,1,0,0,stock_out
S-027096,Web,1,1,0,0,payment_fail
S-027097,Web,1,0,0,0,
S-027098,Web,1,0,0,0,
S-027099,Store,1,1,1,0,stock_out
S-027100,Store,1,1,1,0,changed_mind
S-027101,Web,1,1,1,0,payment_fail
S-027102,App,1,1,1,0,shipping_cost
S-027103,Web,1,1,1,0,shipping_cost
S-027104,Web,1,1,1,0,shipping_cost
S-027105,Web,1,1,1,0,payment_fail
S-027106,Web,1,1,0,0,payment_fail
S-027107,App,1,1,0,0,payment_fail
S-027108,Web,1,1,1,0,payment_fail
S-027109,Web,1,1,0,0,payment_fail
S-027110,Store,1,1,0,0,stock_out
S-027111,App,1,1,0,0,changed_mind
S-027112,App,1,1,1,0,shipping_cost
S-027113,App,1,1,1,0,changed_mind
S-027114,Web,1,1,0,0,changed_mind
S-027115,Web,1,1,0,0,payment_fail
S-027116,Web,1,0,0,0,
S-027117,App,1,1,0,0,payment_fail
S-027118,App,1,0,0,0,
S-027119,App,1,1,1,0,payment_fail
S-027120,App,1,1,0,0,changed_mind
S-027121,Web,1,1,1,0,shipping_cost
S-027122,App,1,1,1,0,shipping_cost
S-027123,Web,1,1,1,0,changed_mind
S-027124,Web,1,1,0,0,checkout_friction
S-027125,Web,1,1,0,0,shipping_cost
S-027126,App,1,1,0,0,changed_mind
S-027127,Store,1,1,0,0,shipping_cost
S-027128,Web,1,1,0,0,stock_out
S-027129,Web,1,1,1,0,stock_out
S-027130,Web,1,1,1,0,stock_out
S-027131,App,1,1,1,0,payment_fail
S-027132,Web,1,1,1,0,shipping_cost
S-027133,Web,1,1,0,0,stock_out
S-027134,Web,1,1,1,0,shipping_cost
S-027135,Web,1,0,0,0,
S-027136,Store,1,0,0,0,
S-027137,Store,1,1,1,0,checkout_friction
S-027138,Web,1,1,1,0,shipping_cost
S-027139,App,1,0,0,0,
S-027140,App,1,1,0,0,shipping_cost
S-027141,Web,1,0,0,0,
S-027142,App,1,0,0,0,
S-027143,App,1,1,1,0,shipping_cost
S-027144,Store,1,1,1,0,shipping_cost
S-027145,Web,1,0,0,0,
S-027146,Store,1,1,0,0,stock_out
S-027147,Web,1,1,1,0,payment_fail
S-027148,Store,1,0,0,0,
S-027149,Web,1,1,0,0,changed_mind
S-027150,Web,1,1,0,0,changed_mind
S-027151,Web,1,1,0,0,checkout_friction
S-027152,App,1,1,0,0,changed_mind
S-027153,Web,1,1,0,0,checkout_friction
S-027154,Web,1,1,1,0,checkout_friction
S-027155,Store,1,1,1,0,shipping_cost
S-027156,Web,1,1,0,0,checkout_friction
S-027157,App,1,0,0,0,
S-027158,App,1,1,1,0,checkout_friction
S-027159,Store,1,1,0,0,payment_fail
S-027160,Web,1,0,0,0,
S-027161,App,1,1,0,0,changed_mind
S-027162,Web,1,0,0,0,
S-027163,App,1,0,0,0,
S-027164,Web,1,1,1,0,shipping_cost
S-027165,Web,1,1,1,0,changed_mind
S-027166,App,1,1,0,0,payment_fail
S-027167,Store,1,1,1,0,stock_out
S-027168,App,1,0,0,0,
S-027169,Web,1,1,1,0,shipping_cost
S-027170,Store,1,1,1,0,changed_mind
S-027171,App,1,1,1,0,payment_fail
S-027172,Web,1,0,0,0,
S-027173,Web,1,1,1,0,changed_mind
S-027174,Web,1,1,1,0,shipping_cost
S-027175,Store,1,1,0,0,changed_mind
S-027176,Web,1,0,0,0,
S-027177,Web,1,1,1,0,shipping_cost
S-027178,Web,1,0,0,0,
S-027179,App,1,1,0,0,payment_fail
S-027180,App,1,1,1,0,shipping_cost
S-027181,Web,1,1,1,0,checkout_friction
S-027182,Web,1,1,1,0,payment_fail
S-027183,Web,1,1,1,0,changed_mind
S-027184,App,1,1,1,0,payment_fail
S-027185,Web,1,1,1,0,stock_out
S-027186,Web,1,1,0,0,payment_fail
S-027187,Web,1,1,0,0,shipping_cost
S-027188,App,1,1,0,0,shipping_cost
S-027189,Web,1,1,1,0,payment_fail
S-027190,App,1,0,0,0,
S-027191,Web,1,0,0,0,
S-027192,Web,1,1,1,0,shipping_cost
S-027193,Web,1,1,0,0,shipping_cost
S-027194,App,1,1,1,0,changed_mind
S-027195,Web,1,0,0,0,
S-027196,Web,1,0,0,0,
S-027197,Web,1,1,1,0,checkout_friction
S-027198,App,1,0,0,0,
S-027199,Web,1,1,1,0,shipping_cost
S-027200,Web,1,1,1,0,checkout_friction
S-027201,Store,1,1,1,0,shipping_cost
S-027202,Web,1,1,1,0,payment_fail
S-027203,App,1,1,0,0,payment_fail
S-027204,Web,1,0,0,0,
S-027205,App,1,1,1,0,shipping_cost
S-027206,App,1,0,0,0,
S-027207,Web,1,0,0,0,
S-027208,Web,1,1,1,0,shipping_cost
S-027209,Web,1,1,0,0,checkout_friction
S-027210,Web,1,1,1,0,changed_mind
S-027211,Web,1,0,0,0,
S-027212,Web,1,1,0,0,changed_mind
S-027213,Web,1,0,0,0,
S-027214,App,1,1,1,0,shipping_cost
S-027215,Web,1,1,1,0,shipping_cost
S-027216,Web,1,1,1,0,changed_mind
S-027217,App,1,1,1,0,payment_fail
S-027218,Web,1,1,1,0,payment_fail
S-027219,Web,1,1,1,0,shipping_cost
S-027220,Web,1,0,0,0,
S-027221,App,1,1,1,0,payment_fail
S-027222,Web,1,1,1,0,changed_mind
S-027223,Store,1,0,0,0,
S-027224,Web,1,1,0,0,payment_fail
S-027225,Web,1,0,0,0,
S-027226,Store,1,1,1,0,payment_fail
S-027227,Web,1,0,0,0,
S-027228,Web,1,1,1,0,checkout_friction
S-027229,App,1,1,1,0,checkout_friction
S-027230,App,1,0,0,0,
S-027231,Web,1,1,0,0,shipping_cost
S-027232,App,1,1,0,0,shipping_cost
S-027233,Web,1,1,0,0,stock_out
S-027234,App,1,1,0,0,payment_fail
S-027235,Web,1,0,0,0,
S-027236,App,1,1,0,0,shipping_cost
S-027237,Web,1,1,0,0,payment_fail
S-027238,App,1,1,0,0,shipping_cost
S-027239,Web,1,0,0,0,
S-027240,Store,1,0,0,0,
S-027241,App,1,0,0,0,
S-027242,App,1,1,1,0,checkout_friction
S-027243,App,1,1,1,0,stock_out
S-027244,Web,1,0,0,0,
S-027245,App,1,1,0,0,checkout_friction
S-027246,App,1,1,0,0,stock_out
S-027247,Web,1,1,1,0,changed_mind
S-027248,App,1,1,1,0,stock_out
S-027249,App,1,1,0,0,changed_mind
S-027250,Web,1,0,0,0,
S-027251,Web,1,1,0,0,shipping_cost
S-027252,App,1,1,0,0,shipping_cost
S-027253,Web,1,1,0,0,changed_mind
S-027254,Web,1,0,0,0,
S-027255,App,1,0,0,0,
S-027256,Web,1,1,1,0,payment_fail
S-027257,App,1,1,1,0,shipping_cost
S-027258,Web,1,1,0,0,payment_fail
S-027259,App,1,1,1,0,changed_mind
S-027260,App,1,1,1,0,payment_fail
S-027261,App,1,1,0,0,shipping_cost
S-027262,Store,1,1,1,0,shipping_cost
S-027263,Web,1,0,0,0,
S-027264,Store,1,1,0,0,payment_fail
S-027265,Web,1,1,0,0,checkout_friction
S-027266,App,1,1,1,0,shipping_cost
S-027267,Web,1,1,1,0,shipping_cost
S-027268,App,1,1,1,0,payment_fail
S-027269,Web,1,1,0,0,stock_out
S-027270,App,1,1,0,0,changed_mind
S-027271,App,1,1,0,0,shipping_cost
S-027272,Store,1,1,0,0,payment_fail
S-027273,Web,1,1,1,0,stock_out
S-027274,App,1,0,0,0,
S-027275,App,1,1,1,0,checkout_friction
S-027276,Web,1,0,0,0,
S-027277,Web,1,1,0,0,shipping_cost
S-027278,Web,1,0,0,0,
S-027279,Web,1,0,0,0,
S-027280,Web,1,0,0,0,
S-027281,App,1,1,1,0,payment_fail
S-027282,Store,1,1,0,0,payment_fail
S-027283,Web,1,0,0,0,
S-027284,Web,1,1,1,0,payment_fail
S-027285,Web,1,1,0,0,stock_out
S-027286,Web,1,1,1,0,checkout_friction
S-027287,App,1,1,1,0,checkout_friction
S-027288,Web,1,1,0,0,stock_out
S-027289,Web,1,1,0,0,payment_fail
S-027290,Web,1,1,1,0,checkout_friction
S-027291,Web,1,1,1,0,shipping_cost
S-027292,Web,1,0,0,0,
S-027293,Web,1,1,0,0,shipping_cost
S-027294,Web,1,0,0,0,
S-027295,Web,1,0,0,0,
S-027296,App,1,1,1,0,changed_mind
S-027297,App,1,0,0,0,
S-027298,App,1,1,1,0,payment_fail
S-027299,Web,1,1,1,0,stock_out
S-027300,Web,1,1,1,0,checkout_friction
S-027301,Web,1,1,1,0,stock_out
S-027302,Store,1,1,0,0,stock_out
S-027303,App,1,1,1,0,shipping_cost
S-027304,App,1,1,0,0,payment_fail
S-027305,App,1,1,0,0,stock_out
S-027306,Web,1,1,1,0,changed_mind
S-027307,App,1,1,1,0,checkout_friction
S-027308,Web,1,0,0,0,
S-027309,Store,1,0,0,0,
S-027310,Web,1,0,0,0,
S-027311,Web,1,1,1,0,payment_fail
S-027312,App,1,1,0,0,shipping_cost
S-027313,Web,1,1,1,0,shipping_cost
S-027314,Web,1,1,0,0,changed_mind
S-027315,Web,1,0,0,0,
S-027316,Web,1,1,0,0,stock_out
S-027317,Web,1,1,1,0,checkout_friction
S-027318,Web,1,1,0,0,shipping_cost
S-027319,Web,1,1,1,0,shipping_cost
S-027320,App,1,0,0,0,
S-027321,Web,1,1,1,0,payment_fail
S-027322,Web,1,1,0,0,payment_fail
S-027323,Web,1,1,0,0,shipping_cost
S-027324,Web,1,0,0,0,
S-027325,App,1,1,1,0,changed_mind
S-027326,Web,1,1,0,0,shipping_cost
S-027327,Web,1,1,0,0,shipping_cost
S-027328,Web,1,0,0,0,
S-027329,Web,1,0,0,0,
S-027330,Web,1,1,0,0,changed_mind
S-027331,Web,1,1,1,0,stock_out
S-027332,App,1,0,0,0,
S-027333,App,1,1,0,0,payment_fail
S-027334,Web,1,1,0,0,shipping_cost
S-027335,App,1,1,1,0,stock_out
S-027336,Web,1,0,0,0,
S-027337,App,1,1,1,0,stock_out
S-027338,App,1,0,0,0,
S-027339,Web,1,1,1,0,stock_out
S-027340,App,1,1,1,0,payment_fail
S-027341,Web,1,1,1,0,changed_mind
S-027342,App,1,0,0,0,
S-027343,Web,1,1,0,0,checkout_friction
S-027344,Web,1,0,0,0,
S-027345,Web,1,1,1,0,shipping_cost
S-027346,Web,1,0,0,0,
S-027347,Web,1,1,0,0,shipping_cost
S-027348,App,1,1,1,0,checkout_friction
S-027349,Web,1,1,1,0,payment_fail
S-027350,Web,1,1,1,0,stock_out
S-027351,Web,1,1,1,0,checkout_friction
S-027352,Web,1,1,1,0,payment_fail
S-027353,Web,1,1,0,0,stock_out
S-027354,App,1,1,0,0,shipping_cost
S-027355,App,1,1,0,0,checkout_friction
S-027356,Web,1,1,1,0,checkout_friction
S-027357,Web,1,1,1,0,checkout_friction
S-027358,Web,1,1,1,0,payment_fail
S-027359,Web,1,1,0,0,stock_out
S-027360,Web,1,0,0,0,
S-027361,App,1,1,1,0,checkout_friction
S-027362,App,1,1,1,0,changed_mind
S-027363,Web,1,1,0,0,changed_mind
S-027364,App,1,1,1,0,payment_fail
S-027365,Web,1,1,0,0,checkout_friction
S-027366,App,1,1,1,0,payment_fail
S-027367,App,1,1,1,0,shipping_cost
S-027368,Web,1,1,1,0,checkout_friction
S-027369,Web,1,1,1,0,checkout_friction
S-027370,Web,1,1,0,0,checkout_friction
S-027371,Web,1,0,0,0,
S-027372,App,1,0,0,0,
S-027373,Web,1,1,1,0,shipping_cost
S-027374,App,1,1,1,0,payment_fail
S-027375,App,1,1,1,0,shipping_cost
S-027376,Web,1,1,1,0,payment_fail
S-027377,Web,1,1,0,0,checkout_friction
S-027378,Store,1,1,0,0,changed_mind
S-027379,Web,1,1,1,0,shipping_cost
S-027380,App,1,1,0,0,payment_fail
S-027381,Web,1,0,0,0,
S-027382,Web,1,1,0,0,shipping_cost
S-027383,App,1,0,0,0,
S-027384,App,1,0,0,0,
S-027385,Web,1,1,0,0,checkout_friction
S-027386,Web,1,1,1,0,stock_out
S-027387,App,1,1,0,0,payment_fail
S-027388,App,1,1,1,0,payment_fail
S-027389,Web,1,1,0,0,shipping_cost
S-027390,Web,1,1,0,0,payment_fail
S-027391,Web,1,1,0,0,checkout_friction
S-027392,App,1,0,0,0,
S-027393,App,1,1,1,0,changed_mind
S-027394,Web,1,1,0,0,payment_fail
S-027395,App,1,1,1,0,stock_out
S-027396,Web,1,1,1,0,shipping_cost
S-027397,Web,1,1,1,0,payment_fail
S-027398,App,1,1,0,0,changed_mind
S-027399,Web,1,1,0,0,payment_fail
S-027400,Web,1,0,0,0,
S-027401,Store,1,0,0,0,
S-027402,App,1,1,0,0,shipping_cost
S-027403,Web,1,0,0,0,
S-027404,Store,1,1,0,0,stock_out
S-027405,Web,1,1,1,0,checkout_friction
S-027406,Web,1,1,1,0,shipping_cost
S-027407,Web,1,1,0,0,changed_mind
S-027408,Web,1,1,0,0,payment_fail
S-027409,App,1,1,0,0,changed_mind
S-027410,Web,1,1,0,0,payment_fail
S-027411,Store,1,1,1,0,changed_mind
S-027412,App,1,1,1,0,payment_fail
S-027413,App,1,1,0,0,checkout_friction
S-027414,Web,1,0,0,0,
S-027415,App,1,0,0,0,
S-027416,Web,1,1,0,0,checkout_friction
S-027417,Web,1,1,1,0,shipping_cost
S-027418,Web,1,0,0,0,
S-027419,Web,1,1,0,0,stock_out
S-027420,Web,1,1,0,0,payment_fail
S-027421,Web,1,1,0,0,stock_out
S-027422,App,1,0,0,0,
S-027423,App,1,1,0,0,shipping_cost
S-027424,Web,1,1,0,0,payment_fail
S-027425,App,1,1,1,0,changed_mind
S-027426,Web,1,1,1,0,shipping_cost
S-027427,Web,1,1,1,0,changed_mind
S-027428,App,1,1,1,0,changed_mind
S-027429,Web,1,1,1,0,payment_fail
S-027430,Web,1,1,1,0,payment_fail
S-027431,Web,1,1,0,0,changed_mind
S-027432,Web,1,1,0,0,changed_mind
S-027433,Web,1,0,0,0,
S-027434,Web,1,1,1,0,payment_fail
S-027435,Web,1,1,1,0,shipping_cost
S-027436,Web,1,1,1,0,changed_mind
S-027437,App,1,1,1,0,changed_mind
S-027438,Web,1,1,1,0,stock_out
S-027439,Web,1,1,0,0,shipping_cost
S-027440,Store,1,1,0,0,changed_mind
S-027441,Web,1,1,0,0,changed_mind
S-027442,App,1,1,0,0,shipping_cost
S-027443,Web,1,0,0,0,
S-027444,Store,1,1,0,0,payment_fail
S-027445,App,1,1,1,0,payment_fail
S-027446,App,1,0,0,0,
S-027447,Store,1,0,0,0,
S-027448,App,1,1,0,0,stock_out
S-027449,App,1,1,0,0,payment_fail
S-027450,Web,1,1,0,0,changed_mind
S-027451,Store,1,0,0,0,
S-027452,Web,1,1,0,0,changed_mind
S-027453,App,1,1,1,0,shipping_cost
S-027454,App,1,1,0,0,stock_out
S-027455,App,1,0,0,0,
S-027456,App,1,1,0,0,changed_mind
S-027457,App,1,1,0,0,payment_fail
S-027458,App,1,1,1,0,stock_out
S-027459,Store,1,1,1,0,changed_mind
S-027460,Web,1,1,1,0,shipping_cost
S-027461,App,1,0,0,0,
S-027462,App,1,0,0,0,
S-027463,Store,1,1,1,0,stock_out
S-027464,Web,1,0,0,0,
S-027465,Store,1,1,1,0,changed_mind
S-027466,Web,1,1,1,0,shipping_cost
S-027467,Web,1,0,0,0,
S-027468,Store,1,1,0,0,checkout_friction
S-027469,App,1,1,0,0,changed_mind
S-027470,App,1,0,0,0,
S-027471,App,1,1,1,0,changed_mind
S-027472,Web,1,1,1,0,payment_fail
S-027473,Web,1,0,0,0,
S-027474,App,1,0,0,0,
S-027475,App,1,0,0,0,
S-027476,Web,1,1,0,0,payment_fail
S-027477,Web,1,1,0,0,shipping_cost
S-027478,App,1,0,0,0,
S-027479,Web,1,0,0,0,
S-027480,App,1,1,1,0,changed_mind
S-027481,Web,1,1,0,0,changed_mind
S-027482,Store,1,1,1,0,stock_out
S-027483,Web,1,0,0,0,
S-027484,Web,1,1,1,0,payment_fail
S-027485,App,1,0,0,0,
S-027486,Web,1,0,0,0,
S-027487,Web,1,0,0,0,
S-027488,Web,1,1,1,0,stock_out
S-027489,App,1,0,0,0,
S-027490,Web,1,1,0,0,stock_out
S-027491,App,1,1,1,0,stock_out
S-027492,App,1,0,0,0,
S-027493,Web,1,1,0,0,stock_out
S-027494,App,1,1,1,0,checkout_friction
S-027495,Web,1,0,0,0,
S-027496,Web,1,1,0,0,payment_fail
S-027497,App,1,1,1,0,changed_mind
S-027498,App,1,1,1,0,checkout_friction
S-027499,Web,1,1,1,0,changed_mind
S-027500,App,1,0,0,0,
S-027501,Web,1,1,1,0,payment_fail
S-027502,App,1,0,0,0,
S-027503,App,1,1,1,0,checkout_friction
S-027504,App,1,0,0,0,
S-027505,App,1,0,0,0,
S-027506,App,1,1,0,0,payment_fail
S-027507,Web,1,1,0,0,shipping_cost
S-027508,Web,1,1,0,0,payment_fail
S-027509,Store,1,1,0,0,shipping_cost
S-027510,Web,1,0,0,0,
S-027511,Web,1,1,0,0,shipping_cost
S-027512,Web,1,1,0,0,shipping_cost
S-027513,App,1,0,0,0,
S-027514,App,1,1,0,0,checkout_friction
S-027515,App,1,1,0,0,shipping_cost
S-027516,Web,1,1,0,0,changed_mind
S-027517,Web,1,1,0,0,checkout_friction
S-027518,App,1,1,0,0,stock_out
S-027519,Web,1,1,0,0,payment_fail
S-027520,Web,1,0,0,0,
S-027521,Web,1,1,1,0,payment_fail
S-027522,Web,1,0,0,0,
S-027523,App,1,1,0,0,changed_mind
S-027524,App,1,1,1,0,stock_out
S-027525,App,1,1,0,0,changed_mind
S-027526,Web,1,1,1,0,payment_fail
S-027527,App,1,0,0,0,
S-027528,Web,1,1,0,0,stock_out
S-027529,App,1,1,1,0,changed_mind
S-027530,Store,1,1,0,0,changed_mind
S-027531,App,1,1,0,0,checkout_friction
S-027532,Web,1,1,0,0,stock_out
S-027533,Web,1,1,0,0,changed_mind
S-027534,App,1,1,1,0,changed_mind
S-027535,Web,1,1,1,0,changed_mind
S-027536,Web,1,0,0,0,
S-027537,Web,1,1,1,0,changed_mind
S-027538,Web,1,1,1,0,shipping_cost
S-027539,Web,1,1,0,0,stock_out
S-027540,Store,1,1,1,0,changed_mind
S-027541,App,1,0,0,0,
S-027542,Store,1,1,0,0,shipping_cost
S-027543,Web,1,1,0,0,payment_fail
S-027544,Web,1,1,0,0,stock_out
S-027545,Web,1,1,0,0,changed_mind
S-027546,Web,1,1,1,0,shipping_cost
S-027547,Web,1,1,1,0,shipping_cost
S-027548,App,1,0,0,0,
S-027549,Web,1,0,0,0,
S-027550,Web,1,1,1,0,payment_fail
S-027551,Web,1,1,1,0,checkout_friction
S-027552,Web,1,1,0,0,checkout_friction
S-027553,Web,1,0,0,0,
S-027554,Web,1,0,0,0,
S-027555,Web,1,1,1,0,changed_mind
S-027556,App,1,1,0,0,shipping_cost
S-027557,Web,1,0,0,0,
S-027558,Web,1,1,0,0,stock_out
S-027559,Store,1,1,0,0,changed_mind
S-027560,App,1,1,0,0,checkout_friction
S-027561,Web,1,0,0,0,
S-027562,App,1,1,0,0,payment_fail
S-027563,App,1,1,0,0,payment_fail
S-027564,Store,1,1,0,0,changed_mind
S-027565,App,1,1,1,0,payment_fail
S-027566,Store,1,1,1,0,changed_mind
S-027567,Web,1,1,0,0,stock_out
S-027568,App,1,0,0,0,
S-027569,Web,1,1,1,0,payment_fail
S-027570,App,1,0,0,0,
S-027571,App,1,1,0,0,shipping_cost
S-027572,Web,1,0,0,0,
S-027573,Web,1,1,0,0,changed_mind
S-027574,App,1,1,0,0,stock_out
S-027575,Store,1,1,0,0,shipping_cost
S-027576,Web,1,1,0,0,payment_fail
S-027577,Web,1,0,0,0,
S-027578,App,1,1,1,0,changed_mind
S-027579,Web,1,1,1,0,shipping_cost
S-027580,Web,1,1,1,0,stock_out
S-027581,Web,1,0,0,0,
S-027582,Web,1,1,0,0,changed_mind
S-027583,App,1,1,0,0,payment_fail
S-027584,App,1,0,0,0,
S-027585,App,1,0,0,0,
S-027586,App,1,1,1,0,stock_out
S-027587,App,1,1,0,0,changed_mind
S-027588,Web,1,0,0,0,
S-027589,App,1,0,0,0,
S-027590,App,1,1,0,0,payment_fail
S-027591,Web,1,1,1,0,changed_mind
S-027592,Web,1,1,0,0,checkout_friction
S-027593,Web,1,1,1,0,stock_out
S-027594,App,1,1,0,0,shipping_cost
S-027595,App,1,1,1,0,stock_out
S-027596,Store,1,1,0,0,shipping_cost
S-027597,App,1,1,1,0,changed_mind
S-027598,App,1,1,1,0,changed_mind
S-027599,App,1,1,1,0,payment_fail
S-027600,Web,1,1,0,0,shipping_cost
S-027601,Web,1,0,0,0,
S-027602,Web,1,1,0,0,checkout_friction
S-027603,App,1,1,1,0,payment_fail
S-027604,Store,1,1,0,0,stock_out
S-027605,Web,1,1,0,0,changed_mind
S-027606,Web,1,1,1,0,changed_mind
S-027607,App,1,0,0,0,
S-027608,App,1,1,0,0,payment_fail
S-027609,Web,1,1,0,0,payment_fail
S-027610,Web,1,1,0,0,payment_fail
S-027611,Web,1,1,0,0,changed_mind
S-027612,Store,1,1,0,0,checkout_friction
S-027613,Web,1,1,0,0,checkout_friction
S-027614,App,1,1,1,0,payment_fail
S-027615,Web,1,1,1,0,payment_fail
S-027616,Web,1,1,1,0,payment_fail
S-027617,Store,1,0,0,0,
S-027618,Web,1,0,0,0,
S-027619,Web,1,0,0,0,
S-027620,App,1,0,0,0,
S-027621,App,1,1,1,0,checkout_friction
S-027622,Store,1,1,0,0,payment_fail
S-027623,Web,1,1,0,0,payment_fail
S-027624,Web,1,1,0,0,changed_mind
S-027625,Web,1,1,0,0,changed_mind
S-027626,Web,1,1,1,0,payment_fail
S-027627,App,1,1,1,0,changed_mind
S-027628,Web,1,1,1,0,payment_fail
S-027629,App,1,1,1,0,payment_fail
S-027630,App,1,1,1,0,payment_fail
S-027631,App,1,0,0,0,
S-027632,App,1,1,0,0,shipping_cost
S-027633,Web,1,1,1,0,checkout_friction
S-027634,Web,1,1,1,0,changed_mind
S-027635,Web,1,1,0,0,stock_out
S-027636,App,1,1,0,0,shipping_cost
S-027637,App,1,0,0,0,
S-027638,App,1,0,0,0,
S-027639,Web,1,0,0,0,
S-027640,App,1,0,0,0,
S-027641,Web,1,0,0,0,
S-027642,Store,1,0,0,0,
S-027643,App,1,1,0,0,stock_out
S-027644,Web,1,0,0,0,
S-027645,Web,1,1,1,0,checkout_friction
S-027646,Web,1,1,1,0,shipping_cost
S-027647,Store,1,0,0,0,
S-027648,Web,1,1,1,0,checkout_friction
S-027649,Web,1,1,0,0,changed_mind
S-027650,App,1,1,0,0,stock_out
S-027651,App,1,1,1,0,payment_fail
S-027652,App,1,1,1,0,changed_mind
S-027653,Web,1,1,0,0,changed_mind
S-027654,Store,1,1,1,0,checkout_friction
S-027655,Web,1,0,0,0,
S-027656,App,1,1,0,0,checkout_friction
S-027657,Web,1,1,0,0,shipping_cost
S-027658,Web,1,1,0,0,checkout_friction
S-027659,App,1,1,1,0,checkout_friction
S-027660,Web,1,0,0,0,
S-027661,Web,1,1,0,0,changed_mind
S-027662,Web,1,1,0,0,payment_fail
S-027663,Web,1,0,0,0,
S-027664,Store,1,0,0,0,
S-027665,Web,1,0,0,0,
S-027666,App,1,0,0,0,
S-027667,Web,1,1,1,0,payment_fail
S-027668,Web,1,1,0,0,payment_fail
S-027669,Web,1,1,0,0,payment_fail
S-027670,Store,1,1,1,0,checkout_friction
S-027671,App,1,1,0,0,payment_fail
S-027672,App,1,1,1,0,changed_mind
S-027673,Web,1,1,1,0,changed_mind
S-027674,App,1,0,0,0,
S-027675,App,1,1,1,0,changed_mind
S-027676,Web,1,1,1,0,payment_fail
S-027677,App,1,1,0,0,changed_mind
S-027678,Web,1,1,0,0,changed_mind
S-027679,App,1,1,1,0,changed_mind
S-027680,App,1,1,1,0,payment_fail
S-027681,Web,1,1,0,0,stock_out
S-027682,App,1,1,1,0,payment_fail
S-027683,Web,1,0,0,0,
S-027684,Web,1,1,0,0,changed_mind
S-027685,App,1,0,0,0,
S-027686,Web,1,1,1,0,shipping_cost
S-027687,App,1,1,1,0,payment_fail
S-027688,Web,1,0,0,0,
S-027689,Web,1,1,1,0,stock_out
S-027690,App,1,0,0,0,
S-027691,App,1,0,0,0,
S-027692,App,1,1,0,0,payment_fail
S-027693,Web,1,1,1,0,checkout_friction
S-027694,App,1,0,0,0,
S-027695,Web,1,0,0,0,
S-027696,Web,1,1,0,0,checkout_friction
S-027697,Web,1,1,1,0,shipping_cost
S-027698,Web,1,1,0,0,shipping_cost
S-027699,App,1,0,0,0,
S-027700,App,1,1,0,0,payment_fail
S-027701,App,1,1,0,0,checkout_friction
S-027702,Web,1,0,0,0,
S-027703,Store,1,1,0,0,changed_mind
S-027704,App,1,1,0,0,payment_fail
S-027705,Web,1,1,1,0,changed_mind
S-027706,Web,1,0,0,0,
S-027707,App,1,0,0,0,
S-027708,App,1,1,1,0,payment_fail
S-027709,Web,1,1,0,0,changed_mind
S-027710,Web,1,0,0,0,
S-027711,App,1,1,0,0,changed_mind
S-027712,Web,1,1,0,0,payment_fail
S-027713,Store,1,1,1,0,stock_out
S-027714,App,1,1,0,0,payment_fail
S-027715,Web,1,1,0,0,changed_mind
S-027716,Web,1,1,0,0,changed_mind
S-027717,Store,1,1,1,0,checkout_friction
S-027718,Web,1,1,0,0,shipping_cost
S-027719,App,1,1,1,0,checkout_friction
S-027720,Web,1,1,1,0,shipping_cost
S-027721,Web,1,0,0,0,
S-027722,Web,1,1,0,0,checkout_friction
S-027723,Web,1,1,1,0,payment_fail
S-027724,Web,1,0,0,0,
S-027725,App,1,1,0,0,stock_out
S-027726,Web,1,1,0,0,payment_fail
S-027727,App,1,1,1,0,checkout_friction
S-027728,Web,1,1,1,0,checkout_friction
S-027729,Web,1,1,1,0,shipping_cost
S-027730,Web,1,0,0,0,
S-027731,App,1,1,0,0,changed_mind
S-027732,App,1,1,1,0,changed_mind
S-027733,Web,1,1,1,0,payment_fail
S-027734,App,1,0,0,0,
S-027735,Web,1,0,0,0,
S-027736,Web,1,0,0,0,
S-027737,App,1,0,0,0,
S-027738,Web,1,1,0,0,changed_mind
S-027739,Web,1,1,0,0,changed_mind
S-027740,App,1,1,1,0,changed_mind
S-027741,Web,1,0,0,0,
S-027742,Web,1,1,1,0,payment_fail
S-027743,Store,1,1,1,0,checkout_friction
S-027744,Web,1,0,0,0,
S-027745,Web,1,1,1,0,payment_fail
S-027746,Web,1,1,0,0,changed_mind
S-027747,App,1,1,1,0,payment_fail
S-027748,Web,1,1,0,0,payment_fail
S-027749,App,1,0,0,0,
S-027750,Web,1,0,0,0,
S-027751,Store,1,1,1,0,payment_fail
S-027752,App,1,1,1,0,shipping_cost
S-027753,Web,1,1,1,0,changed_mind
S-027754,Web,1,1,1,0,changed_mind
S-027755,App,1,1,0,0,changed_mind
S-027756,App,1,0,0,0,
S-027757,Web,1,0,0,0,
S-027758,Store,1,1,1,0,changed_mind
S-027759,Web,1,1,0,0,payment_fail
S-027760,App,1,0,0,0,
S-027761,Web,1,1,0,0,payment_fail
S-027762,Web,1,0,0,0,
S-027763,Web,1,1,1,0,changed_mind
S-027764,Store,1,1,1,0,changed_mind
S-027765,App,1,0,0,0,
S-027766,Web,1,0,0,0,
S-027767,Store,1,0,0,0,
S-027768,Web,1,1,0,0,changed_mind
S-027769,App,1,1,1,0,payment_fail
S-027770,Web,1,1,1,0,stock_out
S-027771,Store,1,0,0,0,
S-027772,App,1,1,1,0,payment_fail
S-027773,Web,1,1,0,0,changed_mind
S-027774,Web,1,1,1,0,payment_fail
S-027775,Web,1,1,0,0,changed_mind
S-027776,Web,1,1,1,0,shipping_cost
S-027777,Web,1,1,1,0,stock_out
S-027778,App,1,0,0,0,
S-027779,Web,1,1,0,0,payment_fail
S-027780,App,1,1,1,0,changed_mind
S-027781,App,1,0,0,0,
S-027782,Store,1,0,0,0,
S-027783,Web,1,1,1,0,payment_fail
S-027784,App,1,1,1,0,changed_mind
S-027785,Web,1,1,0,0,payment_fail
S-027786,Web,1,1,0,0,payment_fail
S-027787,Web,1,1,0,0,stock_out
S-027788,App,1,0,0,0,
S-027789,Web,1,1,1,0,payment_fail
S-027790,Web,1,1,1,0,payment_fail
S-027791,Web,1,0,0,0,
S-027792,App,1,1,1,0,stock_out
S-027793,Web,1,1,0,0,stock_out
S-027794,App,1,0,0,0,
S-027795,App,1,0,0,0,
S-027796,App,1,1,0,0,checkout_friction
S-027797,Web,1,0,0,0,
S-027798,Web,1,0,0,0,
S-027799,Web,1,0,0,0,
S-027800,Web,1,0,0,0,
S-027801,App,1,1,0,0,shipping_cost
S-027802,Web,1,1,0,0,changed_mind
S-027803,App,1,1,0,0,stock_out
S-027804,App,1,1,1,0,payment_fail
S-027805,Web,1,1,1,0,stock_out
S-027806,Store,1,1,0,0,payment_fail
S-027807,Web,1,0,0,0,
S-027808,App,1,0,0,0,
S-027809,Web,1,1,1,0,checkout_friction
S-027810,App,1,1,0,0,changed_mind
S-027811,App,1,1,1,0,shipping_cost
S-027812,App,1,1,0,0,shipping_cost
S-027813,Web,1,1,1,0,payment_fail
S-027814,Web,1,1,1,0,shipping_cost
S-027815,Web,1,1,0,0,stock_out
S-027816,Web,1,1,1,0,changed_mind
S-027817,App,1,0,0,0,
S-027818,App,1,0,0,0,
S-027819,Web,1,0,0,0,
S-027820,App,1,1,0,0,changed_mind
S-027821,App,1,1,0,0,payment_fail
S-027822,Web,1,1,0,0,changed_mind
S-027823,App,1,1,1,0,shipping_cost
S-027824,Web,1,1,0,0,payment_fail
S-027825,Web,1,1,0,0,checkout_friction
S-027826,Web,1,0,0,0,
S-027827,Web,1,1,0,0,changed_mind
S-027828,Web,1,0,0,0,
S-027829,Web,1,1,0,0,changed_mind
S-027830,Web,1,1,1,0,checkout_friction
S-027831,Web,1,1,0,0,shipping_cost
S-027832,App,1,1,1,0,checkout_friction
S-027833,Web,1,1,0,0,changed_mind
S-027834,Web,1,1,1,0,changed_mind
S-027835,Web,1,1,1,0,payment_fail
S-027836,Web,1,1,1,0,payment_fail
S-027837,Web,1,0,0,0,
S-027838,App,1,1,0,0,shipping_cost
S-027839,Store,1,0,0,0,
S-027840,Web,1,1,0,0,payment_fail
S-027841,Web,1,1,0,0,payment_fail
S-027842,App,1,1,1,0,changed_mind
S-027843,App,1,1,1,0,stock_out
S-027844,Web,1,0,0,0,
S-027845,Web,1,0,0,0,
S-027846,Store,1,1,1,0,payment_fail
S-027847,Web,1,1,1,0,stock_out
S-027848,App,1,0,0,0,
S-027849,Web,1,1,1,0,checkout_friction
S-027850,Store,1,0,0,0,
S-027851,App,1,1,1,0,stock_out
S-027852,App,1,1,1,0,stock_out
S-027853,Web,1,1,1,0,stock_out
S-027854,Store,1,1,1,0,payment_fail
S-027855,Web,1,1,1,0,shipping_cost
S-027856,Web,1,1,0,0,checkout_friction
S-027857,Store,1,1,0,0,changed_mind
S-027858,App,1,1,1,0,stock_out
S-027859,App,1,1,1,0,checkout_friction
S-027860,Web,1,1,1,0,payment_fail
S-027861,Web,1,0,0,0,
S-027862,Store,1,1,1,0,shipping_cost
S-027863,Web,1,1,1,0,changed_mind
S-027864,App,1,1,1,0,payment_fail
S-027865,Store,1,1,0,0,changed_mind
S-027866,Web,1,1,0,0,stock_out
S-027867,App,1,0,0,0,
S-027868,Web,1,1,0,0,changed_mind
S-027869,Store,1,1,0,0,shipping_cost
S-027870,Web,1,0,0,0,
S-027871,Web,1,0,0,0,
S-027872,Web,1,1,0,0,stock_out
S-027873,Web,1,1,1,0,payment_fail
S-027874,Web,1,1,1,0,checkout_friction
S-027875,Web,1,1,1,0,payment_fail
S-027876,App,1,0,0,0,
S-027877,Store,1,1,1,0,checkout_friction
S-027878,Web,1,1,1,0,shipping_cost
S-027879,Web,1,1,0,0,shipping_cost
S-027880,Web,1,1,1,0,changed_mind
S-027881,App,1,0,0,0,
S-027882,App,1,1,0,0,payment_fail
S-027883,App,1,1,0,0,shipping_cost
S-027884,App,1,1,0,0,stock_out
S-027885,Web,1,1,1,0,stock_out
S-027886,App,1,1,1,0,payment_fail
S-027887,App,1,1,0,0,changed_mind
S-027888,Web,1,0,0,0,
S-027889,App,1,1,1,0,checkout_friction
S-027890,Web,1,0,0,0,
S-027891,App,1,1,0,0,stock_out
S-027892,Store,1,0,0,0,
S-027893,Web,1,0,0,0,
S-027894,Web,1,1,1,0,shipping_cost
S-027895,Web,1,1,1,0,payment_fail
S-027896,Web,1,1,1,0,checkout_friction
S-027897,Web,1,1,0,0,shipping_cost
S-027898,Web,1,1,1,0,shipping_cost
S-027899,Web,1,1,1,0,stock_out
S-027900,Store,1,1,1,0,payment_fail
S-027901,Web,1,1,0,0,stock_out
S-027902,App,1,1,0,0,payment_fail
S-027903,Web,1,1,1,0,stock_out
S-027904,App,1,0,0,0,
S-027905,Web,1,0,0,0,
S-027906,App,1,1,1,0,checkout_friction
S-027907,App,1,1,1,0,checkout_friction
S-027908,App,1,0,0,0,
S-027909,App,1,1,1,0,checkout_friction
S-027910,Store,1,1,0,0,checkout_friction
S-027911,Web,1,0,0,0,
S-027912,App,1,1,1,0,payment_fail
S-027913,App,1,0,0,0,
S-027914,Web,1,1,1,0,checkout_friction
S-027915,Web,1,1,0,0,checkout_friction
S-027916,Web,1,1,1,0,changed_mind
S-027917,Web,1,1,0,0,shipping_cost
S-027918,Web,1,1,1,0,payment_fail
S-027919,Web,1,1,0,0,changed_mind
S-027920,App,1,1,0,0,stock_out
S-027921,App,1,1,0,0,shipping_cost
S-027922,Web,1,0,0,0,
S-027923,App,1,1,1,0,shipping_cost
S-027924,App,1,1,1,0,changed_mind
S-027925,Web,1,1,1,0,payment_fail
S-027926,Web,1,1,1,0,checkout_friction
S-027927,App,1,1,0,0,shipping_cost
S-027928,Web,1,1,1,0,payment_fail
S-027929,App,1,0,0,0,
S-027930,Web,1,1,0,0,payment_fail
S-027931,App,1,0,0,0,
S-027932,Store,1,1,1,0,checkout_friction
S-027933,Web,1,0,0,0,
S-027934,Web,1,1,0,0,checkout_friction
S-027935,Store,1,1,0,0,payment_fail
S-027936,Web,1,1,1,0,payment_fail
S-027937,Store,1,1,0,0,shipping_cost
S-027938,Web,1,1,0,0,payment_fail
S-027939,Web,1,1,0,0,stock_out
S-027940,App,1,1,0,0,payment_fail
S-027941,Web,1,1,1,0,changed_mind
S-027942,Web,1,1,1,0,shipping_cost
S-027943,App,1,1,0,0,shipping_cost
S-027944,Web,1,1,1,0,shipping_cost
S-027945,Web,1,1,0,0,payment_fail
S-027946,Store,1,1,1,0,payment_fail
S-027947,Web,1,0,0,0,
S-027948,Store,1,0,0,0,
S-027949,Web,1,1,1,0,payment_fail
S-027950,Web,1,1,1,0,payment_fail
S-027951,App,1,1,1,0,checkout_friction
S-027952,App,1,1,1,0,payment_fail
S-027953,App,1,0,0,0,
S-027954,Web,1,0,0,0,
S-027955,Web,1,1,1,0,shipping_cost
S-027956,App,1,0,0,0,
S-027957,App,1,1,0,0,payment_fail
S-027958,Web,1,1,1,0,stock_out
S-027959,Web,1,0,0,0,
S-027960,Web,1,0,0,0,
S-027961,Web,1,1,0,0,checkout_friction
S-027962,App,1,0,0,0,
S-027963,Web,1,1,1,0,stock_out
S-027964,App,1,0,0,0,
S-027965,Web,1,1,1,0,changed_mind
S-027966,App,1,0,0,0,
S-027967,Web,1,0,0,0,
S-027968,Web,1,0,0,0,
S-027969,Web,1,1,1,0,stock_out
S-027970,Web,1,1,1,0,shipping_cost
S-027971,Web,1,1,1,0,checkout_friction
S-027972,App,1,1,0,0,stock_out
S-027973,Web,1,1,1,0,payment_fail
S-027974,Web,1,1,0,0,shipping_cost
S-027975,Web,1,1,1,0,payment_fail
S-027976,Web,1,0,0,0,
S-027977,Web,1,1,0,0,payment_fail
S-027978,Web,1,1,0,0,stock_out
S-027979,App,1,0,0,0,
S-027980,Web,1,0,0,0,
S-027981,Web,1,1,1,0,payment_fail
S-027982,Store,1,1,0,0,stock_out
S-027983,App,1,1,1,0,checkout_friction
S-027984,App,1,1,0,0,shipping_cost
S-027985,Web,1,1,1,0,shipping_cost
S-027986,Web,1,1,1,0,changed_mind
S-027987,Web,1,1,0,0,stock_out
S-027988,Web,1,1,0,0,payment_fail
S-027989,App,1,0,0,0,
S-027990,Web,1,1,1,0,payment_fail
S-027991,Web,1,1,1,0,changed_mind
S-027992,Web,1,1,1,0,checkout_friction
S-027993,Web,1,1,1,0,shipping_cost
S-027994,Web,1,1,0,0,shipping_cost
S-027995,Web,1,1,0,0,checkout_friction
S-027996,App,1,0,0,0,
S-027997,Web,1,0,0,0,
S-027998,Web,1,1,1,0,payment_fail
S-027999,Web,1,1,1,0,payment_fail
S-028000,Web,1,1,1,0,changed_mind
S-028001,App,1,1,1,0,payment_fail
S-028002,App,1,0,0,0,
S-028003,Web,1,1,1,0,payment_fail
S-028004,Web,1,1,1,0,changed_mind
S-028005,Web,1,1,0,0,changed_mind
S-028006,Web,1,1,1,0,changed_mind
S-028007,Web,1,1,1,0,shipping_cost
S-028008,Store,1,1,0,0,changed_mind
S-028009,Store,1,1,1,0,changed_mind
S-028010,App,1,0,0,0,
S-028011,Web,1,1,0,0,stock_out
S-028012,Web,1,1,1,0,stock_out
S-028013,Web,1,1,1,0,changed_mind
S-028014,Web,1,1,1,0,checkout_friction
S-028015,Store,1,0,0,0,
S-028016,App,1,1,0,0,stock_out
S-028017,App,1,1,1,0,payment_fail
S-028018,Web,1,1,0,0,checkout_friction
S-028019,Web,1,0,0,0,
S-028020,Web,1,0,0,0,
S-028021,Web,1,1,0,0,checkout_friction
S-028022,Web,1,1,1,0,shipping_cost
S-028023,App,1,1,1,0,payment_fail
S-028024,App,1,0,0,0,
S-028025,Web,1,1,1,0,changed_mind
S-028026,Web,1,1,1,0,shipping_cost
S-028027,App,1,0,0,0,
S-028028,Store,1,1,1,0,stock_out
S-028029,Web,1,1,0,0,changed_mind
S-028030,Store,1,1,0,0,payment_fail
S-028031,Web,1,1,1,0,payment_fail
S-028032,Web,1,1,1,0,checkout_friction
S-028033,App,1,0,0,0,
S-028034,App,1,0,0,0,
S-028035,App,1,1,0,0,payment_fail
S-028036,Web,1,1,0,0,stock_out
S-028037,Web,1,1,1,0,shipping_cost
S-028038,App,1,0,0,0,
S-028039,Web,1,1,1,0,shipping_cost
S-028040,Web,1,1,0,0,changed_mind
S-028041,App,1,1,1,0,payment_fail
S-028042,App,1,0,0,0,
S-028043,Web,1,1,1,0,changed_mind
S-028044,App,1,1,1,0,changed_mind
S-028045,App,1,1,0,0,payment_fail
S-028046,App,1,1,1,0,shipping_cost
S-028047,App,1,0,0,0,
S-028048,Web,1,1,1,0,stock_out
S-028049,Web,1,1,1,0,stock_out
S-028050,App,1,1,1,0,changed_mind
S-028051,Web,1,0,0,0,
S-028052,App,1,1,1,0,stock_out
S-028053,App,1,0,0,0,
S-028054,Web,1,0,0,0,
S-028055,App,1,1,1,0,payment_fail
S-028056,App,1,0,0,0,
S-028057,Web,1,1,0,0,payment_fail
S-028058,Store,1,0,0,0,
S-028059,App,1,1,0,0,changed_mind
S-028060,App,1,1,1,0,changed_mind
S-028061,Web,1,1,0,0,stock_out
S-028062,Web,1,1,0,0,payment_fail
S-028063,Web,1,1,1,0,changed_mind
S-028064,App,1,1,0,0,changed_mind
S-028065,App,1,0,0,0,
S-028066,App,1,1,0,0,payment_fail
S-028067,Web,1,0,0,0,
S-028068,Web,1,1,1,0,changed_mind
S-028069,App,1,1,0,0,changed_mind
S-028070,App,1,0,0,0,
S-028071,Web,1,0,0,0,
S-028072,Web,1,1,0,0,payment_fail
S-028073,App,1,1,1,0,shipping_cost
S-028074,Web,1,0,0,0,
S-028075,App,1,1,1,0,payment_fail
S-028076,Web,1,1,1,0,checkout_friction
S-028077,App,1,1,0,0,payment_fail
S-028078,Web,1,1,0,0,payment_fail
S-028079,App,1,0,0,0,
S-028080,Web,1,1,1,0,payment_fail
S-028081,Web,1,1,0,0,payment_fail
S-028082,Web,1,0,0,0,
S-028083,App,1,1,1,0,payment_fail
S-028084,Web,1,0,0,0,
S-028085,Web,1,0,0,0,
S-028086,Web,1,1,1,0,changed_mind
S-028087,Web,1,1,0,0,payment_fail
S-028088,App,1,1,1,0,shipping_cost
S-028089,App,1,1,0,0,payment_fail
S-028090,Web,1,1,0,0,shipping_cost
S-028091,Web,1,1,0,0,payment_fail
S-028092,Web,1,1,0,0,changed_mind
S-028093,Web,1,0,0,0,
S-028094,Web,1,1,0,0,changed_mind
S-028095,Web,1,0,0,0,
S-028096,Web,1,1,1,0,stock_out
S-028097,Web,1,0,0,0,
S-028098,Web,1,0,0,0,
S-028099,Store,1,0,0,0,
S-028100,App,1,1,1,0,payment_fail
S-028101,Web,1,1,0,0,checkout_friction
S-028102,Web,1,1,0,0,changed_mind
S-028103,App,1,1,1,0,payment_fail
S-028104,Web,1,1,1,0,shipping_cost
S-028105,Web,1,1,1,0,stock_out
S-028106,Store,1,0,0,0,
S-028107,Web,1,1,1,0,shipping_cost
S-028108,App,1,0,0,0,
S-028109,Web,1,1,1,0,shipping_cost
S-028110,Web,1,0,0,0,
S-028111,Web,1,0,0,0,
S-028112,App,1,1,0,0,changed_mind
S-028113,App,1,1,0,0,payment_fail
S-028114,App,1,1,1,0,checkout_friction
S-028115,Web,1,0,0,0,
S-028116,Web,1,1,1,0,payment_fail
S-028117,Web,1,1,1,0,payment_fail
S-028118,Web,1,1,0,0,payment_fail
S-028119,Web,1,1,0,0,shipping_cost
S-028120,Web,1,1,1,0,checkout_friction
S-028121,App,1,1,0,0,stock_out
S-028122,App,1,0,0,0,
S-028123,App,1,1,1,0,checkout_friction
S-028124,App,1,0,0,0,
S-028125,Web,1,1,0,0,changed_mind
S-028126,Web,1,0,0,0,
S-028127,Web,1,1,1,0,shipping_cost
S-028128,Store,1,1,1,0,shipping_cost
S-028129,Web,1,1,0,0,payment_fail
S-028130,Web,1,1,1,0,checkout_friction
S-028131,App,1,0,0,0,
S-028132,Store,1,0,0,0,
S-028133,App,1,1,1,0,shipping_cost
S-028134,Store,1,0,0,0,
S-028135,App,1,1,1,0,shipping_cost
S-028136,Web,1,1,0,0,changed_mind
S-028137,App,1,0,0,0,
S-028138,App,1,1,0,0,stock_out
S-028139,Web,1,1,1,0,payment_fail
S-028140,Web,1,1,1,0,stock_out
S-028141,App,1,0,0,0,
S-028142,App,1,0,0,0,
S-028143,App,1,0,0,0,
S-028144,Web,1,0,0,0,
S-028145,App,1,1,1,0,stock_out
S-028146,App,1,1,0,0,stock_out
S-028147,App,1,0,0,0,
S-028148,Web,1,0,0,0,
S-028149,Store,1,1,0,0,payment_fail
S-028150,Store,1,1,0,0,payment_fail
S-028151,App,1,1,1,0,shipping_cost
S-028152,App,1,1,0,0,checkout_friction
S-028153,App,1,1,1,0,checkout_friction
S-028154,App,1,1,1,0,changed_mind
S-028155,App,1,1,0,0,payment_fail
S-028156,Web,1,0,0,0,
S-028157,Store,1,1,1,0,payment_fail
S-028158,Web,1,0,0,0,
S-028159,App,1,1,0,0,changed_mind
S-028160,App,1,1,1,0,payment_fail
S-028161,App,1,1,0,0,changed_mind
S-028162,App,1,1,0,0,stock_out
S-028163,Web,1,1,1,0,shipping_cost
S-028164,Store,1,1,0,0,shipping_cost
S-028165,App,1,0,0,0,
S-028166,App,1,0,0,0,
S-028167,Web,1,0,0,0,
S-028168,Web,1,1,1,0,payment_fail
S-028169,Web,1,1,0,0,payment_fail
S-028170,Web,1,1,0,0,changed_mind
S-028171,Web,1,1,1,0,shipping_cost
S-028172,Web,1,1,0,0,payment_fail
S-028173,Web,1,0,0,0,
S-028174,App,1,1,1,0,payment_fail
S-028175,App,1,0,0,0,
S-028176,App,1,1,0,0,payment_fail
S-028177,App,1,1,0,0,changed_mind
S-028178,App,1,1,0,0,changed_mind
S-028179,Store,1,1,1,0,changed_mind
S-028180,App,1,1,0,0,changed_mind
S-028181,Store,1,0,0,0,
S-028182,Web,1,0,0,0,
S-028183,Store,1,1,1,0,payment_fail
S-028184,Web,1,1,0,0,changed_mind
S-028185,Web,1,1,1,0,payment_fail
S-028186,Web,1,1,1,0,checkout_friction
S-028187,App,1,1,1,0,payment_fail
S-028188,App,1,0,0,0,
S-028189,Web,1,0,0,0,
S-028190,Web,1,1,0,0,shipping_cost
S-028191,App,1,1,0,0,payment_fail
S-028192,Store,1,1,1,0,stock_out
S-028193,App,1,1,1,0,payment_fail
S-028194,Store,1,1,1,0,checkout_friction
S-028195,Web,1,1,1,0,payment_fail
S-028196,App,1,1,1,0,stock_out
S-028197,Web,1,1,1,0,changed_mind
S-028198,App,1,1,1,0,payment_fail
S-028199,Web,1,1,0,0,payment_fail
S-028200,Web,1,0,0,0,
S-028201,App,1,1,0,0,shipping_cost
S-028202,App,1,1,1,0,stock_out
S-028203,Store,1,1,1,0,checkout_friction
S-028204,Store,1,0,0,0,
S-028205,Store,1,1,1,0,payment_fail
S-028206,Web,1,1,1,0,shipping_cost
S-028207,App,1,1,1,0,payment_fail
S-028208,Web,1,1,0,0,payment_fail
S-028209,App,1,1,1,0,changed_mind
S-028210,Web,1,0,0,0,
S-028211,Web,1,1,1,0,shipping_cost
S-028212,App,1,1,1,0,payment_fail
S-028213,App,1,1,1,0,checkout_friction
S-028214,Web,1,1,0,0,stock_out
S-028215,Web,1,1,0,0,stock_out
S-028216,Web,1,1,0,0,payment_fail
S-028217,App,1,1,0,0,checkout_friction
S-028218,Web,1,1,0,0,changed_mind
S-028219,Web,1,1,1,0,changed_mind
S-028220,Store,1,1,1,0,payment_fail
S-028221,App,1,0,0,0,
S-028222,Web,1,1,1,0,checkout_friction
S-028223,App,1,1,0,0,changed_mind
S-028224,Web,1,0,0,0,
S-028225,App,1,1,0,0,stock_out
S-028226,App,1,1,0,0,changed_mind
S-028227,Web,1,1,1,0,stock_out
S-028228,App,1,1,1,0,changed_mind
S-028229,Web,1,1,0,0,checkout_friction
S-028230,Web,1,1,1,0,payment_fail
S-028231,Web,1,1,0,0,payment_fail
S-028232,App,1,1,1,0,stock_out
S-028233,App,1,1,0,0,changed_mind
S-028234,Store,1,1,1,0,changed_mind
S-028235,Store,1,1,0,0,stock_out
S-028236,Store,1,1,1,0,changed_mind
S-028237,Web,1,0,0,0,
S-028238,App,1,1,0,0,stock_out
S-028239,App,1,1,1,0,shipping_cost
S-028240,App,1,1,1,0,checkout_friction
S-028241,Web,1,1,1,0,payment_fail
S-028242,Web,1,1,1,0,changed_mind
S-028243,Web,1,0,0,0,
S-028244,App,1,1,0,0,checkout_friction
S-028245,Store,1,0,0,0,
S-028246,App,1,0,0,0,
S-028247,Web,1,0,0,0,
S-028248,Web,1,1,1,0,payment_fail
S-028249,App,1,1,0,0,shipping_cost
S-028250,Store,1,1,0,0,shipping_cost
S-028251,Web,1,1,0,0,changed_mind
S-028252,Web,1,0,0,0,
S-028253,App,1,1,1,0,shipping_cost
S-028254,Store,1,1,0,0,payment_fail
S-028255,App,1,1,1,0,checkout_friction
S-028256,Web,1,1,1,0,payment_fail
S-028257,Web,1,0,0,0,
S-028258,Web,1,1,1,0,changed_mind
S-028259,Web,1,0,0,0,
S-028260,App,1,1,1,0,changed_mind
S-028261,Web,1,1,1,0,payment_fail
S-028262,Store,1,1,0,0,payment_fail
S-028263,Web,1,0,0,0,
S-028264,Web,1,1,1,0,checkout_friction
S-028265,Store,1,1,1,0,changed_mind
S-028266,Web,1,1,0,0,payment_fail
S-028267,App,1,1,0,0,stock_out
S-028268,App,1,1,0,0,changed_mind
S-028269,App,1,1,1,0,payment_fail
S-028270,Web,1,0,0,0,
S-028271,App,1,1,0,0,changed_mind
S-028272,Web,1,1,0,0,shipping_cost
S-028273,Web,1,0,0,0,
S-028274,Store,1,1,0,0,payment_fail
S-028275,Web,1,1,1,0,checkout_friction
S-028276,App,1,1,1,0,shipping_cost
S-028277,App,1,0,0,0,
S-028278,App,1,0,0,0,
S-028279,App,1,0,0,0,
S-028280,Store,1,1,1,0,shipping_cost
S-028281,Store,1,1,1,0,payment_fail
S-028282,Web,1,1,1,0,stock_out
S-028283,App,1,1,0,0,stock_out
S-028284,Web,1,0,0,0,
S-028285,App,1,0,0,0,
S-028286,Web,1,0,0,0,
S-028287,Web,1,1,0,0,checkout_friction
S-028288,Web,1,0,0,0,
S-028289,Web,1,1,1,0,payment_fail
S-028290,Web,1,1,0,0,stock_out
S-028291,Web,1,0,0,0,
S-028292,App,1,1,1,0,changed_mind
S-028293,Web,1,1,1,0,shipping_cost
S-028294,Web,1,1,0,0,payment_fail
S-028295,App,1,0,0,0,
S-028296,Web,1,0,0,0,
S-028297,Web,1,0,0,0,
S-028298,App,1,1,1,0,stock_out
S-028299,Web,1,1,0,0,payment_fail
S-028300,Web,1,1,0,0,changed_mind
S-028301,Web,1,0,0,0,
S-028302,Web,1,1,0,0,changed_mind
S-028303,Web,1,1,1,0,payment_fail
S-028304,App,1,0,0,0,
S-028305,Web,1,1,0,0,checkout_friction
S-028306,App,1,1,1,0,stock_out
S-028307,Store,1,1,0,0,shipping_cost
S-028308,Web,1,1,0,0,changed_mind
S-028309,App,1,1,1,0,shipping_cost
S-028310,Web,1,0,0,0,
S-028311,Web,1,0,0,0,
S-028312,Web,1,1,0,0,stock_out
S-028313,Web,1,1,0,0,payment_fail
S-028314,Web,1,1,1,0,shipping_cost
S-028315,Web,1,1,0,0,shipping_cost
S-028316,App,1,0,0,0,
S-028317,App,1,0,0,0,
S-028318,Store,1,0,0,0,
S-028319,Web,1,1,0,0,shipping_cost
S-028320,App,1,1,1,0,shipping_cost
S-028321,Web,1,0,0,0,
S-028322,App,1,1,0,0,payment_fail
S-028323,App,1,1,1,0,checkout_friction
S-028324,Web,1,0,0,0,
S-028325,App,1,0,0,0,
S-028326,App,1,1,1,0,payment_fail
S-028327,App,1,1,0,0,payment_fail
S-028328,Web,1,1,1,0,shipping_cost
S-028329,App,1,1,1,0,changed_mind
S-028330,Web,1,0,0,0,
S-028331,Web,1,1,0,0,payment_fail
S-028332,App,1,1,1,0,changed_mind
S-028333,Web,1,1,0,0,stock_out
S-028334,App,1,1,0,0,payment_fail
S-028335,Web,1,1,0,0,checkout_friction
S-028336,Store,1,1,0,0,shipping_cost
S-028337,App,1,1,0,0,changed_mind
S-028338,Web,1,1,0,0,payment_fail
S-028339,App,1,0,0,0,
S-028340,Web,1,1,1,0,stock_out
S-028341,Web,1,0,0,0,
S-028342,Web,1,0,0,0,
S-028343,Web,1,0,0,0,
S-028344,App,1,1,0,0,stock_out
S-028345,App,1,1,0,0,payment_fail
S-028346,Web,1,1,1,0,payment_fail
S-028347,App,1,1,0,0,shipping_cost
S-028348,App,1,0,0,0,
S-028349,Store,1,0,0,0,
S-028350,Store,1,1,0,0,payment_fail
S-028351,Web,1,1,1,0,checkout_friction
S-028352,Web,1,0,0,0,
S-028353,Web,1,0,0,0,
S-028354,Web,1,1,1,0,changed_mind
S-028355,Store,1,0,0,0,
S-028356,App,1,1,0,0,changed_mind
S-028357,Web,1,0,0,0,
S-028358,App,1,1,1,0,checkout_friction
S-028359,App,1,1,0,0,stock_out
S-028360,Web,1,1,1,0,stock_out
S-028361,Web,1,0,0,0,
S-028362,App,1,1,0,0,shipping_cost
S-028363,Web,1,1,1,0,shipping_cost
S-028364,App,1,0,0,0,
S-028365,Web,1,1,1,0,shipping_cost
S-028366,App,1,0,0,0,
S-028367,Web,1,1,1,0,shipping_cost
S-028368,App,1,1,0,0,shipping_cost
S-028369,Web,1,1,0,0,payment_fail
S-028370,Web,1,1,0,0,shipping_cost
S-028371,Web,1,1,0,0,shipping_cost
S-028372,App,1,1,0,0,shipping_cost
S-028373,Web,1,1,0,0,payment_fail
S-028374,App,1,0,0,0,
S-028375,Web,1,1,0,0,shipping_cost
S-028376,App,1,1,1,0,shipping_cost
S-028377,Store,1,1,0,0,stock_out
S-028378,App,1,1,1,0,stock_out
S-028379,App,1,1,1,0,payment_fail
S-028380,App,1,0,0,0,
S-028381,Store,1,1,0,0,payment_fail
S-028382,App,1,0,0,0,
S-028383,Web,1,1,0,0,shipping_cost
S-028384,App,1,1,0,0,payment_fail
S-028385,Web,1,1,0,0,shipping_cost
S-028386,App,1,1,0,0,checkout_friction
S-028387,App,1,1,1,0,payment_fail
S-028388,Web,1,0,0,0,
S-028389,App,1,0,0,0,
S-028390,Web,1,1,1,0,shipping_cost
S-028391,App,1,1,1,0,stock_out
S-028392,App,1,1,0,0,changed_mind
S-028393,Web,1,0,0,0,
S-028394,Store,1,1,0,0,payment_fail
S-028395,App,1,0,0,0,
S-028396,Web,1,0,0,0,
S-028397,App,1,1,1,0,payment_fail
S-028398,Web,1,1,1,0,checkout_friction
S-028399,Web,1,0,0,0,
S-028400,App,1,1,1,0,payment_fail
S-028401,Store,1,1,0,0,changed_mind
S-028402,App,1,0,0,0,
S-028403,Store,1,0,0,0,
S-028404,Web,1,1,1,0,stock_out
S-028405,App,1,0,0,0,
S-028406,Web,1,1,1,0,payment_fail
S-028407,Store,1,0,0,0,
S-028408,App,1,1,1,0,stock_out
S-028409,App,1,1,0,0,payment_fail
S-028410,Web,1,0,0,0,
S-028411,App,1,0,0,0,
S-028412,Web,1,0,0,0,
S-028413,Web,1,0,0,0,
S-028414,App,1,1,1,0,shipping_cost
S-028415,Web,1,0,0,0,
S-028416,App,1,1,0,0,shipping_cost
S-028417,App,1,0,0,0,
S-028418,App,1,1,0,0,checkout_friction
S-028419,Store,1,1,0,0,payment_fail
S-028420,App,1,0,0,0,
S-028421,App,1,1,1,0,payment_fail
S-028422,App,1,1,1,0,checkout_friction
S-028423,Web,1,1,1,0,payment_fail
S-028424,Web,1,1,0,0,checkout_friction
S-028425,App,1,1,1,0,changed_mind
S-028426,App,1,0,0,0,
S-028427,Web,1,1,0,0,changed_mind
S-028428,Store,1,1,0,0,stock_out
S-028429,Web,1,1,1,0,stock_out
S-028430,App,1,1,0,0,payment_fail
S-028431,Web,1,1,1,0,checkout_friction
S-028432,App,1,1,1,0,checkout_friction
S-028433,App,1,1,1,0,checkout_friction
S-028434,Web,1,1,0,0,changed_mind
S-028435,Web,1,0,0,0,
S-028436,Web,1,1,0,0,changed_mind
S-028437,App,1,1,0,0,changed_mind
S-028438,Web,1,0,0,0,
S-028439,Web,1,1,0,0,payment_fail
S-028440,Web,1,1,1,0,shipping_cost
S-028441,Store,1,1,1,0,changed_mind
S-028442,Web,1,1,0,0,changed_mind
S-028443,Web,1,1,0,0,shipping_cost
S-028444,Web,1,0,0,0,
S-028445,Web,1,0,0,0,
S-028446,Store,1,1,1,0,shipping_cost
S-028447,Web,1,1,1,0,changed_mind
S-028448,Web,1,1,1,0,shipping_cost
S-028449,Web,1,1,1,0,checkout_friction
S-028450,App,1,1,0,0,stock_out
S-028451,Web,1,1,0,0,payment_fail
S-028452,Web,1,1,0,0,payment_fail
S-028453,App,1,1,1,0,changed_mind
S-028454,Store,1,1,1,0,shipping_cost
S-028455,Web,1,0,0,0,
S-028456,Store,1,1,1,0,stock_out
S-028457,Web,1,1,0,0,payment_fail
S-028458,App,1,1,0,0,payment_fail
S-028459,App,1,1,1,0,shipping_cost
S-028460,Web,1,1,0,0,stock_out
S-028461,App,1,1,1,0,checkout_friction
S-028462,App,1,1,1,0,checkout_friction
S-028463,App,1,1,0,0,shipping_cost
S-028464,App,1,0,0,0,
S-028465,App,1,1,0,0,stock_out
S-028466,Web,1,1,0,0,payment_fail
S-028467,Web,1,1,1,0,changed_mind
S-028468,Web,1,0,0,0,
S-028469,App,1,0,0,0,
S-028470,App,1,1,1,0,checkout_friction
S-028471,Store,1,0,0,0,
S-028472,Web,1,1,1,0,shipping_cost
S-028473,App,1,1,1,0,checkout_friction
S-028474,App,1,1,0,0,payment_fail
S-028475,Web,1,0,0,0,
S-028476,Web,1,1,1,0,payment_fail
S-028477,App,1,1,1,0,changed_mind
S-028478,Web,1,0,0,0,
S-028479,Web,1,0,0,0,
S-028480,Web,1,1,0,0,checkout_friction
S-028481,Store,1,1,1,0,shipping_cost
S-028482,Web,1,1,1,0,stock_out
S-028483,Web,1,0,0,0,
S-028484,Web,1,1,1,0,payment_fail
S-028485,Web,1,1,1,0,stock_out
S-028486,App,1,0,0,0,
S-028487,Web,1,0,0,0,
S-028488,Web,1,1,1,0,changed_mind
S-028489,Store,1,1,1,0,payment_fail
S-028490,Web,1,0,0,0,
S-028491,Store,1,1,1,0,stock_out
S-028492,Web,1,0,0,0,
S-028493,Web,1,1,1,0,stock_out
S-028494,Web,1,1,1,0,changed_mind
S-028495,Web,1,1,0,0,payment_fail
S-028496,App,1,0,0,0,
S-028497,App,1,1,1,0,payment_fail
S-028498,App,1,1,0,0,checkout_friction
S-028499,Web,1,1,1,0,changed_mind
S-028500,Web,1,0,0,0,
S-028501,Web,1,1,1,0,stock_out
S-028502,Web,1,1,0,0,changed_mind
S-028503,Web,1,1,0,0,stock_out
S-028504,App,1,1,0,0,payment_fail
S-028505,App,1,1,1,0,shipping_cost
S-028506,App,1,0,0,0,
S-028507,Store,1,1,1,0,changed_mind
S-028508,App,1,1,1,0,payment_fail
S-028509,Store,1,0,0,0,
S-028510,App,1,1,1,0,payment_fail
S-028511,App,1,1,1,0,changed_mind
S-028512,App,1,1,0,0,checkout_friction
S-028513,App,1,1,0,0,changed_mind
S-028514,App,1,0,0,0,
S-028515,Web,1,1,1,0,payment_fail
S-028516,App,1,0,0,0,
S-028517,Web,1,1,1,0,checkout_friction
S-028518,Web,1,0,0,0,
S-028519,Store,1,1,0,0,payment_fail
S-028520,Web,1,0,0,0,
S-028521,Web,1,1,0,0,payment_fail
S-028522,App,1,1,0,0,checkout_friction
S-028523,Web,1,0,0,0,
S-028524,App,1,1,0,0,stock_out
S-028525,Web,1,1,1,0,checkout_friction
S-028526,Web,1,1,1,0,stock_out
S-028527,Web,1,1,1,0,changed_mind
S-028528,Web,1,1,1,0,shipping_cost
S-028529,Web,1,1,1,0,shipping_cost
S-028530,Web,1,1,1,0,checkout_friction
S-028531,Web,1,1,1,0,checkout_friction
S-028532,App,1,1,1,0,shipping_cost
S-028533,Web,1,1,1,0,shipping_cost
S-028534,Web,1,1,0,0,shipping_cost
S-028535,Web,1,1,0,0,shipping_cost
S-028536,Web,1,1,0,0,checkout_friction
S-028537,Web,1,1,1,0,payment_fail
S-028538,App,1,1,0,0,shipping_cost
S-028539,Web,1,1,1,0,checkout_friction
S-028540,App,1,1,1,0,changed_mind
S-028541,Web,1,1,0,0,shipping_cost
S-028542,Web,1,1,1,0,shipping_cost
S-028543,App,1,1,0,0,payment_fail
S-028544,Web,1,1,0,0,payment_fail
S-028545,Store,1,1,0,0,payment_fail
S-028546,Web,1,1,0,0,payment_fail
S-028547,App,1,1,1,0,payment_fail
S-028548,App,1,1,1,0,shipping_cost
S-028549,Web,1,1,1,0,payment_fail
S-028550,Web,1,1,1,0,checkout_friction
S-028551,App,1,0,0,0,
S-028552,Web,1,1,1,0,payment_fail
S-028553,Web,1,0,0,0,
S-028554,Web,1,1,1,0,shipping_cost
S-028555,Web,1,1,0,0,checkout_friction
S-028556,App,1,0,0,0,
S-028557,Store,1,1,0,0,payment_fail
S-028558,App,1,0,0,0,
S-028559,App,1,0,0,0,
S-028560,Store,1,1,1,0,shipping_cost
S-028561,App,1,1,1,0,stock_out
S-028562,App,1,1,1,0,changed_mind
S-028563,Web,1,1,1,0,payment_fail
S-028564,Web,1,1,0,0,stock_out
S-028565,Web,1,1,1,0,changed_mind
S-028566,Web,1,1,0,0,shipping_cost
S-028567,Web,1,1,1,0,payment_fail
S-028568,App,1,1,0,0,payment_fail
S-028569,Web,1,1,1,0,stock_out
S-028570,Web,1,0,0,0,
S-028571,App,1,0,0,0,
S-028572,App,1,0,0,0,
S-028573,Web,1,1,1,0,shipping_cost
S-028574,App,1,1,0,0,payment_fail
S-028575,Store,1,1,1,0,changed_mind
S-028576,App,1,1,1,0,checkout_friction
S-028577,App,1,1,0,0,payment_fail
S-028578,Web,1,1,1,0,payment_fail
S-028579,Store,1,1,0,0,shipping_cost
S-028580,App,1,1,0,0,changed_mind
S-028581,Web,1,1,1,0,shipping_cost
S-028582,App,1,1,1,0,checkout_friction
S-028583,App,1,0,0,0,
S-028584,App,1,0,0,0,
S-028585,Store,1,1,1,0,payment_fail
S-028586,Web,1,1,0,0,shipping_cost
S-028587,App,1,1,0,0,shipping_cost
S-028588,App,1,1,0,0,shipping_cost
S-028589,App,1,1,1,0,shipping_cost
S-028590,Web,1,1,0,0,stock_out
S-028591,App,1,1,1,0,shipping_cost
S-028592,Web,1,1,1,0,stock_out
S-028593,Web,1,1,1,0,payment_fail
S-028594,App,1,1,0,0,changed_mind
S-028595,App,1,1,1,0,shipping_cost
S-028596,Web,1,1,0,0,changed_mind
S-028597,App,1,1,1,0,payment_fail
S-028598,Web,1,1,1,0,checkout_friction
S-028599,Web,1,1,1,0,checkout_friction
S-028600,Web,1,0,0,0,
S-028601,App,1,0,0,0,
S-028602,Store,1,1,1,0,stock_out
S-028603,Web,1,0,0,0,
S-028604,App,1,1,1,0,checkout_friction
S-028605,Store,1,1,0,0,payment_fail
S-028606,Web,1,1,1,0,changed_mind
S-028607,Store,1,1,1,0,shipping_cost
S-028608,Store,1,1,1,0,checkout_friction
S-028609,Web,1,1,1,0,payment_fail
S-028610,App,1,1,1,0,payment_fail
S-028611,App,1,1,1,0,changed_mind
S-028612,Web,1,0,0,0,
S-028613,App,1,0,0,0,
S-028614,Web,1,0,0,0,
S-028615,Web,1,0,0,0,
S-028616,Web,1,0,0,0,
S-028617,Web,1,1,0,0,payment_fail
S-028618,Web,1,0,0,0,
S-028619,Web,1,1,0,0,stock_out
S-028620,Web,1,1,0,0,payment_fail
S-028621,App,1,1,1,0,changed_mind
S-028622,Web,1,1,0,0,checkout_friction
S-028623,Web,1,1,0,0,changed_mind
S-028624,Store,1,1,1,0,payment_fail
S-028625,App,1,1,0,0,payment_fail
S-028626,App,1,0,0,0,
S-028627,Web,1,1,0,0,payment_fail
S-028628,App,1,1,1,0,payment_fail
S-028629,Web,1,1,0,0,changed_mind
S-028630,Web,1,1,0,0,shipping_cost
S-028631,App,1,0,0,0,
S-028632,App,1,1,0,0,payment_fail
S-028633,Web,1,0,0,0,
S-028634,App,1,1,0,0,payment_fail
S-028635,Web,1,1,1,0,checkout_friction
S-028636,Web,1,1,0,0,payment_fail
S-028637,App,1,1,0,0,shipping_cost
S-028638,Web,1,1,1,0,shipping_cost
S-028639,Web,1,0,0,0,
S-028640,App,1,1,1,0,payment_fail
S-028641,Web,1,1,1,0,checkout_friction
S-028642,Web,1,1,1,0,payment_fail
S-028643,Web,1,1,1,0,changed_mind
S-028644,App,1,1,1,0,changed_mind
S-028645,App,1,1,1,0,stock_out
S-028646,App,1,0,0,0,
S-028647,App,1,1,0,0,changed_mind
S-028648,Web,1,1,1,0,stock_out
S-028649,Store,1,1,0,0,shipping_cost
S-028650,Web,1,1,0,0,shipping_cost
S-028651,Store,1,1,1,0,stock_out
S-028652,App,1,0,0,0,
S-028653,Web,1,0,0,0,
S-028654,Web,1,1,0,0,changed_mind
S-028655,Store,1,0,0,0,
S-028656,App,1,1,0,0,changed_mind
S-028657,App,1,0,0,0,
S-028658,App,1,1,0,0,payment_fail
S-028659,Store,1,0,0,0,
S-028660,Web,1,1,0,0,payment_fail
S-028661,App,1,1,1,0,shipping_cost
S-028662,App,1,1,1,0,payment_fail
S-028663,Web,1,1,0,0,shipping_cost
S-028664,Web,1,1,1,0,payment_fail
S-028665,Store,1,0,0,0,
S-028666,Web,1,1,1,0,changed_mind
S-028667,Web,1,1,1,0,stock_out
S-028668,Web,1,1,0,0,changed_mind
S-028669,App,1,1,0,0,changed_mind
S-028670,Web,1,0,0,0,
S-028671,Web,1,1,0,0,payment_fail
S-028672,Web,1,1,0,0,payment_fail
S-028673,Web,1,1,1,0,changed_mind
S-028674,Web,1,1,1,0,stock_out
S-028675,Store,1,1,1,0,stock_out
S-028676,Web,1,1,1,0,changed_mind
S-028677,App,1,0,0,0,
S-028678,Web,1,1,0,0,stock_out
S-028679,App,1,1,1,0,stock_out
S-028680,Store,1,1,1,0,stock_out
S-028681,Web,1,1,0,0,stock_out
S-028682,Web,1,1,1,0,payment_fail
S-028683,App,1,1,0,0,payment_fail
S-028684,App,1,0,0,0,
S-028685,Web,1,1,0,0,shipping_cost
S-028686,App,1,0,0,0,
S-028687,Web,1,0,0,0,
S-028688,Web,1,0,0,0,
S-028689,App,1,1,0,0,changed_mind
S-028690,Web,1,0,0,0,
S-028691,App,1,1,1,0,stock_out
S-028692,Web,1,1,1,0,shipping_cost
S-028693,Web,1,1,1,0,payment_fail
S-028694,App,1,0,0,0,
S-028695,Web,1,1,0,0,stock_out
S-028696,Store,1,0,0,0,
S-028697,Store,1,1,0,0,payment_fail
S-028698,App,1,0,0,0,
S-028699,Web,1,1,0,0,stock_out
S-028700,App,1,1,0,0,payment_fail
S-028701,Web,1,1,0,0,shipping_cost
S-028702,App,1,1,1,0,shipping_cost
S-028703,Web,1,1,1,0,shipping_cost
S-028704,Web,1,1,0,0,payment_fail
S-028705,Web,1,1,1,0,payment_fail
S-028706,App,1,1,1,0,shipping_cost
S-028707,Web,1,1,1,0,shipping_cost
S-028708,Web,1,0,0,0,
S-028709,Web,1,0,0,0,
S-028710,Web,1,1,0,0,stock_out
S-028711,Store,1,0,0,0,
S-028712,Store,1,1,0,0,payment_fail
S-028713,Web,1,1,0,0,shipping_cost
S-028714,App,1,0,0,0,
S-028715,Web,1,0,0,0,
S-028716,Web,1,1,1,0,payment_fail
S-028717,App,1,1,1,0,checkout_friction
S-028718,Web,1,1,0,0,stock_out
S-028719,Web,1,0,0,0,
S-028720,App,1,1,1,0,checkout_friction
S-028721,Store,1,0,0,0,
S-028722,App,1,0,0,0,
S-028723,Web,1,1,0,0,checkout_friction
S-028724,App,1,1,0,0,shipping_cost
S-028725,Web,1,1,0,0,changed_mind
S-028726,App,1,0,0,0,
S-028727,Web,1,0,0,0,
S-028728,App,1,1,0,0,shipping_cost
S-028729,App,1,1,0,0,checkout_friction
S-028730,Web,1,1,1,0,shipping_cost
S-028731,Web,1,0,0,0,
S-028732,Web,1,1,0,0,shipping_cost
S-028733,Store,1,1,0,0,checkout_friction
S-028734,App,1,1,1,0,stock_out
S-028735,Web,1,1,1,0,checkout_friction
S-028736,App,1,0,0,0,
S-028737,App,1,1,1,0,payment_fail
S-028738,Web,1,1,0,0,payment_fail
S-028739,Web,1,1,1,0,shipping_cost
S-028740,Store,1,1,0,0,shipping_cost
S-028741,Web,1,1,0,0,shipping_cost
S-028742,Store,1,1,1,0,shipping_cost
S-028743,App,1,1,0,0,stock_out
S-028744,Web,1,1,0,0,payment_fail
S-028745,App,1,1,1,0,changed_mind
S-028746,App,1,1,1,0,checkout_friction
S-028747,Web,1,1,1,0,changed_mind
S-028748,App,1,1,1,0,shipping_cost
S-028749,App,1,1,1,0,payment_fail
S-028750,App,1,1,0,0,payment_fail
S-028751,Web,1,1,1,0,stock_out
S-028752,Store,1,1,0,0,shipping_cost
S-028753,Web,1,1,0,0,payment_fail
S-028754,Web,1,1,0,0,checkout_friction
S-028755,Web,1,1,1,0,changed_mind
S-028756,App,1,1,1,0,stock_out
S-028757,Web,1,1,0,0,shipping_cost
S-028758,Store,1,0,0,0,
S-028759,Web,1,1,1,0,checkout_friction
S-028760,Web,1,1,0,0,payment_fail
S-028761,Web,1,1,0,0,payment_fail
S-028762,App,1,1,0,0,checkout_friction
S-028763,Store,1,1,0,0,checkout_friction
S-028764,Web,1,0,0,0,
S-028765,Web,1,1,1,0,shipping_cost
S-028766,App,1,1,1,0,payment_fail
S-028767,Store,1,1,1,0,shipping_cost
S-028768,Web,1,1,1,0,stock_out
S-028769,App,1,0,0,0,
S-028770,Web,1,1,1,0,stock_out
S-028771,Web,1,1,1,0,shipping_cost
S-028772,App,1,1,1,0,payment_fail
S-028773,Store,1,1,0,0,changed_mind
S-028774,Web,1,1,1,0,stock_out
S-028775,Web,1,0,0,0,
S-028776,Web,1,1,1,0,shipping_cost
S-028777,Web,1,1,0,0,changed_mind
S-028778,Web,1,1,1,0,checkout_friction
S-028779,Web,1,1,0,0,payment_fail
S-028780,Web,1,1,0,0,changed_mind
S-028781,Web,1,1,1,0,changed_mind
S-028782,Store,1,1,1,0,changed_mind
S-028783,App,1,1,0,0,checkout_friction
S-028784,App,1,0,0,0,
S-028785,Web,1,1,0,0,changed_mind
S-028786,Web,1,1,1,0,changed_mind
S-028787,Web,1,1,1,0,payment_fail
S-028788,App,1,0,0,0,
S-028789,Web,1,1,0,0,stock_out
S-028790,Web,1,1,0,0,payment_fail
S-028791,App,1,1,0,0,payment_fail
S-028792,Web,1,1,1,0,shipping_cost
S-028793,App,1,0,0,0,
S-028794,Web,1,0,0,0,
S-028795,Web,1,1,0,0,changed_mind
S-028796,Web,1,1,0,0,checkout_friction
S-028797,App,1,1,0,0,stock_out
S-028798,Web,1,1,0,0,stock_out
S-028799,Web,1,1,0,0,shipping_cost
S-028800,Web,1,1,1,0,changed_mind
S-028801,App,1,1,0,0,checkout_friction
S-028802,App,1,1,0,0,shipping_cost
S-028803,App,1,1,1,0,stock_out
S-028804,App,1,1,0,0,changed_mind
S-028805,App,1,1,1,0,payment_fail
S-028806,Web,1,1,0,0,changed_mind
S-028807,App,1,1,1,0,payment_fail
S-028808,Web,1,1,1,0,payment_fail
S-028809,Web,1,1,0,0,payment_fail
S-028810,Web,1,1,0,0,payment_fail
S-028811,Web,1,1,1,0,shipping_cost
S-028812,Store,1,1,1,0,checkout_friction
S-028813,Web,1,0,0,0,
S-028814,Web,1,1,1,0,shipping_cost
S-028815,App,1,1,1,0,stock_out
S-028816,Web,1,1,1,0,changed_mind
S-028817,App,1,1,1,0,payment_fail
S-028818,Web,1,0,0,0,
S-028819,Web,1,1,0,0,payment_fail
S-028820,App,1,1,1,0,checkout_friction
S-028821,Web,1,1,0,0,changed_mind
S-028822,App,1,0,0,0,
S-028823,Web,1,1,1,0,checkout_friction
S-028824,Web,1,0,0,0,
S-028825,App,1,1,1,0,shipping_cost
S-028826,Web,1,0,0,0,
S-028827,Store,1,1,0,0,stock_out
S-028828,Web,1,1,1,0,stock_out
S-028829,App,1,1,1,0,checkout_friction
S-028830,Web,1,1,1,0,payment_fail
S-028831,App,1,1,1,0,checkout_friction
S-028832,Store,1,1,0,0,shipping_cost
S-028833,App,1,0,0,0,
S-028834,App,1,0,0,0,
S-028835,App,1,1,1,0,stock_out
S-028836,Web,1,1,0,0,changed_mind
S-028837,App,1,1,0,0,changed_mind
S-028838,Web,1,1,0,0,shipping_cost
S-028839,Web,1,1,1,0,stock_out
S-028840,Web,1,0,0,0,
S-028841,Web,1,0,0,0,
S-028842,App,1,1,0,0,payment_fail
S-028843,Web,1,1,1,0,shipping_cost
S-028844,Web,1,1,1,0,changed_mind
S-028845,Web,1,1,1,0,stock_out
S-028846,Web,1,1,0,0,shipping_cost
S-028847,App,1,1,0,0,changed_mind
S-028848,Web,1,1,1,0,shipping_cost
S-028849,Web,1,1,0,0,changed_mind
S-028850,App,1,1,1,0,changed_mind
S-028851,Store,1,1,1,0,stock_out
S-028852,App,1,1,1,0,stock_out
S-028853,Store,1,1,1,0,changed_mind
S-028854,Web,1,1,0,0,payment_fail
S-028855,App,1,1,1,0,changed_mind
S-028856,Web,1,1,1,0,payment_fail
S-028857,Web,1,1,0,0,payment_fail
S-028858,App,1,1,1,0,stock_out
S-028859,App,1,1,0,0,shipping_cost
S-028860,Web,1,1,0,0,shipping_cost
S-028861,Web,1,1,0,0,checkout_friction
S-028862,App,1,1,0,0,payment_fail
S-028863,App,1,1,0,0,payment_fail
S-028864,Web,1,1,1,0,payment_fail
S-028865,Web,1,1,1,0,payment_fail
S-028866,Web,1,1,0,0,stock_out
S-028867,Web,1,0,0,0,
S-028868,Web,1,1,1,0,stock_out
S-028869,Web,1,1,0,0,changed_mind
S-028870,App,1,0,0,0,
S-028871,App,1,1,0,0,payment_fail
S-028872,Store,1,0,0,0,
S-028873,App,1,0,0,0,
S-028874,Web,1,0,0,0,
S-028875,Web,1,1,1,0,changed_mind
S-028876,App,1,1,1,0,payment_fail
S-028877,App,1,1,1,0,changed_mind
S-028878,Store,1,1,1,0,changed_mind
S-028879,Web,1,0,0,0,
S-028880,Web,1,1,1,0,payment_fail
S-028881,Web,1,1,0,0,stock_out
S-028882,Web,1,1,0,0,stock_out
S-028883,App,1,1,1,0,shipping_cost
S-028884,Web,1,1,0,0,changed_mind
S-028885,App,1,1,0,0,changed_mind
S-028886,App,1,0,0,0,
S-028887,Web,1,1,1,0,payment_fail
S-028888,Store,1,1,1,0,payment_fail
S-028889,Web,1,1,1,0,changed_mind
S-028890,Web,1,1,1,0,checkout_friction
S-028891,App,1,0,0,0,
S-028892,Web,1,1,1,0,changed_mind
S-028893,App,1,0,0,0,
S-028894,Web,1,1,0,0,changed_mind
S-028895,App,1,1,1,0,changed_mind
S-028896,Web,1,0,0,0,
S-028897,Web,1,1,0,0,shipping_cost
S-028898,App,1,1,1,0,payment_fail
S-028899,Web,1,0,0,0,
S-028900,Web,1,1,0,0,shipping_cost
S-028901,App,1,0,0,0,
S-028902,Web,1,0,0,0,
S-028903,Web,1,1,1,0,checkout_friction
S-028904,Web,1,0,0,0,
S-028905,Web,1,0,0,0,
S-028906,App,1,1,1,0,stock_out
S-028907,App,1,1,1,0,checkout_friction
S-028908,Web,1,1,1,0,payment_fail
S-028909,App,1,1,0,0,changed_mind
S-028910,Web,1,1,1,0,changed_mind
S-028911,App,1,0,0,0,
S-028912,Web,1,0,0,0,
S-028913,Web,1,1,0,0,payment_fail
S-028914,Web,1,0,0,0,
S-028915,Web,1,1,0,0,payment_fail
S-028916,Store,1,1,1,0,stock_out
S-028917,Web,1,0,0,0,
S-028918,App,1,1,0,0,changed_mind
S-028919,Web,1,1,0,0,changed_mind
S-028920,App,1,0,0,0,
S-028921,Web,1,1,1,0,payment_fail
S-028922,Store,1,0,0,0,
S-028923,Web,1,0,0,0,
S-028924,Web,1,1,0,0,changed_mind
S-028925,App,1,0,0,0,
S-028926,Web,1,0,0,0,
S-028927,Web,1,1,0,0,payment_fail
S-028928,Web,1,1,1,0,payment_fail
S-028929,Web,1,1,0,0,changed_mind
S-028930,Store,1,1,1,0,shipping_cost
S-028931,Web,1,1,1,0,checkout_friction
S-028932,Web,1,0,0,0,
S-028933,Web,1,1,1,0,shipping_cost
S-028934,App,1,1,0,0,payment_fail
S-028935,Web,1,1,1,0,payment_fail
S-028936,Web,1,0,0,0,
S-028937,Web,1,1,0,0,stock_out
S-028938,Web,1,1,0,0,payment_fail
S-028939,Store,1,1,1,0,payment_fail
S-028940,Web,1,1,1,0,shipping_cost
S-028941,Web,1,1,0,0,payment_fail
S-028942,Web,1,1,0,0,changed_mind
S-028943,App,1,1,0,0,shipping_cost
S-028944,Web,1,1,1,0,payment_fail
S-028945,App,1,0,0,0,
S-028946,Web,1,1,1,0,stock_out
S-028947,Web,1,1,1,0,shipping_cost
S-028948,Web,1,1,0,0,changed_mind
S-028949,Web,1,1,1,0,payment_fail
S-028950,App,1,1,1,0,changed_mind
S-028951,Web,1,1,1,0,shipping_cost
S-028952,App,1,1,1,0,shipping_cost
S-028953,Web,1,1,0,0,shipping_cost
S-028954,Web,1,0,0,0,
S-028955,Web,1,0,0,0,
S-028956,App,1,1,0,0,checkout_friction
S-028957,App,1,1,1,0,payment_fail
S-028958,App,1,1,1,0,checkout_friction
S-028959,App,1,0,0,0,
S-028960,Web,1,1,0,0,checkout_friction
S-028961,App,1,1,0,0,shipping_cost
S-028962,Web,1,1,0,0,shipping_cost
S-028963,Web,1,1,1,0,shipping_cost
S-028964,Store,1,0,0,0,
S-028965,Web,1,1,1,0,checkout_friction
S-028966,App,1,1,1,0,changed_mind
S-028967,App,1,1,1,0,changed_mind
S-028968,Web,1,1,1,0,payment_fail
S-028969,App,1,0,0,0,
S-028970,Web,1,1,1,0,stock_out
S-028971,App,1,0,0,0,
S-028972,App,1,1,1,0,payment_fail
S-028973,App,1,1,1,0,payment_fail
S-028974,App,1,1,1,0,payment_fail
S-028975,Store,1,1,1,0,shipping_cost
S-028976,Web,1,1,0,0,checkout_friction
S-028977,Web,1,1,0,0,stock_out
S-028978,App,1,0,0,0,
S-028979,Web,1,1,0,0,payment_fail
S-028980,Web,1,0,0,0,
S-028981,App,1,1,0,0,shipping_cost
S-028982,App,1,1,1,0,stock_out
S-028983,App,1,0,0,0,
S-028984,Store,1,1,1,0,changed_mind
S-028985,Web,1,1,0,0,payment_fail
S-028986,Web,1,0,0,0,
S-028987,Store,1,1,1,0,shipping_cost
S-028988,Web,1,1,0,0,changed_mind
S-028989,Web,1,0,0,0,
S-028990,App,1,1,1,0,checkout_friction
S-028991,Web,1,0,0,0,
S-028992,Web,1,1,1,0,changed_mind
S-028993,Store,1,1,0,0,payment_fail
S-028994,Web,1,1,0,0,stock_out
S-028995,Web,1,1,0,0,payment_fail
S-028996,Web,1,1,0,0,checkout_friction
S-028997,Web,1,1,0,0,shipping_cost
S-028998,Web,1,0,0,0,
S-028999,App,1,1,1,0,payment_fail
S-029000,App,1,0,0,0,
S-029001,App,1,1,1,0,shipping_cost
S-029002,App,1,1,1,0,payment_fail
S-029003,Web,1,1,1,0,payment_fail
S-029004,Store,1,1,1,0,changed_mind
S-029005,Web,1,1,1,0,stock_out
S-029006,App,1,0,0,0,
S-029007,Web,1,1,0,0,stock_out
S-029008,Store,1,0,0,0,
S-029009,Store,1,1,1,0,shipping_cost
S-029010,App,1,0,0,0,
S-029011,App,1,1,0,0,payment_fail
S-029012,Web,1,1,1,0,shipping_cost
S-029013,App,1,0,0,0,
S-029014,Web,1,1,1,0,shipping_cost
S-029015,App,1,0,0,0,
S-029016,Web,1,1,1,0,payment_fail
S-029017,Web,1,1,0,0,checkout_friction
S-029018,App,1,0,0,0,
S-029019,Web,1,0,0,0,
S-029020,Web,1,0,0,0,
S-029021,Web,1,1,1,0,checkout_friction
S-029022,Store,1,1,1,0,payment_fail
S-029023,Web,1,0,0,0,
S-029024,Store,1,1,0,0,stock_out
S-029025,Store,1,1,1,0,changed_mind
S-029026,App,1,1,0,0,payment_fail
S-029027,Web,1,1,1,0,changed_mind
S-029028,App,1,0,0,0,
S-029029,Web,1,1,1,0,payment_fail
S-029030,Web,1,0,0,0,
S-029031,Web,1,1,1,0,payment_fail
S-029032,App,1,1,1,0,checkout_friction
S-029033,Web,1,1,0,0,changed_mind
S-029034,App,1,1,0,0,payment_fail
S-029035,Web,1,1,0,0,shipping_cost
S-029036,Web,1,1,1,0,checkout_friction
S-029037,App,1,1,0,0,shipping_cost
S-029038,App,1,0,0,0,
S-029039,Web,1,1,1,0,checkout_friction
S-029040,Store,1,1,1,0,checkout_friction
S-029041,Web,1,1,0,0,shipping_cost
S-029042,Store,1,0,0,0,
S-029043,App,1,1,0,0,changed_mind
S-029044,Web,1,0,0,0,
S-029045,Web,1,1,1,0,changed_mind
S-029046,Store,1,1,0,0,stock_out
S-029047,Web,1,1,1,0,shipping_cost
S-029048,Web,1,1,0,0,payment_fail
S-029049,Web,1,1,1,0,payment_fail
S-029050,Web,1,0,0,0,
S-029051,Web,1,1,0,0,changed_mind
S-029052,Web,1,1,1,0,stock_out
S-029053,Web,1,0,0,0,
S-029054,Web,1,1,0,0,stock_out
S-029055,App,1,1,1,0,changed_mind
S-029056,Web,1,1,1,0,payment_fail
S-029057,Web,1,1,1,0,payment_fail
S-029058,Web,1,1,0,0,stock_out
S-029059,Store,1,1,0,0,changed_mind
S-029060,Web,1,1,0,0,stock_out
S-029061,Web,1,1,1,0,payment_fail
S-029062,App,1,1,0,0,shipping_cost
S-029063,Web,1,1,1,0,checkout_friction
S-029064,App,1,1,0,0,payment_fail
S-029065,Store,1,1,1,0,payment_fail
S-029066,Web,1,1,0,0,changed_mind
S-029067,App,1,1,1,0,changed_mind
S-029068,App,1,0,0,0,
S-029069,App,1,1,0,0,checkout_friction
S-029070,App,1,0,0,0,
S-029071,Web,1,1,1,0,checkout_friction
S-029072,App,1,0,0,0,
S-029073,App,1,1,1,0,stock_out
S-029074,App,1,0,0,0,
S-029075,Web,1,1,0,0,payment_fail
S-029076,Web,1,1,0,0,shipping_cost
S-029077,Web,1,0,0,0,
S-029078,Web,1,1,0,0,checkout_friction
S-029079,App,1,1,1,0,shipping_cost
S-029080,App,1,1,1,0,checkout_friction
S-029081,App,1,0,0,0,
S-029082,Store,1,1,0,0,changed_mind
S-029083,App,1,0,0,0,
S-029084,Web,1,1,0,0,payment_fail
S-029085,Web,1,1,0,0,changed_mind
S-029086,Web,1,0,0,0,
S-029087,Web,1,0,0,0,
S-029088,Store,1,0,0,0,
S-029089,Web,1,0,0,0,
S-029090,Web,1,1,1,0,changed_mind
S-029091,Web,1,0,0,0,
S-029092,Web,1,1,0,0,payment_fail
S-029093,Web,1,1,1,0,shipping_cost
S-029094,Web,1,1,0,0,stock_out
S-029095,Web,1,1,1,0,payment_fail
S-029096,App,1,1,0,0,shipping_cost
S-029097,App,1,1,0,0,changed_mind
S-029098,Web,1,1,1,0,stock_out
S-029099,Web,1,0,0,0,
S-029100,Web,1,1,1,0,changed_mind
S-029101,App,1,1,1,0,checkout_friction
S-029102,App,1,1,0,0,checkout_friction
S-029103,Web,1,0,0,0,
S-029104,Store,1,0,0,0,
S-029105,App,1,1,1,0,shipping_cost
S-029106,App,1,1,1,0,payment_fail
S-029107,Web,1,1,1,0,stock_out
S-029108,Web,1,0,0,0,
S-029109,Web,1,0,0,0,
S-029110,Web,1,1,0,0,payment_fail
S-029111,App,1,1,0,0,stock_out
S-029112,Web,1,0,0,0,
S-029113,Web,1,1,1,0,changed_mind
S-029114,Web,1,1,0,0,shipping_cost
S-029115,App,1,1,1,0,changed_mind
S-029116,App,1,1,0,0,changed_mind
S-029117,App,1,0,0,0,
S-029118,Web,1,1,1,0,checkout_friction
S-029119,Web,1,1,0,0,payment_fail
S-029120,App,1,0,0,0,
S-029121,Web,1,1,1,0,checkout_friction
S-029122,Web,1,1,1,0,payment_fail
S-029123,Web,1,1,0,0,stock_out
S-029124,Web,1,1,1,0,checkout_friction
S-029125,Web,1,0,0,0,
S-029126,Web,1,0,0,0,
S-029127,Web,1,1,0,0,shipping_cost
S-029128,App,1,1,1,0,payment_fail
S-029129,Web,1,1,0,0,stock_out
S-029130,Web,1,1,0,0,stock_out
S-029131,App,1,0,0,0,
S-029132,App,1,1,1,0,shipping_cost
S-029133,Web,1,1,0,0,changed_mind
S-029134,App,1,0,0,0,
S-029135,Web,1,0,0,0,
S-029136,Web,1,1,0,0,stock_out
S-029137,Web,1,0,0,0,
S-029138,Web,1,0,0,0,
S-029139,App,1,1,1,0,payment_fail
S-029140,App,1,1,1,0,changed_mind
S-029141,Store,1,1,0,0,shipping_cost
S-029142,Web,1,0,0,0,
S-029143,Store,1,1,1,0,payment_fail
S-029144,Web,1,1,0,0,stock_out
S-029145,Web,1,1,1,0,shipping_cost
S-029146,App,1,1,0,0,checkout_friction
S-029147,Web,1,1,0,0,changed_mind
S-029148,App,1,1,1,0,changed_mind
S-029149,Store,1,1,0,0,shipping_cost
S-029150,Web,1,1,0,0,shipping_cost
S-029151,Web,1,1,1,0,stock_out
S-029152,Web,1,1,1,0,changed_mind
S-029153,Web,1,1,1,0,stock_out
S-029154,Web,1,1,1,0,shipping_cost
S-029155,Web,1,1,1,0,payment_fail
S-029156,App,1,0,0,0,
S-029157,Web,1,0,0,0,
S-029158,App,1,0,0,0,
S-029159,Web,1,0,0,0,
S-029160,Web,1,1,1,0,payment_fail
S-029161,App,1,1,1,0,stock_out
S-029162,App,1,1,1,0,shipping_cost
S-029163,Store,1,1,0,0,changed_mind
S-029164,Store,1,1,0,0,shipping_cost
S-029165,App,1,0,0,0,
S-029166,Web,1,1,1,0,shipping_cost
S-029167,App,1,1,1,0,changed_mind
S-029168,Web,1,1,1,0,changed_mind
S-029169,Store,1,1,0,0,checkout_friction
S-029170,App,1,0,0,0,
S-029171,App,1,1,1,0,payment_fail
S-029172,Web,1,1,1,0,changed_mind
S-029173,Web,1,1,1,0,payment_fail
S-029174,App,1,0,0,0,
S-029175,Web,1,1,1,0,stock_out
S-029176,App,1,1,0,0,changed_mind
S-029177,Web,1,1,1,0,shipping_cost
S-029178,App,1,1,1,0,stock_out
S-029179,App,1,1,1,0,shipping_cost
S-029180,Web,1,1,1,0,payment_fail
S-029181,Web,1,1,1,0,shipping_cost
S-029182,App,1,0,0,0,
S-029183,Web,1,0,0,0,
S-029184,Web,1,1,1,0,payment_fail
S-029185,Web,1,1,1,0,checkout_friction
S-029186,Web,1,0,0,0,
S-029187,Web,1,1,1,0,stock_out
S-029188,Store,1,1,0,0,stock_out
S-029189,App,1,0,0,0,
S-029190,Web,1,1,1,0,checkout_friction
S-029191,Web,1,0,0,0,
S-029192,Store,1,1,1,0,stock_out
S-029193,App,1,0,0,0,
S-029194,Web,1,1,1,0,shipping_cost
S-029195,App,1,1,0,0,payment_fail
S-029196,App,1,1,1,0,shipping_cost
S-029197,App,1,0,0,0,
S-029198,Web,1,0,0,0,
S-029199,Web,1,1,1,0,checkout_friction
S-029200,Web,1,1,1,0,checkout_friction
S-029201,Web,1,1,0,0,stock_out
S-029202,Web,1,1,1,0,payment_fail
S-029203,Store,1,1,1,0,payment_fail
S-029204,Web,1,0,0,0,
S-029205,Web,1,1,0,0,checkout_friction
S-029206,Web,1,1,1,0,payment_fail
S-029207,Store,1,1,1,0,changed_mind
S-029208,Web,1,0,0,0,
S-029209,Store,1,1,0,0,shipping_cost
S-029210,App,1,1,0,0,shipping_cost
S-029211,Web,1,1,1,0,changed_mind
S-029212,App,1,1,0,0,checkout_friction
S-029213,App,1,1,0,0,stock_out
S-029214,App,1,1,1,0,shipping_cost
S-029215,App,1,1,1,0,shipping_cost
S-029216,App,1,1,1,0,checkout_friction
S-029217,Store,1,1,1,0,changed_mind
S-029218,Web,1,1,1,0,shipping_cost
S-029219,Web,1,1,1,0,changed_mind
S-029220,Store,1,1,0,0,payment_fail
S-029221,App,1,1,1,0,payment_fail
S-029222,Web,1,1,0,0,checkout_friction
S-029223,Web,1,1,1,0,changed_mind
S-029224,App,1,1,1,0,payment_fail
S-029225,Web,1,0,0,0,
S-029226,Web,1,1,1,0,shipping_cost
S-029227,Store,1,1,0,0,checkout_friction
S-029228,Web,1,1,1,0,changed_mind
S-029229,Web,1,1,0,0,changed_mind
S-029230,App,1,0,0,0,
S-029231,App,1,1,1,0,payment_fail
S-029232,Web,1,1,1,0,checkout_friction
S-029233,Web,1,1,0,0,checkout_friction
S-029234,Web,1,1,0,0,changed_mind
S-029235,Web,1,1,0,0,shipping_cost
S-029236,Web,1,1,1,0,changed_mind
S-029237,App,1,1,1,0,stock_out
S-029238,Web,1,1,1,0,stock_out
S-029239,Web,1,1,1,0,checkout_friction
S-029240,Store,1,1,1,0,changed_mind
S-029241,Web,1,0,0,0,
S-029242,Web,1,1,0,0,shipping_cost
S-029243,Web,1,1,0,0,shipping_cost
S-029244,Web,1,1,0,0,stock_out
S-029245,Web,1,0,0,0,
S-029246,Web,1,0,0,0,
S-029247,App,1,1,0,0,payment_fail
S-029248,Web,1,0,0,0,
S-029249,Web,1,1,0,0,payment_fail
S-029250,Web,1,0,0,0,
S-029251,Web,1,1,1,0,stock_out
S-029252,Web,1,1,0,0,shipping_cost
S-029253,App,1,0,0,0,
S-029254,Web,1,0,0,0,
S-029255,App,1,1,1,0,stock_out
S-029256,Store,1,1,1,0,payment_fail
S-029257,Store,1,1,0,0,shipping_cost
S-029258,Store,1,0,0,0,
S-029259,Web,1,1,1,0,payment_fail
S-029260,Web,1,1,0,0,changed_mind
S-029261,Web,1,0,0,0,
S-029262,App,1,1,0,0,stock_out
S-029263,Web,1,1,1,0,shipping_cost
S-029264,Web,1,1,0,0,shipping_cost
S-029265,Web,1,0,0,0,
S-029266,Store,1,0,0,0,
S-029267,App,1,0,0,0,
S-029268,App,1,1,0,0,payment_fail
S-029269,App,1,1,0,0,stock_out
S-029270,Web,1,0,0,0,
S-029271,Web,1,0,0,0,
S-029272,Web,1,0,0,0,
S-029273,Web,1,1,1,0,checkout_friction
S-029274,App,1,1,0,0,stock_out
S-029275,Web,1,1,1,0,payment_fail
S-029276,App,1,1,1,0,changed_mind
S-029277,App,1,1,0,0,shipping_cost
S-029278,Web,1,1,1,0,payment_fail
S-029279,Web,1,1,0,0,payment_fail
S-029280,App,1,0,0,0,
S-029281,App,1,1,0,0,payment_fail
S-029282,Web,1,1,1,0,payment_fail
S-029283,Web,1,1,0,0,stock_out
S-029284,Store,1,1,0,0,shipping_cost
S-029285,Web,1,1,0,0,stock_out
S-029286,App,1,1,0,0,checkout_friction
S-029287,Web,1,1,1,0,changed_mind
S-029288,Web,1,0,0,0,
S-029289,Web,1,0,0,0,
S-029290,App,1,1,1,0,shipping_cost
S-029291,Web,1,1,1,0,stock_out
S-029292,Web,1,1,0,0,payment_fail
S-029293,App,1,1,1,0,shipping_cost
S-029294,Web,1,0,0,0,
S-029295,App,1,1,1,0,shipping_cost
S-029296,App,1,1,1,0,stock_out
S-029297,Web,1,1,1,0,stock_out
S-029298,Web,1,1,0,0,stock_out
S-029299,Store,1,1,1,0,changed_mind
S-029300,Web,1,0,0,0,
S-029301,App,1,1,1,0,changed_mind
S-029302,Web,1,0,0,0,
S-029303,App,1,1,1,0,stock_out
S-029304,Store,1,1,1,0,checkout_friction
S-029305,App,1,1,0,0,shipping_cost
S-029306,App,1,0,0,0,
S-029307,Web,1,1,0,0,checkout_friction
S-029308,Web,1,0,0,0,
S-029309,Store,1,1,1,0,checkout_friction
S-029310,App,1,0,0,0,
S-029311,Web,1,1,0,0,changed_mind
S-029312,App,1,0,0,0,
S-029313,App,1,1,0,0,payment_fail
S-029314,App,1,0,0,0,
S-029315,Web,1,0,0,0,
S-029316,App,1,0,0,0,
S-029317,Web,1,1,0,0,payment_fail
S-029318,App,1,1,0,0,stock_out
S-029319,App,1,1,1,0,payment_fail
S-029320,App,1,0,0,0,
S-029321,Web,1,1,0,0,shipping_cost
S-029322,App,1,1,1,0,changed_mind
S-029323,Web,1,1,1,0,checkout_friction
S-029324,Store,1,1,0,0,stock_out
S-029325,Web,1,1,1,0,stock_out
S-029326,App,1,1,1,0,shipping_cost
S-029327,App,1,1,1,0,payment_fail
S-029328,Store,1,1,1,0,changed_mind
S-029329,Store,1,1,0,0,payment_fail
S-029330,Store,1,0,0,0,
S-029331,App,1,1,0,0,changed_mind
S-029332,Web,1,1,0,0,checkout_friction
S-029333,Web,1,1,1,0,changed_mind
S-029334,App,1,1,0,0,changed_mind
S-029335,App,1,1,0,0,changed_mind
S-029336,Web,1,1,0,0,stock_out
S-029337,Web,1,0,0,0,
S-029338,Web,1,1,1,0,shipping_cost
S-029339,App,1,1,1,0,shipping_cost
S-029340,Web,1,1,0,0,payment_fail
S-029341,Web,1,1,1,0,changed_mind
S-029342,App,1,1,0,0,shipping_cost
S-029343,Web,1,1,0,0,changed_mind
S-029344,Web,1,1,1,0,stock_out
S-029345,Web,1,1,1,0,payment_fail
S-029346,App,1,1,0,0,changed_mind
S-029347,Web,1,1,1,0,payment_fail
S-029348,Web,1,1,0,0,payment_fail
S-029349,Web,1,1,1,0,payment_fail
S-029350,Web,1,1,1,0,payment_fail
S-029351,Web,1,1,0,0,checkout_friction
S-029352,Web,1,1,1,0,checkout_friction
S-029353,Web,1,1,0,0,stock_out
S-029354,App,1,1,0,0,changed_mind
S-029355,Store,1,1,1,0,stock_out
S-029356,App,1,0,0,0,
S-029357,Web,1,1,1,0,checkout_friction
S-029358,Store,1,0,0,0,
S-029359,Web,1,0,0,0,
S-029360,Store,1,1,0,0,changed_mind
S-029361,Web,1,1,1,0,payment_fail
S-029362,Web,1,1,1,0,stock_out
S-029363,Store,1,1,1,0,checkout_friction
S-029364,Web,1,1,0,0,payment_fail
S-029365,App,1,1,0,0,shipping_cost
S-029366,Web,1,1,1,0,shipping_cost
S-029367,App,1,1,0,0,shipping_cost
S-029368,Web,1,0,0,0,
S-029369,Web,1,0,0,0,
S-029370,App,1,1,0,0,stock_out
S-029371,Web,1,1,0,0,shipping_cost
S-029372,App,1,1,1,0,checkout_friction
S-029373,Web,1,1,0,0,stock_out
S-029374,Store,1,0,0,0,
S-029375,App,1,0,0,0,
S-029376,App,1,1,1,0,payment_fail
S-029377,Web,1,1,1,0,stock_out
S-029378,Web,1,0,0,0,
S-029379,Web,1,0,0,0,
S-029380,App,1,1,1,0,stock_out
S-029381,Web,1,1,1,0,changed_mind
S-029382,Web,1,1,0,0,shipping_cost
S-029383,Web,1,0,0,0,
S-029384,Web,1,0,0,0,
S-029385,Web,1,1,0,0,stock_out
S-029386,Web,1,0,0,0,
S-029387,Store,1,1,1,0,shipping_cost
S-029388,Web,1,1,0,0,payment_fail
S-029389,Web,1,1,0,0,shipping_cost
S-029390,Web,1,1,1,0,payment_fail
S-029391,Web,1,0,0,0,
S-029392,App,1,1,1,0,changed_mind
S-029393,Web,1,1,1,0,payment_fail
S-029394,Web,1,1,0,0,changed_mind
S-029395,App,1,1,1,0,shipping_cost
S-029396,Web,1,1,1,0,stock_out
S-029397,Web,1,0,0,0,
S-029398,Web,1,1,1,0,shipping_cost
S-029399,App,1,1,0,0,checkout_friction
S-029400,Web,1,1,0,0,checkout_friction
S-029401,Web,1,0,0,0,
S-029402,App,1,0,0,0,
S-029403,App,1,1,1,0,payment_fail
S-029404,Web,1,1,0,0,changed_mind
S-029405,App,1,1,0,0,payment_fail
S-029406,Web,1,1,1,0,stock_out
S-029407,App,1,1,0,0,changed_mind
S-029408,Web,1,1,0,0,shipping_cost
S-029409,App,1,0,0,0,
S-029410,Web,1,1,1,0,payment_fail
S-029411,Web,1,1,1,0,shipping_cost
S-029412,Web,1,1,0,0,stock_out
S-029413,App,1,1,0,0,stock_out
S-029414,Store,1,1,0,0,payment_fail
S-029415,App,1,1,0,0,shipping_cost
S-029416,App,1,1,1,0,shipping_cost
S-029417,App,1,1,0,0,changed_mind
S-029418,Web,1,1,1,0,payment_fail
S-029419,App,1,0,0,0,
S-029420,Web,1,1,0,0,shipping_cost
S-029421,Store,1,1,1,0,checkout_friction
S-029422,App,1,1,1,0,shipping_cost
S-029423,App,1,1,1,0,stock_out
S-029424,App,1,0,0,0,
S-029425,App,1,1,0,0,shipping_cost
S-029426,App,1,0,0,0,
S-029427,Web,1,1,0,0,shipping_cost
S-029428,Store,1,1,0,0,changed_mind
S-029429,Web,1,1,0,0,payment_fail
S-029430,Web,1,1,0,0,payment_fail
S-029431,Web,1,1,1,0,checkout_friction
S-029432,Web,1,1,1,0,checkout_friction
S-029433,Web,1,1,1,0,stock_out
S-029434,Web,1,1,0,0,payment_fail
S-029435,Web,1,1,0,0,payment_fail
S-029436,Web,1,1,0,0,payment_fail
S-029437,Web,1,1,1,0,checkout_friction
S-029438,App,1,1,0,0,stock_out
S-029439,Web,1,1,0,0,changed_mind
S-029440,App,1,1,1,0,checkout_friction
S-029441,Web,1,1,0,0,payment_fail
S-029442,Web,1,0,0,0,
S-029443,App,1,0,0,0,
S-029444,App,1,1,1,0,changed_mind
S-029445,Web,1,1,0,0,payment_fail
S-029446,Web,1,1,1,0,shipping_cost
S-029447,Web,1,0,0,0,
S-029448,Web,1,1,1,0,checkout_friction
S-029449,Web,1,1,1,0,checkout_friction
S-029450,App,1,0,0,0,
S-029451,App,1,1,0,0,payment_fail
S-029452,Web,1,1,0,0,payment_fail
S-029453,App,1,1,1,0,changed_mind
S-029454,App,1,0,0,0,
S-029455,Web,1,1,1,0,payment_fail
S-029456,App,1,1,1,0,changed_mind
S-029457,Web,1,1,0,0,changed_mind
S-029458,Web,1,1,1,0,shipping_cost
S-029459,App,1,1,1,0,shipping_cost
S-029460,Web,1,1,1,0,payment_fail
S-029461,App,1,0,0,0,
S-029462,App,1,1,1,0,checkout_friction
S-029463,Web,1,0,0,0,
S-029464,App,1,1,0,0,shipping_cost
S-029465,Store,1,1,1,0,changed_mind
S-029466,Store,1,0,0,0,
S-029467,Web,1,1,1,0,shipping_cost
S-029468,Web,1,0,0,0,
S-029469,Web,1,1,0,0,stock_out
S-029470,App,1,1,1,0,payment_fail
S-029471,Web,1,1,1,0,payment_fail
S-029472,Web,1,1,1,0,stock_out
S-029473,Web,1,1,0,0,stock_out
S-029474,App,1,0,0,0,
S-029475,App,1,1,1,0,payment_fail
S-029476,Web,1,1,0,0,shipping_cost
S-029477,Web,1,1,1,0,checkout_friction
S-029478,App,1,1,0,0,payment_fail
S-029479,App,1,1,0,0,payment_fail
S-029480,App,1,1,0,0,shipping_cost
S-029481,Web,1,1,1,0,shipping_cost
S-029482,App,1,1,0,0,changed_mind
S-029483,Web,1,1,0,0,changed_mind
S-029484,Web,1,0,0,0,
S-029485,Store,1,1,0,0,changed_mind
S-029486,Web,1,0,0,0,
S-029487,Store,1,0,0,0,
S-029488,App,1,1,1,0,changed_mind
S-029489,App,1,1,1,0,shipping_cost
S-029490,Web,1,1,1,0,stock_out
S-029491,App,1,0,0,0,
S-029492,Store,1,1,1,0,payment_fail
S-029493,Web,1,1,0,0,shipping_cost
S-029494,App,1,1,1,0,changed_mind
S-029495,Web,1,1,1,0,shipping_cost
S-029496,App,1,1,1,0,payment_fail
S-029497,Store,1,0,0,0,
S-029498,App,1,1,1,0,shipping_cost
S-029499,Web,1,0,0,0,
S-029500,App,1,1,1,0,stock_out
S-029501,App,1,0,0,0,
S-029502,App,1,0,0,0,
S-029503,Web,1,1,1,0,payment_fail
S-029504,Web,1,1,0,0,stock_out
S-029505,App,1,1,1,0,stock_out
S-029506,App,1,1,1,0,changed_mind
S-029507,App,1,1,1,0,payment_fail
S-029508,Web,1,0,0,0,
S-029509,Web,1,1,0,0,stock_out
S-029510,Web,1,1,1,0,payment_fail
S-029511,App,1,1,1,0,checkout_friction
S-029512,Store,1,1,1,0,stock_out
S-029513,Web,1,1,0,0,payment_fail
S-029514,Web,1,1,0,0,stock_out
S-029515,Web,1,1,0,0,changed_mind
S-029516,Web,1,1,1,0,shipping_cost
S-029517,Web,1,1,0,0,shipping_cost
S-029518,Web,1,1,1,0,changed_mind
S-029519,Web,1,1,1,0,stock_out
S-029520,Web,1,1,1,0,checkout_friction
S-029521,Web,1,1,0,0,payment_fail
S-029522,Web,1,1,1,0,changed_mind
S-029523,Web,1,1,0,0,changed_mind
S-029524,Web,1,1,0,0,changed_mind
S-029525,App,1,0,0,0,
S-029526,Web,1,0,0,0,
S-029527,Web,1,1,1,0,shipping_cost
S-029528,Store,1,1,0,0,shipping_cost
S-029529,Web,1,1,1,0,stock_out
S-029530,Web,1,1,1,0,shipping_cost
S-029531,Web,1,1,1,0,payment_fail
S-029532,App,1,1,1,0,changed_mind
S-029533,Web,1,1,0,0,payment_fail
S-029534,Web,1,1,1,0,payment_fail
S-029535,App,1,1,1,0,payment_fail
S-029536,Web,1,1,0,0,changed_mind
S-029537,Web,1,0,0,0,
S-029538,App,1,0,0,0,
S-029539,App,1,1,1,0,checkout_friction
S-029540,Web,1,1,0,0,shipping_cost
S-029541,Web,1,1,1,0,payment_fail
S-029542,Web,1,1,0,0,stock_out
S-029543,App,1,0,0,0,
S-029544,App,1,1,1,0,payment_fail
S-029545,App,1,1,0,0,checkout_friction
S-029546,Store,1,1,0,0,changed_mind
S-029547,Web,1,1,1,0,payment_fail
S-029548,Web,1,1,1,0,shipping_cost
S-029549,Web,1,1,1,0,shipping_cost
S-029550,App,1,0,0,0,
S-029551,Web,1,1,0,0,stock_out
S-029552,Web,1,1,1,0,payment_fail
S-029553,Web,1,1,1,0,checkout_friction
S-029554,App,1,1,0,0,stock_out
S-029555,App,1,1,1,0,checkout_friction
S-029556,Web,1,1,0,0,checkout_friction
S-029557,App,1,1,0,0,payment_fail
S-029558,Web,1,0,0,0,
S-029559,App,1,0,0,0,
S-029560,App,1,0,0,0,
S-029561,Web,1,1,0,0,changed_mind
S-029562,App,1,0,0,0,
S-029563,App,1,1,1,0,stock_out
S-029564,Web,1,1,0,0,shipping_cost
S-029565,App,1,1,0,0,payment_fail
S-029566,App,1,1,1,0,shipping_cost
S-029567,Web,1,1,1,0,payment_fail
S-029568,Web,1,1,1,0,checkout_friction
S-029569,Web,1,1,1,0,shipping_cost
S-029570,App,1,0,0,0,
S-029571,App,1,1,1,0,changed_mind
S-029572,Web,1,1,0,0,checkout_friction
S-029573,App,1,1,1,0,shipping_cost
S-029574,Web,1,1,0,0,stock_out
S-029575,App,1,1,1,0,payment_fail
S-029576,Web,1,1,0,0,payment_fail
S-029577,App,1,1,1,0,payment_fail
S-029578,Web,1,1,1,0,shipping_cost
S-029579,Store,1,0,0,0,
S-029580,App,1,1,0,0,shipping_cost
S-029581,Store,1,0,0,0,
S-029582,App,1,1,1,0,shipping_cost
S-029583,App,1,1,0,0,payment_fail
S-029584,Store,1,0,0,0,
S-029585,Store,1,1,0,0,payment_fail
S-029586,Web,1,1,1,0,changed_mind
S-029587,Web,1,1,1,0,payment_fail
S-029588,App,1,1,0,0,stock_out
S-029589,Web,1,0,0,0,
S-029590,Web,1,1,1,0,checkout_friction
S-029591,Web,1,1,0,0,stock_out
S-029592,Web,1,1,0,0,changed_mind
S-029593,Web,1,1,1,0,changed_mind
S-029594,Web,1,1,1,0,changed_mind
S-029595,Web,1,1,1,0,checkout_friction
S-029596,Web,1,0,0,0,
S-029597,App,1,1,1,0,checkout_friction
S-029598,Web,1,1,1,0,shipping_cost
S-029599,Store,1,1,0,0,changed_mind
S-029600,Web,1,1,0,0,stock_out
S-029601,App,1,0,0,0,
S-029602,App,1,0,0,0,
S-029603,App,1,0,0,0,
S-029604,App,1,0,0,0,
S-029605,Web,1,1,1,0,payment_fail
S-029606,App,1,1,1,0,changed_mind
S-029607,Web,1,1,1,0,changed_mind
S-029608,Web,1,1,0,0,stock_out
S-029609,Web,1,1,1,0,shipping_cost
S-029610,Web,1,1,0,0,shipping_cost
S-029611,Web,1,0,0,0,
S-029612,Web,1,1,1,0,payment_fail
S-029613,App,1,1,1,0,changed_mind
S-029614,Web,1,0,0,0,
S-029615,App,1,1,0,0,checkout_friction
S-029616,Web,1,1,0,0,checkout_friction
S-029617,App,1,1,0,0,shipping_cost
S-029618,Web,1,0,0,0,
S-029619,Web,1,0,0,0,
S-029620,Web,1,1,1,0,payment_fail
S-029621,App,1,0,0,0,
S-029622,Store,1,1,1,0,stock_out
S-029623,Web,1,0,0,0,
S-029624,App,1,1,0,0,stock_out
S-029625,App,1,1,0,0,changed_mind
S-029626,Store,1,1,1,0,shipping_cost
S-029627,Web,1,1,0,0,payment_fail
S-029628,Web,1,1,0,0,stock_out
S-029629,Web,1,1,1,0,changed_mind
S-029630,Store,1,1,0,0,shipping_cost
S-029631,Web,1,1,0,0,checkout_friction
S-029632,Web,1,0,0,0,
S-029633,Web,1,1,1,0,changed_mind
S-029634,Web,1,1,0,0,checkout_friction
S-029635,Store,1,1,1,0,shipping_cost
S-029636,Web,1,1,0,0,shipping_cost
S-029637,Store,1,1,1,0,checkout_friction
S-029638,Web,1,1,0,0,checkout_friction
S-029639,App,1,0,0,0,
S-029640,Store,1,1,1,0,checkout_friction
S-029641,Store,1,0,0,0,
S-029642,Web,1,1,0,0,stock_out
S-029643,Web,1,1,0,0,shipping_cost
S-029644,Web,1,0,0,0,
S-029645,App,1,1,0,0,payment_fail
S-029646,Web,1,1,0,0,shipping_cost
S-029647,Web,1,1,0,0,checkout_friction
S-029648,App,1,1,1,0,shipping_cost
S-029649,Web,1,0,0,0,
S-029650,App,1,0,0,0,
S-029651,App,1,0,0,0,
S-029652,App,1,1,0,0,stock_out
S-029653,App,1,1,1,0,checkout_friction
S-029654,Web,1,1,0,0,checkout_friction
S-029655,Web,1,1,1,0,checkout_friction
S-029656,App,1,0,0,0,
S-029657,Web,1,1,0,0,changed_mind
S-029658,Store,1,0,0,0,
S-029659,App,1,1,0,0,shipping_cost
S-029660,Web,1,1,1,0,checkout_friction
S-029661,Store,1,1,1,0,payment_fail
S-029662,Web,1,0,0,0,
S-029663,App,1,1,0,0,payment_fail
S-029664,Web,1,1,1,0,checkout_friction
S-029665,App,1,0,0,0,
S-029666,Store,1,0,0,0,
S-029667,Web,1,0,0,0,
S-029668,App,1,0,0,0,
S-029669,Web,1,0,0,0,
S-029670,App,1,1,1,0,changed_mind
S-029671,App,1,1,1,0,changed_mind
S-029672,Web,1,1,0,0,payment_fail
S-029673,App,1,0,0,0,
S-029674,App,1,0,0,0,
S-029675,App,1,1,0,0,changed_mind
S-029676,App,1,1,0,0,checkout_friction
S-029677,Store,1,1,1,0,changed_mind
S-029678,Web,1,1,1,0,shipping_cost
S-029679,Web,1,1,1,0,changed_mind
S-029680,Web,1,1,1,0,checkout_friction
S-029681,Web,1,0,0,0,
S-029682,Web,1,0,0,0,
S-029683,App,1,1,1,0,checkout_friction
S-029684,Web,1,1,1,0,shipping_cost
S-029685,App,1,1,1,0,changed_mind
S-029686,App,1,0,0,0,
S-029687,Web,1,1,1,0,payment_fail
S-029688,App,1,0,0,0,
S-029689,Web,1,1,0,0,shipping_cost
S-029690,Web,1,1,0,0,payment_fail
S-029691,App,1,1,1,0,changed_mind
S-029692,Web,1,1,0,0,changed_mind
S-029693,App,1,1,0,0,shipping_cost
S-029694,App,1,1,1,0,payment_fail
S-029695,App,1,0,0,0,
S-029696,App,1,0,0,0,
S-029697,Web,1,1,0,0,payment_fail
S-029698,Store,1,0,0,0,
S-029699,Web,1,1,1,0,payment_fail
S-029700,App,1,1,0,0,stock_out
S-029701,Web,1,1,1,0,payment_fail
S-029702,Web,1,1,1,0,payment_fail
S-029703,Web,1,0,0,0,
S-029704,Web,1,0,0,0,
S-029705,Web,1,0,0,0,
S-029706,Web,1,1,1,0,checkout_friction
S-029707,Web,1,1,0,0,payment_fail
S-029708,App,1,1,1,0,checkout_friction
S-029709,App,1,0,0,0,
S-029710,Web,1,1,1,0,changed_mind
S-029711,Web,1,1,1,0,stock_out
S-029712,Web,1,1,1,0,changed_mind
S-029713,App,1,1,0,0,payment_fail
S-029714,App,1,1,1,0,stock_out
S-029715,Web,1,1,1,0,stock_out
S-029716,Store,1,1,1,0,shipping_cost
S-029717,Store,1,1,0,0,stock_out
S-029718,App,1,1,0,0,changed_mind
S-029719,Web,1,1,1,0,checkout_friction
S-029720,Web,1,1,0,0,stock_out
S-029721,Web,1,0,0,0,
S-029722,Web,1,1,1,0,payment_fail
S-029723,Web,1,1,0,0,checkout_friction
S-029724,App,1,1,1,0,checkout_friction
S-029725,Store,1,1,1,0,stock_out
S-029726,Web,1,1,1,0,payment_fail
S-029727,Web,1,1,1,0,stock_out
S-029728,App,1,1,0,0,changed_mind
S-029729,Web,1,1,0,0,shipping_cost
S-029730,Web,1,1,1,0,checkout_friction
S-029731,Store,1,0,0,0,
S-029732,Web,1,1,0,0,changed_mind
S-029733,Store,1,1,1,0,checkout_friction
S-029734,App,1,1,1,0,changed_mind
S-029735,App,1,1,1,0,shipping_cost
S-029736,App,1,1,0,0,checkout_friction
S-029737,Store,1,1,1,0,changed_mind
S-029738,Web,1,1,0,0,changed_mind
S-029739,Web,1,0,0,0,
S-029740,Web,1,1,0,0,shipping_cost
S-029741,App,1,0,0,0,
S-029742,Web,1,1,0,0,payment_fail
S-029743,Web,1,1,1,0,changed_mind
S-029744,App,1,0,0,0,
S-029745,App,1,0,0,0,
S-029746,Store,1,1,1,0,shipping_cost
S-029747,App,1,1,0,0,checkout_friction
S-029748,Web,1,1,1,0,checkout_friction
S-029749,Store,1,1,1,0,stock_out
S-029750,Store,1,0,0,0,
S-029751,Web,1,1,1,0,payment_fail
S-029752,App,1,0,0,0,
S-029753,Web,1,0,0,0,
S-029754,Store,1,1,1,0,stock_out
S-029755,Web,1,0,0,0,
S-029756,Web,1,1,1,0,payment_fail
S-029757,Web,1,1,1,0,stock_out
S-029758,Web,1,1,1,0,shipping_cost
S-029759,Web,1,0,0,0,
S-029760,Web,1,0,0,0,
S-029761,App,1,1,0,0,checkout_friction
S-029762,Web,1,1,0,0,shipping_cost
S-029763,Web,1,0,0,0,
S-029764,Web,1,0,0,0,
S-029765,Web,1,0,0,0,
S-029766,Web,1,0,0,0,
S-029767,App,1,1,1,0,payment_fail
S-029768,Web,1,1,1,0,checkout_friction
S-029769,Web,1,1,1,0,changed_mind
S-029770,Web,1,1,1,0,checkout_friction
S-029771,Web,1,0,0,0,
S-029772,Web,1,1,1,0,checkout_friction
S-029773,Web,1,1,1,0,changed_mind
S-029774,Web,1,0,0,0,
S-029775,App,1,1,0,0,shipping_cost
S-029776,App,1,1,1,0,changed_mind
S-029777,Web,1,1,1,0,stock_out
S-029778,App,1,0,0,0,
S-029779,Web,1,1,0,0,checkout_friction
S-029780,Web,1,1,1,0,shipping_cost
S-029781,Web,1,1,1,0,stock_out
S-029782,Store,1,0,0,0,
S-029783,Web,1,0,0,0,
S-029784,Store,1,0,0,0,
S-029785,App,1,1,1,0,shipping_cost
S-029786,Web,1,0,0,0,
S-029787,App,1,1,0,0,changed_mind
S-029788,Web,1,1,1,0,stock_out
S-029789,Web,1,1,0,0,checkout_friction
S-029790,App,1,1,0,0,shipping_cost
S-029791,Web,1,0,0,0,
S-029792,Store,1,1,1,0,shipping_cost
S-029793,App,1,1,1,0,payment_fail
S-029794,Store,1,0,0,0,
S-029795,Web,1,1,0,0,payment_fail
S-029796,App,1,1,1,0,shipping_cost
S-029797,Web,1,1,0,0,checkout_friction
S-029798,Web,1,1,0,0,shipping_cost
S-029799,Web,1,0,0,0,
S-029800,Store,1,0,0,0,
S-029801,App,1,1,1,0,shipping_cost
S-029802,App,1,1,0,0,stock_out
S-029803,App,1,0,0,0,
S-029804,Web,1,1,1,0,payment_fail
S-029805,App,1,1,0,0,payment_fail
S-029806,App,1,0,0,0,
S-029807,App,1,1,1,0,checkout_friction
S-029808,Web,1,1,1,0,payment_fail
S-029809,Web,1,1,0,0,shipping_cost
S-029810,Web,1,1,0,0,changed_mind
S-029811,Store,1,1,1,0,payment_fail
S-029812,Web,1,0,0,0,
S-029813,App,1,1,1,0,shipping_cost
S-029814,Web,1,1,1,0,payment_fail
S-029815,App,1,1,1,0,shipping_cost
S-029816,Web,1,1,1,0,checkout_friction
S-029817,App,1,1,0,0,shipping_cost
S-029818,App,1,0,0,0,
S-029819,Web,1,0,0,0,
S-029820,Web,1,1,0,0,shipping_cost
S-029821,Web,1,1,0,0,shipping_cost
S-029822,App,1,1,1,0,checkout_friction
S-029823,Store,1,0,0,0,
S-029824,App,1,1,1,0,payment_fail
S-029825,Store,1,0,0,0,
S-029826,Web,1,1,1,0,checkout_friction
S-029827,Web,1,1,0,0,shipping_cost
S-029828,App,1,1,1,0,checkout_friction
S-029829,Web,1,1,1,0,shipping_cost
S-029830,App,1,1,0,0,payment_fail
S-029831,Store,1,1,0,0,changed_mind
S-029832,Web,1,0,0,0,
S-029833,App,1,1,1,0,payment_fail
S-029834,App,1,1,1,0,stock_out
S-029835,App,1,1,1,0,changed_mind
S-029836,Web,1,0,0,0,
S-029837,App,1,1,1,0,changed_mind
S-029838,App,1,1,1,0,payment_fail
S-029839,Web,1,1,0,0,stock_out
S-029840,Web,1,1,1,0,shipping_cost
S-029841,Web,1,1,1,0,checkout_friction
S-029842,Web,1,0,0,0,
S-029843,Web,1,1,0,0,stock_out
S-029844,Web,1,1,1,0,changed_mind
S-029845,Web,1,1,0,0,checkout_friction
S-029846,Web,1,1,1,0,changed_mind
S-029847,Store,1,0,0,0,
S-029848,Web,1,1,1,0,changed_mind
S-029849,App,1,1,0,0,payment_fail
S-029850,Store,1,1,1,0,changed_mind
S-029851,Web,1,0,0,0,
S-029852,App,1,1,0,0,shipping_cost
S-029853,App,1,0,0,0,
S-029854,Web,1,1,0,0,payment_fail
S-029855,Web,1,0,0,0,
S-029856,Store,1,0,0,0,
S-029857,App,1,1,0,0,stock_out
S-029858,Web,1,0,0,0,
S-029859,Web,1,0,0,0,
S-029860,Web,1,1,0,0,payment_fail
S-029861,App,1,1,0,0,changed_mind
S-029862,Web,1,1,0,0,payment_fail
S-029863,App,1,1,0,0,shipping_cost
S-029864,Web,1,1,0,0,checkout_friction
S-029865,App,1,1,1,0,payment_fail
S-029866,Web,1,1,1,0,changed_mind
S-029867,Web,1,0,0,0,
S-029868,Web,1,1,1,0,changed_mind
S-029869,Web,1,1,0,0,checkout_friction
S-029870,Web,1,1,1,0,payment_fail
S-029871,Store,1,1,0,0,stock_out
S-029872,App,1,1,1,0,shipping_cost
S-029873,App,1,1,0,0,shipping_cost
S-029874,Web,1,1,0,0,shipping_cost
S-029875,Web,1,1,0,0,shipping_cost
S-029876,App,1,1,1,0,changed_mind
S-029877,Web,1,1,0,0,payment_fail
S-029878,App,1,0,0,0,
S-029879,Web,1,1,0,0,shipping_cost
S-029880,Web,1,1,0,0,changed_mind
S-029881,App,1,1,0,0,shipping_cost
S-029882,App,1,0,0,0,
S-029883,Web,1,1,0,0,payment_fail
S-029884,Web,1,1,0,0,shipping_cost
S-029885,App,1,1,0,0,shipping_cost
S-029886,App,1,1,0,0,changed_mind
S-029887,App,1,1,1,0,checkout_friction
S-029888,Store,1,1,1,0,changed_mind
S-029889,App,1,1,0,0,changed_mind
S-029890,App,1,1,0,0,payment_fail
S-029891,App,1,1,0,0,checkout_friction
S-029892,App,1,1,1,0,shipping_cost
S-029893,Web,1,1,0,0,shipping_cost
S-029894,Web,1,0,0,0,
S-029895,Store,1,1,0,0,payment_fail
S-029896,App,1,1,0,0,payment_fail
S-029897,Store,1,1,1,0,stock_out
S-029898,Web,1,1,0,0,payment_fail
S-029899,App,1,1,0,0,shipping_cost
S-029900,Web,1,0,0,0,
S-029901,Web,1,1,1,0,payment_fail
S-029902,Web,1,0,0,0,
S-029903,Web,1,1,0,0,checkout_friction
S-029904,Web,1,1,0,0,stock_out
S-029905,App,1,1,0,0,checkout_friction
S-029906,Web,1,0,0,0,
S-029907,Web,1,0,0,0,
S-029908,App,1,1,0,0,checkout_friction
S-029909,App,1,0,0,0,
S-029910,Web,1,1,1,0,checkout_friction
S-029911,App,1,1,0,0,shipping_cost
S-029912,App,1,1,1,0,payment_fail
S-029913,App,1,0,0,0,
S-029914,App,1,1,0,0,shipping_cost
S-029915,Web,1,1,0,0,shipping_cost
S-029916,Web,1,0,0,0,
S-029917,App,1,1,1,0,stock_out
S-029918,Store,1,1,1,0,payment_fail
S-029919,App,1,1,1,0,payment_fail
S-029920,App,1,0,0,0,
S-029921,Web,1,0,0,0,
S-029922,Web,1,1,1,0,changed_mind
S-029923,App,1,1,0,0,payment_fail
S-029924,Web,1,1,0,0,payment_fail
S-029925,Web,1,1,1,0,payment_fail
S-029926,Web,1,0,0,0,
S-029927,Web,1,1,0,0,changed_mind
S-029928,App,1,1,1,0,payment_fail
S-029929,App,1,1,1,0,payment_fail
S-029930,App,1,1,0,0,payment_fail
S-029931,App,1,1,0,0,stock_out
S-029932,Web,1,0,0,0,
S-029933,App,1,0,0,0,
S-029934,Web,1,0,0,0,
S-029935,Web,1,1,1,0,payment_fail
S-029936,Web,1,1,0,0,payment_fail
S-029937,Web,1,1,1,0,checkout_friction
S-029938,App,1,1,0,0,checkout_friction
S-029939,Store,1,0,0,0,
S-029940,App,1,0,0,0,
S-029941,Store,1,0,0,0,
S-029942,App,1,1,1,0,payment_fail
S-029943,Web,1,1,0,0,payment_fail
S-029944,Web,1,1,1,0,payment_fail
S-029945,Web,1,1,0,0,stock_out
S-029946,Web,1,0,0,0,
S-029947,Store,1,1,0,0,payment_fail
S-029948,App,1,0,0,0,
S-029949,App,1,0,0,0,
S-029950,Web,1,1,1,0,checkout_friction
S-029951,Store,1,1,1,0,stock_out
S-029952,App,1,1,0,0,changed_mind
S-029953,Web,1,0,0,0,
S-029954,Web,1,1,1,0,payment_fail
S-029955,Web,1,0,0,0,
S-029956,Web,1,0,0,0,
S-029957,Web,1,1,1,0,checkout_friction
S-029958,Web,1,0,0,0,
S-029959,Web,1,1,0,0,stock_out
S-029960,App,1,1,0,0,stock_out
S-029961,Web,1,0,0,0,
S-029962,Web,1,1,0,0,payment_fail
S-029963,Web,1,1,1,0,stock_out
S-029964,App,1,0,0,0,
S-029965,Web,1,0,0,0,
S-029966,App,1,0,0,0,
S-029967,Web,1,1,0,0,stock_out
S-029968,Web,1,0,0,0,
S-029969,Web,1,0,0,0,
S-029970,App,1,0,0,0,
S-029971,App,1,0,0,0,
S-029972,Web,1,1,1,0,checkout_friction
S-029973,Web,1,0,0,0,
S-029974,Web,1,1,1,0,changed_mind
S-029975,Store,1,1,1,0,changed_mind
S-029976,Web,1,1,1,0,shipping_cost
S-029977,App,1,1,0,0,stock_out
S-029978,Store,1,1,1,0,checkout_friction
S-029979,Web,1,1,1,0,changed_mind
S-029980,App,1,1,0,0,payment_fail
S-029981,App,1,0,0,0,
S-029982,App,1,1,0,0,payment_fail
S-029983,Web,1,0,0,0,
S-029984,Store,1,1,1,0,changed_mind
S-029985,App,1,0,0,0,
S-029986,App,1,0,0,0,
S-029987,App,1,1,1,0,checkout_friction
S-029988,Store,1,1,0,0,payment_fail
S-029989,Web,1,0,0,0,
S-029990,App,1,1,0,0,shipping_cost
S-029991,Web,1,1,0,0,checkout_friction
S-029992,Web,1,0,0,0,
S-029993,App,1,1,0,0,changed_mind
S-029994,Web,1,1,0,0,payment_fail
S-029995,Store,1,1,1,0,shipping_cost
S-029996,Web,1,1,0,0,shipping_cost
S-029997,App,1,0,0,0,
S-029998,Store,1,0,0,0,
S-029999,Web,1,1,1,0,payment_fail
S-030000,Web,1,1,0,0,changed_mind
